nohup: ignoring input
2026-06-11 07:16:28  ============================================================
2026-06-11 07:16:28  GNINA Automated Docking
2026-06-11 07:16:28  ============================================================
2026-06-11 07:16:28  Protein:               /home/tedeschg/prj/protein-perturbation/data/cdk2/crystal_structure/1h00_protein.pdb
2026-06-11 07:16:28  Reference complex:     /home/tedeschg/prj/protein-perturbation/data/cdk2/crystal_structure/1h00_fap.pdb
2026-06-11 07:16:28  Output directory:      /home/tedeschg/prj/protein-perturbation/data/cdk2/02.docked_dude
2026-06-11 07:16:28  Autobox padding:       8.0 Å
2026-06-11 07:16:28  Exhaustiveness:        8
2026-06-11 07:16:28  Exhaustiveness (redo): 32
2026-06-11 07:16:28  Poses per ligand:      9
2026-06-11 07:16:28  CPUs:                  1
2026-06-11 07:16:28  Log file:              /home/tedeschg/prj/protein-perturbation/data/cdk2/02.docked_dude/docking.log
2026-06-11 07:16:28  ============================================================
2026-06-11 07:16:28  
[1/3] Extracting reference ligand from complex…
2026-06-11 07:16:28    Reference ligand saved: /home/tedeschg/prj/protein-perturbation/data/cdk2/02.docked_dude/temp/reference_ligand.sdf
2026-06-11 07:16:28  
[2/3] Collecting ligands…
2026-06-11 07:16:28    Found 200 files
2026-06-11 07:16:28    Ligands ready for docking: 200
2026-06-11 07:16:28  
[3/3] Running GNINA docking…
2026-06-11 07:16:28  
────────────────────────────────────────────────────────────
2026-06-11 07:16:28  [1/200] actives_00_CHEMBL1081852
2026-06-11 07:16:28  ────────────────────────────────────────────────────────────
[07:17:20] Warning: molecule is tagged as 2D, but at least one Z coordinate is not zero. Marking the mol as 3D.
[07:17:20] Warning: molecule is tagged as 2D, but at least one Z coordinate is not zero. Marking the mol as 3D.
[07:17:20] Warning: molecule is tagged as 2D, but at least one Z coordinate is not zero. Marking the mol as 3D.
[07:17:20] Warning: molecule is tagged as 2D, but at least one Z coordinate is not zero. Marking the mol as 3D.
[07:17:20] Warning: molecule is tagged as 2D, but at least one Z coordinate is not zero. Marking the mol as 3D.
[07:17:20] Warning: molecule is tagged as 2D, but at least one Z coordinate is not zero. Marking the mol as 3D.
[07:17:20] Warning: molecule is tagged as 2D, but at least one Z coordinate is not zero. Marking the mol as 3D.
[07:17:20] Warning: molecule is tagged as 2D, but at least one Z coordinate is not zero. Marking the mol as 3D.
[07:17:20] Warning: molecule is tagged as 2D, but at least one Z coordinate is not zero. Marking the mol as 3D.
2026-06-11 07:17:20    Pose   minimizedAffinity    CNNscore   CNNaffinity          
2026-06-11 07:17:20    --------------------------------------------------------------
2026-06-11 07:17:20       1              -9.700      0.3311        +6.266  ★ best
2026-06-11 07:17:20       2              -8.746      0.2376        +6.008
2026-06-11 07:17:20       3              -9.493      0.1798        +6.013
2026-06-11 07:17:20       4              -9.257      0.1717        +5.504
2026-06-11 07:17:20       5              -9.914      0.1674        +6.103
2026-06-11 07:17:20       6              -7.444      0.1578        +5.124
2026-06-11 07:17:20       7              -8.003      0.1447        +5.976
2026-06-11 07:17:20       8              -8.025      0.1368        +4.818
2026-06-11 07:17:20       9              -7.854      0.1320        +5.068
2026-06-11 07:17:20  
────────────────────────────────────────────────────────────
2026-06-11 07:17:20  [2/200] actives_01_CHEMBL193288
2026-06-11 07:17:20  ────────────────────────────────────────────────────────────
[07:17:55] Warning: molecule is tagged as 2D, but at least one Z coordinate is not zero. Marking the mol as 3D.
[07:17:55] Warning: molecule is tagged as 2D, but at least one Z coordinate is not zero. Marking the mol as 3D.
[07:17:55] Warning: molecule is tagged as 2D, but at least one Z coordinate is not zero. Marking the mol as 3D.
[07:17:55] Warning: molecule is tagged as 2D, but at least one Z coordinate is not zero. Marking the mol as 3D.
[07:17:55] Warning: molecule is tagged as 2D, but at least one Z coordinate is not zero. Marking the mol as 3D.
[07:17:55] Warning: molecule is tagged as 2D, but at least one Z coordinate is not zero. Marking the mol as 3D.
[07:17:55] Warning: molecule is tagged as 2D, but at least one Z coordinate is not zero. Marking the mol as 3D.
[07:17:55] Warning: molecule is tagged as 2D, but at least one Z coordinate is not zero. Marking the mol as 3D.
[07:17:55] Warning: molecule is tagged as 2D, but at least one Z coordinate is not zero. Marking the mol as 3D.
2026-06-11 07:17:55    Pose   minimizedAffinity    CNNscore   CNNaffinity          
2026-06-11 07:17:55    --------------------------------------------------------------
2026-06-11 07:17:55       1              -7.708      0.7585        +6.399  ★ best
2026-06-11 07:17:55       2              -9.688      0.6989        +6.408
2026-06-11 07:17:55       3             -10.044      0.4168        +6.213
2026-06-11 07:17:55       4              -5.216      0.2887        +4.470
2026-06-11 07:17:55       5              -5.481      0.2690        +4.451
2026-06-11 07:17:55       6              -8.083      0.2478        +5.714
2026-06-11 07:17:55       7              -5.726      0.2405        +4.621
2026-06-11 07:17:55       8              -5.017      0.2339        +4.570
2026-06-11 07:17:55       9              -5.410      0.1918        +4.252
2026-06-11 07:17:55  
────────────────────────────────────────────────────────────
2026-06-11 07:17:55  [3/200] actives_02_CHEMBL1080902
2026-06-11 07:17:55  ────────────────────────────────────────────────────────────
[07:18:26] Warning: molecule is tagged as 2D, but at least one Z coordinate is not zero. Marking the mol as 3D.
[07:18:26] Warning: molecule is tagged as 2D, but at least one Z coordinate is not zero. Marking the mol as 3D.
[07:18:26] Warning: molecule is tagged as 2D, but at least one Z coordinate is not zero. Marking the mol as 3D.
[07:18:26] Warning: molecule is tagged as 2D, but at least one Z coordinate is not zero. Marking the mol as 3D.
[07:18:26] Warning: molecule is tagged as 2D, but at least one Z coordinate is not zero. Marking the mol as 3D.
[07:18:26] Warning: molecule is tagged as 2D, but at least one Z coordinate is not zero. Marking the mol as 3D.
[07:18:26] Warning: molecule is tagged as 2D, but at least one Z coordinate is not zero. Marking the mol as 3D.
[07:18:26] Warning: molecule is tagged as 2D, but at least one Z coordinate is not zero. Marking the mol as 3D.
[07:18:26] Warning: molecule is tagged as 2D, but at least one Z coordinate is not zero. Marking the mol as 3D.
2026-06-11 07:18:26    Pose   minimizedAffinity    CNNscore   CNNaffinity          
2026-06-11 07:18:26    --------------------------------------------------------------
2026-06-11 07:18:26       1              -8.578      0.4000        +5.380  ★ best
2026-06-11 07:18:26       2              -4.662      0.3431        +3.975
2026-06-11 07:18:26       3              -4.694      0.3220        +3.972
2026-06-11 07:18:26       4              -4.855      0.3099        +3.817
2026-06-11 07:18:26       5              -7.744      0.2895        +5.568
2026-06-11 07:18:26       6              -4.744      0.2858        +3.835
2026-06-11 07:18:26       7              -8.553      0.2851        +5.360
2026-06-11 07:18:26       8              -8.004      0.2690        +5.347
2026-06-11 07:18:26       9              -4.626      0.2675        +3.832
2026-06-11 07:18:26  
────────────────────────────────────────────────────────────
2026-06-11 07:18:26  [4/200] actives_03_CHEMBL430653
2026-06-11 07:18:26  ────────────────────────────────────────────────────────────
[07:18:57] Warning: molecule is tagged as 2D, but at least one Z coordinate is not zero. Marking the mol as 3D.
[07:18:57] Warning: molecule is tagged as 2D, but at least one Z coordinate is not zero. Marking the mol as 3D.
[07:18:57] Warning: molecule is tagged as 2D, but at least one Z coordinate is not zero. Marking the mol as 3D.
[07:18:57] Warning: molecule is tagged as 2D, but at least one Z coordinate is not zero. Marking the mol as 3D.
[07:18:57] Warning: molecule is tagged as 2D, but at least one Z coordinate is not zero. Marking the mol as 3D.
[07:18:57] Warning: molecule is tagged as 2D, but at least one Z coordinate is not zero. Marking the mol as 3D.
[07:18:57] Warning: molecule is tagged as 2D, but at least one Z coordinate is not zero. Marking the mol as 3D.
[07:18:57] Warning: molecule is tagged as 2D, but at least one Z coordinate is not zero. Marking the mol as 3D.
[07:18:57] Warning: molecule is tagged as 2D, but at least one Z coordinate is not zero. Marking the mol as 3D.
2026-06-11 07:18:57    Pose   minimizedAffinity    CNNscore   CNNaffinity          
2026-06-11 07:18:57    --------------------------------------------------------------
2026-06-11 07:18:57       1              -7.899      0.5958        +6.497  ★ best
2026-06-11 07:18:57       2              -5.120      0.3956        +4.599
2026-06-11 07:18:57       3              -7.249      0.2822        +5.832
2026-06-11 07:18:57       4              -7.338      0.2703        +5.620
2026-06-11 07:18:57       5              -7.035      0.2632        +5.885
2026-06-11 07:18:57       6              -6.904      0.2000        +5.833
2026-06-11 07:18:57       7              -6.564      0.1923        +5.484
2026-06-11 07:18:57       8              -7.865      0.1664        +5.541
2026-06-11 07:18:57       9              -6.843      0.1630        +5.707
2026-06-11 07:18:57  
────────────────────────────────────────────────────────────
2026-06-11 07:18:57  [5/200] actives_04_CHEMBL564470
2026-06-11 07:18:57  ────────────────────────────────────────────────────────────
[07:19:53] Warning: molecule is tagged as 2D, but at least one Z coordinate is not zero. Marking the mol as 3D.
[07:19:53] Warning: molecule is tagged as 2D, but at least one Z coordinate is not zero. Marking the mol as 3D.
[07:19:53] Warning: molecule is tagged as 2D, but at least one Z coordinate is not zero. Marking the mol as 3D.
[07:19:53] Warning: molecule is tagged as 2D, but at least one Z coordinate is not zero. Marking the mol as 3D.
[07:19:53] Warning: molecule is tagged as 2D, but at least one Z coordinate is not zero. Marking the mol as 3D.
[07:19:53] Warning: molecule is tagged as 2D, but at least one Z coordinate is not zero. Marking the mol as 3D.
[07:19:53] Warning: molecule is tagged as 2D, but at least one Z coordinate is not zero. Marking the mol as 3D.
[07:19:53] Warning: molecule is tagged as 2D, but at least one Z coordinate is not zero. Marking the mol as 3D.
[07:19:53] Warning: molecule is tagged as 2D, but at least one Z coordinate is not zero. Marking the mol as 3D.
2026-06-11 07:19:53    Pose   minimizedAffinity    CNNscore   CNNaffinity          
2026-06-11 07:19:53    --------------------------------------------------------------
2026-06-11 07:19:53       1              -9.350      0.7197        +7.532  ★ best
2026-06-11 07:19:53       2              -9.744      0.5241        +7.425
2026-06-11 07:19:53       3              -5.421      0.1838        +5.315
2026-06-11 07:19:53       4              -9.129      0.1705        +6.878
2026-06-11 07:19:53       5              -7.795      0.1252        +5.879
2026-06-11 07:19:53       6              -8.938      0.1052        +6.393
2026-06-11 07:19:53       7              -9.897      0.0910        +6.454
2026-06-11 07:19:53       8              -6.646      0.0672        +5.135
2026-06-11 07:19:53       9              -7.972      0.0615        +5.936
2026-06-11 07:19:53  
────────────────────────────────────────────────────────────
2026-06-11 07:19:53  [6/200] actives_05_CHEMBL340741
2026-06-11 07:19:53  ────────────────────────────────────────────────────────────
[07:20:11] Warning: molecule is tagged as 2D, but at least one Z coordinate is not zero. Marking the mol as 3D.
[07:20:11] Warning: molecule is tagged as 2D, but at least one Z coordinate is not zero. Marking the mol as 3D.
[07:20:11] Warning: molecule is tagged as 2D, but at least one Z coordinate is not zero. Marking the mol as 3D.
[07:20:11] Warning: molecule is tagged as 2D, but at least one Z coordinate is not zero. Marking the mol as 3D.
[07:20:11] Warning: molecule is tagged as 2D, but at least one Z coordinate is not zero. Marking the mol as 3D.
[07:20:11] Warning: molecule is tagged as 2D, but at least one Z coordinate is not zero. Marking the mol as 3D.
[07:20:11] Warning: molecule is tagged as 2D, but at least one Z coordinate is not zero. Marking the mol as 3D.
[07:20:11] Warning: molecule is tagged as 2D, but at least one Z coordinate is not zero. Marking the mol as 3D.
[07:20:11] Warning: molecule is tagged as 2D, but at least one Z coordinate is not zero. Marking the mol as 3D.
2026-06-11 07:20:11    Pose   minimizedAffinity    CNNscore   CNNaffinity          
2026-06-11 07:20:11    --------------------------------------------------------------
2026-06-11 07:20:11       1              -6.702      0.8655        +5.801  ★ best
2026-06-11 07:20:11       2              -3.434      0.6008        +3.863
2026-06-11 07:20:11       3              -6.485      0.5478        +5.108
2026-06-11 07:20:11       4              -5.346      0.5442        +5.080
2026-06-11 07:20:11       5              -5.626      0.5272        +5.085
2026-06-11 07:20:11       6              -4.339      0.4335        +3.758
2026-06-11 07:20:11       7              -3.898      0.4217        +4.130
2026-06-11 07:20:11       8              -5.179      0.3949        +3.996
2026-06-11 07:20:11       9              -6.757      0.3862        +5.154
2026-06-11 07:20:11  
────────────────────────────────────────────────────────────
2026-06-11 07:20:11  [7/200] actives_06_CHEMBL358281
2026-06-11 07:20:11  ────────────────────────────────────────────────────────────
[07:20:57] Warning: molecule is tagged as 2D, but at least one Z coordinate is not zero. Marking the mol as 3D.
[07:20:57] Warning: molecule is tagged as 2D, but at least one Z coordinate is not zero. Marking the mol as 3D.
[07:20:57] Warning: molecule is tagged as 2D, but at least one Z coordinate is not zero. Marking the mol as 3D.
[07:20:57] Warning: molecule is tagged as 2D, but at least one Z coordinate is not zero. Marking the mol as 3D.
[07:20:57] Warning: molecule is tagged as 2D, but at least one Z coordinate is not zero. Marking the mol as 3D.
[07:20:57] Warning: molecule is tagged as 2D, but at least one Z coordinate is not zero. Marking the mol as 3D.
[07:20:57] Warning: molecule is tagged as 2D, but at least one Z coordinate is not zero. Marking the mol as 3D.
[07:20:57] Warning: molecule is tagged as 2D, but at least one Z coordinate is not zero. Marking the mol as 3D.
[07:20:57] Warning: molecule is tagged as 2D, but at least one Z coordinate is not zero. Marking the mol as 3D.
2026-06-11 07:20:57    Pose   minimizedAffinity    CNNscore   CNNaffinity          
2026-06-11 07:20:57    --------------------------------------------------------------
2026-06-11 07:20:57       1             -11.238      0.9443        +7.167  ★ best
2026-06-11 07:20:57       2              -7.984      0.3447        +5.917
2026-06-11 07:20:57       3             -11.335      0.3042        +6.190
2026-06-11 07:20:57       4              -5.825      0.2951        +4.979
2026-06-11 07:20:57       5              -7.328      0.2908        +5.795
2026-06-11 07:20:57       6              -5.992      0.2676        +4.579
2026-06-11 07:20:57       7              -6.050      0.2661        +4.717
2026-06-11 07:20:57       8              -6.347      0.2297        +5.110
2026-06-11 07:20:57       9              -6.224      0.2252        +4.941
2026-06-11 07:20:57  
────────────────────────────────────────────────────────────
2026-06-11 07:20:57  [8/200] actives_07_CHEMBL509406
2026-06-11 07:20:57  ────────────────────────────────────────────────────────────
[07:21:58] Warning: molecule is tagged as 2D, but at least one Z coordinate is not zero. Marking the mol as 3D.
[07:21:58] Warning: molecule is tagged as 2D, but at least one Z coordinate is not zero. Marking the mol as 3D.
[07:21:58] Warning: molecule is tagged as 2D, but at least one Z coordinate is not zero. Marking the mol as 3D.
[07:21:58] Warning: molecule is tagged as 2D, but at least one Z coordinate is not zero. Marking the mol as 3D.
[07:21:58] Warning: molecule is tagged as 2D, but at least one Z coordinate is not zero. Marking the mol as 3D.
[07:21:58] Warning: molecule is tagged as 2D, but at least one Z coordinate is not zero. Marking the mol as 3D.
[07:21:58] Warning: molecule is tagged as 2D, but at least one Z coordinate is not zero. Marking the mol as 3D.
[07:21:58] Warning: molecule is tagged as 2D, but at least one Z coordinate is not zero. Marking the mol as 3D.
[07:21:58] Warning: molecule is tagged as 2D, but at least one Z coordinate is not zero. Marking the mol as 3D.
2026-06-11 07:21:58    Pose   minimizedAffinity    CNNscore   CNNaffinity          
2026-06-11 07:21:58    --------------------------------------------------------------
2026-06-11 07:21:58       1              -9.833      0.6327        +7.514  ★ best
2026-06-11 07:21:58       2              -8.933      0.5847        +7.177
2026-06-11 07:21:58       3              -9.609      0.5823        +7.201
2026-06-11 07:21:58       4              -9.192      0.4994        +7.086
2026-06-11 07:21:58       5              -9.331      0.2528        +6.896
2026-06-11 07:21:58       6              -9.672      0.2218        +6.697
2026-06-11 07:21:58       7              -5.359      0.2106        +5.274
2026-06-11 07:21:58       8              -8.284      0.1865        +6.669
2026-06-11 07:21:58       9              -9.822      0.1721        +6.704
2026-06-11 07:21:58  
────────────────────────────────────────────────────────────
2026-06-11 07:21:58  [9/200] actives_08_CHEMBL363077
2026-06-11 07:21:58  ────────────────────────────────────────────────────────────
[07:22:54] Warning: molecule is tagged as 2D, but at least one Z coordinate is not zero. Marking the mol as 3D.
[07:22:54] Warning: molecule is tagged as 2D, but at least one Z coordinate is not zero. Marking the mol as 3D.
[07:22:54] Warning: molecule is tagged as 2D, but at least one Z coordinate is not zero. Marking the mol as 3D.
[07:22:54] Warning: molecule is tagged as 2D, but at least one Z coordinate is not zero. Marking the mol as 3D.
[07:22:54] Warning: molecule is tagged as 2D, but at least one Z coordinate is not zero. Marking the mol as 3D.
[07:22:54] Warning: molecule is tagged as 2D, but at least one Z coordinate is not zero. Marking the mol as 3D.
[07:22:54] Warning: molecule is tagged as 2D, but at least one Z coordinate is not zero. Marking the mol as 3D.
[07:22:54] Warning: molecule is tagged as 2D, but at least one Z coordinate is not zero. Marking the mol as 3D.
[07:22:54] Warning: molecule is tagged as 2D, but at least one Z coordinate is not zero. Marking the mol as 3D.
2026-06-11 07:22:54    Pose   minimizedAffinity    CNNscore   CNNaffinity          
2026-06-11 07:22:54    --------------------------------------------------------------
2026-06-11 07:22:54       1             -11.883      0.9080        +7.371  ★ best
2026-06-11 07:22:54       2             -10.967      0.8070        +7.164
2026-06-11 07:22:54       3             -10.696      0.7208        +7.057
2026-06-11 07:22:54       4              -9.156      0.6834        +7.157
2026-06-11 07:22:54       5             -10.121      0.5750        +6.838
2026-06-11 07:22:54       6              -9.003      0.3775        +6.514
2026-06-11 07:22:54       7             -11.111      0.3372        +6.684
2026-06-11 07:22:54       8              -9.830      0.2738        +6.453
2026-06-11 07:22:54       9             -10.699      0.2358        +6.409
2026-06-11 07:22:54  
────────────────────────────────────────────────────────────
2026-06-11 07:22:54  [10/200] actives_09_CHEMBL409892
2026-06-11 07:22:54  ────────────────────────────────────────────────────────────
[07:23:22] Warning: molecule is tagged as 2D, but at least one Z coordinate is not zero. Marking the mol as 3D.
[07:23:22] Warning: molecule is tagged as 2D, but at least one Z coordinate is not zero. Marking the mol as 3D.
[07:23:22] Warning: molecule is tagged as 2D, but at least one Z coordinate is not zero. Marking the mol as 3D.
[07:23:22] Warning: molecule is tagged as 2D, but at least one Z coordinate is not zero. Marking the mol as 3D.
[07:23:22] Warning: molecule is tagged as 2D, but at least one Z coordinate is not zero. Marking the mol as 3D.
[07:23:22] Warning: molecule is tagged as 2D, but at least one Z coordinate is not zero. Marking the mol as 3D.
[07:23:22] Warning: molecule is tagged as 2D, but at least one Z coordinate is not zero. Marking the mol as 3D.
[07:23:22] Warning: molecule is tagged as 2D, but at least one Z coordinate is not zero. Marking the mol as 3D.
[07:23:22] Warning: molecule is tagged as 2D, but at least one Z coordinate is not zero. Marking the mol as 3D.
2026-06-11 07:23:22    Pose   minimizedAffinity    CNNscore   CNNaffinity          
2026-06-11 07:23:22    --------------------------------------------------------------
2026-06-11 07:23:22       1             -10.978      0.9832        +7.142  ★ best
2026-06-11 07:23:22       2              -9.800      0.8308        +6.612
2026-06-11 07:23:22       3              -9.470      0.6898        +6.378
2026-06-11 07:23:22       4             -10.068      0.5634        +6.099
2026-06-11 07:23:22       5              -8.302      0.4563        +6.100
2026-06-11 07:23:22       6              -6.122      0.4420        +4.616
2026-06-11 07:23:22       7              -5.080      0.3990        +4.720
2026-06-11 07:23:22       8             -10.378      0.3428        +5.884
2026-06-11 07:23:22       9              -7.023      0.2895        +5.656
2026-06-11 07:23:22  
────────────────────────────────────────────────────────────
2026-06-11 07:23:22  [11/200] actives_10_CHEMBL137357
2026-06-11 07:23:22  ────────────────────────────────────────────────────────────
[07:24:43] Warning: molecule is tagged as 2D, but at least one Z coordinate is not zero. Marking the mol as 3D.
[07:24:43] Warning: molecule is tagged as 2D, but at least one Z coordinate is not zero. Marking the mol as 3D.
[07:24:43] Warning: molecule is tagged as 2D, but at least one Z coordinate is not zero. Marking the mol as 3D.
[07:24:43] Warning: molecule is tagged as 2D, but at least one Z coordinate is not zero. Marking the mol as 3D.
[07:24:43] Warning: molecule is tagged as 2D, but at least one Z coordinate is not zero. Marking the mol as 3D.
[07:24:43] Warning: molecule is tagged as 2D, but at least one Z coordinate is not zero. Marking the mol as 3D.
[07:24:43] Warning: molecule is tagged as 2D, but at least one Z coordinate is not zero. Marking the mol as 3D.
[07:24:43] Warning: molecule is tagged as 2D, but at least one Z coordinate is not zero. Marking the mol as 3D.
[07:24:43] Warning: molecule is tagged as 2D, but at least one Z coordinate is not zero. Marking the mol as 3D.
2026-06-11 07:24:43    Pose   minimizedAffinity    CNNscore   CNNaffinity          
2026-06-11 07:24:43    --------------------------------------------------------------
2026-06-11 07:24:43       1              -4.731      0.5576        +5.233  ★ best
2026-06-11 07:24:43       2              -5.350      0.4644        +5.114
2026-06-11 07:24:43       3              -4.981      0.4318        +5.238
2026-06-11 07:24:43       4              -4.596      0.3888        +5.346
2026-06-11 07:24:43       5              -7.884      0.3567        +5.250
2026-06-11 07:24:43       6              -6.639      0.3444        +6.008
2026-06-11 07:24:43       7              -5.546      0.3365        +5.103
2026-06-11 07:24:43       8              -5.841      0.3356        +5.403
2026-06-11 07:24:43       9              -4.710      0.2998        +5.531
2026-06-11 07:24:43  
────────────────────────────────────────────────────────────
2026-06-11 07:24:43  [12/200] actives_11_CHEMBL137357
2026-06-11 07:24:43  ────────────────────────────────────────────────────────────
[07:25:48] Warning: molecule is tagged as 2D, but at least one Z coordinate is not zero. Marking the mol as 3D.
[07:25:48] Warning: molecule is tagged as 2D, but at least one Z coordinate is not zero. Marking the mol as 3D.
[07:25:48] Warning: molecule is tagged as 2D, but at least one Z coordinate is not zero. Marking the mol as 3D.
[07:25:48] Warning: molecule is tagged as 2D, but at least one Z coordinate is not zero. Marking the mol as 3D.
[07:25:48] Warning: molecule is tagged as 2D, but at least one Z coordinate is not zero. Marking the mol as 3D.
[07:25:48] Warning: molecule is tagged as 2D, but at least one Z coordinate is not zero. Marking the mol as 3D.
[07:25:48] Warning: molecule is tagged as 2D, but at least one Z coordinate is not zero. Marking the mol as 3D.
[07:25:48] Warning: molecule is tagged as 2D, but at least one Z coordinate is not zero. Marking the mol as 3D.
[07:25:48] Warning: molecule is tagged as 2D, but at least one Z coordinate is not zero. Marking the mol as 3D.
2026-06-11 07:25:48    Pose   minimizedAffinity    CNNscore   CNNaffinity          
2026-06-11 07:25:48    --------------------------------------------------------------
2026-06-11 07:25:48       1             -10.582      0.8457        +7.527  ★ best
2026-06-11 07:25:48       2             -10.262      0.8387        +7.218
2026-06-11 07:25:48       3              -9.718      0.4749        +6.689
2026-06-11 07:25:48       4              -9.985      0.4044        +6.959
2026-06-11 07:25:48       5              -9.993      0.3763        +6.543
2026-06-11 07:25:48       6              -9.842      0.3220        +6.623
2026-06-11 07:25:48       7              -6.184      0.2699        +4.723
2026-06-11 07:25:48       8              -9.866      0.1943        +6.386
2026-06-11 07:25:48       9              -7.731      0.1680        +5.428
2026-06-11 07:25:48  
────────────────────────────────────────────────────────────
2026-06-11 07:25:48  [13/200] actives_12_CHEMBL363077
2026-06-11 07:25:48  ────────────────────────────────────────────────────────────
[07:26:43] Warning: molecule is tagged as 2D, but at least one Z coordinate is not zero. Marking the mol as 3D.
[07:26:43] Warning: molecule is tagged as 2D, but at least one Z coordinate is not zero. Marking the mol as 3D.
[07:26:43] Warning: molecule is tagged as 2D, but at least one Z coordinate is not zero. Marking the mol as 3D.
[07:26:43] Warning: molecule is tagged as 2D, but at least one Z coordinate is not zero. Marking the mol as 3D.
[07:26:43] Warning: molecule is tagged as 2D, but at least one Z coordinate is not zero. Marking the mol as 3D.
[07:26:43] Warning: molecule is tagged as 2D, but at least one Z coordinate is not zero. Marking the mol as 3D.
[07:26:43] Warning: molecule is tagged as 2D, but at least one Z coordinate is not zero. Marking the mol as 3D.
[07:26:43] Warning: molecule is tagged as 2D, but at least one Z coordinate is not zero. Marking the mol as 3D.
[07:26:43] Warning: molecule is tagged as 2D, but at least one Z coordinate is not zero. Marking the mol as 3D.
2026-06-11 07:26:43    Pose   minimizedAffinity    CNNscore   CNNaffinity          
2026-06-11 07:26:43    --------------------------------------------------------------
2026-06-11 07:26:43       1             -11.737      0.9393        +7.394  ★ best
2026-06-11 07:26:43       2             -10.786      0.6949        +7.123
2026-06-11 07:26:43       3              -9.948      0.5495        +6.802
2026-06-11 07:26:43       4              -6.680      0.3453        +5.110
2026-06-11 07:26:43       5             -11.260      0.2979        +6.646
2026-06-11 07:26:43       6              -5.849      0.2948        +4.912
2026-06-11 07:26:43       7              -9.464      0.2622        +6.388
2026-06-11 07:26:43       8              -7.157      0.2193        +4.702
2026-06-11 07:26:43       9             -10.563      0.2079        +6.313
2026-06-11 07:26:43  
────────────────────────────────────────────────────────────
2026-06-11 07:26:43  [14/200] actives_13_CHEMBL143748
2026-06-11 07:26:43  ────────────────────────────────────────────────────────────
[07:27:40] Warning: molecule is tagged as 2D, but at least one Z coordinate is not zero. Marking the mol as 3D.
[07:27:40] Warning: molecule is tagged as 2D, but at least one Z coordinate is not zero. Marking the mol as 3D.
[07:27:40] Warning: molecule is tagged as 2D, but at least one Z coordinate is not zero. Marking the mol as 3D.
[07:27:40] Warning: molecule is tagged as 2D, but at least one Z coordinate is not zero. Marking the mol as 3D.
[07:27:40] Warning: molecule is tagged as 2D, but at least one Z coordinate is not zero. Marking the mol as 3D.
[07:27:40] Warning: molecule is tagged as 2D, but at least one Z coordinate is not zero. Marking the mol as 3D.
[07:27:40] Warning: molecule is tagged as 2D, but at least one Z coordinate is not zero. Marking the mol as 3D.
[07:27:40] Warning: molecule is tagged as 2D, but at least one Z coordinate is not zero. Marking the mol as 3D.
[07:27:40] Warning: molecule is tagged as 2D, but at least one Z coordinate is not zero. Marking the mol as 3D.
2026-06-11 07:27:40    Pose   minimizedAffinity    CNNscore   CNNaffinity          
2026-06-11 07:27:40    --------------------------------------------------------------
2026-06-11 07:27:40       1             -10.202      0.2919        +6.339  ★ best
2026-06-11 07:27:40       2              -8.567      0.2195        +5.347
2026-06-11 07:27:40       3              -7.575      0.2152        +5.558
2026-06-11 07:27:40       4              -9.376      0.1749        +5.852
2026-06-11 07:27:40       5             -10.572      0.1696        +6.040
2026-06-11 07:27:40       6             -10.500      0.1506        +5.997
2026-06-11 07:27:40       7              -7.876      0.1482        +5.467
2026-06-11 07:27:40       8              -8.597      0.1411        +4.907
2026-06-11 07:27:40       9              -9.800      0.1366        +6.126
2026-06-11 07:27:40  
────────────────────────────────────────────────────────────
2026-06-11 07:27:40  [15/200] actives_14_CHEMBL483590
2026-06-11 07:27:40  ────────────────────────────────────────────────────────────
[07:28:42] Warning: molecule is tagged as 2D, but at least one Z coordinate is not zero. Marking the mol as 3D.
[07:28:42] Warning: molecule is tagged as 2D, but at least one Z coordinate is not zero. Marking the mol as 3D.
[07:28:42] Warning: molecule is tagged as 2D, but at least one Z coordinate is not zero. Marking the mol as 3D.
[07:28:42] Warning: molecule is tagged as 2D, but at least one Z coordinate is not zero. Marking the mol as 3D.
[07:28:42] Warning: molecule is tagged as 2D, but at least one Z coordinate is not zero. Marking the mol as 3D.
[07:28:42] Warning: molecule is tagged as 2D, but at least one Z coordinate is not zero. Marking the mol as 3D.
[07:28:42] Warning: molecule is tagged as 2D, but at least one Z coordinate is not zero. Marking the mol as 3D.
[07:28:42] Warning: molecule is tagged as 2D, but at least one Z coordinate is not zero. Marking the mol as 3D.
[07:28:42] Warning: molecule is tagged as 2D, but at least one Z coordinate is not zero. Marking the mol as 3D.
2026-06-11 07:28:42    Pose   minimizedAffinity    CNNscore   CNNaffinity          
2026-06-11 07:28:42    --------------------------------------------------------------
2026-06-11 07:28:42       1              -8.548      0.8403        +7.378  ★ best
2026-06-11 07:28:42       2              -8.909      0.7488        +7.329
2026-06-11 07:28:42       3              -8.008      0.7209        +7.182
2026-06-11 07:28:42       4              -8.747      0.6975        +7.293
2026-06-11 07:28:42       5              -8.496      0.6371        +7.133
2026-06-11 07:28:42       6              -8.895      0.6307        +7.335
2026-06-11 07:28:42       7              -8.207      0.4269        +6.512
2026-06-11 07:28:42       8              -8.612      0.3899        +6.867
2026-06-11 07:28:42       9              -8.920      0.3466        +6.887
2026-06-11 07:28:42  
────────────────────────────────────────────────────────────
2026-06-11 07:28:42  [16/200] actives_15_CHEMBL75952
2026-06-11 07:28:42  ────────────────────────────────────────────────────────────
[07:29:33] Warning: molecule is tagged as 2D, but at least one Z coordinate is not zero. Marking the mol as 3D.
[07:29:33] Warning: molecule is tagged as 2D, but at least one Z coordinate is not zero. Marking the mol as 3D.
[07:29:33] Warning: molecule is tagged as 2D, but at least one Z coordinate is not zero. Marking the mol as 3D.
[07:29:33] Warning: molecule is tagged as 2D, but at least one Z coordinate is not zero. Marking the mol as 3D.
[07:29:33] Warning: molecule is tagged as 2D, but at least one Z coordinate is not zero. Marking the mol as 3D.
[07:29:33] Warning: molecule is tagged as 2D, but at least one Z coordinate is not zero. Marking the mol as 3D.
[07:29:33] Warning: molecule is tagged as 2D, but at least one Z coordinate is not zero. Marking the mol as 3D.
[07:29:33] Warning: molecule is tagged as 2D, but at least one Z coordinate is not zero. Marking the mol as 3D.
[07:29:33] Warning: molecule is tagged as 2D, but at least one Z coordinate is not zero. Marking the mol as 3D.
2026-06-11 07:29:33    Pose   minimizedAffinity    CNNscore   CNNaffinity          
2026-06-11 07:29:33    --------------------------------------------------------------
2026-06-11 07:29:33       1              -4.751      0.3567        +5.344  ★ best
2026-06-11 07:29:33       2              -4.898      0.2753        +5.184
2026-06-11 07:29:33       3              -5.020      0.2599        +5.313
2026-06-11 07:29:33       4              -5.814      0.2420        +5.053
2026-06-11 07:29:33       5              -5.244      0.2378        +5.319
2026-06-11 07:29:33       6              -4.922      0.2353        +5.197
2026-06-11 07:29:33       7              -5.389      0.2097        +5.199
2026-06-11 07:29:33       8              -5.091      0.2023        +5.055
2026-06-11 07:29:33       9              -5.140      0.1858        +4.730
2026-06-11 07:29:33  
────────────────────────────────────────────────────────────
2026-06-11 07:29:33  [17/200] actives_16_CHEMBL192440
2026-06-11 07:29:33  ────────────────────────────────────────────────────────────
[07:30:26] Warning: molecule is tagged as 2D, but at least one Z coordinate is not zero. Marking the mol as 3D.
[07:30:26] Warning: molecule is tagged as 2D, but at least one Z coordinate is not zero. Marking the mol as 3D.
[07:30:26] Warning: molecule is tagged as 2D, but at least one Z coordinate is not zero. Marking the mol as 3D.
[07:30:26] Warning: molecule is tagged as 2D, but at least one Z coordinate is not zero. Marking the mol as 3D.
[07:30:26] Warning: molecule is tagged as 2D, but at least one Z coordinate is not zero. Marking the mol as 3D.
[07:30:26] Warning: molecule is tagged as 2D, but at least one Z coordinate is not zero. Marking the mol as 3D.
[07:30:26] Warning: molecule is tagged as 2D, but at least one Z coordinate is not zero. Marking the mol as 3D.
[07:30:26] Warning: molecule is tagged as 2D, but at least one Z coordinate is not zero. Marking the mol as 3D.
[07:30:26] Warning: molecule is tagged as 2D, but at least one Z coordinate is not zero. Marking the mol as 3D.
2026-06-11 07:30:26    Pose   minimizedAffinity    CNNscore   CNNaffinity          
2026-06-11 07:30:26    --------------------------------------------------------------
2026-06-11 07:30:26       1              -9.962      0.6046        +6.971  ★ best
2026-06-11 07:30:26       2              -5.215      0.4400        +4.923
2026-06-11 07:30:26       3             -10.986      0.3591        +6.381
2026-06-11 07:30:26       4              -5.292      0.3378        +5.211
2026-06-11 07:30:26       5             -10.344      0.3183        +6.483
2026-06-11 07:30:26       6              -5.847      0.2677        +4.919
2026-06-11 07:30:26       7              -5.605      0.2506        +4.823
2026-06-11 07:30:26       8              -5.553      0.2325        +4.836
2026-06-11 07:30:26       9              -5.496      0.2299        +4.891
2026-06-11 07:30:26  
────────────────────────────────────────────────────────────
2026-06-11 07:30:26  [18/200] actives_17_CHEMBL325023
2026-06-11 07:30:26  ────────────────────────────────────────────────────────────
[07:31:07] Warning: molecule is tagged as 2D, but at least one Z coordinate is not zero. Marking the mol as 3D.
[07:31:07] Warning: molecule is tagged as 2D, but at least one Z coordinate is not zero. Marking the mol as 3D.
[07:31:07] Warning: molecule is tagged as 2D, but at least one Z coordinate is not zero. Marking the mol as 3D.
[07:31:07] Warning: molecule is tagged as 2D, but at least one Z coordinate is not zero. Marking the mol as 3D.
[07:31:07] Warning: molecule is tagged as 2D, but at least one Z coordinate is not zero. Marking the mol as 3D.
[07:31:07] Warning: molecule is tagged as 2D, but at least one Z coordinate is not zero. Marking the mol as 3D.
[07:31:07] Warning: molecule is tagged as 2D, but at least one Z coordinate is not zero. Marking the mol as 3D.
[07:31:07] Warning: molecule is tagged as 2D, but at least one Z coordinate is not zero. Marking the mol as 3D.
[07:31:07] Warning: molecule is tagged as 2D, but at least one Z coordinate is not zero. Marking the mol as 3D.
2026-06-11 07:31:07    Pose   minimizedAffinity    CNNscore   CNNaffinity          
2026-06-11 07:31:07    --------------------------------------------------------------
2026-06-11 07:31:07       1             -10.914      0.9688        +7.696  ★ best
2026-06-11 07:31:07       2             -10.124      0.8980        +7.441
2026-06-11 07:31:07       3              -9.219      0.6268        +7.539
2026-06-11 07:31:07       4              -9.074      0.5732        +6.898
2026-06-11 07:31:07       5             -10.432      0.4714        +6.880
2026-06-11 07:31:07       6              -5.508      0.1875        +4.562
2026-06-11 07:31:07       7              -5.585      0.1690        +4.662
2026-06-11 07:31:07       8              -5.570      0.1527        +4.965
2026-06-11 07:31:07       9              -6.325      0.1395        +4.581
2026-06-11 07:31:07  
────────────────────────────────────────────────────────────
2026-06-11 07:31:07  [19/200] actives_18_CHEMBL319103
2026-06-11 07:31:07  ────────────────────────────────────────────────────────────
[07:32:05] Warning: molecule is tagged as 2D, but at least one Z coordinate is not zero. Marking the mol as 3D.
[07:32:05] Warning: molecule is tagged as 2D, but at least one Z coordinate is not zero. Marking the mol as 3D.
[07:32:05] Warning: molecule is tagged as 2D, but at least one Z coordinate is not zero. Marking the mol as 3D.
[07:32:05] Warning: molecule is tagged as 2D, but at least one Z coordinate is not zero. Marking the mol as 3D.
[07:32:05] Warning: molecule is tagged as 2D, but at least one Z coordinate is not zero. Marking the mol as 3D.
[07:32:05] Warning: molecule is tagged as 2D, but at least one Z coordinate is not zero. Marking the mol as 3D.
[07:32:05] Warning: molecule is tagged as 2D, but at least one Z coordinate is not zero. Marking the mol as 3D.
[07:32:05] Warning: molecule is tagged as 2D, but at least one Z coordinate is not zero. Marking the mol as 3D.
[07:32:05] Warning: molecule is tagged as 2D, but at least one Z coordinate is not zero. Marking the mol as 3D.
2026-06-11 07:32:05    Pose   minimizedAffinity    CNNscore   CNNaffinity          
2026-06-11 07:32:05    --------------------------------------------------------------
2026-06-11 07:32:05       1             -10.730      0.6465        +6.760  ★ best
2026-06-11 07:32:05       2              -9.988      0.5753        +6.663
2026-06-11 07:32:05       3             -10.681      0.5574        +6.842
2026-06-11 07:32:05       4              -7.399      0.4631        +6.839
2026-06-11 07:32:05       5             -10.687      0.4618        +6.578
2026-06-11 07:32:05       6              -9.427      0.3341        +6.510
2026-06-11 07:32:05       7              -8.378      0.2799        +5.858
2026-06-11 07:32:05       8              -8.839      0.2734        +6.108
2026-06-11 07:32:05       9              -9.968      0.2731        +6.419
2026-06-11 07:32:05  
────────────────────────────────────────────────────────────
2026-06-11 07:32:05  [20/200] actives_19_CHEMBL321517
2026-06-11 07:32:05  ────────────────────────────────────────────────────────────
[07:32:32] Warning: molecule is tagged as 2D, but at least one Z coordinate is not zero. Marking the mol as 3D.
[07:32:32] Warning: molecule is tagged as 2D, but at least one Z coordinate is not zero. Marking the mol as 3D.
[07:32:32] Warning: molecule is tagged as 2D, but at least one Z coordinate is not zero. Marking the mol as 3D.
[07:32:32] Warning: molecule is tagged as 2D, but at least one Z coordinate is not zero. Marking the mol as 3D.
[07:32:32] Warning: molecule is tagged as 2D, but at least one Z coordinate is not zero. Marking the mol as 3D.
[07:32:32] Warning: molecule is tagged as 2D, but at least one Z coordinate is not zero. Marking the mol as 3D.
[07:32:32] Warning: molecule is tagged as 2D, but at least one Z coordinate is not zero. Marking the mol as 3D.
[07:32:32] Warning: molecule is tagged as 2D, but at least one Z coordinate is not zero. Marking the mol as 3D.
[07:32:32] Warning: molecule is tagged as 2D, but at least one Z coordinate is not zero. Marking the mol as 3D.
2026-06-11 07:32:32    Pose   minimizedAffinity    CNNscore   CNNaffinity          
2026-06-11 07:32:32    --------------------------------------------------------------
2026-06-11 07:32:32       1              -9.544      0.7548        +6.172  ★ best
2026-06-11 07:32:32       2              -4.716      0.6838        +4.512
2026-06-11 07:32:32       3              -9.546      0.6721        +6.073
2026-06-11 07:32:32       4              -8.606      0.6698        +5.845
2026-06-11 07:32:32       5              -4.589      0.6553        +4.647
2026-06-11 07:32:32       6              -9.340      0.6124        +5.843
2026-06-11 07:32:32       7              -9.345      0.5886        +5.855
2026-06-11 07:32:32       8              -4.581      0.4935        +4.325
2026-06-11 07:32:32       9              -4.964      0.4155        +4.501
2026-06-11 07:32:32  
────────────────────────────────────────────────────────────
2026-06-11 07:32:32  [21/200] actives_20_CHEMBL570111
2026-06-11 07:32:32  ────────────────────────────────────────────────────────────
[07:33:43] Warning: molecule is tagged as 2D, but at least one Z coordinate is not zero. Marking the mol as 3D.
[07:33:43] Warning: molecule is tagged as 2D, but at least one Z coordinate is not zero. Marking the mol as 3D.
[07:33:43] Warning: molecule is tagged as 2D, but at least one Z coordinate is not zero. Marking the mol as 3D.
[07:33:43] Warning: molecule is tagged as 2D, but at least one Z coordinate is not zero. Marking the mol as 3D.
[07:33:43] Warning: molecule is tagged as 2D, but at least one Z coordinate is not zero. Marking the mol as 3D.
[07:33:43] Warning: molecule is tagged as 2D, but at least one Z coordinate is not zero. Marking the mol as 3D.
[07:33:43] Warning: molecule is tagged as 2D, but at least one Z coordinate is not zero. Marking the mol as 3D.
[07:33:43] Warning: molecule is tagged as 2D, but at least one Z coordinate is not zero. Marking the mol as 3D.
[07:33:43] Warning: molecule is tagged as 2D, but at least one Z coordinate is not zero. Marking the mol as 3D.
2026-06-11 07:33:43    Pose   minimizedAffinity    CNNscore   CNNaffinity          
2026-06-11 07:33:43    --------------------------------------------------------------
2026-06-11 07:33:43       1             -11.739      0.8152        +7.916  ★ best
2026-06-11 07:33:43       2             -11.183      0.6760        +7.500
2026-06-11 07:33:43       3             -10.832      0.6142        +7.600
2026-06-11 07:33:43       4              -9.831      0.4356        +6.980
2026-06-11 07:33:43       5              +0.868      0.3616        +5.315
2026-06-11 07:33:43       6              -9.457      0.3033        +6.339
2026-06-11 07:33:43       7             -10.699      0.1554        +6.202
2026-06-11 07:33:43       8             -10.796      0.1534        +6.111
2026-06-11 07:33:43       9              -9.112      0.1476        +6.009
2026-06-11 07:33:43  
────────────────────────────────────────────────────────────
2026-06-11 07:33:43  [22/200] actives_21_CHEMBL192440
2026-06-11 07:33:43  ────────────────────────────────────────────────────────────
[07:34:35] Warning: molecule is tagged as 2D, but at least one Z coordinate is not zero. Marking the mol as 3D.
[07:34:35] Warning: molecule is tagged as 2D, but at least one Z coordinate is not zero. Marking the mol as 3D.
[07:34:35] Warning: molecule is tagged as 2D, but at least one Z coordinate is not zero. Marking the mol as 3D.
[07:34:35] Warning: molecule is tagged as 2D, but at least one Z coordinate is not zero. Marking the mol as 3D.
[07:34:35] Warning: molecule is tagged as 2D, but at least one Z coordinate is not zero. Marking the mol as 3D.
[07:34:35] Warning: molecule is tagged as 2D, but at least one Z coordinate is not zero. Marking the mol as 3D.
[07:34:35] Warning: molecule is tagged as 2D, but at least one Z coordinate is not zero. Marking the mol as 3D.
[07:34:35] Warning: molecule is tagged as 2D, but at least one Z coordinate is not zero. Marking the mol as 3D.
[07:34:35] Warning: molecule is tagged as 2D, but at least one Z coordinate is not zero. Marking the mol as 3D.
2026-06-11 07:34:35    Pose   minimizedAffinity    CNNscore   CNNaffinity          
2026-06-11 07:34:35    --------------------------------------------------------------
2026-06-11 07:34:35       1              -8.267      0.6006        +6.756  ★ best
2026-06-11 07:34:35       2              -7.818      0.3167        +6.260
2026-06-11 07:34:35       3              -8.053      0.3125        +6.113
2026-06-11 07:34:35       4              -9.454      0.2875        +6.257
2026-06-11 07:34:35       5              -9.262      0.2598        +6.384
2026-06-11 07:34:35       6             -10.208      0.2582        +6.248
2026-06-11 07:34:35       7              -8.700      0.1829        +6.235
2026-06-11 07:34:35       8              -9.105      0.1720        +6.258
2026-06-11 07:34:35       9              -9.567      0.1644        +6.358
2026-06-11 07:34:35  
────────────────────────────────────────────────────────────
2026-06-11 07:34:35  [23/200] actives_22_CHEMBL311464
2026-06-11 07:34:35  ────────────────────────────────────────────────────────────
[07:34:59] Warning: molecule is tagged as 2D, but at least one Z coordinate is not zero. Marking the mol as 3D.
[07:34:59] Warning: molecule is tagged as 2D, but at least one Z coordinate is not zero. Marking the mol as 3D.
[07:34:59] Warning: molecule is tagged as 2D, but at least one Z coordinate is not zero. Marking the mol as 3D.
[07:34:59] Warning: molecule is tagged as 2D, but at least one Z coordinate is not zero. Marking the mol as 3D.
[07:34:59] Warning: molecule is tagged as 2D, but at least one Z coordinate is not zero. Marking the mol as 3D.
[07:34:59] Warning: molecule is tagged as 2D, but at least one Z coordinate is not zero. Marking the mol as 3D.
[07:34:59] Warning: molecule is tagged as 2D, but at least one Z coordinate is not zero. Marking the mol as 3D.
[07:34:59] Warning: molecule is tagged as 2D, but at least one Z coordinate is not zero. Marking the mol as 3D.
[07:34:59] Warning: molecule is tagged as 2D, but at least one Z coordinate is not zero. Marking the mol as 3D.
2026-06-11 07:34:59    Pose   minimizedAffinity    CNNscore   CNNaffinity          
2026-06-11 07:34:59    --------------------------------------------------------------
2026-06-11 07:34:59       1              -9.442      0.7526        +6.481  ★ best
2026-06-11 07:34:59       2              -9.413      0.7066        +6.369
2026-06-11 07:34:59       3              -8.224      0.6639        +6.392
2026-06-11 07:34:59       4              -4.850      0.5806        +4.789
2026-06-11 07:34:59       5              -8.956      0.5413        +6.391
2026-06-11 07:34:59       6              -7.922      0.4608        +6.051
2026-06-11 07:34:59       7              -7.995      0.4448        +5.540
2026-06-11 07:34:59       8              -9.304      0.3666        +5.874
2026-06-11 07:34:59       9              -6.227      0.3437        +5.984
2026-06-11 07:34:59  
────────────────────────────────────────────────────────────
2026-06-11 07:34:59  [24/200] actives_23_CHEMBL443198
2026-06-11 07:34:59  ────────────────────────────────────────────────────────────
[07:35:23] Warning: molecule is tagged as 2D, but at least one Z coordinate is not zero. Marking the mol as 3D.
[07:35:23] Warning: molecule is tagged as 2D, but at least one Z coordinate is not zero. Marking the mol as 3D.
[07:35:23] Warning: molecule is tagged as 2D, but at least one Z coordinate is not zero. Marking the mol as 3D.
[07:35:23] Warning: molecule is tagged as 2D, but at least one Z coordinate is not zero. Marking the mol as 3D.
[07:35:23] Warning: molecule is tagged as 2D, but at least one Z coordinate is not zero. Marking the mol as 3D.
[07:35:23] Warning: molecule is tagged as 2D, but at least one Z coordinate is not zero. Marking the mol as 3D.
[07:35:23] Warning: molecule is tagged as 2D, but at least one Z coordinate is not zero. Marking the mol as 3D.
[07:35:23] Warning: molecule is tagged as 2D, but at least one Z coordinate is not zero. Marking the mol as 3D.
[07:35:23] Warning: molecule is tagged as 2D, but at least one Z coordinate is not zero. Marking the mol as 3D.
2026-06-11 07:35:23    Pose   minimizedAffinity    CNNscore   CNNaffinity          
2026-06-11 07:35:23    --------------------------------------------------------------
2026-06-11 07:35:23       1              -7.923      0.5949        +5.369  ★ best
2026-06-11 07:35:23       2              -4.074      0.5835        +3.799
2026-06-11 07:35:23       3              -4.180      0.5308        +3.751
2026-06-11 07:35:23       4              -5.166      0.4930        +4.206
2026-06-11 07:35:23       5              -4.372      0.4910        +3.791
2026-06-11 07:35:23       6              -4.058      0.4397        +3.658
2026-06-11 07:35:23       7              -4.049      0.3880        +3.763
2026-06-11 07:35:23       8              -4.878      0.3760        +3.906
2026-06-11 07:35:23       9              -5.058      0.3499        +4.040
2026-06-11 07:35:23  
────────────────────────────────────────────────────────────
2026-06-11 07:35:23  [25/200] actives_24_CHEMBL424469
2026-06-11 07:35:23  ────────────────────────────────────────────────────────────
[07:35:57] Warning: molecule is tagged as 2D, but at least one Z coordinate is not zero. Marking the mol as 3D.
[07:35:57] Warning: molecule is tagged as 2D, but at least one Z coordinate is not zero. Marking the mol as 3D.
[07:35:57] Warning: molecule is tagged as 2D, but at least one Z coordinate is not zero. Marking the mol as 3D.
[07:35:57] Warning: molecule is tagged as 2D, but at least one Z coordinate is not zero. Marking the mol as 3D.
[07:35:57] Warning: molecule is tagged as 2D, but at least one Z coordinate is not zero. Marking the mol as 3D.
[07:35:57] Warning: molecule is tagged as 2D, but at least one Z coordinate is not zero. Marking the mol as 3D.
[07:35:57] Warning: molecule is tagged as 2D, but at least one Z coordinate is not zero. Marking the mol as 3D.
[07:35:57] Warning: molecule is tagged as 2D, but at least one Z coordinate is not zero. Marking the mol as 3D.
[07:35:57] Warning: molecule is tagged as 2D, but at least one Z coordinate is not zero. Marking the mol as 3D.
2026-06-11 07:35:57    Pose   minimizedAffinity    CNNscore   CNNaffinity          
2026-06-11 07:35:57    --------------------------------------------------------------
2026-06-11 07:35:57       1              -8.186      0.7162        +6.650  ★ best
2026-06-11 07:35:57       2              -4.642      0.5473        +4.833
2026-06-11 07:35:57       3              -4.455      0.4893        +4.698
2026-06-11 07:35:57       4              -4.776      0.4811        +4.754
2026-06-11 07:35:57       5              -4.564      0.4604        +4.855
2026-06-11 07:35:57       6              -5.108      0.4393        +4.728
2026-06-11 07:35:57       7              -4.764      0.4275        +4.413
2026-06-11 07:35:57       8              -5.856      0.4187        +4.595
2026-06-11 07:35:57       9              -4.965      0.4063        +4.758
2026-06-11 07:35:57  
────────────────────────────────────────────────────────────
2026-06-11 07:35:57  [26/200] actives_25_CHEMBL48796
2026-06-11 07:35:57  ────────────────────────────────────────────────────────────
[07:36:30] Warning: molecule is tagged as 2D, but at least one Z coordinate is not zero. Marking the mol as 3D.
[07:36:30] Warning: molecule is tagged as 2D, but at least one Z coordinate is not zero. Marking the mol as 3D.
[07:36:30] Warning: molecule is tagged as 2D, but at least one Z coordinate is not zero. Marking the mol as 3D.
[07:36:30] Warning: molecule is tagged as 2D, but at least one Z coordinate is not zero. Marking the mol as 3D.
[07:36:30] Warning: molecule is tagged as 2D, but at least one Z coordinate is not zero. Marking the mol as 3D.
[07:36:30] Warning: molecule is tagged as 2D, but at least one Z coordinate is not zero. Marking the mol as 3D.
[07:36:30] Warning: molecule is tagged as 2D, but at least one Z coordinate is not zero. Marking the mol as 3D.
[07:36:30] Warning: molecule is tagged as 2D, but at least one Z coordinate is not zero. Marking the mol as 3D.
[07:36:30] Warning: molecule is tagged as 2D, but at least one Z coordinate is not zero. Marking the mol as 3D.
2026-06-11 07:36:30    Pose   minimizedAffinity    CNNscore   CNNaffinity          
2026-06-11 07:36:30    --------------------------------------------------------------
2026-06-11 07:36:30       1              -8.295      0.9466        +7.072  ★ best
2026-06-11 07:36:30       2              -8.269      0.5326        +5.943
2026-06-11 07:36:30       3              -6.896      0.4134        +5.411
2026-06-11 07:36:30       4              -6.715      0.3740        +5.168
2026-06-11 07:36:30       5              -6.055      0.3636        +6.024
2026-06-11 07:36:30       6              -5.083      0.3047        +4.186
2026-06-11 07:36:30       7              -7.332      0.3023        +5.834
2026-06-11 07:36:30       8              -4.925      0.2522        +4.426
2026-06-11 07:36:30       9              -6.729      0.2319        +5.599
2026-06-11 07:36:30  
────────────────────────────────────────────────────────────
2026-06-11 07:36:30  [27/200] actives_26_CHEMBL574738
2026-06-11 07:36:30  ────────────────────────────────────────────────────────────
[07:37:57] Warning: molecule is tagged as 2D, but at least one Z coordinate is not zero. Marking the mol as 3D.
[07:37:57] Warning: molecule is tagged as 2D, but at least one Z coordinate is not zero. Marking the mol as 3D.
[07:37:57] Warning: molecule is tagged as 2D, but at least one Z coordinate is not zero. Marking the mol as 3D.
[07:37:57] Warning: molecule is tagged as 2D, but at least one Z coordinate is not zero. Marking the mol as 3D.
[07:37:57] Warning: molecule is tagged as 2D, but at least one Z coordinate is not zero. Marking the mol as 3D.
[07:37:57] Warning: molecule is tagged as 2D, but at least one Z coordinate is not zero. Marking the mol as 3D.
[07:37:57] Warning: molecule is tagged as 2D, but at least one Z coordinate is not zero. Marking the mol as 3D.
[07:37:57] Warning: molecule is tagged as 2D, but at least one Z coordinate is not zero. Marking the mol as 3D.
[07:37:57] Warning: molecule is tagged as 2D, but at least one Z coordinate is not zero. Marking the mol as 3D.
2026-06-11 07:37:57    Pose   minimizedAffinity    CNNscore   CNNaffinity          
2026-06-11 07:37:57    --------------------------------------------------------------
2026-06-11 07:37:57       1              -9.978      0.3682        +7.034  ★ best
2026-06-11 07:37:57       2              -8.213      0.2568        +6.266
2026-06-11 07:37:57       3              -7.901      0.2122        +6.026
2026-06-11 07:37:57       4              -9.831      0.1957        +6.518
2026-06-11 07:37:57       5              -9.689      0.1915        +6.332
2026-06-11 07:37:57       6              -8.978      0.1561        +6.093
2026-06-11 07:37:57       7              -8.582      0.1417        +6.240
2026-06-11 07:37:57       8              -9.284      0.1410        +6.027
2026-06-11 07:37:57       9              -6.867      0.1410        +5.648
2026-06-11 07:37:57  
────────────────────────────────────────────────────────────
2026-06-11 07:37:57  [28/200] actives_27_CHEMBL482193
2026-06-11 07:37:57  ────────────────────────────────────────────────────────────
[07:38:44] Warning: molecule is tagged as 2D, but at least one Z coordinate is not zero. Marking the mol as 3D.
[07:38:44] Warning: molecule is tagged as 2D, but at least one Z coordinate is not zero. Marking the mol as 3D.
[07:38:44] Warning: molecule is tagged as 2D, but at least one Z coordinate is not zero. Marking the mol as 3D.
[07:38:44] Warning: molecule is tagged as 2D, but at least one Z coordinate is not zero. Marking the mol as 3D.
[07:38:44] Warning: molecule is tagged as 2D, but at least one Z coordinate is not zero. Marking the mol as 3D.
[07:38:44] Warning: molecule is tagged as 2D, but at least one Z coordinate is not zero. Marking the mol as 3D.
[07:38:44] Warning: molecule is tagged as 2D, but at least one Z coordinate is not zero. Marking the mol as 3D.
[07:38:44] Warning: molecule is tagged as 2D, but at least one Z coordinate is not zero. Marking the mol as 3D.
[07:38:44] Warning: molecule is tagged as 2D, but at least one Z coordinate is not zero. Marking the mol as 3D.
2026-06-11 07:38:44    Pose   minimizedAffinity    CNNscore   CNNaffinity          
2026-06-11 07:38:44    --------------------------------------------------------------
2026-06-11 07:38:44       1              -9.254      0.9427        +6.982  ★ best
2026-06-11 07:38:44       2              -8.536      0.7785        +6.656
2026-06-11 07:38:44       3              -9.121      0.7369        +6.698
2026-06-11 07:38:44       4              -8.317      0.6734        +6.383
2026-06-11 07:38:44       5              -9.056      0.5716        +6.268
2026-06-11 07:38:44       6              -7.916      0.4414        +6.134
2026-06-11 07:38:44       7              -8.228      0.2317        +5.762
2026-06-11 07:38:44       8              -8.500      0.2232        +6.154
2026-06-11 07:38:44       9              -7.397      0.2206        +5.510
2026-06-11 07:38:44  
────────────────────────────────────────────────────────────
2026-06-11 07:38:44  [29/200] actives_28_CHEMBL148580
2026-06-11 07:38:44  ────────────────────────────────────────────────────────────
[07:39:46] Warning: molecule is tagged as 2D, but at least one Z coordinate is not zero. Marking the mol as 3D.
[07:39:46] Warning: molecule is tagged as 2D, but at least one Z coordinate is not zero. Marking the mol as 3D.
[07:39:46] Warning: molecule is tagged as 2D, but at least one Z coordinate is not zero. Marking the mol as 3D.
[07:39:46] Warning: molecule is tagged as 2D, but at least one Z coordinate is not zero. Marking the mol as 3D.
[07:39:46] Warning: molecule is tagged as 2D, but at least one Z coordinate is not zero. Marking the mol as 3D.
[07:39:46] Warning: molecule is tagged as 2D, but at least one Z coordinate is not zero. Marking the mol as 3D.
[07:39:46] Warning: molecule is tagged as 2D, but at least one Z coordinate is not zero. Marking the mol as 3D.
[07:39:46] Warning: molecule is tagged as 2D, but at least one Z coordinate is not zero. Marking the mol as 3D.
[07:39:46] Warning: molecule is tagged as 2D, but at least one Z coordinate is not zero. Marking the mol as 3D.
2026-06-11 07:39:46    Pose   minimizedAffinity    CNNscore   CNNaffinity          
2026-06-11 07:39:46    --------------------------------------------------------------
2026-06-11 07:39:46       1             -10.983      0.9372        +7.576  ★ best
2026-06-11 07:39:46       2              -9.500      0.5549        +6.636
2026-06-11 07:39:46       3             -10.338      0.4715        +6.529
2026-06-11 07:39:46       4              -9.244      0.3970        +6.562
2026-06-11 07:39:46       5              -6.382      0.2731        +5.261
2026-06-11 07:39:46       6             -10.699      0.2683        +5.921
2026-06-11 07:39:46       7              -6.243      0.2287        +4.976
2026-06-11 07:39:46       8              -5.934      0.1999        +4.627
2026-06-11 07:39:46       9              -7.117      0.1916        +6.381
2026-06-11 07:39:46  
────────────────────────────────────────────────────────────
2026-06-11 07:39:46  [30/200] actives_29_CHEMBL380946
2026-06-11 07:39:46  ────────────────────────────────────────────────────────────
[07:40:35] Warning: molecule is tagged as 2D, but at least one Z coordinate is not zero. Marking the mol as 3D.
[07:40:35] Warning: molecule is tagged as 2D, but at least one Z coordinate is not zero. Marking the mol as 3D.
[07:40:35] Warning: molecule is tagged as 2D, but at least one Z coordinate is not zero. Marking the mol as 3D.
[07:40:35] Warning: molecule is tagged as 2D, but at least one Z coordinate is not zero. Marking the mol as 3D.
[07:40:35] Warning: molecule is tagged as 2D, but at least one Z coordinate is not zero. Marking the mol as 3D.
[07:40:35] Warning: molecule is tagged as 2D, but at least one Z coordinate is not zero. Marking the mol as 3D.
[07:40:35] Warning: molecule is tagged as 2D, but at least one Z coordinate is not zero. Marking the mol as 3D.
[07:40:35] Warning: molecule is tagged as 2D, but at least one Z coordinate is not zero. Marking the mol as 3D.
[07:40:35] Warning: molecule is tagged as 2D, but at least one Z coordinate is not zero. Marking the mol as 3D.
2026-06-11 07:40:35    Pose   minimizedAffinity    CNNscore   CNNaffinity          
2026-06-11 07:40:35    --------------------------------------------------------------
2026-06-11 07:40:35       1              -8.629      0.4613        +6.539  ★ best
2026-06-11 07:40:35       2              -7.668      0.3296        +6.087
2026-06-11 07:40:35       3              -5.477      0.3123        +4.677
2026-06-11 07:40:35       4             -10.566      0.3020        +6.243
2026-06-11 07:40:35       5              -9.567      0.2094        +6.177
2026-06-11 07:40:35       6              -5.214      0.2030        +4.768
2026-06-11 07:40:35       7              -5.585      0.1982        +4.927
2026-06-11 07:40:35       8              -6.233      0.1641        +4.869
2026-06-11 07:40:35       9              -6.783      0.1530        +4.414
2026-06-11 07:40:35  
────────────────────────────────────────────────────────────
2026-06-11 07:40:35  [31/200] actives_30_CHEMBL429142
2026-06-11 07:40:35  ────────────────────────────────────────────────────────────
[07:41:14] Warning: molecule is tagged as 2D, but at least one Z coordinate is not zero. Marking the mol as 3D.
[07:41:14] Warning: molecule is tagged as 2D, but at least one Z coordinate is not zero. Marking the mol as 3D.
[07:41:14] Warning: molecule is tagged as 2D, but at least one Z coordinate is not zero. Marking the mol as 3D.
[07:41:14] Warning: molecule is tagged as 2D, but at least one Z coordinate is not zero. Marking the mol as 3D.
[07:41:14] Warning: molecule is tagged as 2D, but at least one Z coordinate is not zero. Marking the mol as 3D.
[07:41:14] Warning: molecule is tagged as 2D, but at least one Z coordinate is not zero. Marking the mol as 3D.
[07:41:14] Warning: molecule is tagged as 2D, but at least one Z coordinate is not zero. Marking the mol as 3D.
[07:41:14] Warning: molecule is tagged as 2D, but at least one Z coordinate is not zero. Marking the mol as 3D.
[07:41:14] Warning: molecule is tagged as 2D, but at least one Z coordinate is not zero. Marking the mol as 3D.
2026-06-11 07:41:14    Pose   minimizedAffinity    CNNscore   CNNaffinity          
2026-06-11 07:41:14    --------------------------------------------------------------
2026-06-11 07:41:14       1             -10.332      0.9683        +7.162  ★ best
2026-06-11 07:41:14       2              -8.783      0.3869        +5.993
2026-06-11 07:41:14       3              -9.197      0.3581        +5.964
2026-06-11 07:41:14       4              -8.142      0.3428        +5.947
2026-06-11 07:41:14       5              -9.578      0.3041        +5.738
2026-06-11 07:41:14       6              -5.068      0.2967        +4.844
2026-06-11 07:41:14       7              -9.685      0.2691        +5.844
2026-06-11 07:41:14       8              -9.824      0.2659        +5.293
2026-06-11 07:41:14       9              -5.098      0.2511        +4.264
2026-06-11 07:41:14  
────────────────────────────────────────────────────────────
2026-06-11 07:41:14  [32/200] actives_31_CHEMBL150859
2026-06-11 07:41:14  ────────────────────────────────────────────────────────────
[07:41:38] Warning: molecule is tagged as 2D, but at least one Z coordinate is not zero. Marking the mol as 3D.
[07:41:38] Warning: molecule is tagged as 2D, but at least one Z coordinate is not zero. Marking the mol as 3D.
[07:41:38] Warning: molecule is tagged as 2D, but at least one Z coordinate is not zero. Marking the mol as 3D.
[07:41:38] Warning: molecule is tagged as 2D, but at least one Z coordinate is not zero. Marking the mol as 3D.
[07:41:38] Warning: molecule is tagged as 2D, but at least one Z coordinate is not zero. Marking the mol as 3D.
[07:41:38] Warning: molecule is tagged as 2D, but at least one Z coordinate is not zero. Marking the mol as 3D.
[07:41:38] Warning: molecule is tagged as 2D, but at least one Z coordinate is not zero. Marking the mol as 3D.
[07:41:38] Warning: molecule is tagged as 2D, but at least one Z coordinate is not zero. Marking the mol as 3D.
[07:41:38] Warning: molecule is tagged as 2D, but at least one Z coordinate is not zero. Marking the mol as 3D.
2026-06-11 07:41:38    Pose   minimizedAffinity    CNNscore   CNNaffinity          
2026-06-11 07:41:38    --------------------------------------------------------------
2026-06-11 07:41:38       1              -9.660      0.6642        +6.197  ★ best
2026-06-11 07:41:38       2             -10.536      0.3969        +5.976
2026-06-11 07:41:38       3              -9.556      0.3591        +6.046
2026-06-11 07:41:38       4              -5.759      0.3209        +4.778
2026-06-11 07:41:38       5              -9.960      0.2891        +5.825
2026-06-11 07:41:38       6              -5.287      0.2235        +4.503
2026-06-11 07:41:38       7              -5.686      0.2126        +4.423
2026-06-11 07:41:38       8              -9.281      0.1758        +5.215
2026-06-11 07:41:38       9              -5.347      0.1749        +4.300
2026-06-11 07:41:38  
────────────────────────────────────────────────────────────
2026-06-11 07:41:38  [33/200] actives_32_CHEMBL147290
2026-06-11 07:41:38  ────────────────────────────────────────────────────────────
[07:42:24] Warning: molecule is tagged as 2D, but at least one Z coordinate is not zero. Marking the mol as 3D.
[07:42:24] Warning: molecule is tagged as 2D, but at least one Z coordinate is not zero. Marking the mol as 3D.
[07:42:24] Warning: molecule is tagged as 2D, but at least one Z coordinate is not zero. Marking the mol as 3D.
[07:42:24] Warning: molecule is tagged as 2D, but at least one Z coordinate is not zero. Marking the mol as 3D.
[07:42:24] Warning: molecule is tagged as 2D, but at least one Z coordinate is not zero. Marking the mol as 3D.
[07:42:24] Warning: molecule is tagged as 2D, but at least one Z coordinate is not zero. Marking the mol as 3D.
[07:42:24] Warning: molecule is tagged as 2D, but at least one Z coordinate is not zero. Marking the mol as 3D.
[07:42:24] Warning: molecule is tagged as 2D, but at least one Z coordinate is not zero. Marking the mol as 3D.
[07:42:24] Warning: molecule is tagged as 2D, but at least one Z coordinate is not zero. Marking the mol as 3D.
2026-06-11 07:42:24    Pose   minimizedAffinity    CNNscore   CNNaffinity          
2026-06-11 07:42:24    --------------------------------------------------------------
2026-06-11 07:42:24       1             -11.277      0.9197        +7.130  ★ best
2026-06-11 07:42:24       2             -10.826      0.4446        +6.443
2026-06-11 07:42:24       3              -8.008      0.3306        +5.958
2026-06-11 07:42:24       4              -5.313      0.2595        +4.946
2026-06-11 07:42:24       5              -7.623      0.1958        +6.120
2026-06-11 07:42:24       6              -7.261      0.1946        +5.730
2026-06-11 07:42:24       7              -5.975      0.1911        +4.665
2026-06-11 07:42:24       8              -5.832      0.1786        +5.022
2026-06-11 07:42:24       9              -5.578      0.1749        +4.832
2026-06-11 07:42:24  
────────────────────────────────────────────────────────────
2026-06-11 07:42:24  [34/200] actives_33_CHEMBL310840
2026-06-11 07:42:24  ────────────────────────────────────────────────────────────
[07:43:01] Warning: molecule is tagged as 2D, but at least one Z coordinate is not zero. Marking the mol as 3D.
[07:43:01] Warning: molecule is tagged as 2D, but at least one Z coordinate is not zero. Marking the mol as 3D.
[07:43:01] Warning: molecule is tagged as 2D, but at least one Z coordinate is not zero. Marking the mol as 3D.
[07:43:01] Warning: molecule is tagged as 2D, but at least one Z coordinate is not zero. Marking the mol as 3D.
[07:43:01] Warning: molecule is tagged as 2D, but at least one Z coordinate is not zero. Marking the mol as 3D.
[07:43:01] Warning: molecule is tagged as 2D, but at least one Z coordinate is not zero. Marking the mol as 3D.
[07:43:01] Warning: molecule is tagged as 2D, but at least one Z coordinate is not zero. Marking the mol as 3D.
[07:43:01] Warning: molecule is tagged as 2D, but at least one Z coordinate is not zero. Marking the mol as 3D.
[07:43:01] Warning: molecule is tagged as 2D, but at least one Z coordinate is not zero. Marking the mol as 3D.
2026-06-11 07:43:01    Pose   minimizedAffinity    CNNscore   CNNaffinity          
2026-06-11 07:43:01    --------------------------------------------------------------
2026-06-11 07:43:01       1              -8.658      0.8786        +6.784  ★ best
2026-06-11 07:43:01       2              -8.660      0.8774        +6.775
2026-06-11 07:43:01       3              -8.968      0.6745        +6.458
2026-06-11 07:43:01       4              -5.488      0.5939        +5.254
2026-06-11 07:43:01       5              -5.680      0.5744        +4.977
2026-06-11 07:43:01       6              -5.667      0.5638        +5.228
2026-06-11 07:43:01       7              -5.053      0.4044        +4.874
2026-06-11 07:43:01       8              -5.281      0.3661        +4.693
2026-06-11 07:43:01       9              -4.906      0.3260        +4.785
2026-06-11 07:43:01  
────────────────────────────────────────────────────────────
2026-06-11 07:43:01  [35/200] actives_34_CHEMBL460102
2026-06-11 07:43:01  ────────────────────────────────────────────────────────────
[07:43:57] Warning: molecule is tagged as 2D, but at least one Z coordinate is not zero. Marking the mol as 3D.
[07:43:57] Warning: molecule is tagged as 2D, but at least one Z coordinate is not zero. Marking the mol as 3D.
[07:43:57] Warning: molecule is tagged as 2D, but at least one Z coordinate is not zero. Marking the mol as 3D.
[07:43:57] Warning: molecule is tagged as 2D, but at least one Z coordinate is not zero. Marking the mol as 3D.
[07:43:57] Warning: molecule is tagged as 2D, but at least one Z coordinate is not zero. Marking the mol as 3D.
[07:43:57] Warning: molecule is tagged as 2D, but at least one Z coordinate is not zero. Marking the mol as 3D.
[07:43:57] Warning: molecule is tagged as 2D, but at least one Z coordinate is not zero. Marking the mol as 3D.
[07:43:57] Warning: molecule is tagged as 2D, but at least one Z coordinate is not zero. Marking the mol as 3D.
[07:43:57] Warning: molecule is tagged as 2D, but at least one Z coordinate is not zero. Marking the mol as 3D.
2026-06-11 07:43:57    Pose   minimizedAffinity    CNNscore   CNNaffinity          
2026-06-11 07:43:57    --------------------------------------------------------------
2026-06-11 07:43:57       1              -9.482      0.7051        +7.335  ★ best
2026-06-11 07:43:57       2              -9.075      0.6398        +7.498
2026-06-11 07:43:57       3              -9.550      0.5680        +7.174
2026-06-11 07:43:57       4              -9.236      0.4888        +6.934
2026-06-11 07:43:57       5              -8.560      0.3613        +6.708
2026-06-11 07:43:57       6             -10.163      0.2803        +7.135
2026-06-11 07:43:57       7              -9.098      0.2161        +6.497
2026-06-11 07:43:57       8              -8.815      0.1717        +6.197
2026-06-11 07:43:57       9              -9.141      0.1712        +6.451
2026-06-11 07:43:57  
────────────────────────────────────────────────────────────
2026-06-11 07:43:57  [36/200] actives_35_CHEMBL458421
2026-06-11 07:43:57  ────────────────────────────────────────────────────────────
[07:44:54] Warning: molecule is tagged as 2D, but at least one Z coordinate is not zero. Marking the mol as 3D.
[07:44:54] Warning: molecule is tagged as 2D, but at least one Z coordinate is not zero. Marking the mol as 3D.
[07:44:54] Warning: molecule is tagged as 2D, but at least one Z coordinate is not zero. Marking the mol as 3D.
[07:44:54] Warning: molecule is tagged as 2D, but at least one Z coordinate is not zero. Marking the mol as 3D.
[07:44:54] Warning: molecule is tagged as 2D, but at least one Z coordinate is not zero. Marking the mol as 3D.
[07:44:54] Warning: molecule is tagged as 2D, but at least one Z coordinate is not zero. Marking the mol as 3D.
[07:44:54] Warning: molecule is tagged as 2D, but at least one Z coordinate is not zero. Marking the mol as 3D.
[07:44:54] Warning: molecule is tagged as 2D, but at least one Z coordinate is not zero. Marking the mol as 3D.
[07:44:54] Warning: molecule is tagged as 2D, but at least one Z coordinate is not zero. Marking the mol as 3D.
2026-06-11 07:44:54    Pose   minimizedAffinity    CNNscore   CNNaffinity          
2026-06-11 07:44:54    --------------------------------------------------------------
2026-06-11 07:44:54       1              -8.853      0.5185        +6.883  ★ best
2026-06-11 07:44:54       2              -7.604      0.4073        +6.040
2026-06-11 07:44:54       3              -7.408      0.3818        +6.294
2026-06-11 07:44:54       4              -7.986      0.3476        +6.846
2026-06-11 07:44:54       5              -7.869      0.3278        +6.773
2026-06-11 07:44:54       6              -8.431      0.2998        +6.015
2026-06-11 07:44:54       7              -7.596      0.2987        +5.990
2026-06-11 07:44:54       8              -7.993      0.2514        +6.708
2026-06-11 07:44:54       9              -9.516      0.2154        +6.757
2026-06-11 07:44:54  
────────────────────────────────────────────────────────────
2026-06-11 07:44:54  [37/200] actives_36_CHEMBL192556
2026-06-11 07:44:54  ────────────────────────────────────────────────────────────
[07:45:38] Warning: molecule is tagged as 2D, but at least one Z coordinate is not zero. Marking the mol as 3D.
[07:45:38] Warning: molecule is tagged as 2D, but at least one Z coordinate is not zero. Marking the mol as 3D.
[07:45:38] Warning: molecule is tagged as 2D, but at least one Z coordinate is not zero. Marking the mol as 3D.
[07:45:38] Warning: molecule is tagged as 2D, but at least one Z coordinate is not zero. Marking the mol as 3D.
[07:45:38] Warning: molecule is tagged as 2D, but at least one Z coordinate is not zero. Marking the mol as 3D.
[07:45:38] Warning: molecule is tagged as 2D, but at least one Z coordinate is not zero. Marking the mol as 3D.
[07:45:38] Warning: molecule is tagged as 2D, but at least one Z coordinate is not zero. Marking the mol as 3D.
[07:45:38] Warning: molecule is tagged as 2D, but at least one Z coordinate is not zero. Marking the mol as 3D.
[07:45:38] Warning: molecule is tagged as 2D, but at least one Z coordinate is not zero. Marking the mol as 3D.
2026-06-11 07:45:38    Pose   minimizedAffinity    CNNscore   CNNaffinity          
2026-06-11 07:45:38    --------------------------------------------------------------
2026-06-11 07:45:38       1              -9.552      0.6283        +6.450  ★ best
2026-06-11 07:45:38       2              -8.625      0.4774        +6.165
2026-06-11 07:45:38       3              -9.967      0.4680        +6.614
2026-06-11 07:45:38       4              -8.352      0.2122        +5.043
2026-06-11 07:45:38       5              -8.140      0.1738        +5.595
2026-06-11 07:45:38       6              -7.116      0.1686        +5.473
2026-06-11 07:45:38       7              -9.100      0.1451        +5.467
2026-06-11 07:45:38       8              -7.392      0.1344        +5.467
2026-06-11 07:45:38       9              -9.080      0.1297        +5.398
2026-06-11 07:45:38  
────────────────────────────────────────────────────────────
2026-06-11 07:45:38  [38/200] actives_37_CHEMBL147232
2026-06-11 07:45:38  ────────────────────────────────────────────────────────────
[07:46:29] Warning: molecule is tagged as 2D, but at least one Z coordinate is not zero. Marking the mol as 3D.
[07:46:29] Warning: molecule is tagged as 2D, but at least one Z coordinate is not zero. Marking the mol as 3D.
[07:46:29] Warning: molecule is tagged as 2D, but at least one Z coordinate is not zero. Marking the mol as 3D.
[07:46:29] Warning: molecule is tagged as 2D, but at least one Z coordinate is not zero. Marking the mol as 3D.
[07:46:29] Warning: molecule is tagged as 2D, but at least one Z coordinate is not zero. Marking the mol as 3D.
[07:46:29] Warning: molecule is tagged as 2D, but at least one Z coordinate is not zero. Marking the mol as 3D.
[07:46:29] Warning: molecule is tagged as 2D, but at least one Z coordinate is not zero. Marking the mol as 3D.
[07:46:29] Warning: molecule is tagged as 2D, but at least one Z coordinate is not zero. Marking the mol as 3D.
[07:46:29] Warning: molecule is tagged as 2D, but at least one Z coordinate is not zero. Marking the mol as 3D.
2026-06-11 07:46:29    Pose   minimizedAffinity    CNNscore   CNNaffinity          
2026-06-11 07:46:29    --------------------------------------------------------------
2026-06-11 07:46:29       1             -10.954      0.9262        +7.734  ★ best
2026-06-11 07:46:29       2             -10.918      0.8365        +7.492
2026-06-11 07:46:29       3             -11.505      0.7703        +7.614
2026-06-11 07:46:29       4             -10.960      0.7216        +7.002
2026-06-11 07:46:29       5             -10.374      0.6905        +6.909
2026-06-11 07:46:29       6             -10.613      0.5776        +6.890
2026-06-11 07:46:29       7             -10.931      0.3888        +6.687
2026-06-11 07:46:29       8              -9.492      0.3108        +6.445
2026-06-11 07:46:29       9              -9.514      0.2072        +5.961
2026-06-11 07:46:29  
────────────────────────────────────────────────────────────
2026-06-11 07:46:29  [39/200] actives_38_CHEMBL358057
2026-06-11 07:46:29  ────────────────────────────────────────────────────────────
[07:47:08] Warning: molecule is tagged as 2D, but at least one Z coordinate is not zero. Marking the mol as 3D.
[07:47:08] Warning: molecule is tagged as 2D, but at least one Z coordinate is not zero. Marking the mol as 3D.
[07:47:08] Warning: molecule is tagged as 2D, but at least one Z coordinate is not zero. Marking the mol as 3D.
[07:47:08] Warning: molecule is tagged as 2D, but at least one Z coordinate is not zero. Marking the mol as 3D.
[07:47:08] Warning: molecule is tagged as 2D, but at least one Z coordinate is not zero. Marking the mol as 3D.
[07:47:08] Warning: molecule is tagged as 2D, but at least one Z coordinate is not zero. Marking the mol as 3D.
[07:47:08] Warning: molecule is tagged as 2D, but at least one Z coordinate is not zero. Marking the mol as 3D.
[07:47:08] Warning: molecule is tagged as 2D, but at least one Z coordinate is not zero. Marking the mol as 3D.
[07:47:08] Warning: molecule is tagged as 2D, but at least one Z coordinate is not zero. Marking the mol as 3D.
2026-06-11 07:47:08    Pose   minimizedAffinity    CNNscore   CNNaffinity          
2026-06-11 07:47:08    --------------------------------------------------------------
2026-06-11 07:47:08       1              -9.884      0.8819        +7.361  ★ best
2026-06-11 07:47:08       2             -10.126      0.6806        +7.095
2026-06-11 07:47:08       3             -10.797      0.5306        +6.991
2026-06-11 07:47:08       4             -10.208      0.4907        +6.764
2026-06-11 07:47:08       5             -10.441      0.4812        +6.554
2026-06-11 07:47:08       6             -10.588      0.4367        +6.924
2026-06-11 07:47:08       7              -9.444      0.3777        +6.339
2026-06-11 07:47:08       8              -8.066      0.3550        +6.499
2026-06-11 07:47:08       9              -9.513      0.2609        +6.289
2026-06-11 07:47:08  
────────────────────────────────────────────────────────────
2026-06-11 07:47:08  [40/200] actives_39_CHEMBL495557
2026-06-11 07:47:08  ────────────────────────────────────────────────────────────
[07:47:41] Warning: molecule is tagged as 2D, but at least one Z coordinate is not zero. Marking the mol as 3D.
[07:47:41] Warning: molecule is tagged as 2D, but at least one Z coordinate is not zero. Marking the mol as 3D.
[07:47:41] Warning: molecule is tagged as 2D, but at least one Z coordinate is not zero. Marking the mol as 3D.
[07:47:41] Warning: molecule is tagged as 2D, but at least one Z coordinate is not zero. Marking the mol as 3D.
[07:47:41] Warning: molecule is tagged as 2D, but at least one Z coordinate is not zero. Marking the mol as 3D.
[07:47:41] Warning: molecule is tagged as 2D, but at least one Z coordinate is not zero. Marking the mol as 3D.
[07:47:41] Warning: molecule is tagged as 2D, but at least one Z coordinate is not zero. Marking the mol as 3D.
[07:47:41] Warning: molecule is tagged as 2D, but at least one Z coordinate is not zero. Marking the mol as 3D.
[07:47:41] Warning: molecule is tagged as 2D, but at least one Z coordinate is not zero. Marking the mol as 3D.
2026-06-11 07:47:41    Pose   minimizedAffinity    CNNscore   CNNaffinity          
2026-06-11 07:47:41    --------------------------------------------------------------
2026-06-11 07:47:41       1              -7.901      0.5938        +6.530  ★ best
2026-06-11 07:47:41       2              -7.778      0.4970        +6.088
2026-06-11 07:47:41       3              -7.122      0.4492        +6.444
2026-06-11 07:47:41       4              -7.275      0.3794        +6.007
2026-06-11 07:47:41       5              -8.017      0.2341        +6.164
2026-06-11 07:47:41       6              -6.473      0.2327        +5.236
2026-06-11 07:47:41       7              -7.013      0.2217        +5.661
2026-06-11 07:47:41       8              -6.477      0.1752        +4.992
2026-06-11 07:47:41       9              -6.128      0.1694        +4.976
2026-06-11 07:47:41  
────────────────────────────────────────────────────────────
2026-06-11 07:47:41  [41/200] actives_40_CHEMBL75680
2026-06-11 07:47:41  ────────────────────────────────────────────────────────────
[07:48:01] Warning: molecule is tagged as 2D, but at least one Z coordinate is not zero. Marking the mol as 3D.
[07:48:01] Warning: molecule is tagged as 2D, but at least one Z coordinate is not zero. Marking the mol as 3D.
[07:48:01] Warning: molecule is tagged as 2D, but at least one Z coordinate is not zero. Marking the mol as 3D.
[07:48:01] Warning: molecule is tagged as 2D, but at least one Z coordinate is not zero. Marking the mol as 3D.
[07:48:01] Warning: molecule is tagged as 2D, but at least one Z coordinate is not zero. Marking the mol as 3D.
[07:48:01] Warning: molecule is tagged as 2D, but at least one Z coordinate is not zero. Marking the mol as 3D.
[07:48:01] Warning: molecule is tagged as 2D, but at least one Z coordinate is not zero. Marking the mol as 3D.
[07:48:01] Warning: molecule is tagged as 2D, but at least one Z coordinate is not zero. Marking the mol as 3D.
[07:48:01] Warning: molecule is tagged as 2D, but at least one Z coordinate is not zero. Marking the mol as 3D.
2026-06-11 07:48:01    Pose   minimizedAffinity    CNNscore   CNNaffinity          
2026-06-11 07:48:01    --------------------------------------------------------------
2026-06-11 07:48:01       1              -8.088      0.6593        +5.948  ★ best
2026-06-11 07:48:01       2              -7.426      0.6121        +5.963
2026-06-11 07:48:01       3              -7.687      0.6028        +5.873
2026-06-11 07:48:01       4              -7.251      0.5797        +5.891
2026-06-11 07:48:01       5              -8.207      0.5209        +5.902
2026-06-11 07:48:01       6              -7.756      0.4218        +5.755
2026-06-11 07:48:01       7              -8.405      0.3737        +5.817
2026-06-11 07:48:01       8              -7.571      0.3001        +5.468
2026-06-11 07:48:01       9              -4.138      0.2927        +4.180
2026-06-11 07:48:01  
────────────────────────────────────────────────────────────
2026-06-11 07:48:01  [42/200] actives_41_CHEMBL1094400
2026-06-11 07:48:01  ────────────────────────────────────────────────────────────
[07:48:41] Warning: molecule is tagged as 2D, but at least one Z coordinate is not zero. Marking the mol as 3D.
[07:48:41] Warning: molecule is tagged as 2D, but at least one Z coordinate is not zero. Marking the mol as 3D.
[07:48:41] Warning: molecule is tagged as 2D, but at least one Z coordinate is not zero. Marking the mol as 3D.
[07:48:41] Warning: molecule is tagged as 2D, but at least one Z coordinate is not zero. Marking the mol as 3D.
[07:48:41] Warning: molecule is tagged as 2D, but at least one Z coordinate is not zero. Marking the mol as 3D.
[07:48:41] Warning: molecule is tagged as 2D, but at least one Z coordinate is not zero. Marking the mol as 3D.
[07:48:41] Warning: molecule is tagged as 2D, but at least one Z coordinate is not zero. Marking the mol as 3D.
[07:48:41] Warning: molecule is tagged as 2D, but at least one Z coordinate is not zero. Marking the mol as 3D.
[07:48:41] Warning: molecule is tagged as 2D, but at least one Z coordinate is not zero. Marking the mol as 3D.
2026-06-11 07:48:41    Pose   minimizedAffinity    CNNscore   CNNaffinity          
2026-06-11 07:48:41    --------------------------------------------------------------
2026-06-11 07:48:41       1              -5.832      0.4060        +5.613  ★ best
2026-06-11 07:48:41       2              -6.783      0.3827        +5.206
2026-06-11 07:48:41       3              -8.928      0.3779        +6.536
2026-06-11 07:48:41       4              -6.114      0.3510        +5.291
2026-06-11 07:48:41       5              -5.725      0.3429        +5.327
2026-06-11 07:48:41       6              -4.932      0.2949        +4.838
2026-06-11 07:48:41       7             -10.170      0.2364        +6.150
2026-06-11 07:48:41       8              -5.849      0.2018        +4.820
2026-06-11 07:48:41       9              -5.553      0.1616        +5.032
2026-06-11 07:48:41  
────────────────────────────────────────────────────────────
2026-06-11 07:48:41  [43/200] actives_42_CHEMBL79498
2026-06-11 07:48:41  ────────────────────────────────────────────────────────────
[07:49:09] Warning: molecule is tagged as 2D, but at least one Z coordinate is not zero. Marking the mol as 3D.
[07:49:09] Warning: molecule is tagged as 2D, but at least one Z coordinate is not zero. Marking the mol as 3D.
[07:49:09] Warning: molecule is tagged as 2D, but at least one Z coordinate is not zero. Marking the mol as 3D.
[07:49:09] Warning: molecule is tagged as 2D, but at least one Z coordinate is not zero. Marking the mol as 3D.
[07:49:09] Warning: molecule is tagged as 2D, but at least one Z coordinate is not zero. Marking the mol as 3D.
[07:49:09] Warning: molecule is tagged as 2D, but at least one Z coordinate is not zero. Marking the mol as 3D.
[07:49:09] Warning: molecule is tagged as 2D, but at least one Z coordinate is not zero. Marking the mol as 3D.
[07:49:09] Warning: molecule is tagged as 2D, but at least one Z coordinate is not zero. Marking the mol as 3D.
[07:49:09] Warning: molecule is tagged as 2D, but at least one Z coordinate is not zero. Marking the mol as 3D.
2026-06-11 07:49:09    Pose   minimizedAffinity    CNNscore   CNNaffinity          
2026-06-11 07:49:09    --------------------------------------------------------------
2026-06-11 07:49:09       1              -9.760      0.8408        +6.858  ★ best
2026-06-11 07:49:09       2              -8.957      0.7029        +6.821
2026-06-11 07:49:09       3              -9.926      0.6027        +6.643
2026-06-11 07:49:09       4              -5.376      0.5674        +4.717
2026-06-11 07:49:09       5              -4.864      0.5624        +4.783
2026-06-11 07:49:09       6              -6.545      0.5508        +5.158
2026-06-11 07:49:09       7              -5.125      0.5475        +4.835
2026-06-11 07:49:09       8              -8.336      0.4877        +6.315
2026-06-11 07:49:09       9              -8.924      0.4772        +6.054
2026-06-11 07:49:09  
────────────────────────────────────────────────────────────
2026-06-11 07:49:09  [44/200] actives_43_CHEMBL269827
2026-06-11 07:49:09  ────────────────────────────────────────────────────────────
[07:49:41] Warning: molecule is tagged as 2D, but at least one Z coordinate is not zero. Marking the mol as 3D.
[07:49:41] Warning: molecule is tagged as 2D, but at least one Z coordinate is not zero. Marking the mol as 3D.
[07:49:41] Warning: molecule is tagged as 2D, but at least one Z coordinate is not zero. Marking the mol as 3D.
[07:49:41] Warning: molecule is tagged as 2D, but at least one Z coordinate is not zero. Marking the mol as 3D.
[07:49:41] Warning: molecule is tagged as 2D, but at least one Z coordinate is not zero. Marking the mol as 3D.
[07:49:41] Warning: molecule is tagged as 2D, but at least one Z coordinate is not zero. Marking the mol as 3D.
[07:49:41] Warning: molecule is tagged as 2D, but at least one Z coordinate is not zero. Marking the mol as 3D.
[07:49:41] Warning: molecule is tagged as 2D, but at least one Z coordinate is not zero. Marking the mol as 3D.
[07:49:41] Warning: molecule is tagged as 2D, but at least one Z coordinate is not zero. Marking the mol as 3D.
2026-06-11 07:49:41    Pose   minimizedAffinity    CNNscore   CNNaffinity          
2026-06-11 07:49:41    --------------------------------------------------------------
2026-06-11 07:49:41       1             -10.274      0.9550        +7.031  ★ best
2026-06-11 07:49:41       2              -9.180      0.6157        +6.223
2026-06-11 07:49:41       3             -10.086      0.5816        +6.368
2026-06-11 07:49:41       4              -7.733      0.5744        +6.015
2026-06-11 07:49:41       5              -7.064      0.3885        +4.930
2026-06-11 07:49:41       6              -8.420      0.3862        +6.165
2026-06-11 07:49:41       7              -7.675      0.3414        +5.582
2026-06-11 07:49:41       8              -5.551      0.3201        +4.332
2026-06-11 07:49:41       9              -5.777      0.2888        +4.719
2026-06-11 07:49:41  
────────────────────────────────────────────────────────────
2026-06-11 07:49:41  [45/200] actives_44_CHEMBL115319
2026-06-11 07:49:41  ────────────────────────────────────────────────────────────
[07:49:57] Warning: molecule is tagged as 2D, but at least one Z coordinate is not zero. Marking the mol as 3D.
[07:49:57] Warning: molecule is tagged as 2D, but at least one Z coordinate is not zero. Marking the mol as 3D.
[07:49:57] Warning: molecule is tagged as 2D, but at least one Z coordinate is not zero. Marking the mol as 3D.
[07:49:57] Warning: molecule is tagged as 2D, but at least one Z coordinate is not zero. Marking the mol as 3D.
[07:49:57] Warning: molecule is tagged as 2D, but at least one Z coordinate is not zero. Marking the mol as 3D.
[07:49:57] Warning: molecule is tagged as 2D, but at least one Z coordinate is not zero. Marking the mol as 3D.
[07:49:57] Warning: molecule is tagged as 2D, but at least one Z coordinate is not zero. Marking the mol as 3D.
[07:49:57] Warning: molecule is tagged as 2D, but at least one Z coordinate is not zero. Marking the mol as 3D.
[07:49:57] Warning: molecule is tagged as 2D, but at least one Z coordinate is not zero. Marking the mol as 3D.
2026-06-11 07:49:57    Pose   minimizedAffinity    CNNscore   CNNaffinity          
2026-06-11 07:49:57    --------------------------------------------------------------
2026-06-11 07:49:57       1              -7.195      0.9326        +5.659  ★ best
2026-06-11 07:49:57       2              -6.733      0.9216        +4.700
2026-06-11 07:49:57       3              -5.998      0.4964        +4.134
2026-06-11 07:49:57       4              -4.448      0.3662        +3.543
2026-06-11 07:49:57       5              -5.988      0.3651        +4.679
2026-06-11 07:49:57       6              -7.263      0.3607        +4.652
2026-06-11 07:49:57       7              -4.750      0.3600        +3.869
2026-06-11 07:49:57       8              -4.340      0.2680        +3.855
2026-06-11 07:49:57       9              -7.731      0.2680        +4.536
2026-06-11 07:49:57  
────────────────────────────────────────────────────────────
2026-06-11 07:49:57  [46/200] actives_45_CHEMBL310840
2026-06-11 07:49:57  ────────────────────────────────────────────────────────────
[07:50:34] Warning: molecule is tagged as 2D, but at least one Z coordinate is not zero. Marking the mol as 3D.
[07:50:34] Warning: molecule is tagged as 2D, but at least one Z coordinate is not zero. Marking the mol as 3D.
[07:50:34] Warning: molecule is tagged as 2D, but at least one Z coordinate is not zero. Marking the mol as 3D.
[07:50:34] Warning: molecule is tagged as 2D, but at least one Z coordinate is not zero. Marking the mol as 3D.
[07:50:34] Warning: molecule is tagged as 2D, but at least one Z coordinate is not zero. Marking the mol as 3D.
[07:50:34] Warning: molecule is tagged as 2D, but at least one Z coordinate is not zero. Marking the mol as 3D.
[07:50:34] Warning: molecule is tagged as 2D, but at least one Z coordinate is not zero. Marking the mol as 3D.
[07:50:34] Warning: molecule is tagged as 2D, but at least one Z coordinate is not zero. Marking the mol as 3D.
[07:50:34] Warning: molecule is tagged as 2D, but at least one Z coordinate is not zero. Marking the mol as 3D.
2026-06-11 07:50:34    Pose   minimizedAffinity    CNNscore   CNNaffinity          
2026-06-11 07:50:34    --------------------------------------------------------------
2026-06-11 07:50:34       1              -8.918      0.9369        +6.964  ★ best
2026-06-11 07:50:34       2              -8.870      0.9297        +6.958
2026-06-11 07:50:34       3              -7.619      0.8025        +6.757
2026-06-11 07:50:34       4              -6.770      0.7123        +6.649
2026-06-11 07:50:34       5              -6.197      0.5460        +6.681
2026-06-11 07:50:34       6              -6.755      0.5354        +6.270
2026-06-11 07:50:34       7              -7.902      0.5131        +6.265
2026-06-11 07:50:34       8              -8.078      0.4440        +6.047
2026-06-11 07:50:34       9              -8.760      0.3160        +6.094
2026-06-11 07:50:34  
────────────────────────────────────────────────────────────
2026-06-11 07:50:34  [47/200] actives_46_CHEMBL210765
2026-06-11 07:50:34  ────────────────────────────────────────────────────────────
[07:52:02] Warning: molecule is tagged as 2D, but at least one Z coordinate is not zero. Marking the mol as 3D.
[07:52:02] Warning: molecule is tagged as 2D, but at least one Z coordinate is not zero. Marking the mol as 3D.
[07:52:02] Warning: molecule is tagged as 2D, but at least one Z coordinate is not zero. Marking the mol as 3D.
[07:52:02] Warning: molecule is tagged as 2D, but at least one Z coordinate is not zero. Marking the mol as 3D.
[07:52:02] Warning: molecule is tagged as 2D, but at least one Z coordinate is not zero. Marking the mol as 3D.
[07:52:02] Warning: molecule is tagged as 2D, but at least one Z coordinate is not zero. Marking the mol as 3D.
[07:52:02] Warning: molecule is tagged as 2D, but at least one Z coordinate is not zero. Marking the mol as 3D.
[07:52:02] Warning: molecule is tagged as 2D, but at least one Z coordinate is not zero. Marking the mol as 3D.
[07:52:02] Warning: molecule is tagged as 2D, but at least one Z coordinate is not zero. Marking the mol as 3D.
2026-06-11 07:52:02    Pose   minimizedAffinity    CNNscore   CNNaffinity          
2026-06-11 07:52:02    --------------------------------------------------------------
2026-06-11 07:52:02       1              -8.814      0.5246        +6.872  ★ best
2026-06-11 07:52:02       2             -10.602      0.2534        +6.856
2026-06-11 07:52:02       3              -8.437      0.2356        +6.468
2026-06-11 07:52:02       4             -10.500      0.2185        +6.638
2026-06-11 07:52:02       5              -8.016      0.1850        +6.177
2026-06-11 07:52:02       6              -9.355      0.1712        +6.563
2026-06-11 07:52:02       7             -10.759      0.1379        +5.635
2026-06-11 07:52:02       8              -8.800      0.1350        +6.177
2026-06-11 07:52:02       9             -10.487      0.1240        +6.195
2026-06-11 07:52:02  
────────────────────────────────────────────────────────────
2026-06-11 07:52:02  [48/200] actives_47_CHEMBL411224
2026-06-11 07:52:02  ────────────────────────────────────────────────────────────
[07:52:37] Warning: molecule is tagged as 2D, but at least one Z coordinate is not zero. Marking the mol as 3D.
[07:52:37] Warning: molecule is tagged as 2D, but at least one Z coordinate is not zero. Marking the mol as 3D.
[07:52:37] Warning: molecule is tagged as 2D, but at least one Z coordinate is not zero. Marking the mol as 3D.
[07:52:37] Warning: molecule is tagged as 2D, but at least one Z coordinate is not zero. Marking the mol as 3D.
[07:52:37] Warning: molecule is tagged as 2D, but at least one Z coordinate is not zero. Marking the mol as 3D.
[07:52:37] Warning: molecule is tagged as 2D, but at least one Z coordinate is not zero. Marking the mol as 3D.
[07:52:37] Warning: molecule is tagged as 2D, but at least one Z coordinate is not zero. Marking the mol as 3D.
[07:52:37] Warning: molecule is tagged as 2D, but at least one Z coordinate is not zero. Marking the mol as 3D.
[07:52:37] Warning: molecule is tagged as 2D, but at least one Z coordinate is not zero. Marking the mol as 3D.
2026-06-11 07:52:37    Pose   minimizedAffinity    CNNscore   CNNaffinity          
2026-06-11 07:52:37    --------------------------------------------------------------
2026-06-11 07:52:37       1             -10.268      0.9954        +7.435  ★ best
2026-06-11 07:52:37       2              -8.910      0.6700        +6.629
2026-06-11 07:52:37       3              -9.313      0.4401        +5.978
2026-06-11 07:52:37       4              -5.493      0.4267        +4.705
2026-06-11 07:52:37       5              -9.617      0.4196        +5.938
2026-06-11 07:52:37       6             -10.439      0.4135        +6.000
2026-06-11 07:52:37       7              -7.851      0.3766        +5.837
2026-06-11 07:52:37       8              -7.939      0.3675        +5.933
2026-06-11 07:52:37       9              -4.830      0.3324        +4.446
2026-06-11 07:52:37  
────────────────────────────────────────────────────────────
2026-06-11 07:52:37  [49/200] actives_48_CHEMBL315486
2026-06-11 07:52:37  ────────────────────────────────────────────────────────────
[07:53:36] Warning: molecule is tagged as 2D, but at least one Z coordinate is not zero. Marking the mol as 3D.
[07:53:36] Warning: molecule is tagged as 2D, but at least one Z coordinate is not zero. Marking the mol as 3D.
[07:53:36] Warning: molecule is tagged as 2D, but at least one Z coordinate is not zero. Marking the mol as 3D.
[07:53:36] Warning: molecule is tagged as 2D, but at least one Z coordinate is not zero. Marking the mol as 3D.
[07:53:36] Warning: molecule is tagged as 2D, but at least one Z coordinate is not zero. Marking the mol as 3D.
[07:53:36] Warning: molecule is tagged as 2D, but at least one Z coordinate is not zero. Marking the mol as 3D.
[07:53:36] Warning: molecule is tagged as 2D, but at least one Z coordinate is not zero. Marking the mol as 3D.
[07:53:36] Warning: molecule is tagged as 2D, but at least one Z coordinate is not zero. Marking the mol as 3D.
[07:53:36] Warning: molecule is tagged as 2D, but at least one Z coordinate is not zero. Marking the mol as 3D.
2026-06-11 07:53:36    Pose   minimizedAffinity    CNNscore   CNNaffinity          
2026-06-11 07:53:36    --------------------------------------------------------------
2026-06-11 07:53:36       1              -4.230      0.5394        +5.569  ★ best
2026-06-11 07:53:36       2              -8.451      0.5253        +6.849
2026-06-11 07:53:36       3              -4.239      0.5154        +5.233
2026-06-11 07:53:36       4              -3.547      0.4556        +5.713
2026-06-11 07:53:36       5              -4.618      0.4502        +5.420
2026-06-11 07:53:36       6              -7.340      0.4437        +6.734
2026-06-11 07:53:36       7              -7.899      0.4084        +6.506
2026-06-11 07:53:36       8              -9.607      0.3740        +6.558
2026-06-11 07:53:36       9              -5.794      0.3241        +6.350
2026-06-11 07:53:36  
────────────────────────────────────────────────────────────
2026-06-11 07:53:36  [50/200] actives_49_CHEMBL455467
2026-06-11 07:53:36  ────────────────────────────────────────────────────────────
[07:54:22] Warning: molecule is tagged as 2D, but at least one Z coordinate is not zero. Marking the mol as 3D.
[07:54:22] Warning: molecule is tagged as 2D, but at least one Z coordinate is not zero. Marking the mol as 3D.
[07:54:22] Warning: molecule is tagged as 2D, but at least one Z coordinate is not zero. Marking the mol as 3D.
[07:54:22] Warning: molecule is tagged as 2D, but at least one Z coordinate is not zero. Marking the mol as 3D.
[07:54:22] Warning: molecule is tagged as 2D, but at least one Z coordinate is not zero. Marking the mol as 3D.
[07:54:22] Warning: molecule is tagged as 2D, but at least one Z coordinate is not zero. Marking the mol as 3D.
[07:54:22] Warning: molecule is tagged as 2D, but at least one Z coordinate is not zero. Marking the mol as 3D.
[07:54:22] Warning: molecule is tagged as 2D, but at least one Z coordinate is not zero. Marking the mol as 3D.
[07:54:22] Warning: molecule is tagged as 2D, but at least one Z coordinate is not zero. Marking the mol as 3D.
2026-06-11 07:54:22    Pose   minimizedAffinity    CNNscore   CNNaffinity          
2026-06-11 07:54:22    --------------------------------------------------------------
2026-06-11 07:54:22       1             -10.040      0.7284        +7.120  ★ best
2026-06-11 07:54:22       2              -9.771      0.6332        +7.039
2026-06-11 07:54:22       3              -9.642      0.5118        +7.036
2026-06-11 07:54:22       4              -9.794      0.3974        +6.830
2026-06-11 07:54:22       5              -9.690      0.2809        +6.642
2026-06-11 07:54:22       6              -5.551      0.2434        +4.826
2026-06-11 07:54:22       7              -8.909      0.2144        +6.602
2026-06-11 07:54:22       8              -8.047      0.2135        +6.291
2026-06-11 07:54:22       9              -9.339      0.1707        +6.441
2026-06-11 07:54:22  
────────────────────────────────────────────────────────────
2026-06-11 07:54:22  [51/200] actives_50_CHEMBL186240
2026-06-11 07:54:22  ────────────────────────────────────────────────────────────
[07:54:46] Warning: molecule is tagged as 2D, but at least one Z coordinate is not zero. Marking the mol as 3D.
[07:54:46] Warning: molecule is tagged as 2D, but at least one Z coordinate is not zero. Marking the mol as 3D.
[07:54:46] Warning: molecule is tagged as 2D, but at least one Z coordinate is not zero. Marking the mol as 3D.
[07:54:46] Warning: molecule is tagged as 2D, but at least one Z coordinate is not zero. Marking the mol as 3D.
[07:54:46] Warning: molecule is tagged as 2D, but at least one Z coordinate is not zero. Marking the mol as 3D.
[07:54:46] Warning: molecule is tagged as 2D, but at least one Z coordinate is not zero. Marking the mol as 3D.
[07:54:46] Warning: molecule is tagged as 2D, but at least one Z coordinate is not zero. Marking the mol as 3D.
[07:54:46] Warning: molecule is tagged as 2D, but at least one Z coordinate is not zero. Marking the mol as 3D.
[07:54:46] Warning: molecule is tagged as 2D, but at least one Z coordinate is not zero. Marking the mol as 3D.
2026-06-11 07:54:46    Pose   minimizedAffinity    CNNscore   CNNaffinity          
2026-06-11 07:54:46    --------------------------------------------------------------
2026-06-11 07:54:46       1              -8.894      0.9119        +6.492  ★ best
2026-06-11 07:54:46       2              -8.582      0.4365        +5.674
2026-06-11 07:54:46       3              -8.405      0.3848        +5.966
2026-06-11 07:54:46       4              -5.175      0.3261        +4.174
2026-06-11 07:54:46       5              -7.832      0.3241        +5.590
2026-06-11 07:54:46       6              -8.282      0.2786        +5.692
2026-06-11 07:54:46       7              -7.767      0.2130        +5.102
2026-06-11 07:54:46       8              -8.410      0.2127        +5.320
2026-06-11 07:54:46       9              -8.254      0.1891        +5.181
2026-06-11 07:54:46  
────────────────────────────────────────────────────────────
2026-06-11 07:54:46  [52/200] actives_51_CHEMBL446409
2026-06-11 07:54:46  ────────────────────────────────────────────────────────────
[07:55:24] Warning: molecule is tagged as 2D, but at least one Z coordinate is not zero. Marking the mol as 3D.
[07:55:24] Warning: molecule is tagged as 2D, but at least one Z coordinate is not zero. Marking the mol as 3D.
[07:55:24] Warning: molecule is tagged as 2D, but at least one Z coordinate is not zero. Marking the mol as 3D.
[07:55:24] Warning: molecule is tagged as 2D, but at least one Z coordinate is not zero. Marking the mol as 3D.
[07:55:24] Warning: molecule is tagged as 2D, but at least one Z coordinate is not zero. Marking the mol as 3D.
[07:55:24] Warning: molecule is tagged as 2D, but at least one Z coordinate is not zero. Marking the mol as 3D.
[07:55:24] Warning: molecule is tagged as 2D, but at least one Z coordinate is not zero. Marking the mol as 3D.
[07:55:24] Warning: molecule is tagged as 2D, but at least one Z coordinate is not zero. Marking the mol as 3D.
[07:55:24] Warning: molecule is tagged as 2D, but at least one Z coordinate is not zero. Marking the mol as 3D.
2026-06-11 07:55:24    Pose   minimizedAffinity    CNNscore   CNNaffinity          
2026-06-11 07:55:24    --------------------------------------------------------------
2026-06-11 07:55:24       1              -9.333      0.6123        +6.362  ★ best
2026-06-11 07:55:24       2              -4.089      0.5026        +4.839
2026-06-11 07:55:24       3              -4.279      0.4851        +5.135
2026-06-11 07:55:24       4              -4.412      0.4756        +5.004
2026-06-11 07:55:24       5              -4.622      0.4714        +4.909
2026-06-11 07:55:24       6              -4.207      0.4397        +4.751
2026-06-11 07:55:24       7              -4.615      0.4045        +4.692
2026-06-11 07:55:24       8              -4.666      0.3809        +4.955
2026-06-11 07:55:24       9              -4.189      0.3684        +4.540
2026-06-11 07:55:24  
────────────────────────────────────────────────────────────
2026-06-11 07:55:24  [53/200] actives_52_CHEMBL570002
2026-06-11 07:55:24  ────────────────────────────────────────────────────────────
[07:56:02] Warning: molecule is tagged as 2D, but at least one Z coordinate is not zero. Marking the mol as 3D.
[07:56:02] Warning: molecule is tagged as 2D, but at least one Z coordinate is not zero. Marking the mol as 3D.
[07:56:02] Warning: molecule is tagged as 2D, but at least one Z coordinate is not zero. Marking the mol as 3D.
[07:56:02] Warning: molecule is tagged as 2D, but at least one Z coordinate is not zero. Marking the mol as 3D.
[07:56:02] Warning: molecule is tagged as 2D, but at least one Z coordinate is not zero. Marking the mol as 3D.
[07:56:02] Warning: molecule is tagged as 2D, but at least one Z coordinate is not zero. Marking the mol as 3D.
[07:56:02] Warning: molecule is tagged as 2D, but at least one Z coordinate is not zero. Marking the mol as 3D.
[07:56:02] Warning: molecule is tagged as 2D, but at least one Z coordinate is not zero. Marking the mol as 3D.
[07:56:02] Warning: molecule is tagged as 2D, but at least one Z coordinate is not zero. Marking the mol as 3D.
2026-06-11 07:56:02    Pose   minimizedAffinity    CNNscore   CNNaffinity          
2026-06-11 07:56:02    --------------------------------------------------------------
2026-06-11 07:56:02       1              -7.436      0.6358        +6.537  ★ best
2026-06-11 07:56:02       2              -8.376      0.4710        +6.636
2026-06-11 07:56:02       3              -8.264      0.4565        +6.787
2026-06-11 07:56:02       4              -6.958      0.3711        +6.128
2026-06-11 07:56:02       5              -7.726      0.2912        +6.442
2026-06-11 07:56:02       6              -8.217      0.1759        +6.327
2026-06-11 07:56:02       7              -6.307      0.1588        +4.801
2026-06-11 07:56:02       8              -7.588      0.1537        +5.777
2026-06-11 07:56:02       9              -7.918      0.1362        +6.027
2026-06-11 07:56:02  
────────────────────────────────────────────────────────────
2026-06-11 07:56:02  [54/200] actives_53_CHEMBL1164262
2026-06-11 07:56:02  ────────────────────────────────────────────────────────────
[07:56:43] Warning: molecule is tagged as 2D, but at least one Z coordinate is not zero. Marking the mol as 3D.
[07:56:43] Warning: molecule is tagged as 2D, but at least one Z coordinate is not zero. Marking the mol as 3D.
[07:56:43] Warning: molecule is tagged as 2D, but at least one Z coordinate is not zero. Marking the mol as 3D.
[07:56:43] Warning: molecule is tagged as 2D, but at least one Z coordinate is not zero. Marking the mol as 3D.
[07:56:43] Warning: molecule is tagged as 2D, but at least one Z coordinate is not zero. Marking the mol as 3D.
[07:56:43] Warning: molecule is tagged as 2D, but at least one Z coordinate is not zero. Marking the mol as 3D.
[07:56:43] Warning: molecule is tagged as 2D, but at least one Z coordinate is not zero. Marking the mol as 3D.
[07:56:43] Warning: molecule is tagged as 2D, but at least one Z coordinate is not zero. Marking the mol as 3D.
[07:56:43] Warning: molecule is tagged as 2D, but at least one Z coordinate is not zero. Marking the mol as 3D.
2026-06-11 07:56:43    Pose   minimizedAffinity    CNNscore   CNNaffinity          
2026-06-11 07:56:43    --------------------------------------------------------------
2026-06-11 07:56:43       1             -10.304      0.7807        +6.737  ★ best
2026-06-11 07:56:43       2              -9.140      0.7238        +6.437
2026-06-11 07:56:43       3              -9.224      0.4485        +6.500
2026-06-11 07:56:43       4              -6.912      0.3046        +5.062
2026-06-11 07:56:43       5              -9.872      0.2969        +5.926
2026-06-11 07:56:43       6              -9.214      0.2607        +5.905
2026-06-11 07:56:43       7              -9.198      0.2472        +6.292
2026-06-11 07:56:43       8              -9.496      0.2405        +5.667
2026-06-11 07:56:43       9              -8.889      0.2378        +6.299
2026-06-11 07:56:43  
────────────────────────────────────────────────────────────
2026-06-11 07:56:43  [55/200] actives_54_CHEMBL75953
2026-06-11 07:56:43  ────────────────────────────────────────────────────────────
[07:57:10] Warning: molecule is tagged as 2D, but at least one Z coordinate is not zero. Marking the mol as 3D.
[07:57:10] Warning: molecule is tagged as 2D, but at least one Z coordinate is not zero. Marking the mol as 3D.
[07:57:10] Warning: molecule is tagged as 2D, but at least one Z coordinate is not zero. Marking the mol as 3D.
[07:57:10] Warning: molecule is tagged as 2D, but at least one Z coordinate is not zero. Marking the mol as 3D.
[07:57:10] Warning: molecule is tagged as 2D, but at least one Z coordinate is not zero. Marking the mol as 3D.
[07:57:10] Warning: molecule is tagged as 2D, but at least one Z coordinate is not zero. Marking the mol as 3D.
[07:57:10] Warning: molecule is tagged as 2D, but at least one Z coordinate is not zero. Marking the mol as 3D.
[07:57:10] Warning: molecule is tagged as 2D, but at least one Z coordinate is not zero. Marking the mol as 3D.
[07:57:10] Warning: molecule is tagged as 2D, but at least one Z coordinate is not zero. Marking the mol as 3D.
2026-06-11 07:57:10    Pose   minimizedAffinity    CNNscore   CNNaffinity          
2026-06-11 07:57:10    --------------------------------------------------------------
2026-06-11 07:57:10       1              -5.623      0.5821        +5.323  ★ best
2026-06-11 07:57:10       2              -5.504      0.5062        +4.843
2026-06-11 07:57:10       3              -5.579      0.4831        +4.880
2026-06-11 07:57:10       4              -5.583      0.4702        +5.623
2026-06-11 07:57:10       5              -5.676      0.4547        +4.884
2026-06-11 07:57:10       6              -5.533      0.4541        +5.095
2026-06-11 07:57:10       7              -5.659      0.4305        +5.216
2026-06-11 07:57:10       8              -6.218      0.4142        +4.891
2026-06-11 07:57:10       9              -6.340      0.3936        +4.977
2026-06-11 07:57:10  
────────────────────────────────────────────────────────────
2026-06-11 07:57:10  [56/200] actives_55_CHEMBL484990
2026-06-11 07:57:10  ────────────────────────────────────────────────────────────
[07:57:38] Warning: molecule is tagged as 2D, but at least one Z coordinate is not zero. Marking the mol as 3D.
[07:57:38] Warning: molecule is tagged as 2D, but at least one Z coordinate is not zero. Marking the mol as 3D.
[07:57:38] Warning: molecule is tagged as 2D, but at least one Z coordinate is not zero. Marking the mol as 3D.
[07:57:38] Warning: molecule is tagged as 2D, but at least one Z coordinate is not zero. Marking the mol as 3D.
[07:57:38] Warning: molecule is tagged as 2D, but at least one Z coordinate is not zero. Marking the mol as 3D.
[07:57:38] Warning: molecule is tagged as 2D, but at least one Z coordinate is not zero. Marking the mol as 3D.
[07:57:38] Warning: molecule is tagged as 2D, but at least one Z coordinate is not zero. Marking the mol as 3D.
[07:57:38] Warning: molecule is tagged as 2D, but at least one Z coordinate is not zero. Marking the mol as 3D.
[07:57:38] Warning: molecule is tagged as 2D, but at least one Z coordinate is not zero. Marking the mol as 3D.
2026-06-11 07:57:38    Pose   minimizedAffinity    CNNscore   CNNaffinity          
2026-06-11 07:57:38    --------------------------------------------------------------
2026-06-11 07:57:38       1              -8.825      0.8758        +6.797  ★ best
2026-06-11 07:57:38       2              -8.956      0.8501        +6.336
2026-06-11 07:57:38       3              -8.277      0.8385        +6.696
2026-06-11 07:57:38       4              -8.780      0.5087        +6.086
2026-06-11 07:57:38       5              -8.599      0.5058        +6.181
2026-06-11 07:57:38       6              -8.924      0.4876        +6.004
2026-06-11 07:57:38       7              -8.804      0.4419        +5.839
2026-06-11 07:57:38       8              -7.845      0.3707        +5.581
2026-06-11 07:57:38       9              -8.884      0.3248        +5.984
2026-06-11 07:57:38  
────────────────────────────────────────────────────────────
2026-06-11 07:57:38  [57/200] actives_56_CHEMBL358102
2026-06-11 07:57:38  ────────────────────────────────────────────────────────────
[07:58:12] Warning: molecule is tagged as 2D, but at least one Z coordinate is not zero. Marking the mol as 3D.
[07:58:12] Warning: molecule is tagged as 2D, but at least one Z coordinate is not zero. Marking the mol as 3D.
[07:58:12] Warning: molecule is tagged as 2D, but at least one Z coordinate is not zero. Marking the mol as 3D.
[07:58:12] Warning: molecule is tagged as 2D, but at least one Z coordinate is not zero. Marking the mol as 3D.
[07:58:12] Warning: molecule is tagged as 2D, but at least one Z coordinate is not zero. Marking the mol as 3D.
[07:58:12] Warning: molecule is tagged as 2D, but at least one Z coordinate is not zero. Marking the mol as 3D.
[07:58:12] Warning: molecule is tagged as 2D, but at least one Z coordinate is not zero. Marking the mol as 3D.
[07:58:12] Warning: molecule is tagged as 2D, but at least one Z coordinate is not zero. Marking the mol as 3D.
[07:58:12] Warning: molecule is tagged as 2D, but at least one Z coordinate is not zero. Marking the mol as 3D.
2026-06-11 07:58:12    Pose   minimizedAffinity    CNNscore   CNNaffinity          
2026-06-11 07:58:12    --------------------------------------------------------------
2026-06-11 07:58:12       1             -10.734      0.9815        +7.297  ★ best
2026-06-11 07:58:12       2              -9.793      0.8177        +6.414
2026-06-11 07:58:12       3              -4.817      0.4510        +4.710
2026-06-11 07:58:12       4              -9.598      0.3846        +6.131
2026-06-11 07:58:12       5              -5.390      0.3791        +4.684
2026-06-11 07:58:12       6              -5.128      0.3101        +4.232
2026-06-11 07:58:12       7              -5.579      0.2987        +4.649
2026-06-11 07:58:12       8              -4.457      0.2959        +4.467
2026-06-11 07:58:12       9              -5.312      0.2647        +4.399
2026-06-11 07:58:12  
────────────────────────────────────────────────────────────
2026-06-11 07:58:12  [58/200] actives_57_CHEMBL256558
2026-06-11 07:58:12  ────────────────────────────────────────────────────────────
[07:58:49] Warning: molecule is tagged as 2D, but at least one Z coordinate is not zero. Marking the mol as 3D.
[07:58:49] Warning: molecule is tagged as 2D, but at least one Z coordinate is not zero. Marking the mol as 3D.
[07:58:49] Warning: molecule is tagged as 2D, but at least one Z coordinate is not zero. Marking the mol as 3D.
[07:58:49] Warning: molecule is tagged as 2D, but at least one Z coordinate is not zero. Marking the mol as 3D.
[07:58:49] Warning: molecule is tagged as 2D, but at least one Z coordinate is not zero. Marking the mol as 3D.
[07:58:49] Warning: molecule is tagged as 2D, but at least one Z coordinate is not zero. Marking the mol as 3D.
[07:58:49] Warning: molecule is tagged as 2D, but at least one Z coordinate is not zero. Marking the mol as 3D.
[07:58:49] Warning: molecule is tagged as 2D, but at least one Z coordinate is not zero. Marking the mol as 3D.
[07:58:49] Warning: molecule is tagged as 2D, but at least one Z coordinate is not zero. Marking the mol as 3D.
2026-06-11 07:58:49    Pose   minimizedAffinity    CNNscore   CNNaffinity          
2026-06-11 07:58:49    --------------------------------------------------------------
2026-06-11 07:58:49       1              -9.372      0.8983        +6.847  ★ best
2026-06-11 07:58:49       2              -9.814      0.3649        +6.266
2026-06-11 07:58:49       3              -9.115      0.3179        +6.309
2026-06-11 07:58:49       4              -9.917      0.3050        +5.895
2026-06-11 07:58:49       5              -9.500      0.2776        +6.092
2026-06-11 07:58:49       6              -9.138      0.2606        +5.889
2026-06-11 07:58:49       7              -5.937      0.1936        +4.650
2026-06-11 07:58:49       8              -9.114      0.1860        +5.809
2026-06-11 07:58:49       9              -7.015      0.1640        +4.460
2026-06-11 07:58:49  
────────────────────────────────────────────────────────────
2026-06-11 07:58:49  [59/200] actives_58_CHEMBL82243
2026-06-11 07:58:49  ────────────────────────────────────────────────────────────
[07:59:15] Warning: molecule is tagged as 2D, but at least one Z coordinate is not zero. Marking the mol as 3D.
[07:59:15] Warning: molecule is tagged as 2D, but at least one Z coordinate is not zero. Marking the mol as 3D.
[07:59:15] Warning: molecule is tagged as 2D, but at least one Z coordinate is not zero. Marking the mol as 3D.
[07:59:15] Warning: molecule is tagged as 2D, but at least one Z coordinate is not zero. Marking the mol as 3D.
[07:59:15] Warning: molecule is tagged as 2D, but at least one Z coordinate is not zero. Marking the mol as 3D.
[07:59:15] Warning: molecule is tagged as 2D, but at least one Z coordinate is not zero. Marking the mol as 3D.
[07:59:15] Warning: molecule is tagged as 2D, but at least one Z coordinate is not zero. Marking the mol as 3D.
[07:59:15] Warning: molecule is tagged as 2D, but at least one Z coordinate is not zero. Marking the mol as 3D.
[07:59:15] Warning: molecule is tagged as 2D, but at least one Z coordinate is not zero. Marking the mol as 3D.
2026-06-11 07:59:15    Pose   minimizedAffinity    CNNscore   CNNaffinity          
2026-06-11 07:59:15    --------------------------------------------------------------
2026-06-11 07:59:15       1              -7.878      0.9512        +6.507  ★ best
2026-06-11 07:59:15       2              -4.695      0.5767        +4.495
2026-06-11 07:59:15       3              -6.888      0.5723        +5.768
2026-06-11 07:59:15       4              -5.301      0.5568        +4.528
2026-06-11 07:59:15       5              -7.801      0.5015        +5.784
2026-06-11 07:59:15       6              -5.512      0.4920        +4.374
2026-06-11 07:59:15       7              -7.447      0.4905        +5.976
2026-06-11 07:59:15       8              -5.132      0.4523        +4.677
2026-06-11 07:59:15       9              -6.903      0.4401        +5.763
2026-06-11 07:59:15  
────────────────────────────────────────────────────────────
2026-06-11 07:59:15  [60/200] actives_59_CHEMBL393929
2026-06-11 07:59:15  ────────────────────────────────────────────────────────────
[07:59:40] Warning: molecule is tagged as 2D, but at least one Z coordinate is not zero. Marking the mol as 3D.
[07:59:40] Warning: molecule is tagged as 2D, but at least one Z coordinate is not zero. Marking the mol as 3D.
[07:59:40] Warning: molecule is tagged as 2D, but at least one Z coordinate is not zero. Marking the mol as 3D.
[07:59:40] Warning: molecule is tagged as 2D, but at least one Z coordinate is not zero. Marking the mol as 3D.
[07:59:40] Warning: molecule is tagged as 2D, but at least one Z coordinate is not zero. Marking the mol as 3D.
[07:59:40] Warning: molecule is tagged as 2D, but at least one Z coordinate is not zero. Marking the mol as 3D.
[07:59:40] Warning: molecule is tagged as 2D, but at least one Z coordinate is not zero. Marking the mol as 3D.
[07:59:40] Warning: molecule is tagged as 2D, but at least one Z coordinate is not zero. Marking the mol as 3D.
[07:59:40] Warning: molecule is tagged as 2D, but at least one Z coordinate is not zero. Marking the mol as 3D.
2026-06-11 07:59:40    Pose   minimizedAffinity    CNNscore   CNNaffinity          
2026-06-11 07:59:40    --------------------------------------------------------------
2026-06-11 07:59:40       1              -8.523      0.4205        +5.717  ★ best
2026-06-11 07:59:40       2              -8.877      0.3764        +6.025
2026-06-11 07:59:40       3              -5.244      0.3541        +4.443
2026-06-11 07:59:40       4              -9.004      0.2926        +5.680
2026-06-11 07:59:40       5              -8.694      0.2825        +5.778
2026-06-11 07:59:40       6              -8.266      0.2637        +5.306
2026-06-11 07:59:40       7              -7.791      0.2590        +5.550
2026-06-11 07:59:40       8              -7.790      0.2394        +5.882
2026-06-11 07:59:40       9              -8.208      0.1872        +5.398
2026-06-11 07:59:40  
────────────────────────────────────────────────────────────
2026-06-11 07:59:40  [61/200] actives_60_CHEMBL203707
2026-06-11 07:59:40  ────────────────────────────────────────────────────────────
[08:00:11] Warning: molecule is tagged as 2D, but at least one Z coordinate is not zero. Marking the mol as 3D.
[08:00:11] Warning: molecule is tagged as 2D, but at least one Z coordinate is not zero. Marking the mol as 3D.
[08:00:11] Warning: molecule is tagged as 2D, but at least one Z coordinate is not zero. Marking the mol as 3D.
[08:00:11] Warning: molecule is tagged as 2D, but at least one Z coordinate is not zero. Marking the mol as 3D.
[08:00:11] Warning: molecule is tagged as 2D, but at least one Z coordinate is not zero. Marking the mol as 3D.
[08:00:11] Warning: molecule is tagged as 2D, but at least one Z coordinate is not zero. Marking the mol as 3D.
[08:00:11] Warning: molecule is tagged as 2D, but at least one Z coordinate is not zero. Marking the mol as 3D.
[08:00:11] Warning: molecule is tagged as 2D, but at least one Z coordinate is not zero. Marking the mol as 3D.
[08:00:11] Warning: molecule is tagged as 2D, but at least one Z coordinate is not zero. Marking the mol as 3D.
2026-06-11 08:00:11    Pose   minimizedAffinity    CNNscore   CNNaffinity          
2026-06-11 08:00:11    --------------------------------------------------------------
2026-06-11 08:00:11       1              -7.773      0.3931        +5.619  ★ best
2026-06-11 08:00:11       2              -9.168      0.3641        +5.778
2026-06-11 08:00:11       3              -7.908      0.3605        +5.716
2026-06-11 08:00:11       4              -6.678      0.3159        +5.548
2026-06-11 08:00:11       5              -9.768      0.3143        +5.753
2026-06-11 08:00:11       6              -8.140      0.1795        +5.298
2026-06-11 08:00:11       7              -7.918      0.1480        +5.044
2026-06-11 08:00:11       8              -7.509      0.1479        +5.247
2026-06-11 08:00:11       9              -8.864      0.1206        +4.908
2026-06-11 08:00:11  
────────────────────────────────────────────────────────────
2026-06-11 08:00:11  [62/200] actives_61_CHEMBL504155
2026-06-11 08:00:11  ────────────────────────────────────────────────────────────
[08:00:27] Warning: molecule is tagged as 2D, but at least one Z coordinate is not zero. Marking the mol as 3D.
[08:00:27] Warning: molecule is tagged as 2D, but at least one Z coordinate is not zero. Marking the mol as 3D.
[08:00:27] Warning: molecule is tagged as 2D, but at least one Z coordinate is not zero. Marking the mol as 3D.
[08:00:27] Warning: molecule is tagged as 2D, but at least one Z coordinate is not zero. Marking the mol as 3D.
[08:00:27] Warning: molecule is tagged as 2D, but at least one Z coordinate is not zero. Marking the mol as 3D.
[08:00:27] Warning: molecule is tagged as 2D, but at least one Z coordinate is not zero. Marking the mol as 3D.
[08:00:27] Warning: molecule is tagged as 2D, but at least one Z coordinate is not zero. Marking the mol as 3D.
[08:00:27] Warning: molecule is tagged as 2D, but at least one Z coordinate is not zero. Marking the mol as 3D.
[08:00:27] Warning: molecule is tagged as 2D, but at least one Z coordinate is not zero. Marking the mol as 3D.
2026-06-11 08:00:27    Pose   minimizedAffinity    CNNscore   CNNaffinity          
2026-06-11 08:00:27    --------------------------------------------------------------
2026-06-11 08:00:27       1              -4.802      0.6944        +4.436  ★ best
2026-06-11 08:00:27       2              -7.100      0.5072        +5.355
2026-06-11 08:00:27       3              -3.733      0.4938        +3.992
2026-06-11 08:00:27       4              -8.253      0.4640        +5.411
2026-06-11 08:00:27       5              -4.699      0.4506        +4.184
2026-06-11 08:00:27       6              -7.979      0.4314        +5.317
2026-06-11 08:00:27       7              -4.113      0.4220        +4.242
2026-06-11 08:00:27       8              -3.833      0.4146        +3.879
2026-06-11 08:00:27       9              -4.378      0.3768        +3.876
2026-06-11 08:00:27  
────────────────────────────────────────────────────────────
2026-06-11 08:00:27  [63/200] actives_62_CHEMBL143748
2026-06-11 08:00:27  ────────────────────────────────────────────────────────────
[08:01:22] Warning: molecule is tagged as 2D, but at least one Z coordinate is not zero. Marking the mol as 3D.
[08:01:22] Warning: molecule is tagged as 2D, but at least one Z coordinate is not zero. Marking the mol as 3D.
[08:01:22] Warning: molecule is tagged as 2D, but at least one Z coordinate is not zero. Marking the mol as 3D.
[08:01:22] Warning: molecule is tagged as 2D, but at least one Z coordinate is not zero. Marking the mol as 3D.
[08:01:22] Warning: molecule is tagged as 2D, but at least one Z coordinate is not zero. Marking the mol as 3D.
[08:01:22] Warning: molecule is tagged as 2D, but at least one Z coordinate is not zero. Marking the mol as 3D.
[08:01:22] Warning: molecule is tagged as 2D, but at least one Z coordinate is not zero. Marking the mol as 3D.
[08:01:22] Warning: molecule is tagged as 2D, but at least one Z coordinate is not zero. Marking the mol as 3D.
[08:01:22] Warning: molecule is tagged as 2D, but at least one Z coordinate is not zero. Marking the mol as 3D.
2026-06-11 08:01:22    Pose   minimizedAffinity    CNNscore   CNNaffinity          
2026-06-11 08:01:22    --------------------------------------------------------------
2026-06-11 08:01:22       1              -9.308      0.4676        +6.521  ★ best
2026-06-11 08:01:22       2              -8.649      0.2159        +6.554
2026-06-11 08:01:22       3              -9.825      0.1976        +6.028
2026-06-11 08:01:22       4              -8.644      0.1676        +6.071
2026-06-11 08:01:22       5              -8.847      0.1597        +5.240
2026-06-11 08:01:22       6              -8.862      0.1585        +5.635
2026-06-11 08:01:22       7              -8.830      0.1560        +5.705
2026-06-11 08:01:22       8              -9.521      0.1548        +5.592
2026-06-11 08:01:22       9             -10.302      0.1484        +6.117
2026-06-11 08:01:22  
────────────────────────────────────────────────────────────
2026-06-11 08:01:22  [64/200] actives_63_CHEMBL186163
2026-06-11 08:01:22  ────────────────────────────────────────────────────────────
[08:02:08] Warning: molecule is tagged as 2D, but at least one Z coordinate is not zero. Marking the mol as 3D.
[08:02:08] Warning: molecule is tagged as 2D, but at least one Z coordinate is not zero. Marking the mol as 3D.
[08:02:08] Warning: molecule is tagged as 2D, but at least one Z coordinate is not zero. Marking the mol as 3D.
[08:02:08] Warning: molecule is tagged as 2D, but at least one Z coordinate is not zero. Marking the mol as 3D.
[08:02:08] Warning: molecule is tagged as 2D, but at least one Z coordinate is not zero. Marking the mol as 3D.
[08:02:08] Warning: molecule is tagged as 2D, but at least one Z coordinate is not zero. Marking the mol as 3D.
[08:02:08] Warning: molecule is tagged as 2D, but at least one Z coordinate is not zero. Marking the mol as 3D.
[08:02:08] Warning: molecule is tagged as 2D, but at least one Z coordinate is not zero. Marking the mol as 3D.
[08:02:08] Warning: molecule is tagged as 2D, but at least one Z coordinate is not zero. Marking the mol as 3D.
2026-06-11 08:02:08    Pose   minimizedAffinity    CNNscore   CNNaffinity          
2026-06-11 08:02:08    --------------------------------------------------------------
2026-06-11 08:02:08       1              -8.347      0.5937        +7.099  ★ best
2026-06-11 08:02:08       2             -10.868      0.5920        +7.254
2026-06-11 08:02:08       3             -10.901      0.5686        +7.192
2026-06-11 08:02:08       4              -8.472      0.5502        +6.947
2026-06-11 08:02:08       5              -7.965      0.5063        +7.132
2026-06-11 08:02:08       6              -6.868      0.4140        +5.528
2026-06-11 08:02:08       7              -9.766      0.3232        +6.886
2026-06-11 08:02:08       8             -10.083      0.1738        +6.439
2026-06-11 08:02:08       9             -10.064      0.1702        +6.424
2026-06-11 08:02:08  
────────────────────────────────────────────────────────────
2026-06-11 08:02:08  [65/200] actives_64_CHEMBL188010
2026-06-11 08:02:08  ────────────────────────────────────────────────────────────
[08:03:02] Warning: molecule is tagged as 2D, but at least one Z coordinate is not zero. Marking the mol as 3D.
[08:03:02] Warning: molecule is tagged as 2D, but at least one Z coordinate is not zero. Marking the mol as 3D.
[08:03:02] Warning: molecule is tagged as 2D, but at least one Z coordinate is not zero. Marking the mol as 3D.
[08:03:02] Warning: molecule is tagged as 2D, but at least one Z coordinate is not zero. Marking the mol as 3D.
[08:03:02] Warning: molecule is tagged as 2D, but at least one Z coordinate is not zero. Marking the mol as 3D.
[08:03:02] Warning: molecule is tagged as 2D, but at least one Z coordinate is not zero. Marking the mol as 3D.
[08:03:02] Warning: molecule is tagged as 2D, but at least one Z coordinate is not zero. Marking the mol as 3D.
[08:03:02] Warning: molecule is tagged as 2D, but at least one Z coordinate is not zero. Marking the mol as 3D.
[08:03:02] Warning: molecule is tagged as 2D, but at least one Z coordinate is not zero. Marking the mol as 3D.
2026-06-11 08:03:02    Pose   minimizedAffinity    CNNscore   CNNaffinity          
2026-06-11 08:03:02    --------------------------------------------------------------
2026-06-11 08:03:02       1             -12.148      0.9339        +7.397  ★ best
2026-06-11 08:03:02       2             -11.120      0.3437        +6.685
2026-06-11 08:03:02       3              -6.122      0.2077        +4.907
2026-06-11 08:03:02       4              -6.446      0.2033        +4.742
2026-06-11 08:03:02       5              -6.566      0.1805        +5.383
2026-06-11 08:03:02       6              -6.354      0.1402        +5.129
2026-06-11 08:03:02       7              -7.411      0.1355        +5.459
2026-06-11 08:03:02       8              -7.123      0.1327        +5.936
2026-06-11 08:03:02       9             -10.578      0.1256        +6.127
2026-06-11 08:03:02  
────────────────────────────────────────────────────────────
2026-06-11 08:03:02  [66/200] actives_65_CHEMBL364805
2026-06-11 08:03:02  ────────────────────────────────────────────────────────────
[08:04:10] Warning: molecule is tagged as 2D, but at least one Z coordinate is not zero. Marking the mol as 3D.
[08:04:10] Warning: molecule is tagged as 2D, but at least one Z coordinate is not zero. Marking the mol as 3D.
[08:04:10] Warning: molecule is tagged as 2D, but at least one Z coordinate is not zero. Marking the mol as 3D.
[08:04:10] Warning: molecule is tagged as 2D, but at least one Z coordinate is not zero. Marking the mol as 3D.
[08:04:10] Warning: molecule is tagged as 2D, but at least one Z coordinate is not zero. Marking the mol as 3D.
[08:04:10] Warning: molecule is tagged as 2D, but at least one Z coordinate is not zero. Marking the mol as 3D.
[08:04:10] Warning: molecule is tagged as 2D, but at least one Z coordinate is not zero. Marking the mol as 3D.
[08:04:10] Warning: molecule is tagged as 2D, but at least one Z coordinate is not zero. Marking the mol as 3D.
[08:04:10] Warning: molecule is tagged as 2D, but at least one Z coordinate is not zero. Marking the mol as 3D.
2026-06-11 08:04:10    Pose   minimizedAffinity    CNNscore   CNNaffinity          
2026-06-11 08:04:10    --------------------------------------------------------------
2026-06-11 08:04:10       1             -12.759      0.9004        +7.533  ★ best
2026-06-11 08:04:10       2             -12.464      0.3855        +6.888
2026-06-11 08:04:10       3              -7.319      0.3200        +5.723
2026-06-11 08:04:10       4              -7.138      0.2468        +5.414
2026-06-11 08:04:10       5              -7.246      0.2436        +5.097
2026-06-11 08:04:10       6              -7.878      0.2220        +5.433
2026-06-11 08:04:10       7              -7.109      0.2134        +5.256
2026-06-11 08:04:10       8             -10.903      0.1638        +6.427
2026-06-11 08:04:10       9              -9.076      0.1611        +5.378
2026-06-11 08:04:10  
────────────────────────────────────────────────────────────
2026-06-11 08:04:10  [67/200] actives_66_CHEMBL134976
2026-06-11 08:04:10  ────────────────────────────────────────────────────────────
[08:04:54] Warning: molecule is tagged as 2D, but at least one Z coordinate is not zero. Marking the mol as 3D.
[08:04:54] Warning: molecule is tagged as 2D, but at least one Z coordinate is not zero. Marking the mol as 3D.
[08:04:54] Warning: molecule is tagged as 2D, but at least one Z coordinate is not zero. Marking the mol as 3D.
[08:04:54] Warning: molecule is tagged as 2D, but at least one Z coordinate is not zero. Marking the mol as 3D.
[08:04:54] Warning: molecule is tagged as 2D, but at least one Z coordinate is not zero. Marking the mol as 3D.
[08:04:54] Warning: molecule is tagged as 2D, but at least one Z coordinate is not zero. Marking the mol as 3D.
[08:04:54] Warning: molecule is tagged as 2D, but at least one Z coordinate is not zero. Marking the mol as 3D.
[08:04:54] Warning: molecule is tagged as 2D, but at least one Z coordinate is not zero. Marking the mol as 3D.
[08:04:54] Warning: molecule is tagged as 2D, but at least one Z coordinate is not zero. Marking the mol as 3D.
2026-06-11 08:04:54    Pose   minimizedAffinity    CNNscore   CNNaffinity          
2026-06-11 08:04:54    --------------------------------------------------------------
2026-06-11 08:04:54       1             -10.785      0.9763        +7.726  ★ best
2026-06-11 08:04:54       2              -9.799      0.9644        +7.549
2026-06-11 08:04:54       3              -9.931      0.1953        +6.029
2026-06-11 08:04:54       4              -8.283      0.1533        +5.992
2026-06-11 08:04:54       5              -5.493      0.1327        +4.823
2026-06-11 08:04:54       6              -9.490      0.1244        +6.056
2026-06-11 08:04:54       7              -9.584      0.1209        +5.913
2026-06-11 08:04:54       8              -9.559      0.1206        +6.041
2026-06-11 08:04:54       9              -5.754      0.0782        +4.926
2026-06-11 08:04:54  
────────────────────────────────────────────────────────────
2026-06-11 08:04:54  [68/200] actives_67_CHEMBL115220
2026-06-11 08:04:54  ────────────────────────────────────────────────────────────
[08:05:17] Warning: molecule is tagged as 2D, but at least one Z coordinate is not zero. Marking the mol as 3D.
[08:05:17] Warning: molecule is tagged as 2D, but at least one Z coordinate is not zero. Marking the mol as 3D.
[08:05:17] Warning: molecule is tagged as 2D, but at least one Z coordinate is not zero. Marking the mol as 3D.
[08:05:17] Warning: molecule is tagged as 2D, but at least one Z coordinate is not zero. Marking the mol as 3D.
[08:05:17] Warning: molecule is tagged as 2D, but at least one Z coordinate is not zero. Marking the mol as 3D.
[08:05:17] Warning: molecule is tagged as 2D, but at least one Z coordinate is not zero. Marking the mol as 3D.
[08:05:17] Warning: molecule is tagged as 2D, but at least one Z coordinate is not zero. Marking the mol as 3D.
[08:05:17] Warning: molecule is tagged as 2D, but at least one Z coordinate is not zero. Marking the mol as 3D.
[08:05:17] Warning: molecule is tagged as 2D, but at least one Z coordinate is not zero. Marking the mol as 3D.
2026-06-11 08:05:17    Pose   minimizedAffinity    CNNscore   CNNaffinity          
2026-06-11 08:05:17    --------------------------------------------------------------
2026-06-11 08:05:17       1              -6.478      0.5843        +4.584  ★ best
2026-06-11 08:05:17       2              -8.106      0.5492        +5.607
2026-06-11 08:05:17       3              -5.720      0.4906        +4.382
2026-06-11 08:05:17       4              -6.180      0.4759        +4.356
2026-06-11 08:05:17       5              -5.011      0.4590        +4.371
2026-06-11 08:05:17       6              -6.078      0.4080        +4.348
2026-06-11 08:05:17       7              -5.149      0.4068        +4.285
2026-06-11 08:05:17       8              -4.788      0.4065        +4.061
2026-06-11 08:05:17       9              -4.656      0.3730        +4.008
2026-06-11 08:05:17  
────────────────────────────────────────────────────────────
2026-06-11 08:05:17  [69/200] actives_68_CHEMBL72077
2026-06-11 08:05:17  ────────────────────────────────────────────────────────────
[08:06:06] Warning: molecule is tagged as 2D, but at least one Z coordinate is not zero. Marking the mol as 3D.
[08:06:06] Warning: molecule is tagged as 2D, but at least one Z coordinate is not zero. Marking the mol as 3D.
[08:06:06] Warning: molecule is tagged as 2D, but at least one Z coordinate is not zero. Marking the mol as 3D.
[08:06:06] Warning: molecule is tagged as 2D, but at least one Z coordinate is not zero. Marking the mol as 3D.
[08:06:06] Warning: molecule is tagged as 2D, but at least one Z coordinate is not zero. Marking the mol as 3D.
[08:06:06] Warning: molecule is tagged as 2D, but at least one Z coordinate is not zero. Marking the mol as 3D.
[08:06:06] Warning: molecule is tagged as 2D, but at least one Z coordinate is not zero. Marking the mol as 3D.
[08:06:06] Warning: molecule is tagged as 2D, but at least one Z coordinate is not zero. Marking the mol as 3D.
[08:06:06] Warning: molecule is tagged as 2D, but at least one Z coordinate is not zero. Marking the mol as 3D.
2026-06-11 08:06:06    Pose   minimizedAffinity    CNNscore   CNNaffinity          
2026-06-11 08:06:06    --------------------------------------------------------------
2026-06-11 08:06:06       1              -5.065      0.5128        +5.152  ★ best
2026-06-11 08:06:06       2              -5.479      0.4829        +5.329
2026-06-11 08:06:06       3              -6.507      0.4583        +5.618
2026-06-11 08:06:06       4              -5.353      0.4474        +5.416
2026-06-11 08:06:06       5              -5.477      0.4025        +5.043
2026-06-11 08:06:06       6              -7.478      0.3469        +6.519
2026-06-11 08:06:06       7              -9.863      0.3329        +7.068
2026-06-11 08:06:06       8              -5.278      0.3315        +5.215
2026-06-11 08:06:06       9              -8.810      0.2966        +6.514
2026-06-11 08:06:06  
────────────────────────────────────────────────────────────
2026-06-11 08:06:06  [70/200] actives_69_CHEMBL478409
2026-06-11 08:06:06  ────────────────────────────────────────────────────────────
[08:07:06] Warning: molecule is tagged as 2D, but at least one Z coordinate is not zero. Marking the mol as 3D.
[08:07:06] Warning: molecule is tagged as 2D, but at least one Z coordinate is not zero. Marking the mol as 3D.
[08:07:06] Warning: molecule is tagged as 2D, but at least one Z coordinate is not zero. Marking the mol as 3D.
[08:07:06] Warning: molecule is tagged as 2D, but at least one Z coordinate is not zero. Marking the mol as 3D.
[08:07:06] Warning: molecule is tagged as 2D, but at least one Z coordinate is not zero. Marking the mol as 3D.
[08:07:06] Warning: molecule is tagged as 2D, but at least one Z coordinate is not zero. Marking the mol as 3D.
[08:07:06] Warning: molecule is tagged as 2D, but at least one Z coordinate is not zero. Marking the mol as 3D.
[08:07:06] Warning: molecule is tagged as 2D, but at least one Z coordinate is not zero. Marking the mol as 3D.
[08:07:06] Warning: molecule is tagged as 2D, but at least one Z coordinate is not zero. Marking the mol as 3D.
2026-06-11 08:07:06    Pose   minimizedAffinity    CNNscore   CNNaffinity          
2026-06-11 08:07:06    --------------------------------------------------------------
2026-06-11 08:07:06       1              -8.302      0.8125        +7.231  ★ best
2026-06-11 08:07:06       2              -8.111      0.7460        +7.300
2026-06-11 08:07:06       3              -7.104      0.7264        +7.590
2026-06-11 08:07:06       4              -7.950      0.6182        +6.925
2026-06-11 08:07:06       5              -7.502      0.6042        +7.108
2026-06-11 08:07:06       6              -8.353      0.6006        +7.018
2026-06-11 08:07:06       7              -8.124      0.4864        +6.917
2026-06-11 08:07:06       8              -8.702      0.3938        +6.946
2026-06-11 08:07:06       9              -6.695      0.3938        +6.547
2026-06-11 08:07:06  
────────────────────────────────────────────────────────────
2026-06-11 08:07:06  [71/200] actives_70_CHEMBL392776
2026-06-11 08:07:06  ────────────────────────────────────────────────────────────
[08:07:40] Warning: molecule is tagged as 2D, but at least one Z coordinate is not zero. Marking the mol as 3D.
[08:07:40] Warning: molecule is tagged as 2D, but at least one Z coordinate is not zero. Marking the mol as 3D.
[08:07:40] Warning: molecule is tagged as 2D, but at least one Z coordinate is not zero. Marking the mol as 3D.
[08:07:40] Warning: molecule is tagged as 2D, but at least one Z coordinate is not zero. Marking the mol as 3D.
[08:07:40] Warning: molecule is tagged as 2D, but at least one Z coordinate is not zero. Marking the mol as 3D.
[08:07:40] Warning: molecule is tagged as 2D, but at least one Z coordinate is not zero. Marking the mol as 3D.
[08:07:40] Warning: molecule is tagged as 2D, but at least one Z coordinate is not zero. Marking the mol as 3D.
[08:07:40] Warning: molecule is tagged as 2D, but at least one Z coordinate is not zero. Marking the mol as 3D.
[08:07:40] Warning: molecule is tagged as 2D, but at least one Z coordinate is not zero. Marking the mol as 3D.
2026-06-11 08:07:40    Pose   minimizedAffinity    CNNscore   CNNaffinity          
2026-06-11 08:07:40    --------------------------------------------------------------
2026-06-11 08:07:40       1              -4.747      0.6788        +5.115  ★ best
2026-06-11 08:07:40       2              -4.507      0.6723        +5.077
2026-06-11 08:07:40       3              -4.594      0.6690        +5.211
2026-06-11 08:07:40       4              -9.660      0.5839        +6.811
2026-06-11 08:07:40       5              -6.853      0.5680        +6.527
2026-06-11 08:07:40       6              -4.639      0.5365        +4.994
2026-06-11 08:07:40       7              -4.320      0.5206        +5.139
2026-06-11 08:07:40       8              -4.962      0.5169        +5.280
2026-06-11 08:07:40       9              -4.958      0.4929        +4.775
2026-06-11 08:07:40  
────────────────────────────────────────────────────────────
2026-06-11 08:07:40  [72/200] actives_71_CHEMBL336892
2026-06-11 08:07:40  ────────────────────────────────────────────────────────────
[08:08:55] Warning: molecule is tagged as 2D, but at least one Z coordinate is not zero. Marking the mol as 3D.
[08:08:55] Warning: molecule is tagged as 2D, but at least one Z coordinate is not zero. Marking the mol as 3D.
[08:08:55] Warning: molecule is tagged as 2D, but at least one Z coordinate is not zero. Marking the mol as 3D.
[08:08:55] Warning: molecule is tagged as 2D, but at least one Z coordinate is not zero. Marking the mol as 3D.
[08:08:55] Warning: molecule is tagged as 2D, but at least one Z coordinate is not zero. Marking the mol as 3D.
[08:08:55] Warning: molecule is tagged as 2D, but at least one Z coordinate is not zero. Marking the mol as 3D.
[08:08:55] Warning: molecule is tagged as 2D, but at least one Z coordinate is not zero. Marking the mol as 3D.
[08:08:55] Warning: molecule is tagged as 2D, but at least one Z coordinate is not zero. Marking the mol as 3D.
[08:08:55] Warning: molecule is tagged as 2D, but at least one Z coordinate is not zero. Marking the mol as 3D.
2026-06-11 08:08:55    Pose   minimizedAffinity    CNNscore   CNNaffinity          
2026-06-11 08:08:55    --------------------------------------------------------------
2026-06-11 08:08:55       1              -6.549      0.3261        +5.677  ★ best
2026-06-11 08:08:55       2              -6.452      0.2958        +5.634
2026-06-11 08:08:55       3              -7.959      0.2825        +5.435
2026-06-11 08:08:55       4              -6.371      0.2780        +5.133
2026-06-11 08:08:55       5              -6.368      0.2776        +5.326
2026-06-11 08:08:55       6              -7.322      0.2756        +6.210
2026-06-11 08:08:55       7              -6.627      0.2686        +5.177
2026-06-11 08:08:55       8              -5.864      0.2653        +4.735
2026-06-11 08:08:55       9              -5.868      0.2536        +4.967
2026-06-11 08:08:55  
────────────────────────────────────────────────────────────
2026-06-11 08:08:55  [73/200] actives_72_CHEMBL141247
2026-06-11 08:08:55  ────────────────────────────────────────────────────────────
[08:09:17] Warning: molecule is tagged as 2D, but at least one Z coordinate is not zero. Marking the mol as 3D.
[08:09:17] Warning: molecule is tagged as 2D, but at least one Z coordinate is not zero. Marking the mol as 3D.
[08:09:17] Warning: molecule is tagged as 2D, but at least one Z coordinate is not zero. Marking the mol as 3D.
[08:09:17] Warning: molecule is tagged as 2D, but at least one Z coordinate is not zero. Marking the mol as 3D.
[08:09:17] Warning: molecule is tagged as 2D, but at least one Z coordinate is not zero. Marking the mol as 3D.
[08:09:17] Warning: molecule is tagged as 2D, but at least one Z coordinate is not zero. Marking the mol as 3D.
[08:09:17] Warning: molecule is tagged as 2D, but at least one Z coordinate is not zero. Marking the mol as 3D.
[08:09:17] Warning: molecule is tagged as 2D, but at least one Z coordinate is not zero. Marking the mol as 3D.
[08:09:17] Warning: molecule is tagged as 2D, but at least one Z coordinate is not zero. Marking the mol as 3D.
2026-06-11 08:09:17    Pose   minimizedAffinity    CNNscore   CNNaffinity          
2026-06-11 08:09:17    --------------------------------------------------------------
2026-06-11 08:09:17       1              -5.853      0.4688        +4.518  ★ best
2026-06-11 08:09:17       2              -9.492      0.3751        +5.823
2026-06-11 08:09:17       3              -8.648      0.3220        +5.313
2026-06-11 08:09:17       4              -9.087      0.3196        +5.605
2026-06-11 08:09:17       5              -4.848      0.2989        +3.854
2026-06-11 08:09:17       6              -9.340      0.2939        +5.406
2026-06-11 08:09:17       7              -4.840      0.2829        +4.139
2026-06-11 08:09:17       8              -4.622      0.2789        +4.049
2026-06-11 08:09:17       9              -5.452      0.2689        +3.921
2026-06-11 08:09:17  
────────────────────────────────────────────────────────────
2026-06-11 08:09:17  [74/200] actives_73_CHEMBL477568
2026-06-11 08:09:17  ────────────────────────────────────────────────────────────
[08:10:01] Warning: molecule is tagged as 2D, but at least one Z coordinate is not zero. Marking the mol as 3D.
[08:10:01] Warning: molecule is tagged as 2D, but at least one Z coordinate is not zero. Marking the mol as 3D.
[08:10:01] Warning: molecule is tagged as 2D, but at least one Z coordinate is not zero. Marking the mol as 3D.
[08:10:01] Warning: molecule is tagged as 2D, but at least one Z coordinate is not zero. Marking the mol as 3D.
[08:10:01] Warning: molecule is tagged as 2D, but at least one Z coordinate is not zero. Marking the mol as 3D.
[08:10:01] Warning: molecule is tagged as 2D, but at least one Z coordinate is not zero. Marking the mol as 3D.
[08:10:01] Warning: molecule is tagged as 2D, but at least one Z coordinate is not zero. Marking the mol as 3D.
[08:10:01] Warning: molecule is tagged as 2D, but at least one Z coordinate is not zero. Marking the mol as 3D.
[08:10:01] Warning: molecule is tagged as 2D, but at least one Z coordinate is not zero. Marking the mol as 3D.
2026-06-11 08:10:01    Pose   minimizedAffinity    CNNscore   CNNaffinity          
2026-06-11 08:10:01    --------------------------------------------------------------
2026-06-11 08:10:01       1              -9.132      0.9326        +7.592  ★ best
2026-06-11 08:10:01       2              -9.824      0.7036        +7.129
2026-06-11 08:10:01       3              -9.065      0.6062        +7.011
2026-06-11 08:10:01       4              -9.217      0.5821        +7.127
2026-06-11 08:10:01       5              -9.140      0.4818        +7.046
2026-06-11 08:10:01       6              -9.132      0.3953        +6.722
2026-06-11 08:10:01       7              -9.654      0.3157        +6.953
2026-06-11 08:10:01       8              -8.730      0.1842        +6.147
2026-06-11 08:10:01       9              -5.384      0.1580        +5.118
2026-06-11 08:10:01  
────────────────────────────────────────────────────────────
2026-06-11 08:10:01  [75/200] actives_74_CHEMBL319467
2026-06-11 08:10:01  ────────────────────────────────────────────────────────────
[08:10:46] Warning: molecule is tagged as 2D, but at least one Z coordinate is not zero. Marking the mol as 3D.
[08:10:46] Warning: molecule is tagged as 2D, but at least one Z coordinate is not zero. Marking the mol as 3D.
[08:10:46] Warning: molecule is tagged as 2D, but at least one Z coordinate is not zero. Marking the mol as 3D.
[08:10:46] Warning: molecule is tagged as 2D, but at least one Z coordinate is not zero. Marking the mol as 3D.
[08:10:46] Warning: molecule is tagged as 2D, but at least one Z coordinate is not zero. Marking the mol as 3D.
[08:10:46] Warning: molecule is tagged as 2D, but at least one Z coordinate is not zero. Marking the mol as 3D.
[08:10:46] Warning: molecule is tagged as 2D, but at least one Z coordinate is not zero. Marking the mol as 3D.
[08:10:46] Warning: molecule is tagged as 2D, but at least one Z coordinate is not zero. Marking the mol as 3D.
[08:10:46] Warning: molecule is tagged as 2D, but at least one Z coordinate is not zero. Marking the mol as 3D.
2026-06-11 08:10:46    Pose   minimizedAffinity    CNNscore   CNNaffinity          
2026-06-11 08:10:46    --------------------------------------------------------------
2026-06-11 08:10:46       1              -9.656      0.8030        +7.161  ★ best
2026-06-11 08:10:46       2              -9.513      0.4070        +6.525
2026-06-11 08:10:46       3              -9.045      0.3212        +6.308
2026-06-11 08:10:46       4              -9.373      0.2178        +6.331
2026-06-11 08:10:46       5              -5.913      0.2101        +4.993
2026-06-11 08:10:46       6              -7.984      0.1955        +6.071
2026-06-11 08:10:46       7              -8.150      0.1346        +5.650
2026-06-11 08:10:46       8              -9.385      0.1290        +6.167
2026-06-11 08:10:46       9              -6.064      0.1066        +4.762
2026-06-11 08:10:46  
────────────────────────────────────────────────────────────
2026-06-11 08:10:46  [76/200] actives_75_CHEMBL260416
2026-06-11 08:10:46  ────────────────────────────────────────────────────────────
[08:11:10] Warning: molecule is tagged as 2D, but at least one Z coordinate is not zero. Marking the mol as 3D.
[08:11:10] Warning: molecule is tagged as 2D, but at least one Z coordinate is not zero. Marking the mol as 3D.
[08:11:10] Warning: molecule is tagged as 2D, but at least one Z coordinate is not zero. Marking the mol as 3D.
[08:11:10] Warning: molecule is tagged as 2D, but at least one Z coordinate is not zero. Marking the mol as 3D.
[08:11:10] Warning: molecule is tagged as 2D, but at least one Z coordinate is not zero. Marking the mol as 3D.
[08:11:10] Warning: molecule is tagged as 2D, but at least one Z coordinate is not zero. Marking the mol as 3D.
[08:11:10] Warning: molecule is tagged as 2D, but at least one Z coordinate is not zero. Marking the mol as 3D.
[08:11:10] Warning: molecule is tagged as 2D, but at least one Z coordinate is not zero. Marking the mol as 3D.
[08:11:10] Warning: molecule is tagged as 2D, but at least one Z coordinate is not zero. Marking the mol as 3D.
2026-06-11 08:11:10    Pose   minimizedAffinity    CNNscore   CNNaffinity          
2026-06-11 08:11:10    --------------------------------------------------------------
2026-06-11 08:11:10       1              -7.590      0.7430        +6.112  ★ best
2026-06-11 08:11:10       2              -6.460      0.6955        +6.229
2026-06-11 08:11:10       3              -6.729      0.3112        +4.780
2026-06-11 08:11:10       4              -7.335      0.2851        +5.534
2026-06-11 08:11:10       5              -5.230      0.2847        +4.578
2026-06-11 08:11:10       6              -5.486      0.2810        +4.611
2026-06-11 08:11:10       7              -8.673      0.2550        +5.627
2026-06-11 08:11:10       8              -5.301      0.2345        +4.512
2026-06-11 08:11:10       9              -5.947      0.2270        +4.619
2026-06-11 08:11:10  
────────────────────────────────────────────────────────────
2026-06-11 08:11:10  [77/200] actives_76_CHEMBL515001
2026-06-11 08:11:10  ────────────────────────────────────────────────────────────
[08:11:53] Warning: molecule is tagged as 2D, but at least one Z coordinate is not zero. Marking the mol as 3D.
[08:11:53] Warning: molecule is tagged as 2D, but at least one Z coordinate is not zero. Marking the mol as 3D.
[08:11:53] Warning: molecule is tagged as 2D, but at least one Z coordinate is not zero. Marking the mol as 3D.
[08:11:53] Warning: molecule is tagged as 2D, but at least one Z coordinate is not zero. Marking the mol as 3D.
[08:11:53] Warning: molecule is tagged as 2D, but at least one Z coordinate is not zero. Marking the mol as 3D.
[08:11:53] Warning: molecule is tagged as 2D, but at least one Z coordinate is not zero. Marking the mol as 3D.
[08:11:53] Warning: molecule is tagged as 2D, but at least one Z coordinate is not zero. Marking the mol as 3D.
[08:11:53] Warning: molecule is tagged as 2D, but at least one Z coordinate is not zero. Marking the mol as 3D.
[08:11:53] Warning: molecule is tagged as 2D, but at least one Z coordinate is not zero. Marking the mol as 3D.
2026-06-11 08:11:53    Pose   minimizedAffinity    CNNscore   CNNaffinity          
2026-06-11 08:11:53    --------------------------------------------------------------
2026-06-11 08:11:53       1              -9.490      0.7437        +7.421  ★ best
2026-06-11 08:11:53       2              -9.141      0.7110        +7.205
2026-06-11 08:11:53       3              -8.896      0.3204        +6.708
2026-06-11 08:11:53       4              -8.298      0.2696        +6.275
2026-06-11 08:11:53       5              -7.920      0.2687        +6.471
2026-06-11 08:11:53       6              -9.339      0.2443        +6.625
2026-06-11 08:11:53       7              -8.128      0.1874        +6.046
2026-06-11 08:11:53       8              -8.351      0.1786        +6.159
2026-06-11 08:11:53       9              -8.190      0.1741        +6.046
2026-06-11 08:11:53  
────────────────────────────────────────────────────────────
2026-06-11 08:11:53  [78/200] actives_77_CHEMBL434700
2026-06-11 08:11:53  ────────────────────────────────────────────────────────────
[08:12:13] Warning: molecule is tagged as 2D, but at least one Z coordinate is not zero. Marking the mol as 3D.
[08:12:13] Warning: molecule is tagged as 2D, but at least one Z coordinate is not zero. Marking the mol as 3D.
[08:12:13] Warning: molecule is tagged as 2D, but at least one Z coordinate is not zero. Marking the mol as 3D.
[08:12:13] Warning: molecule is tagged as 2D, but at least one Z coordinate is not zero. Marking the mol as 3D.
[08:12:13] Warning: molecule is tagged as 2D, but at least one Z coordinate is not zero. Marking the mol as 3D.
[08:12:13] Warning: molecule is tagged as 2D, but at least one Z coordinate is not zero. Marking the mol as 3D.
[08:12:13] Warning: molecule is tagged as 2D, but at least one Z coordinate is not zero. Marking the mol as 3D.
[08:12:13] Warning: molecule is tagged as 2D, but at least one Z coordinate is not zero. Marking the mol as 3D.
[08:12:13] Warning: molecule is tagged as 2D, but at least one Z coordinate is not zero. Marking the mol as 3D.
2026-06-11 08:12:13    Pose   minimizedAffinity    CNNscore   CNNaffinity          
2026-06-11 08:12:13    --------------------------------------------------------------
2026-06-11 08:12:13       1             -10.331      0.9672        +6.560  ★ best
2026-06-11 08:12:13       2              -4.673      0.5744        +3.871
2026-06-11 08:12:13       3              -9.370      0.5613        +5.576
2026-06-11 08:12:13       4              -4.811      0.5254        +4.127
2026-06-11 08:12:13       5              -5.009      0.4893        +4.159
2026-06-11 08:12:13       6              -4.620      0.4882        +4.358
2026-06-11 08:12:13       7              -4.899      0.4329        +4.302
2026-06-11 08:12:13       8              -5.529      0.4324        +4.411
2026-06-11 08:12:13       9              -4.728      0.3886        +4.114
2026-06-11 08:12:13  
────────────────────────────────────────────────────────────
2026-06-11 08:12:13  [79/200] actives_78_CHEMBL103355
2026-06-11 08:12:13  ────────────────────────────────────────────────────────────
[08:12:49] Warning: molecule is tagged as 2D, but at least one Z coordinate is not zero. Marking the mol as 3D.
[08:12:49] Warning: molecule is tagged as 2D, but at least one Z coordinate is not zero. Marking the mol as 3D.
[08:12:49] Warning: molecule is tagged as 2D, but at least one Z coordinate is not zero. Marking the mol as 3D.
[08:12:49] Warning: molecule is tagged as 2D, but at least one Z coordinate is not zero. Marking the mol as 3D.
[08:12:49] Warning: molecule is tagged as 2D, but at least one Z coordinate is not zero. Marking the mol as 3D.
[08:12:49] Warning: molecule is tagged as 2D, but at least one Z coordinate is not zero. Marking the mol as 3D.
[08:12:49] Warning: molecule is tagged as 2D, but at least one Z coordinate is not zero. Marking the mol as 3D.
[08:12:49] Warning: molecule is tagged as 2D, but at least one Z coordinate is not zero. Marking the mol as 3D.
[08:12:49] Warning: molecule is tagged as 2D, but at least one Z coordinate is not zero. Marking the mol as 3D.
2026-06-11 08:12:49    Pose   minimizedAffinity    CNNscore   CNNaffinity          
2026-06-11 08:12:49    --------------------------------------------------------------
2026-06-11 08:12:49       1              -9.797      0.6656        +6.696  ★ best
2026-06-11 08:12:49       2              -9.380      0.5866        +6.542
2026-06-11 08:12:49       3              -9.757      0.4090        +6.284
2026-06-11 08:12:49       4              -8.061      0.3780        +6.237
2026-06-11 08:12:49       5              -8.629      0.3715        +6.317
2026-06-11 08:12:49       6              -9.936      0.2198        +6.308
2026-06-11 08:12:49       7              -9.615      0.1846        +5.560
2026-06-11 08:12:49       8              -9.429      0.1818        +5.980
2026-06-11 08:12:49       9              -8.227      0.1681        +5.918
2026-06-11 08:12:49  
────────────────────────────────────────────────────────────
2026-06-11 08:12:49  [80/200] actives_79_CHEMBL272028
2026-06-11 08:12:49  ────────────────────────────────────────────────────────────
[08:13:45] Warning: molecule is tagged as 2D, but at least one Z coordinate is not zero. Marking the mol as 3D.
[08:13:45] Warning: molecule is tagged as 2D, but at least one Z coordinate is not zero. Marking the mol as 3D.
[08:13:45] Warning: molecule is tagged as 2D, but at least one Z coordinate is not zero. Marking the mol as 3D.
[08:13:45] Warning: molecule is tagged as 2D, but at least one Z coordinate is not zero. Marking the mol as 3D.
[08:13:45] Warning: molecule is tagged as 2D, but at least one Z coordinate is not zero. Marking the mol as 3D.
[08:13:45] Warning: molecule is tagged as 2D, but at least one Z coordinate is not zero. Marking the mol as 3D.
[08:13:45] Warning: molecule is tagged as 2D, but at least one Z coordinate is not zero. Marking the mol as 3D.
[08:13:45] Warning: molecule is tagged as 2D, but at least one Z coordinate is not zero. Marking the mol as 3D.
[08:13:45] Warning: molecule is tagged as 2D, but at least one Z coordinate is not zero. Marking the mol as 3D.
2026-06-11 08:13:45    Pose   minimizedAffinity    CNNscore   CNNaffinity          
2026-06-11 08:13:45    --------------------------------------------------------------
2026-06-11 08:13:45       1             -10.870      0.9686        +7.355  ★ best
2026-06-11 08:13:45       2             -10.675      0.9551        +7.447
2026-06-11 08:13:45       3             -10.031      0.6899        +6.782
2026-06-11 08:13:45       4              -5.403      0.5376        +5.002
2026-06-11 08:13:45       5             -10.529      0.5045        +6.592
2026-06-11 08:13:45       6              -5.563      0.4974        +5.003
2026-06-11 08:13:45       7              -6.019      0.4869        +4.656
2026-06-11 08:13:45       8              -5.356      0.4075        +4.607
2026-06-11 08:13:45       9              -9.181      0.4049        +6.643
2026-06-11 08:13:45  
────────────────────────────────────────────────────────────
2026-06-11 08:13:45  [81/200] actives_80_CHEMBL112442
2026-06-11 08:13:45  ────────────────────────────────────────────────────────────
[08:13:58] Warning: molecule is tagged as 2D, but at least one Z coordinate is not zero. Marking the mol as 3D.
[08:13:58] Warning: molecule is tagged as 2D, but at least one Z coordinate is not zero. Marking the mol as 3D.
[08:13:58] Warning: molecule is tagged as 2D, but at least one Z coordinate is not zero. Marking the mol as 3D.
[08:13:58] Warning: molecule is tagged as 2D, but at least one Z coordinate is not zero. Marking the mol as 3D.
[08:13:58] Warning: molecule is tagged as 2D, but at least one Z coordinate is not zero. Marking the mol as 3D.
[08:13:58] Warning: molecule is tagged as 2D, but at least one Z coordinate is not zero. Marking the mol as 3D.
[08:13:58] Warning: molecule is tagged as 2D, but at least one Z coordinate is not zero. Marking the mol as 3D.
[08:13:58] Warning: molecule is tagged as 2D, but at least one Z coordinate is not zero. Marking the mol as 3D.
[08:13:58] Warning: molecule is tagged as 2D, but at least one Z coordinate is not zero. Marking the mol as 3D.
2026-06-11 08:13:58    Pose   minimizedAffinity    CNNscore   CNNaffinity          
2026-06-11 08:13:58    --------------------------------------------------------------
2026-06-11 08:13:58       1              -5.543      0.6817        +4.508  ★ best
2026-06-11 08:13:58       2              -6.298      0.5954        +4.559
2026-06-11 08:13:58       3              -4.738      0.5907        +3.943
2026-06-11 08:13:58       4              -5.586      0.4794        +4.544
2026-06-11 08:13:58       5              -6.507      0.4716        +4.677
2026-06-11 08:13:58       6              -6.928      0.3923        +4.224
2026-06-11 08:13:58       7              -3.786      0.3801        +3.336
2026-06-11 08:13:58       8              -3.419      0.3776        +3.251
2026-06-11 08:13:58       9              -6.066      0.3596        +4.223
2026-06-11 08:13:58  
────────────────────────────────────────────────────────────
2026-06-11 08:13:58  [82/200] actives_81_CHEMBL460086
2026-06-11 08:13:58  ────────────────────────────────────────────────────────────
[08:15:01] Warning: molecule is tagged as 2D, but at least one Z coordinate is not zero. Marking the mol as 3D.
[08:15:01] Warning: molecule is tagged as 2D, but at least one Z coordinate is not zero. Marking the mol as 3D.
[08:15:01] Warning: molecule is tagged as 2D, but at least one Z coordinate is not zero. Marking the mol as 3D.
[08:15:01] Warning: molecule is tagged as 2D, but at least one Z coordinate is not zero. Marking the mol as 3D.
[08:15:01] Warning: molecule is tagged as 2D, but at least one Z coordinate is not zero. Marking the mol as 3D.
[08:15:01] Warning: molecule is tagged as 2D, but at least one Z coordinate is not zero. Marking the mol as 3D.
[08:15:01] Warning: molecule is tagged as 2D, but at least one Z coordinate is not zero. Marking the mol as 3D.
[08:15:01] Warning: molecule is tagged as 2D, but at least one Z coordinate is not zero. Marking the mol as 3D.
[08:15:01] Warning: molecule is tagged as 2D, but at least one Z coordinate is not zero. Marking the mol as 3D.
2026-06-11 08:15:01    Pose   minimizedAffinity    CNNscore   CNNaffinity          
2026-06-11 08:15:01    --------------------------------------------------------------
2026-06-11 08:15:01       1              -8.708      0.8580        +7.376  ★ best
2026-06-11 08:15:01       2              -8.659      0.7307        +7.299
2026-06-11 08:15:01       3              -8.914      0.7241        +7.248
2026-06-11 08:15:01       4              -8.029      0.6891        +7.067
2026-06-11 08:15:01       5              -8.845      0.6177        +7.197
2026-06-11 08:15:01       6              -8.343      0.5751        +7.030
2026-06-11 08:15:01       7              -8.817      0.4352        +7.027
2026-06-11 08:15:01       8              -9.434      0.3416        +6.850
2026-06-11 08:15:01       9              -9.227      0.3149        +6.817
2026-06-11 08:15:01  
────────────────────────────────────────────────────────────
2026-06-11 08:15:01  [83/200] actives_82_CHEMBL521871
2026-06-11 08:15:01  ────────────────────────────────────────────────────────────
[08:16:19] Warning: molecule is tagged as 2D, but at least one Z coordinate is not zero. Marking the mol as 3D.
[08:16:19] Warning: molecule is tagged as 2D, but at least one Z coordinate is not zero. Marking the mol as 3D.
[08:16:19] Warning: molecule is tagged as 2D, but at least one Z coordinate is not zero. Marking the mol as 3D.
[08:16:19] Warning: molecule is tagged as 2D, but at least one Z coordinate is not zero. Marking the mol as 3D.
[08:16:19] Warning: molecule is tagged as 2D, but at least one Z coordinate is not zero. Marking the mol as 3D.
[08:16:19] Warning: molecule is tagged as 2D, but at least one Z coordinate is not zero. Marking the mol as 3D.
[08:16:19] Warning: molecule is tagged as 2D, but at least one Z coordinate is not zero. Marking the mol as 3D.
[08:16:19] Warning: molecule is tagged as 2D, but at least one Z coordinate is not zero. Marking the mol as 3D.
[08:16:19] Warning: molecule is tagged as 2D, but at least one Z coordinate is not zero. Marking the mol as 3D.
2026-06-11 08:16:19    Pose   minimizedAffinity    CNNscore   CNNaffinity          
2026-06-11 08:16:19    --------------------------------------------------------------
2026-06-11 08:16:19       1              -9.477      0.9544        +7.777  ★ best
2026-06-11 08:16:19       2              -8.913      0.7959        +7.265
2026-06-11 08:16:19       3              -8.798      0.6804        +7.200
2026-06-11 08:16:19       4              -9.695      0.5981        +7.010
2026-06-11 08:16:19       5              -9.310      0.3893        +6.592
2026-06-11 08:16:19       6              -8.914      0.3208        +6.504
2026-06-11 08:16:19       7              -9.480      0.2943        +6.563
2026-06-11 08:16:19       8              -8.884      0.2269        +6.315
2026-06-11 08:16:19       9              -9.477      0.1981        +6.557
2026-06-11 08:16:19  
────────────────────────────────────────────────────────────
2026-06-11 08:16:19  [84/200] actives_83_CHEMBL337325
2026-06-11 08:16:19  ────────────────────────────────────────────────────────────
[08:17:48] Warning: molecule is tagged as 2D, but at least one Z coordinate is not zero. Marking the mol as 3D.
[08:17:48] Warning: molecule is tagged as 2D, but at least one Z coordinate is not zero. Marking the mol as 3D.
[08:17:48] Warning: molecule is tagged as 2D, but at least one Z coordinate is not zero. Marking the mol as 3D.
[08:17:48] Warning: molecule is tagged as 2D, but at least one Z coordinate is not zero. Marking the mol as 3D.
[08:17:48] Warning: molecule is tagged as 2D, but at least one Z coordinate is not zero. Marking the mol as 3D.
[08:17:48] Warning: molecule is tagged as 2D, but at least one Z coordinate is not zero. Marking the mol as 3D.
[08:17:48] Warning: molecule is tagged as 2D, but at least one Z coordinate is not zero. Marking the mol as 3D.
[08:17:48] Warning: molecule is tagged as 2D, but at least one Z coordinate is not zero. Marking the mol as 3D.
[08:17:48] Warning: molecule is tagged as 2D, but at least one Z coordinate is not zero. Marking the mol as 3D.
2026-06-11 08:17:48    Pose   minimizedAffinity    CNNscore   CNNaffinity          
2026-06-11 08:17:48    --------------------------------------------------------------
2026-06-11 08:17:48       1              -9.068      0.2641        +5.885  ★ best
2026-06-11 08:17:48       2              -9.032      0.2638        +5.912
2026-06-11 08:17:48       3              -8.531      0.2025        +6.009
2026-06-11 08:17:48       4              -8.803      0.1659        +5.932
2026-06-11 08:17:48       5              -8.290      0.1645        +5.012
2026-06-11 08:17:48       6              -8.241      0.1611        +5.574
2026-06-11 08:17:48       7              -8.416      0.1506        +5.386
2026-06-11 08:17:48       8              -6.940      0.1429        +5.798
2026-06-11 08:17:48       9              -8.198      0.1296        +5.757
2026-06-11 08:17:48  
────────────────────────────────────────────────────────────
2026-06-11 08:17:48  [85/200] actives_84_CHEMBL421207
2026-06-11 08:17:48  ────────────────────────────────────────────────────────────
[08:18:07] Warning: molecule is tagged as 2D, but at least one Z coordinate is not zero. Marking the mol as 3D.
[08:18:07] Warning: molecule is tagged as 2D, but at least one Z coordinate is not zero. Marking the mol as 3D.
[08:18:07] Warning: molecule is tagged as 2D, but at least one Z coordinate is not zero. Marking the mol as 3D.
[08:18:07] Warning: molecule is tagged as 2D, but at least one Z coordinate is not zero. Marking the mol as 3D.
[08:18:07] Warning: molecule is tagged as 2D, but at least one Z coordinate is not zero. Marking the mol as 3D.
[08:18:07] Warning: molecule is tagged as 2D, but at least one Z coordinate is not zero. Marking the mol as 3D.
[08:18:07] Warning: molecule is tagged as 2D, but at least one Z coordinate is not zero. Marking the mol as 3D.
[08:18:07] Warning: molecule is tagged as 2D, but at least one Z coordinate is not zero. Marking the mol as 3D.
[08:18:07] Warning: molecule is tagged as 2D, but at least one Z coordinate is not zero. Marking the mol as 3D.
2026-06-11 08:18:07    Pose   minimizedAffinity    CNNscore   CNNaffinity          
2026-06-11 08:18:07    --------------------------------------------------------------
2026-06-11 08:18:07       1              -4.628      0.7200        +4.057  ★ best
2026-06-11 08:18:07       2              -7.747      0.6786        +5.388
2026-06-11 08:18:07       3              -8.609      0.6312        +5.451
2026-06-11 08:18:07       4              -4.957      0.4083        +4.085
2026-06-11 08:18:07       5              -6.517      0.3604        +4.828
2026-06-11 08:18:07       6              -4.630      0.3469        +3.973
2026-06-11 08:18:07       7              -8.321      0.3428        +5.240
2026-06-11 08:18:07       8              -7.816      0.3336        +4.987
2026-06-11 08:18:07       9              -7.793      0.2398        +4.949
2026-06-11 08:18:07  
────────────────────────────────────────────────────────────
2026-06-11 08:18:07  [86/200] actives_85_CHEMBL139527
2026-06-11 08:18:07  ────────────────────────────────────────────────────────────
[08:18:59] Warning: molecule is tagged as 2D, but at least one Z coordinate is not zero. Marking the mol as 3D.
[08:18:59] Warning: molecule is tagged as 2D, but at least one Z coordinate is not zero. Marking the mol as 3D.
[08:18:59] Warning: molecule is tagged as 2D, but at least one Z coordinate is not zero. Marking the mol as 3D.
[08:18:59] Warning: molecule is tagged as 2D, but at least one Z coordinate is not zero. Marking the mol as 3D.
[08:18:59] Warning: molecule is tagged as 2D, but at least one Z coordinate is not zero. Marking the mol as 3D.
[08:18:59] Warning: molecule is tagged as 2D, but at least one Z coordinate is not zero. Marking the mol as 3D.
[08:18:59] Warning: molecule is tagged as 2D, but at least one Z coordinate is not zero. Marking the mol as 3D.
[08:18:59] Warning: molecule is tagged as 2D, but at least one Z coordinate is not zero. Marking the mol as 3D.
[08:18:59] Warning: molecule is tagged as 2D, but at least one Z coordinate is not zero. Marking the mol as 3D.
2026-06-11 08:18:59    Pose   minimizedAffinity    CNNscore   CNNaffinity          
2026-06-11 08:18:59    --------------------------------------------------------------
2026-06-11 08:18:59       1             -11.067      0.9696        +7.973  ★ best
2026-06-11 08:18:59       2              -9.708      0.2350        +6.497
2026-06-11 08:18:59       3              -6.486      0.2334        +5.178
2026-06-11 08:18:59       4              -9.611      0.1977        +6.270
2026-06-11 08:18:59       5             -10.149      0.1810        +6.084
2026-06-11 08:18:59       6              -6.923      0.1571        +5.161
2026-06-11 08:18:59       7             -10.374      0.1525        +6.136
2026-06-11 08:18:59       8              -9.858      0.1472        +6.083
2026-06-11 08:18:59       9             -10.185      0.1321        +6.245
2026-06-11 08:18:59  
────────────────────────────────────────────────────────────
2026-06-11 08:18:59  [87/200] actives_86_CHEMBL1082152
2026-06-11 08:18:59  ────────────────────────────────────────────────────────────
[08:19:54] Warning: molecule is tagged as 2D, but at least one Z coordinate is not zero. Marking the mol as 3D.
[08:19:54] Warning: molecule is tagged as 2D, but at least one Z coordinate is not zero. Marking the mol as 3D.
[08:19:54] Warning: molecule is tagged as 2D, but at least one Z coordinate is not zero. Marking the mol as 3D.
[08:19:54] Warning: molecule is tagged as 2D, but at least one Z coordinate is not zero. Marking the mol as 3D.
[08:19:54] Warning: molecule is tagged as 2D, but at least one Z coordinate is not zero. Marking the mol as 3D.
[08:19:54] Warning: molecule is tagged as 2D, but at least one Z coordinate is not zero. Marking the mol as 3D.
[08:19:54] Warning: molecule is tagged as 2D, but at least one Z coordinate is not zero. Marking the mol as 3D.
[08:19:54] Warning: molecule is tagged as 2D, but at least one Z coordinate is not zero. Marking the mol as 3D.
[08:19:54] Warning: molecule is tagged as 2D, but at least one Z coordinate is not zero. Marking the mol as 3D.
2026-06-11 08:19:54    Pose   minimizedAffinity    CNNscore   CNNaffinity          
2026-06-11 08:19:54    --------------------------------------------------------------
2026-06-11 08:19:54       1              -7.356      0.6501        +6.943  ★ best
2026-06-11 08:19:54       2              -9.359      0.5275        +6.612
2026-06-11 08:19:54       3              -7.229      0.4942        +6.326
2026-06-11 08:19:54       4              -8.398      0.4580        +6.327
2026-06-11 08:19:54       5              -8.987      0.4315        +6.624
2026-06-11 08:19:54       6             -10.917      0.3716        +6.458
2026-06-11 08:19:54       7              -8.959      0.3685        +5.940
2026-06-11 08:19:54       8             -11.059      0.3621        +5.990
2026-06-11 08:19:54       9              -9.336      0.3600        +6.072
2026-06-11 08:19:54  
────────────────────────────────────────────────────────────
2026-06-11 08:19:54  [88/200] actives_87_CHEMBL85667
2026-06-11 08:19:54  ────────────────────────────────────────────────────────────
[08:20:36] Warning: molecule is tagged as 2D, but at least one Z coordinate is not zero. Marking the mol as 3D.
[08:20:36] Warning: molecule is tagged as 2D, but at least one Z coordinate is not zero. Marking the mol as 3D.
[08:20:36] Warning: molecule is tagged as 2D, but at least one Z coordinate is not zero. Marking the mol as 3D.
[08:20:36] Warning: molecule is tagged as 2D, but at least one Z coordinate is not zero. Marking the mol as 3D.
[08:20:36] Warning: molecule is tagged as 2D, but at least one Z coordinate is not zero. Marking the mol as 3D.
[08:20:36] Warning: molecule is tagged as 2D, but at least one Z coordinate is not zero. Marking the mol as 3D.
[08:20:36] Warning: molecule is tagged as 2D, but at least one Z coordinate is not zero. Marking the mol as 3D.
[08:20:36] Warning: molecule is tagged as 2D, but at least one Z coordinate is not zero. Marking the mol as 3D.
[08:20:36] Warning: molecule is tagged as 2D, but at least one Z coordinate is not zero. Marking the mol as 3D.
2026-06-11 08:20:36    Pose   minimizedAffinity    CNNscore   CNNaffinity          
2026-06-11 08:20:36    --------------------------------------------------------------
2026-06-11 08:20:36       1              -9.885      0.9163        +7.117  ★ best
2026-06-11 08:20:36       2             -10.664      0.8823        +7.453
2026-06-11 08:20:36       3              -8.776      0.2763        +5.931
2026-06-11 08:20:36       4              -8.936      0.2704        +6.050
2026-06-11 08:20:36       5              -9.908      0.2637        +6.049
2026-06-11 08:20:36       6              -6.725      0.1922        +4.772
2026-06-11 08:20:36       7              -6.474      0.1705        +4.862
2026-06-11 08:20:36       8             -10.245      0.1701        +5.880
2026-06-11 08:20:36       9             -10.490      0.1677        +5.838
2026-06-11 08:20:36  
────────────────────────────────────────────────────────────
2026-06-11 08:20:36  [89/200] actives_88_CHEMBL561179
2026-06-11 08:20:36  ────────────────────────────────────────────────────────────
[08:21:04] Warning: molecule is tagged as 2D, but at least one Z coordinate is not zero. Marking the mol as 3D.
[08:21:04] Warning: molecule is tagged as 2D, but at least one Z coordinate is not zero. Marking the mol as 3D.
[08:21:04] Warning: molecule is tagged as 2D, but at least one Z coordinate is not zero. Marking the mol as 3D.
[08:21:04] Warning: molecule is tagged as 2D, but at least one Z coordinate is not zero. Marking the mol as 3D.
[08:21:04] Warning: molecule is tagged as 2D, but at least one Z coordinate is not zero. Marking the mol as 3D.
[08:21:04] Warning: molecule is tagged as 2D, but at least one Z coordinate is not zero. Marking the mol as 3D.
[08:21:04] Warning: molecule is tagged as 2D, but at least one Z coordinate is not zero. Marking the mol as 3D.
[08:21:04] Warning: molecule is tagged as 2D, but at least one Z coordinate is not zero. Marking the mol as 3D.
[08:21:04] Warning: molecule is tagged as 2D, but at least one Z coordinate is not zero. Marking the mol as 3D.
2026-06-11 08:21:04    Pose   minimizedAffinity    CNNscore   CNNaffinity          
2026-06-11 08:21:04    --------------------------------------------------------------
2026-06-11 08:21:04       1              -8.785      0.7730        +6.534  ★ best
2026-06-11 08:21:04       2              -8.961      0.5642        +6.260
2026-06-11 08:21:04       3              -8.798      0.5605        +6.101
2026-06-11 08:21:04       4              -9.436      0.4628        +6.007
2026-06-11 08:21:04       5              -8.408      0.4208        +5.717
2026-06-11 08:21:04       6              -5.042      0.3960        +4.559
2026-06-11 08:21:04       7              -4.988      0.2905        +4.279
2026-06-11 08:21:04       8              -5.570      0.2636        +4.573
2026-06-11 08:21:04       9              -8.221      0.2604        +5.521
2026-06-11 08:21:04  
────────────────────────────────────────────────────────────
2026-06-11 08:21:04  [90/200] actives_89_CHEMBL1077107
2026-06-11 08:21:04  ────────────────────────────────────────────────────────────
[08:22:50] Warning: molecule is tagged as 2D, but at least one Z coordinate is not zero. Marking the mol as 3D.
[08:22:50] Warning: molecule is tagged as 2D, but at least one Z coordinate is not zero. Marking the mol as 3D.
[08:22:50] Warning: molecule is tagged as 2D, but at least one Z coordinate is not zero. Marking the mol as 3D.
[08:22:50] Warning: molecule is tagged as 2D, but at least one Z coordinate is not zero. Marking the mol as 3D.
[08:22:50] Warning: molecule is tagged as 2D, but at least one Z coordinate is not zero. Marking the mol as 3D.
[08:22:50] Warning: molecule is tagged as 2D, but at least one Z coordinate is not zero. Marking the mol as 3D.
[08:22:50] Warning: molecule is tagged as 2D, but at least one Z coordinate is not zero. Marking the mol as 3D.
[08:22:50] Warning: molecule is tagged as 2D, but at least one Z coordinate is not zero. Marking the mol as 3D.
[08:22:50] Warning: molecule is tagged as 2D, but at least one Z coordinate is not zero. Marking the mol as 3D.
2026-06-11 08:22:50    Pose   minimizedAffinity    CNNscore   CNNaffinity          
2026-06-11 08:22:50    --------------------------------------------------------------
2026-06-11 08:22:50       1              -6.034      0.3448        +5.796  ★ best
2026-06-11 08:22:50       2              -6.406      0.2893        +5.877
2026-06-11 08:22:50       3              -6.149      0.2026        +5.551
2026-06-11 08:22:50       4              -8.175      0.1693        +5.214
2026-06-11 08:22:50       5              -6.104      0.1629        +5.497
2026-06-11 08:22:50       6              -6.421      0.1373        +5.383
2026-06-11 08:22:50       7              -6.597      0.1328        +5.610
2026-06-11 08:22:50       8              -8.161      0.1328        +5.323
2026-06-11 08:22:50       9              -7.227      0.1313        +5.844
2026-06-11 08:22:50  
────────────────────────────────────────────────────────────
2026-06-11 08:22:50  [91/200] actives_90_CHEMBL126328
2026-06-11 08:22:50  ────────────────────────────────────────────────────────────
[08:23:21] Warning: molecule is tagged as 2D, but at least one Z coordinate is not zero. Marking the mol as 3D.
[08:23:21] Warning: molecule is tagged as 2D, but at least one Z coordinate is not zero. Marking the mol as 3D.
[08:23:21] Warning: molecule is tagged as 2D, but at least one Z coordinate is not zero. Marking the mol as 3D.
[08:23:21] Warning: molecule is tagged as 2D, but at least one Z coordinate is not zero. Marking the mol as 3D.
[08:23:21] Warning: molecule is tagged as 2D, but at least one Z coordinate is not zero. Marking the mol as 3D.
[08:23:21] Warning: molecule is tagged as 2D, but at least one Z coordinate is not zero. Marking the mol as 3D.
[08:23:21] Warning: molecule is tagged as 2D, but at least one Z coordinate is not zero. Marking the mol as 3D.
[08:23:21] Warning: molecule is tagged as 2D, but at least one Z coordinate is not zero. Marking the mol as 3D.
[08:23:21] Warning: molecule is tagged as 2D, but at least one Z coordinate is not zero. Marking the mol as 3D.
2026-06-11 08:23:21    Pose   minimizedAffinity    CNNscore   CNNaffinity          
2026-06-11 08:23:21    --------------------------------------------------------------
2026-06-11 08:23:21       1              -7.008      0.6267        +6.393  ★ best
2026-06-11 08:23:21       2              -6.104      0.3447        +5.914
2026-06-11 08:23:21       3              -6.437      0.3001        +5.610
2026-06-11 08:23:21       4              -7.009      0.2952        +5.818
2026-06-11 08:23:21       5              -7.131      0.2570        +5.429
2026-06-11 08:23:21       6              -8.112      0.2516        +5.696
2026-06-11 08:23:21       7              -6.720      0.2504        +5.665
2026-06-11 08:23:21       8              -7.181      0.2497        +5.588
2026-06-11 08:23:21       9              -7.439      0.2480        +5.736
2026-06-11 08:23:21  
────────────────────────────────────────────────────────────
2026-06-11 08:23:21  [92/200] actives_91_CHEMBL14593
2026-06-11 08:23:21  ────────────────────────────────────────────────────────────
[08:23:54] Warning: molecule is tagged as 2D, but at least one Z coordinate is not zero. Marking the mol as 3D.
[08:23:54] Warning: molecule is tagged as 2D, but at least one Z coordinate is not zero. Marking the mol as 3D.
[08:23:54] Warning: molecule is tagged as 2D, but at least one Z coordinate is not zero. Marking the mol as 3D.
[08:23:54] Warning: molecule is tagged as 2D, but at least one Z coordinate is not zero. Marking the mol as 3D.
[08:23:54] Warning: molecule is tagged as 2D, but at least one Z coordinate is not zero. Marking the mol as 3D.
[08:23:54] Warning: molecule is tagged as 2D, but at least one Z coordinate is not zero. Marking the mol as 3D.
[08:23:54] Warning: molecule is tagged as 2D, but at least one Z coordinate is not zero. Marking the mol as 3D.
[08:23:54] Warning: molecule is tagged as 2D, but at least one Z coordinate is not zero. Marking the mol as 3D.
[08:23:54] Warning: molecule is tagged as 2D, but at least one Z coordinate is not zero. Marking the mol as 3D.
2026-06-11 08:23:54    Pose   minimizedAffinity    CNNscore   CNNaffinity          
2026-06-11 08:23:54    --------------------------------------------------------------
2026-06-11 08:23:54       1              -8.933      0.9442        +6.706  ★ best
2026-06-11 08:23:54       2              -8.945      0.6976        +6.181
2026-06-11 08:23:54       3              -8.960      0.6623        +6.064
2026-06-11 08:23:54       4              -9.283      0.5616        +6.168
2026-06-11 08:23:54       5              -4.747      0.4928        +4.314
2026-06-11 08:23:54       6              -4.896      0.3580        +4.173
2026-06-11 08:23:54       7              -4.817      0.3395        +4.275
2026-06-11 08:23:54       8              -8.752      0.3129        +5.691
2026-06-11 08:23:54       9              -8.388      0.3084        +5.719
2026-06-11 08:23:54  
────────────────────────────────────────────────────────────
2026-06-11 08:23:54  [93/200] actives_92_CHEMBL192440
2026-06-11 08:23:54  ────────────────────────────────────────────────────────────
[08:24:46] Warning: molecule is tagged as 2D, but at least one Z coordinate is not zero. Marking the mol as 3D.
[08:24:46] Warning: molecule is tagged as 2D, but at least one Z coordinate is not zero. Marking the mol as 3D.
[08:24:46] Warning: molecule is tagged as 2D, but at least one Z coordinate is not zero. Marking the mol as 3D.
[08:24:46] Warning: molecule is tagged as 2D, but at least one Z coordinate is not zero. Marking the mol as 3D.
[08:24:46] Warning: molecule is tagged as 2D, but at least one Z coordinate is not zero. Marking the mol as 3D.
[08:24:46] Warning: molecule is tagged as 2D, but at least one Z coordinate is not zero. Marking the mol as 3D.
[08:24:46] Warning: molecule is tagged as 2D, but at least one Z coordinate is not zero. Marking the mol as 3D.
[08:24:46] Warning: molecule is tagged as 2D, but at least one Z coordinate is not zero. Marking the mol as 3D.
[08:24:46] Warning: molecule is tagged as 2D, but at least one Z coordinate is not zero. Marking the mol as 3D.
2026-06-11 08:24:46    Pose   minimizedAffinity    CNNscore   CNNaffinity          
2026-06-11 08:24:46    --------------------------------------------------------------
2026-06-11 08:24:46       1              -9.308      0.4535        +6.793  ★ best
2026-06-11 08:24:46       2              -4.988      0.3918        +4.769
2026-06-11 08:24:46       3              -5.155      0.3353        +4.814
2026-06-11 08:24:46       4             -10.380      0.2592        +6.584
2026-06-11 08:24:46       5              -5.084      0.2272        +5.352
2026-06-11 08:24:46       6              -9.481      0.1987        +6.440
2026-06-11 08:24:46       7              -4.692      0.1861        +5.062
2026-06-11 08:24:46       8              -4.760      0.1459        +4.850
2026-06-11 08:24:46       9              -5.390      0.1304        +4.773
2026-06-11 08:24:46  
────────────────────────────────────────────────────────────
2026-06-11 08:24:46  [94/200] actives_93_CHEMBL183455
2026-06-11 08:24:46  ────────────────────────────────────────────────────────────
[08:25:13] Warning: molecule is tagged as 2D, but at least one Z coordinate is not zero. Marking the mol as 3D.
[08:25:13] Warning: molecule is tagged as 2D, but at least one Z coordinate is not zero. Marking the mol as 3D.
[08:25:13] Warning: molecule is tagged as 2D, but at least one Z coordinate is not zero. Marking the mol as 3D.
[08:25:13] Warning: molecule is tagged as 2D, but at least one Z coordinate is not zero. Marking the mol as 3D.
[08:25:13] Warning: molecule is tagged as 2D, but at least one Z coordinate is not zero. Marking the mol as 3D.
[08:25:13] Warning: molecule is tagged as 2D, but at least one Z coordinate is not zero. Marking the mol as 3D.
[08:25:13] Warning: molecule is tagged as 2D, but at least one Z coordinate is not zero. Marking the mol as 3D.
[08:25:13] Warning: molecule is tagged as 2D, but at least one Z coordinate is not zero. Marking the mol as 3D.
[08:25:13] Warning: molecule is tagged as 2D, but at least one Z coordinate is not zero. Marking the mol as 3D.
2026-06-11 08:25:13    Pose   minimizedAffinity    CNNscore   CNNaffinity          
2026-06-11 08:25:13    --------------------------------------------------------------
2026-06-11 08:25:13       1              -9.023      0.8852        +7.143  ★ best
2026-06-11 08:25:13       2              -8.953      0.7901        +6.953
2026-06-11 08:25:13       3              -9.309      0.6246        +6.237
2026-06-11 08:25:13       4              -7.446      0.6083        +5.313
2026-06-11 08:25:13       5              -9.524      0.5546        +6.524
2026-06-11 08:25:13       6              -7.934      0.4537        +6.355
2026-06-11 08:25:13       7              -8.095      0.3138        +5.922
2026-06-11 08:25:13       8              -8.869      0.3133        +5.963
2026-06-11 08:25:13       9              -8.299      0.3051        +6.094
2026-06-11 08:25:13  
────────────────────────────────────────────────────────────
2026-06-11 08:25:13  [95/200] actives_94_CHEMBL381565
2026-06-11 08:25:13  ────────────────────────────────────────────────────────────
[08:26:05] Warning: molecule is tagged as 2D, but at least one Z coordinate is not zero. Marking the mol as 3D.
[08:26:05] Warning: molecule is tagged as 2D, but at least one Z coordinate is not zero. Marking the mol as 3D.
[08:26:05] Warning: molecule is tagged as 2D, but at least one Z coordinate is not zero. Marking the mol as 3D.
[08:26:05] Warning: molecule is tagged as 2D, but at least one Z coordinate is not zero. Marking the mol as 3D.
[08:26:05] Warning: molecule is tagged as 2D, but at least one Z coordinate is not zero. Marking the mol as 3D.
[08:26:05] Warning: molecule is tagged as 2D, but at least one Z coordinate is not zero. Marking the mol as 3D.
[08:26:05] Warning: molecule is tagged as 2D, but at least one Z coordinate is not zero. Marking the mol as 3D.
[08:26:05] Warning: molecule is tagged as 2D, but at least one Z coordinate is not zero. Marking the mol as 3D.
[08:26:05] Warning: molecule is tagged as 2D, but at least one Z coordinate is not zero. Marking the mol as 3D.
2026-06-11 08:26:05    Pose   minimizedAffinity    CNNscore   CNNaffinity          
2026-06-11 08:26:05    --------------------------------------------------------------
2026-06-11 08:26:05       1              -8.290      0.4478        +6.502  ★ best
2026-06-11 08:26:05       2              -7.884      0.3696        +6.407
2026-06-11 08:26:05       3              -6.345      0.3191        +5.763
2026-06-11 08:26:05       4              -6.256      0.3103        +6.027
2026-06-11 08:26:05       5              -7.647      0.2750        +5.884
2026-06-11 08:26:05       6              -5.523      0.2293        +4.201
2026-06-11 08:26:05       7              -8.918      0.2289        +6.184
2026-06-11 08:26:05       8              -5.415      0.2021        +4.789
2026-06-11 08:26:05       9              -5.357      0.1720        +4.557
2026-06-11 08:26:05  
────────────────────────────────────────────────────────────
2026-06-11 08:26:05  [96/200] actives_95_CHEMBL576257
2026-06-11 08:26:05  ────────────────────────────────────────────────────────────
[08:26:43] Warning: molecule is tagged as 2D, but at least one Z coordinate is not zero. Marking the mol as 3D.
[08:26:43] Warning: molecule is tagged as 2D, but at least one Z coordinate is not zero. Marking the mol as 3D.
[08:26:43] Warning: molecule is tagged as 2D, but at least one Z coordinate is not zero. Marking the mol as 3D.
[08:26:43] Warning: molecule is tagged as 2D, but at least one Z coordinate is not zero. Marking the mol as 3D.
[08:26:43] Warning: molecule is tagged as 2D, but at least one Z coordinate is not zero. Marking the mol as 3D.
[08:26:43] Warning: molecule is tagged as 2D, but at least one Z coordinate is not zero. Marking the mol as 3D.
[08:26:43] Warning: molecule is tagged as 2D, but at least one Z coordinate is not zero. Marking the mol as 3D.
[08:26:43] Warning: molecule is tagged as 2D, but at least one Z coordinate is not zero. Marking the mol as 3D.
[08:26:43] Warning: molecule is tagged as 2D, but at least one Z coordinate is not zero. Marking the mol as 3D.
2026-06-11 08:26:43    Pose   minimizedAffinity    CNNscore   CNNaffinity          
2026-06-11 08:26:43    --------------------------------------------------------------
2026-06-11 08:26:43       1              -8.011      0.6833        +7.195  ★ best
2026-06-11 08:26:43       2              -7.779      0.5933        +6.978
2026-06-11 08:26:43       3              -7.446      0.5421        +6.498
2026-06-11 08:26:43       4              -6.977      0.5037        +6.255
2026-06-11 08:26:43       5              -8.449      0.4769        +6.565
2026-06-11 08:26:43       6              -8.045      0.3814        +6.515
2026-06-11 08:26:43       7              -4.804      0.3622        +4.998
2026-06-11 08:26:43       8              -8.386      0.3621        +6.586
2026-06-11 08:26:43       9              -7.778      0.3221        +6.415
2026-06-11 08:26:43  
────────────────────────────────────────────────────────────
2026-06-11 08:26:43  [97/200] actives_96_CHEMBL181289
2026-06-11 08:26:43  ────────────────────────────────────────────────────────────
[08:27:38] Warning: molecule is tagged as 2D, but at least one Z coordinate is not zero. Marking the mol as 3D.
[08:27:38] Warning: molecule is tagged as 2D, but at least one Z coordinate is not zero. Marking the mol as 3D.
[08:27:38] Warning: molecule is tagged as 2D, but at least one Z coordinate is not zero. Marking the mol as 3D.
[08:27:38] Warning: molecule is tagged as 2D, but at least one Z coordinate is not zero. Marking the mol as 3D.
[08:27:38] Warning: molecule is tagged as 2D, but at least one Z coordinate is not zero. Marking the mol as 3D.
[08:27:38] Warning: molecule is tagged as 2D, but at least one Z coordinate is not zero. Marking the mol as 3D.
[08:27:38] Warning: molecule is tagged as 2D, but at least one Z coordinate is not zero. Marking the mol as 3D.
[08:27:38] Warning: molecule is tagged as 2D, but at least one Z coordinate is not zero. Marking the mol as 3D.
[08:27:38] Warning: molecule is tagged as 2D, but at least one Z coordinate is not zero. Marking the mol as 3D.
2026-06-11 08:27:38    Pose   minimizedAffinity    CNNscore   CNNaffinity          
2026-06-11 08:27:38    --------------------------------------------------------------
2026-06-11 08:27:38       1             -10.078      0.5222        +7.171  ★ best
2026-06-11 08:27:38       2             -10.163      0.4041        +7.063
2026-06-11 08:27:38       3              -6.125      0.3657        +5.376
2026-06-11 08:27:38       4             -10.210      0.3463        +6.948
2026-06-11 08:27:38       5             -10.107      0.2286        +6.896
2026-06-11 08:27:38       6              -9.727      0.2060        +6.829
2026-06-11 08:27:38       7              -9.578      0.1853        +6.390
2026-06-11 08:27:38       8              -8.713      0.1511        +6.432
2026-06-11 08:27:38       9              -9.212      0.1473        +5.985
2026-06-11 08:27:38  
────────────────────────────────────────────────────────────
2026-06-11 08:27:38  [98/200] actives_97_CHEMBL455195
2026-06-11 08:27:38  ────────────────────────────────────────────────────────────
[08:28:21] Warning: molecule is tagged as 2D, but at least one Z coordinate is not zero. Marking the mol as 3D.
[08:28:21] Warning: molecule is tagged as 2D, but at least one Z coordinate is not zero. Marking the mol as 3D.
[08:28:21] Warning: molecule is tagged as 2D, but at least one Z coordinate is not zero. Marking the mol as 3D.
[08:28:21] Warning: molecule is tagged as 2D, but at least one Z coordinate is not zero. Marking the mol as 3D.
[08:28:21] Warning: molecule is tagged as 2D, but at least one Z coordinate is not zero. Marking the mol as 3D.
[08:28:21] Warning: molecule is tagged as 2D, but at least one Z coordinate is not zero. Marking the mol as 3D.
[08:28:21] Warning: molecule is tagged as 2D, but at least one Z coordinate is not zero. Marking the mol as 3D.
[08:28:21] Warning: molecule is tagged as 2D, but at least one Z coordinate is not zero. Marking the mol as 3D.
[08:28:21] Warning: molecule is tagged as 2D, but at least one Z coordinate is not zero. Marking the mol as 3D.
2026-06-11 08:28:21    Pose   minimizedAffinity    CNNscore   CNNaffinity          
2026-06-11 08:28:21    --------------------------------------------------------------
2026-06-11 08:28:21       1              -7.146      0.3730        +5.886  ★ best
2026-06-11 08:28:21       2              -5.229      0.2964        +4.942
2026-06-11 08:28:21       3              -6.378      0.2234        +5.584
2026-06-11 08:28:21       4              -5.600      0.2063        +5.198
2026-06-11 08:28:21       5              -6.545      0.1715        +5.627
2026-06-11 08:28:21       6              -7.973      0.1710        +6.088
2026-06-11 08:28:21       7              -5.257      0.1567        +5.163
2026-06-11 08:28:21       8              -6.773      0.1479        +5.972
2026-06-11 08:28:21       9              -6.751      0.1455        +5.887
2026-06-11 08:28:21  
────────────────────────────────────────────────────────────
2026-06-11 08:28:21  [99/200] actives_98_CHEMBL515001
2026-06-11 08:28:21  ────────────────────────────────────────────────────────────
[08:29:03] Warning: molecule is tagged as 2D, but at least one Z coordinate is not zero. Marking the mol as 3D.
[08:29:03] Warning: molecule is tagged as 2D, but at least one Z coordinate is not zero. Marking the mol as 3D.
[08:29:03] Warning: molecule is tagged as 2D, but at least one Z coordinate is not zero. Marking the mol as 3D.
[08:29:03] Warning: molecule is tagged as 2D, but at least one Z coordinate is not zero. Marking the mol as 3D.
[08:29:03] Warning: molecule is tagged as 2D, but at least one Z coordinate is not zero. Marking the mol as 3D.
[08:29:03] Warning: molecule is tagged as 2D, but at least one Z coordinate is not zero. Marking the mol as 3D.
[08:29:03] Warning: molecule is tagged as 2D, but at least one Z coordinate is not zero. Marking the mol as 3D.
[08:29:03] Warning: molecule is tagged as 2D, but at least one Z coordinate is not zero. Marking the mol as 3D.
[08:29:03] Warning: molecule is tagged as 2D, but at least one Z coordinate is not zero. Marking the mol as 3D.
2026-06-11 08:29:03    Pose   minimizedAffinity    CNNscore   CNNaffinity          
2026-06-11 08:29:03    --------------------------------------------------------------
2026-06-11 08:29:03       1              -9.199      0.7128        +7.369  ★ best
2026-06-11 08:29:03       2              -9.071      0.6130        +6.951
2026-06-11 08:29:03       3              -8.579      0.4925        +7.153
2026-06-11 08:29:03       4              -6.505      0.3827        +6.288
2026-06-11 08:29:03       5              -7.034      0.2811        +6.305
2026-06-11 08:29:03       6              -8.660      0.2615        +6.684
2026-06-11 08:29:03       7              -5.925      0.2250        +5.276
2026-06-11 08:29:03       8              -8.840      0.2221        +6.549
2026-06-11 08:29:03       9              -9.329      0.1938        +6.454
2026-06-11 08:29:03  
────────────────────────────────────────────────────────────
2026-06-11 08:29:03  [100/200] actives_99_CHEMBL515839
2026-06-11 08:29:03  ────────────────────────────────────────────────────────────
[08:29:57] Warning: molecule is tagged as 2D, but at least one Z coordinate is not zero. Marking the mol as 3D.
[08:29:57] Warning: molecule is tagged as 2D, but at least one Z coordinate is not zero. Marking the mol as 3D.
[08:29:57] Warning: molecule is tagged as 2D, but at least one Z coordinate is not zero. Marking the mol as 3D.
[08:29:57] Warning: molecule is tagged as 2D, but at least one Z coordinate is not zero. Marking the mol as 3D.
[08:29:57] Warning: molecule is tagged as 2D, but at least one Z coordinate is not zero. Marking the mol as 3D.
[08:29:57] Warning: molecule is tagged as 2D, but at least one Z coordinate is not zero. Marking the mol as 3D.
[08:29:57] Warning: molecule is tagged as 2D, but at least one Z coordinate is not zero. Marking the mol as 3D.
[08:29:57] Warning: molecule is tagged as 2D, but at least one Z coordinate is not zero. Marking the mol as 3D.
[08:29:57] Warning: molecule is tagged as 2D, but at least one Z coordinate is not zero. Marking the mol as 3D.
2026-06-11 08:29:57    Pose   minimizedAffinity    CNNscore   CNNaffinity          
2026-06-11 08:29:57    --------------------------------------------------------------
2026-06-11 08:29:57       1              -9.137      0.8598        +7.532  ★ best
2026-06-11 08:29:57       2              -9.025      0.8332        +7.246
2026-06-11 08:29:57       3              -8.611      0.7705        +7.430
2026-06-11 08:29:57       4              -8.993      0.6609        +7.583
2026-06-11 08:29:57       5              -9.213      0.6546        +7.268
2026-06-11 08:29:57       6              -9.535      0.4617        +7.183
2026-06-11 08:29:57       7              -8.645      0.3974        +6.922
2026-06-11 08:29:57       8              -8.800      0.3942        +6.767
2026-06-11 08:29:57       9              -8.749      0.3768        +6.788
2026-06-11 08:29:57  
────────────────────────────────────────────────────────────
2026-06-11 08:29:57  [101/200] decoys_00_ZINC65638275
2026-06-11 08:29:57  ────────────────────────────────────────────────────────────
[08:30:39] Warning: molecule is tagged as 2D, but at least one Z coordinate is not zero. Marking the mol as 3D.
[08:30:39] Warning: molecule is tagged as 2D, but at least one Z coordinate is not zero. Marking the mol as 3D.
[08:30:39] Warning: molecule is tagged as 2D, but at least one Z coordinate is not zero. Marking the mol as 3D.
[08:30:39] Warning: molecule is tagged as 2D, but at least one Z coordinate is not zero. Marking the mol as 3D.
[08:30:39] Warning: molecule is tagged as 2D, but at least one Z coordinate is not zero. Marking the mol as 3D.
[08:30:39] Warning: molecule is tagged as 2D, but at least one Z coordinate is not zero. Marking the mol as 3D.
[08:30:39] Warning: molecule is tagged as 2D, but at least one Z coordinate is not zero. Marking the mol as 3D.
[08:30:39] Warning: molecule is tagged as 2D, but at least one Z coordinate is not zero. Marking the mol as 3D.
[08:30:39] Warning: molecule is tagged as 2D, but at least one Z coordinate is not zero. Marking the mol as 3D.
2026-06-11 08:30:39    Pose   minimizedAffinity    CNNscore   CNNaffinity          
2026-06-11 08:30:39    --------------------------------------------------------------
2026-06-11 08:30:39       1              -7.425      0.4788        +6.194  ★ best
2026-06-11 08:30:39       2              -8.458      0.4504        +5.455
2026-06-11 08:30:39       3              -8.049      0.3521        +5.917
2026-06-11 08:30:39       4              -8.163      0.2348        +5.485
2026-06-11 08:30:39       5              -7.868      0.2051        +5.269
2026-06-11 08:30:39       6              -5.072      0.2042        +4.497
2026-06-11 08:30:39       7              -7.713      0.1993        +4.981
2026-06-11 08:30:39       8              -4.929      0.1788        +4.243
2026-06-11 08:30:39       9              -7.862      0.1570        +5.472
2026-06-11 08:30:39  
────────────────────────────────────────────────────────────
2026-06-11 08:30:39  [102/200] decoys_01_ZINC59309590
2026-06-11 08:30:39  ────────────────────────────────────────────────────────────
[08:31:55] Warning: molecule is tagged as 2D, but at least one Z coordinate is not zero. Marking the mol as 3D.
[08:31:55] Warning: molecule is tagged as 2D, but at least one Z coordinate is not zero. Marking the mol as 3D.
[08:31:55] Warning: molecule is tagged as 2D, but at least one Z coordinate is not zero. Marking the mol as 3D.
[08:31:55] Warning: molecule is tagged as 2D, but at least one Z coordinate is not zero. Marking the mol as 3D.
[08:31:55] Warning: molecule is tagged as 2D, but at least one Z coordinate is not zero. Marking the mol as 3D.
[08:31:55] Warning: molecule is tagged as 2D, but at least one Z coordinate is not zero. Marking the mol as 3D.
[08:31:55] Warning: molecule is tagged as 2D, but at least one Z coordinate is not zero. Marking the mol as 3D.
[08:31:55] Warning: molecule is tagged as 2D, but at least one Z coordinate is not zero. Marking the mol as 3D.
[08:31:55] Warning: molecule is tagged as 2D, but at least one Z coordinate is not zero. Marking the mol as 3D.
2026-06-11 08:31:55    Pose   minimizedAffinity    CNNscore   CNNaffinity          
2026-06-11 08:31:55    --------------------------------------------------------------
2026-06-11 08:31:55       1              -8.888      0.3653        +6.741  ★ best
2026-06-11 08:31:55       2              -9.770      0.3552        +7.374
2026-06-11 08:31:55       3              -7.641      0.3067        +6.382
2026-06-11 08:31:55       4              -8.399      0.2150        +6.397
2026-06-11 08:31:55       5              -7.856      0.2025        +6.376
2026-06-11 08:31:55       6              -8.009      0.1970        +6.564
2026-06-11 08:31:55       7              -8.025      0.1861        +6.347
2026-06-11 08:31:55       8              -7.795      0.1840        +6.180
2026-06-11 08:31:55       9              -9.508      0.1286        +6.913
2026-06-11 08:31:55  
────────────────────────────────────────────────────────────
2026-06-11 08:31:55  [103/200] decoys_02_ZINC00999954
2026-06-11 08:31:55  ────────────────────────────────────────────────────────────
[08:32:25] Warning: molecule is tagged as 2D, but at least one Z coordinate is not zero. Marking the mol as 3D.
[08:32:25] Warning: molecule is tagged as 2D, but at least one Z coordinate is not zero. Marking the mol as 3D.
[08:32:25] Warning: molecule is tagged as 2D, but at least one Z coordinate is not zero. Marking the mol as 3D.
[08:32:25] Warning: molecule is tagged as 2D, but at least one Z coordinate is not zero. Marking the mol as 3D.
[08:32:25] Warning: molecule is tagged as 2D, but at least one Z coordinate is not zero. Marking the mol as 3D.
[08:32:25] Warning: molecule is tagged as 2D, but at least one Z coordinate is not zero. Marking the mol as 3D.
[08:32:25] Warning: molecule is tagged as 2D, but at least one Z coordinate is not zero. Marking the mol as 3D.
[08:32:25] Warning: molecule is tagged as 2D, but at least one Z coordinate is not zero. Marking the mol as 3D.
[08:32:25] Warning: molecule is tagged as 2D, but at least one Z coordinate is not zero. Marking the mol as 3D.
2026-06-11 08:32:25    Pose   minimizedAffinity    CNNscore   CNNaffinity          
2026-06-11 08:32:25    --------------------------------------------------------------
2026-06-11 08:32:25       1              -3.969      0.6551        +4.732  ★ best
2026-06-11 08:32:25       2              -4.700      0.6147        +4.838
2026-06-11 08:32:25       3              -3.840      0.5802        +4.912
2026-06-11 08:32:25       4              -4.178      0.5754        +4.749
2026-06-11 08:32:25       5              -4.108      0.4991        +4.549
2026-06-11 08:32:25       6              -4.126      0.4793        +4.660
2026-06-11 08:32:25       7              -4.311      0.4648        +4.612
2026-06-11 08:32:25       8              -4.030      0.4579        +4.600
2026-06-11 08:32:25       9              -3.834      0.4493        +4.602
2026-06-11 08:32:25  
────────────────────────────────────────────────────────────
2026-06-11 08:32:25  [104/200] decoys_03_ZINC40569152
2026-06-11 08:32:25  ────────────────────────────────────────────────────────────
[08:33:02] Warning: molecule is tagged as 2D, but at least one Z coordinate is not zero. Marking the mol as 3D.
[08:33:02] Warning: molecule is tagged as 2D, but at least one Z coordinate is not zero. Marking the mol as 3D.
[08:33:02] Warning: molecule is tagged as 2D, but at least one Z coordinate is not zero. Marking the mol as 3D.
[08:33:02] Warning: molecule is tagged as 2D, but at least one Z coordinate is not zero. Marking the mol as 3D.
[08:33:02] Warning: molecule is tagged as 2D, but at least one Z coordinate is not zero. Marking the mol as 3D.
[08:33:02] Warning: molecule is tagged as 2D, but at least one Z coordinate is not zero. Marking the mol as 3D.
[08:33:02] Warning: molecule is tagged as 2D, but at least one Z coordinate is not zero. Marking the mol as 3D.
[08:33:02] Warning: molecule is tagged as 2D, but at least one Z coordinate is not zero. Marking the mol as 3D.
[08:33:02] Warning: molecule is tagged as 2D, but at least one Z coordinate is not zero. Marking the mol as 3D.
2026-06-11 08:33:02    Pose   minimizedAffinity    CNNscore   CNNaffinity          
2026-06-11 08:33:02    --------------------------------------------------------------
2026-06-11 08:33:02       1              -5.256      0.5382        +5.148  ★ best
2026-06-11 08:33:02       2              -4.134      0.5291        +5.385
2026-06-11 08:33:02       3              -4.241      0.4472        +4.977
2026-06-11 08:33:02       4              -4.122      0.3633        +4.741
2026-06-11 08:33:02       5              -4.320      0.3327        +5.170
2026-06-11 08:33:02       6              -4.309      0.3101        +5.244
2026-06-11 08:33:02       7              -4.570      0.3081        +4.590
2026-06-11 08:33:02       8              -4.275      0.2994        +5.228
2026-06-11 08:33:02       9              -6.976      0.2907        +6.158
2026-06-11 08:33:02  
────────────────────────────────────────────────────────────
2026-06-11 08:33:02  [105/200] decoys_04_ZINC21045558
2026-06-11 08:33:02  ────────────────────────────────────────────────────────────
[08:33:14] Warning: molecule is tagged as 2D, but at least one Z coordinate is not zero. Marking the mol as 3D.
[08:33:14] Warning: molecule is tagged as 2D, but at least one Z coordinate is not zero. Marking the mol as 3D.
[08:33:14] Warning: molecule is tagged as 2D, but at least one Z coordinate is not zero. Marking the mol as 3D.
[08:33:14] Warning: molecule is tagged as 2D, but at least one Z coordinate is not zero. Marking the mol as 3D.
[08:33:14] Warning: molecule is tagged as 2D, but at least one Z coordinate is not zero. Marking the mol as 3D.
[08:33:14] Warning: molecule is tagged as 2D, but at least one Z coordinate is not zero. Marking the mol as 3D.
[08:33:14] Warning: molecule is tagged as 2D, but at least one Z coordinate is not zero. Marking the mol as 3D.
[08:33:14] Warning: molecule is tagged as 2D, but at least one Z coordinate is not zero. Marking the mol as 3D.
[08:33:14] Warning: molecule is tagged as 2D, but at least one Z coordinate is not zero. Marking the mol as 3D.
2026-06-11 08:33:14    Pose   minimizedAffinity    CNNscore   CNNaffinity          
2026-06-11 08:33:14    --------------------------------------------------------------
2026-06-11 08:33:14       1              -5.274      0.5919        +3.742  ★ best
2026-06-11 08:33:14       2              -4.464      0.5733        +3.761
2026-06-11 08:33:14       3              -8.553      0.5063        +4.776
2026-06-11 08:33:14       4              -5.624      0.4915        +3.861
2026-06-11 08:33:14       5              -8.021      0.4885        +4.987
2026-06-11 08:33:14       6              -7.454      0.4767        +4.694
2026-06-11 08:33:14       7              -4.813      0.4331        +3.855
2026-06-11 08:33:14       8              -4.390      0.4098        +3.923
2026-06-11 08:33:14       9              -7.581      0.4045        +4.579
2026-06-11 08:33:14  
────────────────────────────────────────────────────────────
2026-06-11 08:33:14  [106/200] decoys_05_ZINC01684039
2026-06-11 08:33:14  ────────────────────────────────────────────────────────────
[08:33:37] Warning: molecule is tagged as 2D, but at least one Z coordinate is not zero. Marking the mol as 3D.
[08:33:37] Warning: molecule is tagged as 2D, but at least one Z coordinate is not zero. Marking the mol as 3D.
[08:33:37] Warning: molecule is tagged as 2D, but at least one Z coordinate is not zero. Marking the mol as 3D.
[08:33:37] Warning: molecule is tagged as 2D, but at least one Z coordinate is not zero. Marking the mol as 3D.
[08:33:37] Warning: molecule is tagged as 2D, but at least one Z coordinate is not zero. Marking the mol as 3D.
[08:33:37] Warning: molecule is tagged as 2D, but at least one Z coordinate is not zero. Marking the mol as 3D.
[08:33:37] Warning: molecule is tagged as 2D, but at least one Z coordinate is not zero. Marking the mol as 3D.
[08:33:37] Warning: molecule is tagged as 2D, but at least one Z coordinate is not zero. Marking the mol as 3D.
[08:33:37] Warning: molecule is tagged as 2D, but at least one Z coordinate is not zero. Marking the mol as 3D.
2026-06-11 08:33:37    Pose   minimizedAffinity    CNNscore   CNNaffinity          
2026-06-11 08:33:37    --------------------------------------------------------------
2026-06-11 08:33:37       1              -7.435      0.7590        +6.122  ★ best
2026-06-11 08:33:37       2              -7.824      0.7542        +5.846
2026-06-11 08:33:37       3              -5.394      0.4193        +5.595
2026-06-11 08:33:37       4              -6.955      0.2904        +5.356
2026-06-11 08:33:37       5              -7.156      0.2860        +5.081
2026-06-11 08:33:37       6              -3.911      0.2691        +4.171
2026-06-11 08:33:37       7              -7.326      0.2103        +5.413
2026-06-11 08:33:37       8              -5.609      0.1735        +3.987
2026-06-11 08:33:37       9              -4.422      0.1532        +3.896
2026-06-11 08:33:37  
────────────────────────────────────────────────────────────
2026-06-11 08:33:37  [107/200] decoys_06_ZINC39205288
2026-06-11 08:33:37  ────────────────────────────────────────────────────────────
[08:34:37] Warning: molecule is tagged as 2D, but at least one Z coordinate is not zero. Marking the mol as 3D.
[08:34:37] Warning: molecule is tagged as 2D, but at least one Z coordinate is not zero. Marking the mol as 3D.
[08:34:37] Warning: molecule is tagged as 2D, but at least one Z coordinate is not zero. Marking the mol as 3D.
[08:34:37] Warning: molecule is tagged as 2D, but at least one Z coordinate is not zero. Marking the mol as 3D.
[08:34:37] Warning: molecule is tagged as 2D, but at least one Z coordinate is not zero. Marking the mol as 3D.
[08:34:37] Warning: molecule is tagged as 2D, but at least one Z coordinate is not zero. Marking the mol as 3D.
[08:34:37] Warning: molecule is tagged as 2D, but at least one Z coordinate is not zero. Marking the mol as 3D.
[08:34:37] Warning: molecule is tagged as 2D, but at least one Z coordinate is not zero. Marking the mol as 3D.
[08:34:37] Warning: molecule is tagged as 2D, but at least one Z coordinate is not zero. Marking the mol as 3D.
2026-06-11 08:34:37    Pose   minimizedAffinity    CNNscore   CNNaffinity          
2026-06-11 08:34:37    --------------------------------------------------------------
2026-06-11 08:34:37       1              -8.683      0.2999        +6.067  ★ best
2026-06-11 08:34:37       2              -8.167      0.2557        +6.123
2026-06-11 08:34:37       3              -8.608      0.2176        +6.285
2026-06-11 08:34:37       4              -7.422      0.2079        +5.836
2026-06-11 08:34:37       5              -8.622      0.1995        +6.174
2026-06-11 08:34:37       6              -6.998      0.1994        +5.732
2026-06-11 08:34:37       7              -8.018      0.1445        +5.971
2026-06-11 08:34:37       8              -8.427      0.1093        +5.671
2026-06-11 08:34:37       9              -7.574      0.0983        +5.220
2026-06-11 08:34:37  
────────────────────────────────────────────────────────────
2026-06-11 08:34:37  [108/200] decoys_07_ZINC21318918
2026-06-11 08:34:37  ────────────────────────────────────────────────────────────
[08:35:29] Warning: molecule is tagged as 2D, but at least one Z coordinate is not zero. Marking the mol as 3D.
[08:35:29] Warning: molecule is tagged as 2D, but at least one Z coordinate is not zero. Marking the mol as 3D.
[08:35:29] Warning: molecule is tagged as 2D, but at least one Z coordinate is not zero. Marking the mol as 3D.
[08:35:29] Warning: molecule is tagged as 2D, but at least one Z coordinate is not zero. Marking the mol as 3D.
[08:35:29] Warning: molecule is tagged as 2D, but at least one Z coordinate is not zero. Marking the mol as 3D.
[08:35:29] Warning: molecule is tagged as 2D, but at least one Z coordinate is not zero. Marking the mol as 3D.
[08:35:29] Warning: molecule is tagged as 2D, but at least one Z coordinate is not zero. Marking the mol as 3D.
[08:35:29] Warning: molecule is tagged as 2D, but at least one Z coordinate is not zero. Marking the mol as 3D.
[08:35:29] Warning: molecule is tagged as 2D, but at least one Z coordinate is not zero. Marking the mol as 3D.
2026-06-11 08:35:29    Pose   minimizedAffinity    CNNscore   CNNaffinity          
2026-06-11 08:35:29    --------------------------------------------------------------
2026-06-11 08:35:29       1              -7.576      0.8194        +6.789  ★ best
2026-06-11 08:35:29       2              -8.398      0.5690        +6.240
2026-06-11 08:35:29       3              -8.209      0.5295        +5.803
2026-06-11 08:35:29       4              -8.296      0.3955        +6.038
2026-06-11 08:35:29       5              -8.635      0.2403        +5.979
2026-06-11 08:35:29       6              -7.364      0.2312        +5.585
2026-06-11 08:35:29       7              -8.254      0.1726        +5.204
2026-06-11 08:35:29       8              -8.299      0.1455        +5.059
2026-06-11 08:35:29       9              -6.594      0.1400        +5.509
2026-06-11 08:35:29  
────────────────────────────────────────────────────────────
2026-06-11 08:35:29  [109/200] decoys_08_ZINC21225139
2026-06-11 08:35:29  ────────────────────────────────────────────────────────────
[08:36:05] Warning: molecule is tagged as 2D, but at least one Z coordinate is not zero. Marking the mol as 3D.
[08:36:05] Warning: molecule is tagged as 2D, but at least one Z coordinate is not zero. Marking the mol as 3D.
[08:36:05] Warning: molecule is tagged as 2D, but at least one Z coordinate is not zero. Marking the mol as 3D.
[08:36:05] Warning: molecule is tagged as 2D, but at least one Z coordinate is not zero. Marking the mol as 3D.
[08:36:05] Warning: molecule is tagged as 2D, but at least one Z coordinate is not zero. Marking the mol as 3D.
[08:36:05] Warning: molecule is tagged as 2D, but at least one Z coordinate is not zero. Marking the mol as 3D.
[08:36:05] Warning: molecule is tagged as 2D, but at least one Z coordinate is not zero. Marking the mol as 3D.
[08:36:05] Warning: molecule is tagged as 2D, but at least one Z coordinate is not zero. Marking the mol as 3D.
[08:36:05] Warning: molecule is tagged as 2D, but at least one Z coordinate is not zero. Marking the mol as 3D.
2026-06-11 08:36:05    Pose   minimizedAffinity    CNNscore   CNNaffinity          
2026-06-11 08:36:05    --------------------------------------------------------------
2026-06-11 08:36:05       1              -4.069      0.5503        +4.746  ★ best
2026-06-11 08:36:05       2              -4.126      0.4835        +4.593
2026-06-11 08:36:05       3              -4.084      0.4583        +4.699
2026-06-11 08:36:05       4              -4.322      0.4517        +4.900
2026-06-11 08:36:05       5              -4.198      0.3678        +4.523
2026-06-11 08:36:05       6              -4.410      0.3642        +4.497
2026-06-11 08:36:05       7              -4.515      0.3326        +4.586
2026-06-11 08:36:05       8              -3.954      0.3279        +4.904
2026-06-11 08:36:05       9              -4.616      0.3141        +4.588
2026-06-11 08:36:05  
────────────────────────────────────────────────────────────
2026-06-11 08:36:05  [110/200] decoys_09_ZINC34256005
2026-06-11 08:36:05  ────────────────────────────────────────────────────────────
[08:36:52] Warning: molecule is tagged as 2D, but at least one Z coordinate is not zero. Marking the mol as 3D.
[08:36:52] Warning: molecule is tagged as 2D, but at least one Z coordinate is not zero. Marking the mol as 3D.
[08:36:52] Warning: molecule is tagged as 2D, but at least one Z coordinate is not zero. Marking the mol as 3D.
[08:36:52] Warning: molecule is tagged as 2D, but at least one Z coordinate is not zero. Marking the mol as 3D.
[08:36:52] Warning: molecule is tagged as 2D, but at least one Z coordinate is not zero. Marking the mol as 3D.
[08:36:52] Warning: molecule is tagged as 2D, but at least one Z coordinate is not zero. Marking the mol as 3D.
[08:36:52] Warning: molecule is tagged as 2D, but at least one Z coordinate is not zero. Marking the mol as 3D.
[08:36:52] Warning: molecule is tagged as 2D, but at least one Z coordinate is not zero. Marking the mol as 3D.
[08:36:52] Warning: molecule is tagged as 2D, but at least one Z coordinate is not zero. Marking the mol as 3D.
2026-06-11 08:36:52    Pose   minimizedAffinity    CNNscore   CNNaffinity          
2026-06-11 08:36:52    --------------------------------------------------------------
2026-06-11 08:36:52       1              -8.244      0.4985        +6.202  ★ best
2026-06-11 08:36:52       2              -7.855      0.4245        +6.753
2026-06-11 08:36:52       3              -4.772      0.3962        +5.013
2026-06-11 08:36:52       4              -4.333      0.3782        +4.588
2026-06-11 08:36:52       5              -4.829      0.3674        +4.796
2026-06-11 08:36:52       6              -4.583      0.3559        +4.683
2026-06-11 08:36:52       7              -5.186      0.3364        +4.799
2026-06-11 08:36:52       8              -4.459      0.3184        +4.895
2026-06-11 08:36:52       9              -4.226      0.3053        +4.448
2026-06-11 08:36:52  
────────────────────────────────────────────────────────────
2026-06-11 08:36:52  [111/200] decoys_10_ZINC58224764
2026-06-11 08:36:52  ────────────────────────────────────────────────────────────
[08:37:45] Warning: molecule is tagged as 2D, but at least one Z coordinate is not zero. Marking the mol as 3D.
[08:37:45] Warning: molecule is tagged as 2D, but at least one Z coordinate is not zero. Marking the mol as 3D.
[08:37:45] Warning: molecule is tagged as 2D, but at least one Z coordinate is not zero. Marking the mol as 3D.
[08:37:45] Warning: molecule is tagged as 2D, but at least one Z coordinate is not zero. Marking the mol as 3D.
[08:37:45] Warning: molecule is tagged as 2D, but at least one Z coordinate is not zero. Marking the mol as 3D.
[08:37:45] Warning: molecule is tagged as 2D, but at least one Z coordinate is not zero. Marking the mol as 3D.
[08:37:45] Warning: molecule is tagged as 2D, but at least one Z coordinate is not zero. Marking the mol as 3D.
[08:37:45] Warning: molecule is tagged as 2D, but at least one Z coordinate is not zero. Marking the mol as 3D.
[08:37:45] Warning: molecule is tagged as 2D, but at least one Z coordinate is not zero. Marking the mol as 3D.
2026-06-11 08:37:45    Pose   minimizedAffinity    CNNscore   CNNaffinity          
2026-06-11 08:37:45    --------------------------------------------------------------
2026-06-11 08:37:45       1              -8.508      0.4143        +6.836  ★ best
2026-06-11 08:37:45       2              -8.651      0.3987        +6.646
2026-06-11 08:37:45       3              -7.498      0.3795        +6.110
2026-06-11 08:37:45       4              -7.744      0.2520        +6.373
2026-06-11 08:37:45       5              -7.566      0.2370        +6.347
2026-06-11 08:37:45       6              -8.270      0.2264        +6.529
2026-06-11 08:37:45       7              -8.011      0.2251        +6.455
2026-06-11 08:37:45       8              -5.315      0.1927        +4.972
2026-06-11 08:37:45       9              -6.295      0.1819        +4.649
2026-06-11 08:37:45  
────────────────────────────────────────────────────────────
2026-06-11 08:37:45  [112/200] decoys_11_ZINC39684239
2026-06-11 08:37:45  ────────────────────────────────────────────────────────────
[08:39:12] Warning: molecule is tagged as 2D, but at least one Z coordinate is not zero. Marking the mol as 3D.
[08:39:12] Warning: molecule is tagged as 2D, but at least one Z coordinate is not zero. Marking the mol as 3D.
[08:39:12] Warning: molecule is tagged as 2D, but at least one Z coordinate is not zero. Marking the mol as 3D.
[08:39:12] Warning: molecule is tagged as 2D, but at least one Z coordinate is not zero. Marking the mol as 3D.
[08:39:12] Warning: molecule is tagged as 2D, but at least one Z coordinate is not zero. Marking the mol as 3D.
[08:39:12] Warning: molecule is tagged as 2D, but at least one Z coordinate is not zero. Marking the mol as 3D.
[08:39:12] Warning: molecule is tagged as 2D, but at least one Z coordinate is not zero. Marking the mol as 3D.
[08:39:12] Warning: molecule is tagged as 2D, but at least one Z coordinate is not zero. Marking the mol as 3D.
[08:39:12] Warning: molecule is tagged as 2D, but at least one Z coordinate is not zero. Marking the mol as 3D.
2026-06-11 08:39:12    Pose   minimizedAffinity    CNNscore   CNNaffinity          
2026-06-11 08:39:12    --------------------------------------------------------------
2026-06-11 08:39:12       1             -10.239      0.2059        +6.483  ★ best
2026-06-11 08:39:12       2              -9.577      0.1981        +6.652
2026-06-11 08:39:12       3              -9.978      0.1768        +6.274
2026-06-11 08:39:12       4              -7.509      0.1723        +5.596
2026-06-11 08:39:12       5              -9.582      0.1640        +6.194
2026-06-11 08:39:12       6             -10.165      0.1430        +5.824
2026-06-11 08:39:12       7             -11.122      0.1253        +6.591
2026-06-11 08:39:12       8              -9.452      0.1249        +6.006
2026-06-11 08:39:12       9              -8.206      0.1245        +6.282
2026-06-11 08:39:12  
────────────────────────────────────────────────────────────
2026-06-11 08:39:12  [113/200] decoys_12_ZINC66615365
2026-06-11 08:39:12  ────────────────────────────────────────────────────────────
[08:39:39] Warning: molecule is tagged as 2D, but at least one Z coordinate is not zero. Marking the mol as 3D.
[08:39:39] Warning: molecule is tagged as 2D, but at least one Z coordinate is not zero. Marking the mol as 3D.
[08:39:39] Warning: molecule is tagged as 2D, but at least one Z coordinate is not zero. Marking the mol as 3D.
[08:39:39] Warning: molecule is tagged as 2D, but at least one Z coordinate is not zero. Marking the mol as 3D.
[08:39:39] Warning: molecule is tagged as 2D, but at least one Z coordinate is not zero. Marking the mol as 3D.
[08:39:39] Warning: molecule is tagged as 2D, but at least one Z coordinate is not zero. Marking the mol as 3D.
[08:39:39] Warning: molecule is tagged as 2D, but at least one Z coordinate is not zero. Marking the mol as 3D.
[08:39:39] Warning: molecule is tagged as 2D, but at least one Z coordinate is not zero. Marking the mol as 3D.
[08:39:39] Warning: molecule is tagged as 2D, but at least one Z coordinate is not zero. Marking the mol as 3D.
2026-06-11 08:39:39    Pose   minimizedAffinity    CNNscore   CNNaffinity          
2026-06-11 08:39:39    --------------------------------------------------------------
2026-06-11 08:39:39       1              -8.830      0.6498        +6.131  ★ best
2026-06-11 08:39:39       2              -4.098      0.5097        +4.449
2026-06-11 08:39:39       3              -7.290      0.5076        +5.947
2026-06-11 08:39:39       4              -6.979      0.4375        +5.882
2026-06-11 08:39:39       5              -7.182      0.4171        +5.420
2026-06-11 08:39:39       6              -7.970      0.3993        +5.856
2026-06-11 08:39:39       7              -8.701      0.3721        +5.950
2026-06-11 08:39:39       8              -4.496      0.3232        +4.512
2026-06-11 08:39:39       9              -5.136      0.2915        +4.428
2026-06-11 08:39:39  
────────────────────────────────────────────────────────────
2026-06-11 08:39:39  [114/200] decoys_13_ZINC59829687
2026-06-11 08:39:39  ────────────────────────────────────────────────────────────
[08:40:18] Warning: molecule is tagged as 2D, but at least one Z coordinate is not zero. Marking the mol as 3D.
[08:40:18] Warning: molecule is tagged as 2D, but at least one Z coordinate is not zero. Marking the mol as 3D.
[08:40:18] Warning: molecule is tagged as 2D, but at least one Z coordinate is not zero. Marking the mol as 3D.
[08:40:18] Warning: molecule is tagged as 2D, but at least one Z coordinate is not zero. Marking the mol as 3D.
[08:40:18] Warning: molecule is tagged as 2D, but at least one Z coordinate is not zero. Marking the mol as 3D.
[08:40:18] Warning: molecule is tagged as 2D, but at least one Z coordinate is not zero. Marking the mol as 3D.
[08:40:18] Warning: molecule is tagged as 2D, but at least one Z coordinate is not zero. Marking the mol as 3D.
[08:40:18] Warning: molecule is tagged as 2D, but at least one Z coordinate is not zero. Marking the mol as 3D.
[08:40:18] Warning: molecule is tagged as 2D, but at least one Z coordinate is not zero. Marking the mol as 3D.
2026-06-11 08:40:18    Pose   minimizedAffinity    CNNscore   CNNaffinity          
2026-06-11 08:40:18    --------------------------------------------------------------
2026-06-11 08:40:18       1              -9.028      0.6675        +6.435  ★ best
2026-06-11 08:40:18       2              -8.388      0.6435        +6.007
2026-06-11 08:40:18       3              -8.854      0.5352        +6.133
2026-06-11 08:40:18       4              -9.417      0.4021        +6.316
2026-06-11 08:40:18       5              -8.307      0.3956        +5.665
2026-06-11 08:40:18       6              -7.700      0.2259        +5.351
2026-06-11 08:40:18       7              -9.565      0.2006        +5.277
2026-06-11 08:40:18       8              -9.489      0.1976        +5.089
2026-06-11 08:40:18       9              -8.585      0.1771        +5.103
2026-06-11 08:40:18  
────────────────────────────────────────────────────────────
2026-06-11 08:40:18  [115/200] decoys_14_ZINC37060287
2026-06-11 08:40:18  ────────────────────────────────────────────────────────────
[08:40:38] Warning: molecule is tagged as 2D, but at least one Z coordinate is not zero. Marking the mol as 3D.
[08:40:38] Warning: molecule is tagged as 2D, but at least one Z coordinate is not zero. Marking the mol as 3D.
[08:40:38] Warning: molecule is tagged as 2D, but at least one Z coordinate is not zero. Marking the mol as 3D.
[08:40:38] Warning: molecule is tagged as 2D, but at least one Z coordinate is not zero. Marking the mol as 3D.
[08:40:38] Warning: molecule is tagged as 2D, but at least one Z coordinate is not zero. Marking the mol as 3D.
[08:40:38] Warning: molecule is tagged as 2D, but at least one Z coordinate is not zero. Marking the mol as 3D.
[08:40:38] Warning: molecule is tagged as 2D, but at least one Z coordinate is not zero. Marking the mol as 3D.
[08:40:38] Warning: molecule is tagged as 2D, but at least one Z coordinate is not zero. Marking the mol as 3D.
[08:40:38] Warning: molecule is tagged as 2D, but at least one Z coordinate is not zero. Marking the mol as 3D.
2026-06-11 08:40:38    Pose   minimizedAffinity    CNNscore   CNNaffinity          
2026-06-11 08:40:38    --------------------------------------------------------------
2026-06-11 08:40:38       1              -8.120      0.7855        +5.409  ★ best
2026-06-11 08:40:38       2              -8.042      0.7834        +5.350
2026-06-11 08:40:38       3              -7.734      0.7761        +5.636
2026-06-11 08:40:38       4              -8.001      0.6943        +5.603
2026-06-11 08:40:38       5              -7.970      0.6485        +5.118
2026-06-11 08:40:38       6              -7.804      0.4782        +4.959
2026-06-11 08:40:38       7              -7.397      0.4714        +4.799
2026-06-11 08:40:38       8              -7.669      0.4465        +5.226
2026-06-11 08:40:38       9              -7.554      0.4417        +4.826
2026-06-11 08:40:38  
────────────────────────────────────────────────────────────
2026-06-11 08:40:38  [116/200] decoys_15_ZINC00690790
2026-06-11 08:40:38  ────────────────────────────────────────────────────────────
[08:41:33] Warning: molecule is tagged as 2D, but at least one Z coordinate is not zero. Marking the mol as 3D.
[08:41:33] Warning: molecule is tagged as 2D, but at least one Z coordinate is not zero. Marking the mol as 3D.
[08:41:33] Warning: molecule is tagged as 2D, but at least one Z coordinate is not zero. Marking the mol as 3D.
[08:41:33] Warning: molecule is tagged as 2D, but at least one Z coordinate is not zero. Marking the mol as 3D.
[08:41:33] Warning: molecule is tagged as 2D, but at least one Z coordinate is not zero. Marking the mol as 3D.
[08:41:33] Warning: molecule is tagged as 2D, but at least one Z coordinate is not zero. Marking the mol as 3D.
[08:41:33] Warning: molecule is tagged as 2D, but at least one Z coordinate is not zero. Marking the mol as 3D.
[08:41:33] Warning: molecule is tagged as 2D, but at least one Z coordinate is not zero. Marking the mol as 3D.
[08:41:33] Warning: molecule is tagged as 2D, but at least one Z coordinate is not zero. Marking the mol as 3D.
2026-06-11 08:41:33    Pose   minimizedAffinity    CNNscore   CNNaffinity          
2026-06-11 08:41:33    --------------------------------------------------------------
2026-06-11 08:41:33       1              -4.525      0.6242        +5.877  ★ best
2026-06-11 08:41:33       2              -4.529      0.4953        +5.486
2026-06-11 08:41:33       3              -4.177      0.4822        +5.767
2026-06-11 08:41:33       4              -4.703      0.4798        +5.263
2026-06-11 08:41:33       5              -4.396      0.4728        +5.580
2026-06-11 08:41:33       6              -4.353      0.4580        +5.505
2026-06-11 08:41:33       7              -4.729      0.4386        +5.344
2026-06-11 08:41:33       8              -4.537      0.3755        +5.486
2026-06-11 08:41:33       9              -4.486      0.3639        +5.289
2026-06-11 08:41:33  
────────────────────────────────────────────────────────────
2026-06-11 08:41:33  [117/200] decoys_16_ZINC08321081
2026-06-11 08:41:33  ────────────────────────────────────────────────────────────
[08:41:56] Warning: molecule is tagged as 2D, but at least one Z coordinate is not zero. Marking the mol as 3D.
[08:41:56] Warning: molecule is tagged as 2D, but at least one Z coordinate is not zero. Marking the mol as 3D.
[08:41:56] Warning: molecule is tagged as 2D, but at least one Z coordinate is not zero. Marking the mol as 3D.
[08:41:56] Warning: molecule is tagged as 2D, but at least one Z coordinate is not zero. Marking the mol as 3D.
[08:41:56] Warning: molecule is tagged as 2D, but at least one Z coordinate is not zero. Marking the mol as 3D.
[08:41:56] Warning: molecule is tagged as 2D, but at least one Z coordinate is not zero. Marking the mol as 3D.
[08:41:56] Warning: molecule is tagged as 2D, but at least one Z coordinate is not zero. Marking the mol as 3D.
[08:41:56] Warning: molecule is tagged as 2D, but at least one Z coordinate is not zero. Marking the mol as 3D.
[08:41:56] Warning: molecule is tagged as 2D, but at least one Z coordinate is not zero. Marking the mol as 3D.
2026-06-11 08:41:56    Pose   minimizedAffinity    CNNscore   CNNaffinity          
2026-06-11 08:41:56    --------------------------------------------------------------
2026-06-11 08:41:56       1             -10.178      0.8416        +6.761  ★ best
2026-06-11 08:41:56       2              -9.475      0.3213        +6.073
2026-06-11 08:41:56       3              -9.584      0.3109        +6.202
2026-06-11 08:41:56       4              -8.932      0.1922        +5.844
2026-06-11 08:41:56       5              -9.303      0.1141        +5.495
2026-06-11 08:41:56       6              -9.065      0.1098        +5.181
2026-06-11 08:41:56       7              -7.364      0.1002        +4.630
2026-06-11 08:41:56       8              -9.158      0.0969        +5.192
2026-06-11 08:41:56       9              -9.519      0.0963        +5.433
2026-06-11 08:41:56  
────────────────────────────────────────────────────────────
2026-06-11 08:41:56  [118/200] decoys_17_ZINC54318027
2026-06-11 08:41:56  ────────────────────────────────────────────────────────────
[08:42:35] Warning: molecule is tagged as 2D, but at least one Z coordinate is not zero. Marking the mol as 3D.
[08:42:35] Warning: molecule is tagged as 2D, but at least one Z coordinate is not zero. Marking the mol as 3D.
[08:42:35] Warning: molecule is tagged as 2D, but at least one Z coordinate is not zero. Marking the mol as 3D.
[08:42:35] Warning: molecule is tagged as 2D, but at least one Z coordinate is not zero. Marking the mol as 3D.
[08:42:35] Warning: molecule is tagged as 2D, but at least one Z coordinate is not zero. Marking the mol as 3D.
[08:42:35] Warning: molecule is tagged as 2D, but at least one Z coordinate is not zero. Marking the mol as 3D.
[08:42:35] Warning: molecule is tagged as 2D, but at least one Z coordinate is not zero. Marking the mol as 3D.
[08:42:35] Warning: molecule is tagged as 2D, but at least one Z coordinate is not zero. Marking the mol as 3D.
[08:42:35] Warning: molecule is tagged as 2D, but at least one Z coordinate is not zero. Marking the mol as 3D.
2026-06-11 08:42:35    Pose   minimizedAffinity    CNNscore   CNNaffinity          
2026-06-11 08:42:35    --------------------------------------------------------------
2026-06-11 08:42:35       1              -7.718      0.4303        +6.117  ★ best
2026-06-11 08:42:35       2              -8.059      0.4163        +6.064
2026-06-11 08:42:35       3              -9.238      0.3266        +5.974
2026-06-11 08:42:35       4              -8.109      0.3157        +5.539
2026-06-11 08:42:35       5              -7.506      0.2966        +5.865
2026-06-11 08:42:35       6              -8.809      0.2568        +6.047
2026-06-11 08:42:35       7              -7.917      0.2279        +5.705
2026-06-11 08:42:35       8              -9.457      0.2254        +6.547
2026-06-11 08:42:35       9              -8.969      0.2072        +5.541
2026-06-11 08:42:35  
────────────────────────────────────────────────────────────
2026-06-11 08:42:35  [119/200] decoys_18_ZINC13562997
2026-06-11 08:42:35  ────────────────────────────────────────────────────────────
[08:43:18] Warning: molecule is tagged as 2D, but at least one Z coordinate is not zero. Marking the mol as 3D.
[08:43:18] Warning: molecule is tagged as 2D, but at least one Z coordinate is not zero. Marking the mol as 3D.
[08:43:18] Warning: molecule is tagged as 2D, but at least one Z coordinate is not zero. Marking the mol as 3D.
[08:43:18] Warning: molecule is tagged as 2D, but at least one Z coordinate is not zero. Marking the mol as 3D.
[08:43:18] Warning: molecule is tagged as 2D, but at least one Z coordinate is not zero. Marking the mol as 3D.
[08:43:18] Warning: molecule is tagged as 2D, but at least one Z coordinate is not zero. Marking the mol as 3D.
[08:43:18] Warning: molecule is tagged as 2D, but at least one Z coordinate is not zero. Marking the mol as 3D.
[08:43:18] Warning: molecule is tagged as 2D, but at least one Z coordinate is not zero. Marking the mol as 3D.
[08:43:18] Warning: molecule is tagged as 2D, but at least one Z coordinate is not zero. Marking the mol as 3D.
2026-06-11 08:43:18    Pose   minimizedAffinity    CNNscore   CNNaffinity          
2026-06-11 08:43:18    --------------------------------------------------------------
2026-06-11 08:43:18       1              -6.031      0.4664        +4.107  ★ best
2026-06-11 08:43:18       2              -4.788      0.4047        +4.389
2026-06-11 08:43:18       3              -4.554      0.3885        +4.453
2026-06-11 08:43:18       4              -4.524      0.3660        +4.365
2026-06-11 08:43:18       5              -7.650      0.3237        +5.354
2026-06-11 08:43:18       6              -6.965      0.3156        +4.713
2026-06-11 08:43:18       7              -8.078      0.3150        +5.531
2026-06-11 08:43:18       8              -5.316      0.3061        +5.071
2026-06-11 08:43:18       9              -9.782      0.2957        +5.813
2026-06-11 08:43:18  
────────────────────────────────────────────────────────────
2026-06-11 08:43:18  [120/200] decoys_19_ZINC37072269
2026-06-11 08:43:18  ────────────────────────────────────────────────────────────
[08:43:42] Warning: molecule is tagged as 2D, but at least one Z coordinate is not zero. Marking the mol as 3D.
[08:43:42] Warning: molecule is tagged as 2D, but at least one Z coordinate is not zero. Marking the mol as 3D.
[08:43:42] Warning: molecule is tagged as 2D, but at least one Z coordinate is not zero. Marking the mol as 3D.
[08:43:42] Warning: molecule is tagged as 2D, but at least one Z coordinate is not zero. Marking the mol as 3D.
[08:43:42] Warning: molecule is tagged as 2D, but at least one Z coordinate is not zero. Marking the mol as 3D.
[08:43:42] Warning: molecule is tagged as 2D, but at least one Z coordinate is not zero. Marking the mol as 3D.
[08:43:42] Warning: molecule is tagged as 2D, but at least one Z coordinate is not zero. Marking the mol as 3D.
[08:43:42] Warning: molecule is tagged as 2D, but at least one Z coordinate is not zero. Marking the mol as 3D.
[08:43:42] Warning: molecule is tagged as 2D, but at least one Z coordinate is not zero. Marking the mol as 3D.
2026-06-11 08:43:42    Pose   minimizedAffinity    CNNscore   CNNaffinity          
2026-06-11 08:43:42    --------------------------------------------------------------
2026-06-11 08:43:42       1              -8.024      0.7979        +5.944  ★ best
2026-06-11 08:43:42       2              -7.573      0.7507        +5.761
2026-06-11 08:43:42       3              -8.162      0.6177        +5.559
2026-06-11 08:43:42       4              -5.764      0.5690        +6.219
2026-06-11 08:43:42       5              -7.050      0.4633        +5.243
2026-06-11 08:43:42       6              -7.142      0.4618        +5.270
2026-06-11 08:43:42       7              -7.213      0.4451        +5.832
2026-06-11 08:43:42       8              -8.055      0.4340        +5.433
2026-06-11 08:43:42       9              -6.601      0.4115        +5.033
2026-06-11 08:43:42  
────────────────────────────────────────────────────────────
2026-06-11 08:43:42  [121/200] decoys_20_ZINC39534209
2026-06-11 08:43:42  ────────────────────────────────────────────────────────────
[08:44:32] Warning: molecule is tagged as 2D, but at least one Z coordinate is not zero. Marking the mol as 3D.
[08:44:32] Warning: molecule is tagged as 2D, but at least one Z coordinate is not zero. Marking the mol as 3D.
[08:44:32] Warning: molecule is tagged as 2D, but at least one Z coordinate is not zero. Marking the mol as 3D.
[08:44:32] Warning: molecule is tagged as 2D, but at least one Z coordinate is not zero. Marking the mol as 3D.
[08:44:32] Warning: molecule is tagged as 2D, but at least one Z coordinate is not zero. Marking the mol as 3D.
[08:44:32] Warning: molecule is tagged as 2D, but at least one Z coordinate is not zero. Marking the mol as 3D.
[08:44:32] Warning: molecule is tagged as 2D, but at least one Z coordinate is not zero. Marking the mol as 3D.
[08:44:32] Warning: molecule is tagged as 2D, but at least one Z coordinate is not zero. Marking the mol as 3D.
[08:44:32] Warning: molecule is tagged as 2D, but at least one Z coordinate is not zero. Marking the mol as 3D.
2026-06-11 08:44:32    Pose   minimizedAffinity    CNNscore   CNNaffinity          
2026-06-11 08:44:32    --------------------------------------------------------------
2026-06-11 08:44:32       1              -9.663      0.5315        +5.839  ★ best
2026-06-11 08:44:32       2              -5.061      0.3644        +3.793
2026-06-11 08:44:32       3              -8.172      0.3474        +5.599
2026-06-11 08:44:32       4              -7.736      0.3339        +6.405
2026-06-11 08:44:32       5              -9.045      0.3302        +5.697
2026-06-11 08:44:32       6              -9.999      0.2901        +5.715
2026-06-11 08:44:32       7              -8.502      0.2759        +5.994
2026-06-11 08:44:32       8              -5.011      0.2642        +4.259
2026-06-11 08:44:32       9              -7.705      0.2548        +5.333
2026-06-11 08:44:32  
────────────────────────────────────────────────────────────
2026-06-11 08:44:32  [122/200] decoys_21_ZINC31283714
2026-06-11 08:44:32  ────────────────────────────────────────────────────────────
[08:45:07] Warning: molecule is tagged as 2D, but at least one Z coordinate is not zero. Marking the mol as 3D.
[08:45:07] Warning: molecule is tagged as 2D, but at least one Z coordinate is not zero. Marking the mol as 3D.
[08:45:07] Warning: molecule is tagged as 2D, but at least one Z coordinate is not zero. Marking the mol as 3D.
[08:45:07] Warning: molecule is tagged as 2D, but at least one Z coordinate is not zero. Marking the mol as 3D.
[08:45:07] Warning: molecule is tagged as 2D, but at least one Z coordinate is not zero. Marking the mol as 3D.
[08:45:07] Warning: molecule is tagged as 2D, but at least one Z coordinate is not zero. Marking the mol as 3D.
[08:45:07] Warning: molecule is tagged as 2D, but at least one Z coordinate is not zero. Marking the mol as 3D.
[08:45:07] Warning: molecule is tagged as 2D, but at least one Z coordinate is not zero. Marking the mol as 3D.
[08:45:07] Warning: molecule is tagged as 2D, but at least one Z coordinate is not zero. Marking the mol as 3D.
2026-06-11 08:45:07    Pose   minimizedAffinity    CNNscore   CNNaffinity          
2026-06-11 08:45:07    --------------------------------------------------------------
2026-06-11 08:45:07       1              -4.863      0.4532        +4.914  ★ best
2026-06-11 08:45:07       2              -4.672      0.4343        +5.118
2026-06-11 08:45:07       3              -4.522      0.4174        +5.289
2026-06-11 08:45:07       4              -4.901      0.3979        +5.211
2026-06-11 08:45:07       5              -7.153      0.3869        +5.858
2026-06-11 08:45:07       6              -4.258      0.3676        +4.459
2026-06-11 08:45:07       7              -8.201      0.3669        +5.792
2026-06-11 08:45:07       8              -8.667      0.3580        +6.332
2026-06-11 08:45:07       9              -8.674      0.3449        +6.020
2026-06-11 08:45:07  
────────────────────────────────────────────────────────────
2026-06-11 08:45:07  [123/200] decoys_22_ZINC20709523
2026-06-11 08:45:07  ────────────────────────────────────────────────────────────
[08:45:51] Warning: molecule is tagged as 2D, but at least one Z coordinate is not zero. Marking the mol as 3D.
[08:45:51] Warning: molecule is tagged as 2D, but at least one Z coordinate is not zero. Marking the mol as 3D.
[08:45:51] Warning: molecule is tagged as 2D, but at least one Z coordinate is not zero. Marking the mol as 3D.
[08:45:51] Warning: molecule is tagged as 2D, but at least one Z coordinate is not zero. Marking the mol as 3D.
[08:45:51] Warning: molecule is tagged as 2D, but at least one Z coordinate is not zero. Marking the mol as 3D.
[08:45:51] Warning: molecule is tagged as 2D, but at least one Z coordinate is not zero. Marking the mol as 3D.
[08:45:51] Warning: molecule is tagged as 2D, but at least one Z coordinate is not zero. Marking the mol as 3D.
[08:45:51] Warning: molecule is tagged as 2D, but at least one Z coordinate is not zero. Marking the mol as 3D.
[08:45:51] Warning: molecule is tagged as 2D, but at least one Z coordinate is not zero. Marking the mol as 3D.
2026-06-11 08:45:51    Pose   minimizedAffinity    CNNscore   CNNaffinity          
2026-06-11 08:45:51    --------------------------------------------------------------
2026-06-11 08:45:51       1              -9.389      0.4675        +6.781  ★ best
2026-06-11 08:45:51       2              -9.006      0.4635        +6.479
2026-06-11 08:45:51       3              -9.634      0.4228        +6.590
2026-06-11 08:45:51       4              -9.967      0.4138        +6.457
2026-06-11 08:45:51       5              -8.939      0.3941        +6.411
2026-06-11 08:45:51       6              -8.140      0.3609        +6.139
2026-06-11 08:45:51       7             -10.156      0.3490        +6.377
2026-06-11 08:45:51       8              -8.228      0.3310        +5.100
2026-06-11 08:45:51       9              -7.044      0.3102        +6.374
2026-06-11 08:45:51  
────────────────────────────────────────────────────────────
2026-06-11 08:45:51  [124/200] decoys_23_ZINC19557549
2026-06-11 08:45:51  ────────────────────────────────────────────────────────────
[08:46:07] Warning: molecule is tagged as 2D, but at least one Z coordinate is not zero. Marking the mol as 3D.
[08:46:07] Warning: molecule is tagged as 2D, but at least one Z coordinate is not zero. Marking the mol as 3D.
[08:46:07] Warning: molecule is tagged as 2D, but at least one Z coordinate is not zero. Marking the mol as 3D.
[08:46:07] Warning: molecule is tagged as 2D, but at least one Z coordinate is not zero. Marking the mol as 3D.
[08:46:07] Warning: molecule is tagged as 2D, but at least one Z coordinate is not zero. Marking the mol as 3D.
[08:46:07] Warning: molecule is tagged as 2D, but at least one Z coordinate is not zero. Marking the mol as 3D.
[08:46:07] Warning: molecule is tagged as 2D, but at least one Z coordinate is not zero. Marking the mol as 3D.
[08:46:07] Warning: molecule is tagged as 2D, but at least one Z coordinate is not zero. Marking the mol as 3D.
[08:46:07] Warning: molecule is tagged as 2D, but at least one Z coordinate is not zero. Marking the mol as 3D.
2026-06-11 08:46:07    Pose   minimizedAffinity    CNNscore   CNNaffinity          
2026-06-11 08:46:07    --------------------------------------------------------------
2026-06-11 08:46:07       1              -4.288      0.6476        +4.675  ★ best
2026-06-11 08:46:07       2              -4.282      0.4908        +4.265
2026-06-11 08:46:07       3              -5.098      0.3666        +4.504
2026-06-11 08:46:07       4              -4.296      0.3198        +4.326
2026-06-11 08:46:07       5              -4.963      0.3053        +4.538
2026-06-11 08:46:07       6              -4.323      0.2855        +4.534
2026-06-11 08:46:07       7              -4.214      0.2819        +4.280
2026-06-11 08:46:07       8              -5.234      0.2762        +4.180
2026-06-11 08:46:07       9              -4.988      0.2728        +4.374
2026-06-11 08:46:07  
────────────────────────────────────────────────────────────
2026-06-11 08:46:07  [125/200] decoys_24_ZINC07595556
2026-06-11 08:46:07  ────────────────────────────────────────────────────────────
[08:46:40] Warning: molecule is tagged as 2D, but at least one Z coordinate is not zero. Marking the mol as 3D.
[08:46:40] Warning: molecule is tagged as 2D, but at least one Z coordinate is not zero. Marking the mol as 3D.
[08:46:40] Warning: molecule is tagged as 2D, but at least one Z coordinate is not zero. Marking the mol as 3D.
[08:46:40] Warning: molecule is tagged as 2D, but at least one Z coordinate is not zero. Marking the mol as 3D.
[08:46:40] Warning: molecule is tagged as 2D, but at least one Z coordinate is not zero. Marking the mol as 3D.
[08:46:40] Warning: molecule is tagged as 2D, but at least one Z coordinate is not zero. Marking the mol as 3D.
[08:46:40] Warning: molecule is tagged as 2D, but at least one Z coordinate is not zero. Marking the mol as 3D.
[08:46:40] Warning: molecule is tagged as 2D, but at least one Z coordinate is not zero. Marking the mol as 3D.
[08:46:40] Warning: molecule is tagged as 2D, but at least one Z coordinate is not zero. Marking the mol as 3D.
2026-06-11 08:46:40    Pose   minimizedAffinity    CNNscore   CNNaffinity          
2026-06-11 08:46:40    --------------------------------------------------------------
2026-06-11 08:46:40       1              -8.909      0.5589        +5.499  ★ best
2026-06-11 08:46:40       2              -8.975      0.4873        +5.537
2026-06-11 08:46:40       3              -9.060      0.4562        +5.592
2026-06-11 08:46:40       4              -6.563      0.4355        +5.024
2026-06-11 08:46:40       5              -8.083      0.3977        +5.822
2026-06-11 08:46:40       6              -5.819      0.3386        +4.246
2026-06-11 08:46:40       7              -8.849      0.3355        +5.165
2026-06-11 08:46:40       8              -8.422      0.3194        +5.375
2026-06-11 08:46:40       9              -7.766      0.3174        +5.604
2026-06-11 08:46:40  
────────────────────────────────────────────────────────────
2026-06-11 08:46:40  [126/200] decoys_25_ZINC63480717
2026-06-11 08:46:40  ────────────────────────────────────────────────────────────
[08:47:31] Warning: molecule is tagged as 2D, but at least one Z coordinate is not zero. Marking the mol as 3D.
[08:47:31] Warning: molecule is tagged as 2D, but at least one Z coordinate is not zero. Marking the mol as 3D.
[08:47:31] Warning: molecule is tagged as 2D, but at least one Z coordinate is not zero. Marking the mol as 3D.
[08:47:31] Warning: molecule is tagged as 2D, but at least one Z coordinate is not zero. Marking the mol as 3D.
[08:47:31] Warning: molecule is tagged as 2D, but at least one Z coordinate is not zero. Marking the mol as 3D.
[08:47:31] Warning: molecule is tagged as 2D, but at least one Z coordinate is not zero. Marking the mol as 3D.
[08:47:31] Warning: molecule is tagged as 2D, but at least one Z coordinate is not zero. Marking the mol as 3D.
[08:47:31] Warning: molecule is tagged as 2D, but at least one Z coordinate is not zero. Marking the mol as 3D.
[08:47:31] Warning: molecule is tagged as 2D, but at least one Z coordinate is not zero. Marking the mol as 3D.
2026-06-11 08:47:31    Pose   minimizedAffinity    CNNscore   CNNaffinity          
2026-06-11 08:47:31    --------------------------------------------------------------
2026-06-11 08:47:31       1             -10.403      0.5974        +6.915  ★ best
2026-06-11 08:47:31       2              -9.009      0.5503        +6.659
2026-06-11 08:47:31       3              -8.394      0.4675        +6.434
2026-06-11 08:47:31       4              -7.759      0.4290        +6.110
2026-06-11 08:47:31       5              -8.196      0.2967        +5.875
2026-06-11 08:47:31       6              -8.623      0.2596        +5.263
2026-06-11 08:47:31       7              -8.761      0.2546        +5.751
2026-06-11 08:47:31       8              -9.089      0.2482        +5.647
2026-06-11 08:47:31       9              -6.493      0.2220        +4.501
2026-06-11 08:47:31  
────────────────────────────────────────────────────────────
2026-06-11 08:47:31  [127/200] decoys_26_ZINC00832330
2026-06-11 08:47:31  ────────────────────────────────────────────────────────────
[08:48:12] Warning: molecule is tagged as 2D, but at least one Z coordinate is not zero. Marking the mol as 3D.
[08:48:12] Warning: molecule is tagged as 2D, but at least one Z coordinate is not zero. Marking the mol as 3D.
[08:48:12] Warning: molecule is tagged as 2D, but at least one Z coordinate is not zero. Marking the mol as 3D.
[08:48:12] Warning: molecule is tagged as 2D, but at least one Z coordinate is not zero. Marking the mol as 3D.
[08:48:12] Warning: molecule is tagged as 2D, but at least one Z coordinate is not zero. Marking the mol as 3D.
[08:48:12] Warning: molecule is tagged as 2D, but at least one Z coordinate is not zero. Marking the mol as 3D.
[08:48:12] Warning: molecule is tagged as 2D, but at least one Z coordinate is not zero. Marking the mol as 3D.
[08:48:12] Warning: molecule is tagged as 2D, but at least one Z coordinate is not zero. Marking the mol as 3D.
[08:48:12] Warning: molecule is tagged as 2D, but at least one Z coordinate is not zero. Marking the mol as 3D.
2026-06-11 08:48:12    Pose   minimizedAffinity    CNNscore   CNNaffinity          
2026-06-11 08:48:12    --------------------------------------------------------------
2026-06-11 08:48:12       1              -8.207      0.7782        +6.722  ★ best
2026-06-11 08:48:12       2              -5.775      0.4402        +6.071
2026-06-11 08:48:12       3              -9.490      0.4334        +6.162
2026-06-11 08:48:12       4              -5.720      0.4178        +6.021
2026-06-11 08:48:12       5              -8.754      0.4128        +5.892
2026-06-11 08:48:12       6              -6.632      0.3514        +5.782
2026-06-11 08:48:12       7              -8.357      0.3321        +5.903
2026-06-11 08:48:12       8              -8.979      0.3263        +6.084
2026-06-11 08:48:12       9              -5.633      0.3207        +4.982
2026-06-11 08:48:12  
────────────────────────────────────────────────────────────
2026-06-11 08:48:12  [128/200] decoys_27_ZINC39462183
2026-06-11 08:48:12  ────────────────────────────────────────────────────────────
[08:48:44] Warning: molecule is tagged as 2D, but at least one Z coordinate is not zero. Marking the mol as 3D.
[08:48:44] Warning: molecule is tagged as 2D, but at least one Z coordinate is not zero. Marking the mol as 3D.
[08:48:44] Warning: molecule is tagged as 2D, but at least one Z coordinate is not zero. Marking the mol as 3D.
[08:48:44] Warning: molecule is tagged as 2D, but at least one Z coordinate is not zero. Marking the mol as 3D.
[08:48:44] Warning: molecule is tagged as 2D, but at least one Z coordinate is not zero. Marking the mol as 3D.
[08:48:44] Warning: molecule is tagged as 2D, but at least one Z coordinate is not zero. Marking the mol as 3D.
[08:48:44] Warning: molecule is tagged as 2D, but at least one Z coordinate is not zero. Marking the mol as 3D.
[08:48:44] Warning: molecule is tagged as 2D, but at least one Z coordinate is not zero. Marking the mol as 3D.
[08:48:44] Warning: molecule is tagged as 2D, but at least one Z coordinate is not zero. Marking the mol as 3D.
2026-06-11 08:48:44    Pose   minimizedAffinity    CNNscore   CNNaffinity          
2026-06-11 08:48:44    --------------------------------------------------------------
2026-06-11 08:48:44       1              -8.863      0.5865        +6.052  ★ best
2026-06-11 08:48:44       2              -9.195      0.3287        +5.845
2026-06-11 08:48:44       3              -9.179      0.2087        +5.676
2026-06-11 08:48:44       4              -4.922      0.2046        +3.790
2026-06-11 08:48:44       5              -8.876      0.1903        +6.050
2026-06-11 08:48:44       6              -4.880      0.1721        +4.001
2026-06-11 08:48:44       7              -8.494      0.1703        +5.185
2026-06-11 08:48:44       8              -4.980      0.1626        +4.052
2026-06-11 08:48:44       9              -5.768      0.1474        +4.012
2026-06-11 08:48:44  
────────────────────────────────────────────────────────────
2026-06-11 08:48:44  [129/200] decoys_28_ZINC39604175
2026-06-11 08:48:44  ────────────────────────────────────────────────────────────
[08:50:17] Warning: molecule is tagged as 2D, but at least one Z coordinate is not zero. Marking the mol as 3D.
[08:50:17] Warning: molecule is tagged as 2D, but at least one Z coordinate is not zero. Marking the mol as 3D.
[08:50:17] Warning: molecule is tagged as 2D, but at least one Z coordinate is not zero. Marking the mol as 3D.
[08:50:17] Warning: molecule is tagged as 2D, but at least one Z coordinate is not zero. Marking the mol as 3D.
[08:50:17] Warning: molecule is tagged as 2D, but at least one Z coordinate is not zero. Marking the mol as 3D.
[08:50:17] Warning: molecule is tagged as 2D, but at least one Z coordinate is not zero. Marking the mol as 3D.
[08:50:17] Warning: molecule is tagged as 2D, but at least one Z coordinate is not zero. Marking the mol as 3D.
[08:50:17] Warning: molecule is tagged as 2D, but at least one Z coordinate is not zero. Marking the mol as 3D.
[08:50:17] Warning: molecule is tagged as 2D, but at least one Z coordinate is not zero. Marking the mol as 3D.
2026-06-11 08:50:17    Pose   minimizedAffinity    CNNscore   CNNaffinity          
2026-06-11 08:50:17    --------------------------------------------------------------
2026-06-11 08:50:17       1              -4.656      0.5172        +5.450  ★ best
2026-06-11 08:50:17       2              -4.728      0.2566        +4.916
2026-06-11 08:50:17       3              -4.966      0.2565        +5.005
2026-06-11 08:50:17       4              -4.778      0.2114        +5.063
2026-06-11 08:50:17       5              -5.046      0.1818        +5.100
2026-06-11 08:50:17       6              -4.630      0.1716        +5.201
2026-06-11 08:50:17       7              -5.271      0.1701        +5.347
2026-06-11 08:50:17       8              -9.328      0.1617        +6.681
2026-06-11 08:50:17       9              -5.443      0.1476        +4.899
2026-06-11 08:50:17  
────────────────────────────────────────────────────────────
2026-06-11 08:50:17  [130/200] decoys_29_ZINC28048731
2026-06-11 08:50:17  ────────────────────────────────────────────────────────────
[08:50:46] Warning: molecule is tagged as 2D, but at least one Z coordinate is not zero. Marking the mol as 3D.
[08:50:46] Warning: molecule is tagged as 2D, but at least one Z coordinate is not zero. Marking the mol as 3D.
[08:50:46] Warning: molecule is tagged as 2D, but at least one Z coordinate is not zero. Marking the mol as 3D.
[08:50:46] Warning: molecule is tagged as 2D, but at least one Z coordinate is not zero. Marking the mol as 3D.
[08:50:46] Warning: molecule is tagged as 2D, but at least one Z coordinate is not zero. Marking the mol as 3D.
[08:50:46] Warning: molecule is tagged as 2D, but at least one Z coordinate is not zero. Marking the mol as 3D.
[08:50:46] Warning: molecule is tagged as 2D, but at least one Z coordinate is not zero. Marking the mol as 3D.
[08:50:46] Warning: molecule is tagged as 2D, but at least one Z coordinate is not zero. Marking the mol as 3D.
[08:50:46] Warning: molecule is tagged as 2D, but at least one Z coordinate is not zero. Marking the mol as 3D.
2026-06-11 08:50:46    Pose   minimizedAffinity    CNNscore   CNNaffinity          
2026-06-11 08:50:46    --------------------------------------------------------------
2026-06-11 08:50:46       1              -8.405      0.6515        +6.361  ★ best
2026-06-11 08:50:46       2              -7.515      0.3909        +6.136
2026-06-11 08:50:46       3              -4.706      0.3368        +4.330
2026-06-11 08:50:46       4              -8.478      0.2997        +5.791
2026-06-11 08:50:46       5              -5.581      0.2742        +4.223
2026-06-11 08:50:46       6              -6.792      0.2692        +5.503
2026-06-11 08:50:46       7              -4.739      0.2572        +4.545
2026-06-11 08:50:46       8              -4.848      0.2274        +4.511
2026-06-11 08:50:46       9              -8.202      0.2149        +5.626
2026-06-11 08:50:46  
────────────────────────────────────────────────────────────
2026-06-11 08:50:46  [131/200] decoys_30_ZINC39035034
2026-06-11 08:50:46  ────────────────────────────────────────────────────────────
[08:51:10] Warning: molecule is tagged as 2D, but at least one Z coordinate is not zero. Marking the mol as 3D.
[08:51:10] Warning: molecule is tagged as 2D, but at least one Z coordinate is not zero. Marking the mol as 3D.
[08:51:10] Warning: molecule is tagged as 2D, but at least one Z coordinate is not zero. Marking the mol as 3D.
[08:51:10] Warning: molecule is tagged as 2D, but at least one Z coordinate is not zero. Marking the mol as 3D.
[08:51:10] Warning: molecule is tagged as 2D, but at least one Z coordinate is not zero. Marking the mol as 3D.
[08:51:10] Warning: molecule is tagged as 2D, but at least one Z coordinate is not zero. Marking the mol as 3D.
[08:51:10] Warning: molecule is tagged as 2D, but at least one Z coordinate is not zero. Marking the mol as 3D.
[08:51:10] Warning: molecule is tagged as 2D, but at least one Z coordinate is not zero. Marking the mol as 3D.
[08:51:10] Warning: molecule is tagged as 2D, but at least one Z coordinate is not zero. Marking the mol as 3D.
2026-06-11 08:51:10    Pose   minimizedAffinity    CNNscore   CNNaffinity          
2026-06-11 08:51:10    --------------------------------------------------------------
2026-06-11 08:51:10       1              -4.552      0.6827        +4.787  ★ best
2026-06-11 08:51:10       2              -4.792      0.6549        +4.573
2026-06-11 08:51:10       3              -4.960      0.5561        +4.564
2026-06-11 08:51:10       4              -4.991      0.4777        +4.946
2026-06-11 08:51:10       5              -5.020      0.4648        +4.706
2026-06-11 08:51:10       6              -4.605      0.4380        +4.782
2026-06-11 08:51:10       7              -4.524      0.4160        +4.594
2026-06-11 08:51:10       8              -4.521      0.4084        +4.868
2026-06-11 08:51:10       9              -5.018      0.3945        +4.605
2026-06-11 08:51:10  
────────────────────────────────────────────────────────────
2026-06-11 08:51:10  [132/200] decoys_31_ZINC09329280
2026-06-11 08:51:10  ────────────────────────────────────────────────────────────
[08:51:54] Warning: molecule is tagged as 2D, but at least one Z coordinate is not zero. Marking the mol as 3D.
[08:51:54] Warning: molecule is tagged as 2D, but at least one Z coordinate is not zero. Marking the mol as 3D.
[08:51:54] Warning: molecule is tagged as 2D, but at least one Z coordinate is not zero. Marking the mol as 3D.
[08:51:54] Warning: molecule is tagged as 2D, but at least one Z coordinate is not zero. Marking the mol as 3D.
[08:51:54] Warning: molecule is tagged as 2D, but at least one Z coordinate is not zero. Marking the mol as 3D.
[08:51:54] Warning: molecule is tagged as 2D, but at least one Z coordinate is not zero. Marking the mol as 3D.
[08:51:54] Warning: molecule is tagged as 2D, but at least one Z coordinate is not zero. Marking the mol as 3D.
[08:51:54] Warning: molecule is tagged as 2D, but at least one Z coordinate is not zero. Marking the mol as 3D.
[08:51:54] Warning: molecule is tagged as 2D, but at least one Z coordinate is not zero. Marking the mol as 3D.
2026-06-11 08:51:54    Pose   minimizedAffinity    CNNscore   CNNaffinity          
2026-06-11 08:51:54    --------------------------------------------------------------
2026-06-11 08:51:54       1              -4.417      0.6056        +5.298  ★ best
2026-06-11 08:51:54       2              -5.138      0.5650        +4.955
2026-06-11 08:51:54       3              -4.760      0.5572        +5.104
2026-06-11 08:51:54       4              -4.304      0.5290        +4.923
2026-06-11 08:51:54       5              -4.839      0.5182        +4.843
2026-06-11 08:51:54       6              -4.376      0.5104        +5.340
2026-06-11 08:51:54       7              -4.736      0.4864        +5.148
2026-06-11 08:51:54       8              -4.444      0.4785        +5.338
2026-06-11 08:51:54       9              -4.182      0.4602        +5.074
2026-06-11 08:51:54  
────────────────────────────────────────────────────────────
2026-06-11 08:51:54  [133/200] decoys_32_ZINC34703472
2026-06-11 08:51:54  ────────────────────────────────────────────────────────────
[08:52:31] Warning: molecule is tagged as 2D, but at least one Z coordinate is not zero. Marking the mol as 3D.
[08:52:31] Warning: molecule is tagged as 2D, but at least one Z coordinate is not zero. Marking the mol as 3D.
[08:52:31] Warning: molecule is tagged as 2D, but at least one Z coordinate is not zero. Marking the mol as 3D.
[08:52:31] Warning: molecule is tagged as 2D, but at least one Z coordinate is not zero. Marking the mol as 3D.
[08:52:31] Warning: molecule is tagged as 2D, but at least one Z coordinate is not zero. Marking the mol as 3D.
[08:52:31] Warning: molecule is tagged as 2D, but at least one Z coordinate is not zero. Marking the mol as 3D.
[08:52:31] Warning: molecule is tagged as 2D, but at least one Z coordinate is not zero. Marking the mol as 3D.
[08:52:31] Warning: molecule is tagged as 2D, but at least one Z coordinate is not zero. Marking the mol as 3D.
[08:52:31] Warning: molecule is tagged as 2D, but at least one Z coordinate is not zero. Marking the mol as 3D.
2026-06-11 08:52:31    Pose   minimizedAffinity    CNNscore   CNNaffinity          
2026-06-11 08:52:31    --------------------------------------------------------------
2026-06-11 08:52:31       1              -4.079      0.7957        +4.429  ★ best
2026-06-11 08:52:31       2              -4.236      0.7453        +4.383
2026-06-11 08:52:31       3              -5.225      0.6845        +4.763
2026-06-11 08:52:31       4              -4.018      0.6486        +4.248
2026-06-11 08:52:31       5              -4.150      0.6349        +4.267
2026-06-11 08:52:31       6              -4.337      0.6304        +4.398
2026-06-11 08:52:31       7              -4.146      0.6302        +4.250
2026-06-11 08:52:31       8              -4.125      0.6193        +4.262
2026-06-11 08:52:31       9              -4.273      0.6048        +4.589
2026-06-11 08:52:31  
────────────────────────────────────────────────────────────
2026-06-11 08:52:31  [134/200] decoys_33_ZINC15224945
2026-06-11 08:52:31  ────────────────────────────────────────────────────────────
[08:53:51] Warning: molecule is tagged as 2D, but at least one Z coordinate is not zero. Marking the mol as 3D.
[08:53:51] Warning: molecule is tagged as 2D, but at least one Z coordinate is not zero. Marking the mol as 3D.
[08:53:51] Warning: molecule is tagged as 2D, but at least one Z coordinate is not zero. Marking the mol as 3D.
[08:53:51] Warning: molecule is tagged as 2D, but at least one Z coordinate is not zero. Marking the mol as 3D.
[08:53:51] Warning: molecule is tagged as 2D, but at least one Z coordinate is not zero. Marking the mol as 3D.
[08:53:51] Warning: molecule is tagged as 2D, but at least one Z coordinate is not zero. Marking the mol as 3D.
[08:53:51] Warning: molecule is tagged as 2D, but at least one Z coordinate is not zero. Marking the mol as 3D.
[08:53:51] Warning: molecule is tagged as 2D, but at least one Z coordinate is not zero. Marking the mol as 3D.
[08:53:51] Warning: molecule is tagged as 2D, but at least one Z coordinate is not zero. Marking the mol as 3D.
2026-06-11 08:53:51    Pose   minimizedAffinity    CNNscore   CNNaffinity          
2026-06-11 08:53:51    --------------------------------------------------------------
2026-06-11 08:53:51       1             -10.131      0.7341        +6.670  ★ best
2026-06-11 08:53:51       2              -9.055      0.4992        +6.180
2026-06-11 08:53:51       3              -9.149      0.3738        +6.181
2026-06-11 08:53:51       4              -6.672      0.3451        +4.838
2026-06-11 08:53:51       5              -8.096      0.3061        +6.022
2026-06-11 08:53:51       6              -9.236      0.3046        +6.248
2026-06-11 08:53:51       7              -8.866      0.2677        +5.780
2026-06-11 08:53:51       8              -9.642      0.2334        +5.933
2026-06-11 08:53:51       9              -8.810      0.2266        +6.240
2026-06-11 08:53:51  
────────────────────────────────────────────────────────────
2026-06-11 08:53:51  [135/200] decoys_34_ZINC09646592
2026-06-11 08:53:51  ────────────────────────────────────────────────────────────
[08:54:27] Warning: molecule is tagged as 2D, but at least one Z coordinate is not zero. Marking the mol as 3D.
[08:54:27] Warning: molecule is tagged as 2D, but at least one Z coordinate is not zero. Marking the mol as 3D.
[08:54:27] Warning: molecule is tagged as 2D, but at least one Z coordinate is not zero. Marking the mol as 3D.
[08:54:27] Warning: molecule is tagged as 2D, but at least one Z coordinate is not zero. Marking the mol as 3D.
[08:54:27] Warning: molecule is tagged as 2D, but at least one Z coordinate is not zero. Marking the mol as 3D.
[08:54:27] Warning: molecule is tagged as 2D, but at least one Z coordinate is not zero. Marking the mol as 3D.
[08:54:27] Warning: molecule is tagged as 2D, but at least one Z coordinate is not zero. Marking the mol as 3D.
[08:54:27] Warning: molecule is tagged as 2D, but at least one Z coordinate is not zero. Marking the mol as 3D.
[08:54:27] Warning: molecule is tagged as 2D, but at least one Z coordinate is not zero. Marking the mol as 3D.
2026-06-11 08:54:27    Pose   minimizedAffinity    CNNscore   CNNaffinity          
2026-06-11 08:54:27    --------------------------------------------------------------
2026-06-11 08:54:27       1              -8.696      0.2577        +6.126  ★ best
2026-06-11 08:54:27       2              -9.573      0.1932        +6.141
2026-06-11 08:54:27       3              -5.680      0.1721        +4.866
2026-06-11 08:54:27       4              -9.869      0.1657        +6.353
2026-06-11 08:54:27       5              -9.865      0.1655        +6.356
2026-06-11 08:54:27       6              -5.702      0.1534        +5.005
2026-06-11 08:54:27       7              -5.816      0.1525        +4.697
2026-06-11 08:54:27       8              -6.023      0.1400        +4.561
2026-06-11 08:54:27       9              -5.687      0.1261        +4.844
2026-06-11 08:54:27  
────────────────────────────────────────────────────────────
2026-06-11 08:54:27  [136/200] decoys_35_ZINC16033235
2026-06-11 08:54:27  ────────────────────────────────────────────────────────────
[08:55:13] Warning: molecule is tagged as 2D, but at least one Z coordinate is not zero. Marking the mol as 3D.
[08:55:13] Warning: molecule is tagged as 2D, but at least one Z coordinate is not zero. Marking the mol as 3D.
[08:55:13] Warning: molecule is tagged as 2D, but at least one Z coordinate is not zero. Marking the mol as 3D.
[08:55:13] Warning: molecule is tagged as 2D, but at least one Z coordinate is not zero. Marking the mol as 3D.
[08:55:13] Warning: molecule is tagged as 2D, but at least one Z coordinate is not zero. Marking the mol as 3D.
[08:55:13] Warning: molecule is tagged as 2D, but at least one Z coordinate is not zero. Marking the mol as 3D.
[08:55:13] Warning: molecule is tagged as 2D, but at least one Z coordinate is not zero. Marking the mol as 3D.
[08:55:13] Warning: molecule is tagged as 2D, but at least one Z coordinate is not zero. Marking the mol as 3D.
[08:55:13] Warning: molecule is tagged as 2D, but at least one Z coordinate is not zero. Marking the mol as 3D.
2026-06-11 08:55:13    Pose   minimizedAffinity    CNNscore   CNNaffinity          
2026-06-11 08:55:13    --------------------------------------------------------------
2026-06-11 08:55:13       1              -5.984      0.7522        +5.455  ★ best
2026-06-11 08:55:13       2              -6.208      0.6755        +5.372
2026-06-11 08:55:13       3              -6.173      0.6017        +5.270
2026-06-11 08:55:13       4              -7.855      0.3761        +6.403
2026-06-11 08:55:13       5              -5.377      0.3761        +4.968
2026-06-11 08:55:13       6              -4.897      0.3471        +4.663
2026-06-11 08:55:13       7              -5.315      0.3269        +5.166
2026-06-11 08:55:13       8              -4.984      0.2713        +4.483
2026-06-11 08:55:13       9              -4.813      0.2711        +5.118
2026-06-11 08:55:13  
────────────────────────────────────────────────────────────
2026-06-11 08:55:13  [137/200] decoys_36_ZINC19330790
2026-06-11 08:55:13  ────────────────────────────────────────────────────────────
[08:55:27] Warning: molecule is tagged as 2D, but at least one Z coordinate is not zero. Marking the mol as 3D.
[08:55:27] Warning: molecule is tagged as 2D, but at least one Z coordinate is not zero. Marking the mol as 3D.
[08:55:27] Warning: molecule is tagged as 2D, but at least one Z coordinate is not zero. Marking the mol as 3D.
[08:55:27] Warning: molecule is tagged as 2D, but at least one Z coordinate is not zero. Marking the mol as 3D.
[08:55:27] Warning: molecule is tagged as 2D, but at least one Z coordinate is not zero. Marking the mol as 3D.
[08:55:27] Warning: molecule is tagged as 2D, but at least one Z coordinate is not zero. Marking the mol as 3D.
[08:55:27] Warning: molecule is tagged as 2D, but at least one Z coordinate is not zero. Marking the mol as 3D.
[08:55:27] Warning: molecule is tagged as 2D, but at least one Z coordinate is not zero. Marking the mol as 3D.
[08:55:27] Warning: molecule is tagged as 2D, but at least one Z coordinate is not zero. Marking the mol as 3D.
2026-06-11 08:55:27    Pose   minimizedAffinity    CNNscore   CNNaffinity          
2026-06-11 08:55:27    --------------------------------------------------------------
2026-06-11 08:55:27       1              -7.543      0.7791        +5.855  ★ best
2026-06-11 08:55:27       2              -6.274      0.7340        +5.319
2026-06-11 08:55:27       3              -4.533      0.5507        +3.891
2026-06-11 08:55:27       4              -4.664      0.4734        +3.810
2026-06-11 08:55:27       5              -4.569      0.4061        +3.896
2026-06-11 08:55:27       6              -6.336      0.3966        +4.732
2026-06-11 08:55:27       7              -6.139      0.3747        +4.985
2026-06-11 08:55:27       8              -4.620      0.3697        +3.678
2026-06-11 08:55:27       9              -5.056      0.3427        +4.079
2026-06-11 08:55:27  
────────────────────────────────────────────────────────────
2026-06-11 08:55:27  [138/200] decoys_37_ZINC67189709
2026-06-11 08:55:27  ────────────────────────────────────────────────────────────
[08:55:54] Warning: molecule is tagged as 2D, but at least one Z coordinate is not zero. Marking the mol as 3D.
[08:55:54] Warning: molecule is tagged as 2D, but at least one Z coordinate is not zero. Marking the mol as 3D.
[08:55:54] Warning: molecule is tagged as 2D, but at least one Z coordinate is not zero. Marking the mol as 3D.
[08:55:54] Warning: molecule is tagged as 2D, but at least one Z coordinate is not zero. Marking the mol as 3D.
[08:55:54] Warning: molecule is tagged as 2D, but at least one Z coordinate is not zero. Marking the mol as 3D.
[08:55:54] Warning: molecule is tagged as 2D, but at least one Z coordinate is not zero. Marking the mol as 3D.
[08:55:54] Warning: molecule is tagged as 2D, but at least one Z coordinate is not zero. Marking the mol as 3D.
[08:55:54] Warning: molecule is tagged as 2D, but at least one Z coordinate is not zero. Marking the mol as 3D.
[08:55:54] Warning: molecule is tagged as 2D, but at least one Z coordinate is not zero. Marking the mol as 3D.
2026-06-11 08:55:54    Pose   minimizedAffinity    CNNscore   CNNaffinity          
2026-06-11 08:55:54    --------------------------------------------------------------
2026-06-11 08:55:54       1              -6.272      0.5808        +5.966  ★ best
2026-06-11 08:55:54       2              -6.284      0.4901        +5.850
2026-06-11 08:55:54       3              -8.051      0.4479        +6.350
2026-06-11 08:55:54       4              -5.107      0.4332        +4.195
2026-06-11 08:55:54       5              -7.319      0.4292        +5.680
2026-06-11 08:55:54       6              -8.080      0.4109        +5.991
2026-06-11 08:55:54       7              -6.682      0.3872        +6.062
2026-06-11 08:55:54       8              -7.420      0.3794        +5.705
2026-06-11 08:55:54       9              -7.858      0.3763        +5.827
2026-06-11 08:55:54  
────────────────────────────────────────────────────────────
2026-06-11 08:55:54  [139/200] decoys_38_ZINC67000535
2026-06-11 08:55:54  ────────────────────────────────────────────────────────────
[08:56:36] Warning: molecule is tagged as 2D, but at least one Z coordinate is not zero. Marking the mol as 3D.
[08:56:36] Warning: molecule is tagged as 2D, but at least one Z coordinate is not zero. Marking the mol as 3D.
[08:56:36] Warning: molecule is tagged as 2D, but at least one Z coordinate is not zero. Marking the mol as 3D.
[08:56:36] Warning: molecule is tagged as 2D, but at least one Z coordinate is not zero. Marking the mol as 3D.
[08:56:36] Warning: molecule is tagged as 2D, but at least one Z coordinate is not zero. Marking the mol as 3D.
[08:56:36] Warning: molecule is tagged as 2D, but at least one Z coordinate is not zero. Marking the mol as 3D.
[08:56:36] Warning: molecule is tagged as 2D, but at least one Z coordinate is not zero. Marking the mol as 3D.
[08:56:36] Warning: molecule is tagged as 2D, but at least one Z coordinate is not zero. Marking the mol as 3D.
[08:56:36] Warning: molecule is tagged as 2D, but at least one Z coordinate is not zero. Marking the mol as 3D.
2026-06-11 08:56:36    Pose   minimizedAffinity    CNNscore   CNNaffinity          
2026-06-11 08:56:36    --------------------------------------------------------------
2026-06-11 08:56:36       1             -10.035      0.8946        +6.693  ★ best
2026-06-11 08:56:36       2              -8.918      0.5240        +4.903
2026-06-11 08:56:36       3              -4.955      0.4894        +4.169
2026-06-11 08:56:36       4              -5.992      0.4700        +4.533
2026-06-11 08:56:36       5              -5.067      0.3909        +4.285
2026-06-11 08:56:36       6              -5.535      0.3896        +4.535
2026-06-11 08:56:36       7              -8.181      0.3621        +5.364
2026-06-11 08:56:36       8              -5.156      0.3405        +4.276
2026-06-11 08:56:36       9              -5.260      0.3107        +4.256
2026-06-11 08:56:36  
────────────────────────────────────────────────────────────
2026-06-11 08:56:36  [140/200] decoys_39_ZINC54043596
2026-06-11 08:56:36  ────────────────────────────────────────────────────────────
[08:57:32] Warning: molecule is tagged as 2D, but at least one Z coordinate is not zero. Marking the mol as 3D.
[08:57:32] Warning: molecule is tagged as 2D, but at least one Z coordinate is not zero. Marking the mol as 3D.
[08:57:32] Warning: molecule is tagged as 2D, but at least one Z coordinate is not zero. Marking the mol as 3D.
[08:57:32] Warning: molecule is tagged as 2D, but at least one Z coordinate is not zero. Marking the mol as 3D.
[08:57:32] Warning: molecule is tagged as 2D, but at least one Z coordinate is not zero. Marking the mol as 3D.
[08:57:32] Warning: molecule is tagged as 2D, but at least one Z coordinate is not zero. Marking the mol as 3D.
[08:57:32] Warning: molecule is tagged as 2D, but at least one Z coordinate is not zero. Marking the mol as 3D.
[08:57:32] Warning: molecule is tagged as 2D, but at least one Z coordinate is not zero. Marking the mol as 3D.
[08:57:32] Warning: molecule is tagged as 2D, but at least one Z coordinate is not zero. Marking the mol as 3D.
2026-06-11 08:57:32    Pose   minimizedAffinity    CNNscore   CNNaffinity          
2026-06-11 08:57:32    --------------------------------------------------------------
2026-06-11 08:57:32       1              -8.071      0.3378        +6.173  ★ best
2026-06-11 08:57:32       2              -9.067      0.2618        +4.853
2026-06-11 08:57:32       3              -9.025      0.2174        +5.442
2026-06-11 08:57:32       4              -8.561      0.2112        +5.294
2026-06-11 08:57:32       5              -8.917      0.2003        +5.201
2026-06-11 08:57:32       6              -8.267      0.1773        +5.648
2026-06-11 08:57:32       7              -9.205      0.1695        +5.200
2026-06-11 08:57:32       8              -8.054      0.1608        +5.423
2026-06-11 08:57:32       9              -9.209      0.1578        +5.277
2026-06-11 08:57:32  
────────────────────────────────────────────────────────────
2026-06-11 08:57:32  [141/200] decoys_40_ZINC65349259
2026-06-11 08:57:32  ────────────────────────────────────────────────────────────
[08:58:01] Warning: molecule is tagged as 2D, but at least one Z coordinate is not zero. Marking the mol as 3D.
[08:58:01] Warning: molecule is tagged as 2D, but at least one Z coordinate is not zero. Marking the mol as 3D.
[08:58:01] Warning: molecule is tagged as 2D, but at least one Z coordinate is not zero. Marking the mol as 3D.
[08:58:01] Warning: molecule is tagged as 2D, but at least one Z coordinate is not zero. Marking the mol as 3D.
[08:58:01] Warning: molecule is tagged as 2D, but at least one Z coordinate is not zero. Marking the mol as 3D.
[08:58:01] Warning: molecule is tagged as 2D, but at least one Z coordinate is not zero. Marking the mol as 3D.
[08:58:01] Warning: molecule is tagged as 2D, but at least one Z coordinate is not zero. Marking the mol as 3D.
[08:58:01] Warning: molecule is tagged as 2D, but at least one Z coordinate is not zero. Marking the mol as 3D.
[08:58:01] Warning: molecule is tagged as 2D, but at least one Z coordinate is not zero. Marking the mol as 3D.
2026-06-11 08:58:01    Pose   minimizedAffinity    CNNscore   CNNaffinity          
2026-06-11 08:58:01    --------------------------------------------------------------
2026-06-11 08:58:01       1              -8.185      0.4142        +5.436  ★ best
2026-06-11 08:58:01       2              -8.678      0.3825        +5.316
2026-06-11 08:58:01       3              -4.245      0.3676        +4.137
2026-06-11 08:58:01       4              -8.504      0.3256        +4.975
2026-06-11 08:58:01       5              -8.505      0.3256        +5.247
2026-06-11 08:58:01       6              -4.462      0.3200        +3.746
2026-06-11 08:58:01       7              -5.612      0.3167        +4.126
2026-06-11 08:58:01       8              -5.131      0.2931        +4.105
2026-06-11 08:58:01       9              -5.131      0.2717        +4.148
2026-06-11 08:58:01  
────────────────────────────────────────────────────────────
2026-06-11 08:58:01  [142/200] decoys_41_ZINC51093957
2026-06-11 08:58:01  ────────────────────────────────────────────────────────────
[08:58:23] Warning: molecule is tagged as 2D, but at least one Z coordinate is not zero. Marking the mol as 3D.
[08:58:23] Warning: molecule is tagged as 2D, but at least one Z coordinate is not zero. Marking the mol as 3D.
[08:58:23] Warning: molecule is tagged as 2D, but at least one Z coordinate is not zero. Marking the mol as 3D.
[08:58:23] Warning: molecule is tagged as 2D, but at least one Z coordinate is not zero. Marking the mol as 3D.
[08:58:23] Warning: molecule is tagged as 2D, but at least one Z coordinate is not zero. Marking the mol as 3D.
[08:58:23] Warning: molecule is tagged as 2D, but at least one Z coordinate is not zero. Marking the mol as 3D.
[08:58:23] Warning: molecule is tagged as 2D, but at least one Z coordinate is not zero. Marking the mol as 3D.
[08:58:23] Warning: molecule is tagged as 2D, but at least one Z coordinate is not zero. Marking the mol as 3D.
[08:58:23] Warning: molecule is tagged as 2D, but at least one Z coordinate is not zero. Marking the mol as 3D.
2026-06-11 08:58:23    Pose   minimizedAffinity    CNNscore   CNNaffinity          
2026-06-11 08:58:23    --------------------------------------------------------------
2026-06-11 08:58:23       1              -7.321      0.5972        +5.360  ★ best
2026-06-11 08:58:23       2              -6.621      0.4295        +4.894
2026-06-11 08:58:23       3              -6.569      0.4235        +4.857
2026-06-11 08:58:23       4              -7.261      0.4155        +4.982
2026-06-11 08:58:23       5              -7.362      0.4113        +5.239
2026-06-11 08:58:23       6              -6.188      0.3785        +4.354
2026-06-11 08:58:23       7              -6.702      0.3678        +4.765
2026-06-11 08:58:23       8              -7.432      0.3652        +4.982
2026-06-11 08:58:23       9              -5.400      0.2548        +4.127
2026-06-11 08:58:23  
────────────────────────────────────────────────────────────
2026-06-11 08:58:23  [143/200] decoys_42_ZINC01445045
2026-06-11 08:58:23  ────────────────────────────────────────────────────────────
[08:59:13] Warning: molecule is tagged as 2D, but at least one Z coordinate is not zero. Marking the mol as 3D.
[08:59:13] Warning: molecule is tagged as 2D, but at least one Z coordinate is not zero. Marking the mol as 3D.
[08:59:13] Warning: molecule is tagged as 2D, but at least one Z coordinate is not zero. Marking the mol as 3D.
[08:59:13] Warning: molecule is tagged as 2D, but at least one Z coordinate is not zero. Marking the mol as 3D.
[08:59:13] Warning: molecule is tagged as 2D, but at least one Z coordinate is not zero. Marking the mol as 3D.
[08:59:13] Warning: molecule is tagged as 2D, but at least one Z coordinate is not zero. Marking the mol as 3D.
[08:59:13] Warning: molecule is tagged as 2D, but at least one Z coordinate is not zero. Marking the mol as 3D.
[08:59:13] Warning: molecule is tagged as 2D, but at least one Z coordinate is not zero. Marking the mol as 3D.
[08:59:13] Warning: molecule is tagged as 2D, but at least one Z coordinate is not zero. Marking the mol as 3D.
2026-06-11 08:59:13    Pose   minimizedAffinity    CNNscore   CNNaffinity          
2026-06-11 08:59:13    --------------------------------------------------------------
2026-06-11 08:59:13       1              -0.590      0.6433        +4.876  ★ best
2026-06-11 08:59:13       2              -4.176      0.4708        +5.092
2026-06-11 08:59:13       3              -4.422      0.3759        +4.702
2026-06-11 08:59:13       4              -4.463      0.3455        +5.149
2026-06-11 08:59:13       5              -4.045      0.3168        +4.592
2026-06-11 08:59:13       6              -4.878      0.3024        +4.997
2026-06-11 08:59:13       7              -4.003      0.2907        +4.649
2026-06-11 08:59:13       8              -4.230      0.2703        +4.441
2026-06-11 08:59:13       9              -4.574      0.2676        +4.653
2026-06-11 08:59:13  
────────────────────────────────────────────────────────────
2026-06-11 08:59:13  [144/200] decoys_43_ZINC22797752
2026-06-11 08:59:13  ────────────────────────────────────────────────────────────
[08:59:57] Warning: molecule is tagged as 2D, but at least one Z coordinate is not zero. Marking the mol as 3D.
[08:59:57] Warning: molecule is tagged as 2D, but at least one Z coordinate is not zero. Marking the mol as 3D.
[08:59:57] Warning: molecule is tagged as 2D, but at least one Z coordinate is not zero. Marking the mol as 3D.
[08:59:57] Warning: molecule is tagged as 2D, but at least one Z coordinate is not zero. Marking the mol as 3D.
[08:59:57] Warning: molecule is tagged as 2D, but at least one Z coordinate is not zero. Marking the mol as 3D.
[08:59:57] Warning: molecule is tagged as 2D, but at least one Z coordinate is not zero. Marking the mol as 3D.
[08:59:57] Warning: molecule is tagged as 2D, but at least one Z coordinate is not zero. Marking the mol as 3D.
[08:59:57] Warning: molecule is tagged as 2D, but at least one Z coordinate is not zero. Marking the mol as 3D.
[08:59:57] Warning: molecule is tagged as 2D, but at least one Z coordinate is not zero. Marking the mol as 3D.
2026-06-11 08:59:57    Pose   minimizedAffinity    CNNscore   CNNaffinity          
2026-06-11 08:59:57    --------------------------------------------------------------
2026-06-11 08:59:57       1              -9.240      0.8131        +7.134  ★ best
2026-06-11 08:59:57       2              -8.238      0.6966        +6.610
2026-06-11 08:59:57       3              -7.726      0.5399        +6.425
2026-06-11 08:59:57       4              -8.834      0.4130        +6.396
2026-06-11 08:59:57       5              -8.800      0.2532        +5.610
2026-06-11 08:59:57       6              -7.839      0.2322        +5.684
2026-06-11 08:59:57       7              -7.440      0.2225        +5.509
2026-06-11 08:59:57       8              -7.966      0.1922        +6.005
2026-06-11 08:59:57       9              -5.354      0.1860        +4.602
2026-06-11 08:59:57  
────────────────────────────────────────────────────────────
2026-06-11 08:59:57  [145/200] decoys_44_ZINC67414932
2026-06-11 08:59:57  ────────────────────────────────────────────────────────────
[09:00:39] Warning: molecule is tagged as 2D, but at least one Z coordinate is not zero. Marking the mol as 3D.
[09:00:39] Warning: molecule is tagged as 2D, but at least one Z coordinate is not zero. Marking the mol as 3D.
[09:00:39] Warning: molecule is tagged as 2D, but at least one Z coordinate is not zero. Marking the mol as 3D.
[09:00:39] Warning: molecule is tagged as 2D, but at least one Z coordinate is not zero. Marking the mol as 3D.
[09:00:39] Warning: molecule is tagged as 2D, but at least one Z coordinate is not zero. Marking the mol as 3D.
[09:00:39] Warning: molecule is tagged as 2D, but at least one Z coordinate is not zero. Marking the mol as 3D.
[09:00:39] Warning: molecule is tagged as 2D, but at least one Z coordinate is not zero. Marking the mol as 3D.
[09:00:39] Warning: molecule is tagged as 2D, but at least one Z coordinate is not zero. Marking the mol as 3D.
[09:00:39] Warning: molecule is tagged as 2D, but at least one Z coordinate is not zero. Marking the mol as 3D.
2026-06-11 09:00:39    Pose   minimizedAffinity    CNNscore   CNNaffinity          
2026-06-11 09:00:39    --------------------------------------------------------------
2026-06-11 09:00:39       1              -7.090      0.1396        +5.308  ★ best
2026-06-11 09:00:39       2              -8.922      0.1297        +5.258
2026-06-11 09:00:39       3              -7.630      0.1291        +5.112
2026-06-11 09:00:39       4              -8.643      0.1218        +6.278
2026-06-11 09:00:39       5              -7.932      0.1195        +5.750
2026-06-11 09:00:39       6              -7.419      0.1140        +5.324
2026-06-11 09:00:39       7              -7.017      0.1086        +4.892
2026-06-11 09:00:39       8              -7.182      0.1078        +5.224
2026-06-11 09:00:39       9              -8.917      0.1064        +6.322
2026-06-11 09:00:39  
────────────────────────────────────────────────────────────
2026-06-11 09:00:39  [146/200] decoys_45_ZINC06825719
2026-06-11 09:00:39  ────────────────────────────────────────────────────────────
[09:01:18] Warning: molecule is tagged as 2D, but at least one Z coordinate is not zero. Marking the mol as 3D.
[09:01:18] Warning: molecule is tagged as 2D, but at least one Z coordinate is not zero. Marking the mol as 3D.
[09:01:18] Warning: molecule is tagged as 2D, but at least one Z coordinate is not zero. Marking the mol as 3D.
[09:01:18] Warning: molecule is tagged as 2D, but at least one Z coordinate is not zero. Marking the mol as 3D.
[09:01:18] Warning: molecule is tagged as 2D, but at least one Z coordinate is not zero. Marking the mol as 3D.
[09:01:18] Warning: molecule is tagged as 2D, but at least one Z coordinate is not zero. Marking the mol as 3D.
[09:01:18] Warning: molecule is tagged as 2D, but at least one Z coordinate is not zero. Marking the mol as 3D.
[09:01:18] Warning: molecule is tagged as 2D, but at least one Z coordinate is not zero. Marking the mol as 3D.
[09:01:18] Warning: molecule is tagged as 2D, but at least one Z coordinate is not zero. Marking the mol as 3D.
2026-06-11 09:01:18    Pose   minimizedAffinity    CNNscore   CNNaffinity          
2026-06-11 09:01:18    --------------------------------------------------------------
2026-06-11 09:01:18       1              -9.367      0.6110        +6.642  ★ best
2026-06-11 09:01:18       2              -8.195      0.4599        +6.478
2026-06-11 09:01:18       3              -9.013      0.4091        +6.455
2026-06-11 09:01:18       4              -7.211      0.3459        +5.518
2026-06-11 09:01:18       5              -8.798      0.2565        +6.220
2026-06-11 09:01:18       6              -9.256      0.2422        +5.507
2026-06-11 09:01:18       7              -7.128      0.2249        +5.644
2026-06-11 09:01:18       8              -8.085      0.2189        +5.726
2026-06-11 09:01:18       9              -7.727      0.2144        +5.546
2026-06-11 09:01:18  
────────────────────────────────────────────────────────────
2026-06-11 09:01:18  [147/200] decoys_46_ZINC39631261
2026-06-11 09:01:18  ────────────────────────────────────────────────────────────
[09:02:42] Warning: molecule is tagged as 2D, but at least one Z coordinate is not zero. Marking the mol as 3D.
[09:02:42] Warning: molecule is tagged as 2D, but at least one Z coordinate is not zero. Marking the mol as 3D.
[09:02:42] Warning: molecule is tagged as 2D, but at least one Z coordinate is not zero. Marking the mol as 3D.
[09:02:42] Warning: molecule is tagged as 2D, but at least one Z coordinate is not zero. Marking the mol as 3D.
[09:02:42] Warning: molecule is tagged as 2D, but at least one Z coordinate is not zero. Marking the mol as 3D.
[09:02:42] Warning: molecule is tagged as 2D, but at least one Z coordinate is not zero. Marking the mol as 3D.
[09:02:42] Warning: molecule is tagged as 2D, but at least one Z coordinate is not zero. Marking the mol as 3D.
[09:02:42] Warning: molecule is tagged as 2D, but at least one Z coordinate is not zero. Marking the mol as 3D.
[09:02:42] Warning: molecule is tagged as 2D, but at least one Z coordinate is not zero. Marking the mol as 3D.
2026-06-11 09:02:42    Pose   minimizedAffinity    CNNscore   CNNaffinity          
2026-06-11 09:02:42    --------------------------------------------------------------
2026-06-11 09:02:42       1              -5.640      0.4440        +5.392  ★ best
2026-06-11 09:02:42       2              -4.631      0.4200        +4.865
2026-06-11 09:02:42       3              -4.552      0.3242        +5.038
2026-06-11 09:02:42       4              -4.644      0.3165        +4.885
2026-06-11 09:02:42       5              -4.814      0.3115        +4.656
2026-06-11 09:02:42       6              -4.587      0.2972        +4.967
2026-06-11 09:02:42       7              -4.713      0.2861        +4.824
2026-06-11 09:02:42       8              -4.408      0.2540        +4.192
2026-06-11 09:02:42       9              -5.515      0.2193        +5.324
2026-06-11 09:02:42  
────────────────────────────────────────────────────────────
2026-06-11 09:02:42  [148/200] decoys_47_ZINC36110843
2026-06-11 09:02:42  ────────────────────────────────────────────────────────────
[09:03:02] Warning: molecule is tagged as 2D, but at least one Z coordinate is not zero. Marking the mol as 3D.
[09:03:02] Warning: molecule is tagged as 2D, but at least one Z coordinate is not zero. Marking the mol as 3D.
[09:03:02] Warning: molecule is tagged as 2D, but at least one Z coordinate is not zero. Marking the mol as 3D.
[09:03:02] Warning: molecule is tagged as 2D, but at least one Z coordinate is not zero. Marking the mol as 3D.
[09:03:02] Warning: molecule is tagged as 2D, but at least one Z coordinate is not zero. Marking the mol as 3D.
[09:03:02] Warning: molecule is tagged as 2D, but at least one Z coordinate is not zero. Marking the mol as 3D.
[09:03:02] Warning: molecule is tagged as 2D, but at least one Z coordinate is not zero. Marking the mol as 3D.
[09:03:02] Warning: molecule is tagged as 2D, but at least one Z coordinate is not zero. Marking the mol as 3D.
[09:03:02] Warning: molecule is tagged as 2D, but at least one Z coordinate is not zero. Marking the mol as 3D.
2026-06-11 09:03:02    Pose   minimizedAffinity    CNNscore   CNNaffinity          
2026-06-11 09:03:02    --------------------------------------------------------------
2026-06-11 09:03:02       1              -5.326      0.5399        +4.933  ★ best
2026-06-11 09:03:02       2              -6.531      0.4980        +4.744
2026-06-11 09:03:02       3              -6.096      0.4893        +4.866
2026-06-11 09:03:02       4              -7.018      0.4508        +4.884
2026-06-11 09:03:02       5              -3.601      0.4360        +3.587
2026-06-11 09:03:02       6              -6.494      0.4243        +4.823
2026-06-11 09:03:02       7              -4.926      0.4067        +4.630
2026-06-11 09:03:02       8              -3.913      0.3960        +3.830
2026-06-11 09:03:02       9              -6.488      0.3870        +5.001
2026-06-11 09:03:02  
────────────────────────────────────────────────────────────
2026-06-11 09:03:02  [149/200] decoys_48_ZINC03846493
2026-06-11 09:03:02  ────────────────────────────────────────────────────────────
[09:03:31] Warning: molecule is tagged as 2D, but at least one Z coordinate is not zero. Marking the mol as 3D.
[09:03:31] Warning: molecule is tagged as 2D, but at least one Z coordinate is not zero. Marking the mol as 3D.
[09:03:31] Warning: molecule is tagged as 2D, but at least one Z coordinate is not zero. Marking the mol as 3D.
[09:03:31] Warning: molecule is tagged as 2D, but at least one Z coordinate is not zero. Marking the mol as 3D.
[09:03:31] Warning: molecule is tagged as 2D, but at least one Z coordinate is not zero. Marking the mol as 3D.
[09:03:31] Warning: molecule is tagged as 2D, but at least one Z coordinate is not zero. Marking the mol as 3D.
[09:03:31] Warning: molecule is tagged as 2D, but at least one Z coordinate is not zero. Marking the mol as 3D.
[09:03:31] Warning: molecule is tagged as 2D, but at least one Z coordinate is not zero. Marking the mol as 3D.
[09:03:31] Warning: molecule is tagged as 2D, but at least one Z coordinate is not zero. Marking the mol as 3D.
2026-06-11 09:03:31    Pose   minimizedAffinity    CNNscore   CNNaffinity          
2026-06-11 09:03:31    --------------------------------------------------------------
2026-06-11 09:03:31       1              -9.362      0.4565        +6.131  ★ best
2026-06-11 09:03:31       2              -9.351      0.3996        +6.035
2026-06-11 09:03:31       3              -9.557      0.3344        +5.785
2026-06-11 09:03:31       4              -5.900      0.2812        +4.511
2026-06-11 09:03:31       5              -5.229      0.2595        +4.111
2026-06-11 09:03:31       6              -7.161      0.2449        +4.269
2026-06-11 09:03:31       7              -6.652      0.2437        +4.633
2026-06-11 09:03:31       8              -7.469      0.1712        +5.625
2026-06-11 09:03:31       9              -6.713      0.1667        +4.228
2026-06-11 09:03:31  
────────────────────────────────────────────────────────────
2026-06-11 09:03:31  [150/200] decoys_49_ZINC39680642
2026-06-11 09:03:31  ────────────────────────────────────────────────────────────
[09:04:47] Warning: molecule is tagged as 2D, but at least one Z coordinate is not zero. Marking the mol as 3D.
[09:04:47] Warning: molecule is tagged as 2D, but at least one Z coordinate is not zero. Marking the mol as 3D.
[09:04:47] Warning: molecule is tagged as 2D, but at least one Z coordinate is not zero. Marking the mol as 3D.
[09:04:47] Warning: molecule is tagged as 2D, but at least one Z coordinate is not zero. Marking the mol as 3D.
[09:04:47] Warning: molecule is tagged as 2D, but at least one Z coordinate is not zero. Marking the mol as 3D.
[09:04:47] Warning: molecule is tagged as 2D, but at least one Z coordinate is not zero. Marking the mol as 3D.
[09:04:47] Warning: molecule is tagged as 2D, but at least one Z coordinate is not zero. Marking the mol as 3D.
[09:04:47] Warning: molecule is tagged as 2D, but at least one Z coordinate is not zero. Marking the mol as 3D.
[09:04:47] Warning: molecule is tagged as 2D, but at least one Z coordinate is not zero. Marking the mol as 3D.
2026-06-11 09:04:47    Pose   minimizedAffinity    CNNscore   CNNaffinity          
2026-06-11 09:04:47    --------------------------------------------------------------
2026-06-11 09:04:47       1              -5.701      0.2493        +5.226  ★ best
2026-06-11 09:04:47       2              -5.665      0.2272        +4.856
2026-06-11 09:04:47       3              -5.721      0.2262        +4.756
2026-06-11 09:04:47       4              -6.660      0.2046        +5.083
2026-06-11 09:04:47       5              -9.486      0.1881        +6.851
2026-06-11 09:04:47       6              -5.311      0.1792        +4.790
2026-06-11 09:04:47       7              -5.787      0.1446        +4.899
2026-06-11 09:04:47       8              -8.819      0.1399        +6.399
2026-06-11 09:04:47       9              -5.888      0.1330        +4.999
2026-06-11 09:04:47  
────────────────────────────────────────────────────────────
2026-06-11 09:04:47  [151/200] decoys_50_ZINC39991461
2026-06-11 09:04:47  ────────────────────────────────────────────────────────────
[09:05:27] Warning: molecule is tagged as 2D, but at least one Z coordinate is not zero. Marking the mol as 3D.
[09:05:27] Warning: molecule is tagged as 2D, but at least one Z coordinate is not zero. Marking the mol as 3D.
[09:05:27] Warning: molecule is tagged as 2D, but at least one Z coordinate is not zero. Marking the mol as 3D.
[09:05:27] Warning: molecule is tagged as 2D, but at least one Z coordinate is not zero. Marking the mol as 3D.
[09:05:27] Warning: molecule is tagged as 2D, but at least one Z coordinate is not zero. Marking the mol as 3D.
[09:05:27] Warning: molecule is tagged as 2D, but at least one Z coordinate is not zero. Marking the mol as 3D.
[09:05:27] Warning: molecule is tagged as 2D, but at least one Z coordinate is not zero. Marking the mol as 3D.
[09:05:27] Warning: molecule is tagged as 2D, but at least one Z coordinate is not zero. Marking the mol as 3D.
[09:05:27] Warning: molecule is tagged as 2D, but at least one Z coordinate is not zero. Marking the mol as 3D.
2026-06-11 09:05:27    Pose   minimizedAffinity    CNNscore   CNNaffinity          
2026-06-11 09:05:27    --------------------------------------------------------------
2026-06-11 09:05:27       1              -1.854      0.4894        +4.748  ★ best
2026-06-11 09:05:27       2              -7.938      0.4567        +6.429
2026-06-11 09:05:27       3              -9.802      0.4161        +6.366
2026-06-11 09:05:27       4             -10.378      0.3205        +6.926
2026-06-11 09:05:27       5              -8.265      0.3090        +6.243
2026-06-11 09:05:27       6              -9.179      0.1747        +5.866
2026-06-11 09:05:27       7              -9.049      0.1483        +6.092
2026-06-11 09:05:27       8             -10.450      0.1482        +6.022
2026-06-11 09:05:27       9              -9.746      0.1181        +5.917
2026-06-11 09:05:27  
────────────────────────────────────────────────────────────
2026-06-11 09:05:27  [152/200] decoys_51_ZINC39617617
2026-06-11 09:05:27  ────────────────────────────────────────────────────────────
[09:06:31] Warning: molecule is tagged as 2D, but at least one Z coordinate is not zero. Marking the mol as 3D.
[09:06:31] Warning: molecule is tagged as 2D, but at least one Z coordinate is not zero. Marking the mol as 3D.
[09:06:31] Warning: molecule is tagged as 2D, but at least one Z coordinate is not zero. Marking the mol as 3D.
[09:06:31] Warning: molecule is tagged as 2D, but at least one Z coordinate is not zero. Marking the mol as 3D.
[09:06:31] Warning: molecule is tagged as 2D, but at least one Z coordinate is not zero. Marking the mol as 3D.
[09:06:31] Warning: molecule is tagged as 2D, but at least one Z coordinate is not zero. Marking the mol as 3D.
[09:06:31] Warning: molecule is tagged as 2D, but at least one Z coordinate is not zero. Marking the mol as 3D.
[09:06:31] Warning: molecule is tagged as 2D, but at least one Z coordinate is not zero. Marking the mol as 3D.
[09:06:31] Warning: molecule is tagged as 2D, but at least one Z coordinate is not zero. Marking the mol as 3D.
2026-06-11 09:06:31    Pose   minimizedAffinity    CNNscore   CNNaffinity          
2026-06-11 09:06:31    --------------------------------------------------------------
2026-06-11 09:06:31       1              -7.517      0.4649        +6.250  ★ best
2026-06-11 09:06:31       2              -9.727      0.4117        +6.769
2026-06-11 09:06:31       3              -9.306      0.4099        +6.719
2026-06-11 09:06:31       4              -7.719      0.3829        +6.463
2026-06-11 09:06:31       5              -7.901      0.3308        +6.919
2026-06-11 09:06:31       6              -9.380      0.2532        +6.759
2026-06-11 09:06:31       7              -7.729      0.2429        +5.983
2026-06-11 09:06:31       8              -8.029      0.2225        +5.782
2026-06-11 09:06:31       9              -7.884      0.2139        +5.863
2026-06-11 09:06:31  
────────────────────────────────────────────────────────────
2026-06-11 09:06:31  [153/200] decoys_52_ZINC49776625
2026-06-11 09:06:31  ────────────────────────────────────────────────────────────
[09:06:47] Warning: molecule is tagged as 2D, but at least one Z coordinate is not zero. Marking the mol as 3D.
[09:06:47] Warning: molecule is tagged as 2D, but at least one Z coordinate is not zero. Marking the mol as 3D.
[09:06:47] Warning: molecule is tagged as 2D, but at least one Z coordinate is not zero. Marking the mol as 3D.
[09:06:47] Warning: molecule is tagged as 2D, but at least one Z coordinate is not zero. Marking the mol as 3D.
[09:06:47] Warning: molecule is tagged as 2D, but at least one Z coordinate is not zero. Marking the mol as 3D.
[09:06:47] Warning: molecule is tagged as 2D, but at least one Z coordinate is not zero. Marking the mol as 3D.
[09:06:47] Warning: molecule is tagged as 2D, but at least one Z coordinate is not zero. Marking the mol as 3D.
[09:06:47] Warning: molecule is tagged as 2D, but at least one Z coordinate is not zero. Marking the mol as 3D.
[09:06:47] Warning: molecule is tagged as 2D, but at least one Z coordinate is not zero. Marking the mol as 3D.
2026-06-11 09:06:47    Pose   minimizedAffinity    CNNscore   CNNaffinity          
2026-06-11 09:06:47    --------------------------------------------------------------
2026-06-11 09:06:47       1              -6.525      0.7655        +5.571  ★ best
2026-06-11 09:06:47       2              -7.329      0.6762        +5.421
2026-06-11 09:06:47       3              -6.886      0.5794        +5.193
2026-06-11 09:06:47       4              -6.915      0.4913        +4.808
2026-06-11 09:06:47       5              -5.925      0.4130        +5.142
2026-06-11 09:06:47       6              -3.665      0.4092        +3.331
2026-06-11 09:06:47       7              -4.155      0.4054        +3.399
2026-06-11 09:06:47       8              -5.429      0.4036        +4.991
2026-06-11 09:06:47       9              -6.283      0.3771        +4.877
2026-06-11 09:06:47  
────────────────────────────────────────────────────────────
2026-06-11 09:06:47  [154/200] decoys_53_ZINC66732945
2026-06-11 09:06:47  ────────────────────────────────────────────────────────────
[09:07:16] Warning: molecule is tagged as 2D, but at least one Z coordinate is not zero. Marking the mol as 3D.
[09:07:16] Warning: molecule is tagged as 2D, but at least one Z coordinate is not zero. Marking the mol as 3D.
[09:07:16] Warning: molecule is tagged as 2D, but at least one Z coordinate is not zero. Marking the mol as 3D.
[09:07:16] Warning: molecule is tagged as 2D, but at least one Z coordinate is not zero. Marking the mol as 3D.
[09:07:16] Warning: molecule is tagged as 2D, but at least one Z coordinate is not zero. Marking the mol as 3D.
[09:07:16] Warning: molecule is tagged as 2D, but at least one Z coordinate is not zero. Marking the mol as 3D.
[09:07:16] Warning: molecule is tagged as 2D, but at least one Z coordinate is not zero. Marking the mol as 3D.
[09:07:16] Warning: molecule is tagged as 2D, but at least one Z coordinate is not zero. Marking the mol as 3D.
[09:07:16] Warning: molecule is tagged as 2D, but at least one Z coordinate is not zero. Marking the mol as 3D.
2026-06-11 09:07:16    Pose   minimizedAffinity    CNNscore   CNNaffinity          
2026-06-11 09:07:16    --------------------------------------------------------------
2026-06-11 09:07:16       1             -10.255      0.7566        +6.808  ★ best
2026-06-11 09:07:16       2             -10.190      0.5096        +6.400
2026-06-11 09:07:16       3              -5.624      0.1765        +4.857
2026-06-11 09:07:16       4              -5.424      0.1722        +5.125
2026-06-11 09:07:16       5              -5.844      0.1550        +4.647
2026-06-11 09:07:16       6             -10.076      0.1434        +5.886
2026-06-11 09:07:16       7              -5.445      0.1405        +4.603
2026-06-11 09:07:16       8              -5.685      0.1366        +5.074
2026-06-11 09:07:16       9              -5.594      0.1244        +4.706
2026-06-11 09:07:16  
────────────────────────────────────────────────────────────
2026-06-11 09:07:16  [155/200] decoys_54_ZINC13550346
2026-06-11 09:07:16  ────────────────────────────────────────────────────────────
[09:07:56] Warning: molecule is tagged as 2D, but at least one Z coordinate is not zero. Marking the mol as 3D.
[09:07:56] Warning: molecule is tagged as 2D, but at least one Z coordinate is not zero. Marking the mol as 3D.
[09:07:56] Warning: molecule is tagged as 2D, but at least one Z coordinate is not zero. Marking the mol as 3D.
[09:07:56] Warning: molecule is tagged as 2D, but at least one Z coordinate is not zero. Marking the mol as 3D.
[09:07:56] Warning: molecule is tagged as 2D, but at least one Z coordinate is not zero. Marking the mol as 3D.
[09:07:56] Warning: molecule is tagged as 2D, but at least one Z coordinate is not zero. Marking the mol as 3D.
[09:07:56] Warning: molecule is tagged as 2D, but at least one Z coordinate is not zero. Marking the mol as 3D.
[09:07:56] Warning: molecule is tagged as 2D, but at least one Z coordinate is not zero. Marking the mol as 3D.
[09:07:56] Warning: molecule is tagged as 2D, but at least one Z coordinate is not zero. Marking the mol as 3D.
2026-06-11 09:07:56    Pose   minimizedAffinity    CNNscore   CNNaffinity          
2026-06-11 09:07:56    --------------------------------------------------------------
2026-06-11 09:07:56       1              -5.903      0.3269        +5.336  ★ best
2026-06-11 09:07:56       2              -6.582      0.2512        +5.336
2026-06-11 09:07:56       3              -7.925      0.1625        +6.067
2026-06-11 09:07:56       4              -6.463      0.1584        +5.018
2026-06-11 09:07:56       5              -8.284      0.1574        +6.507
2026-06-11 09:07:56       6              -7.398      0.1490        +6.071
2026-06-11 09:07:56       7              -5.712      0.1258        +4.786
2026-06-11 09:07:56       8              -5.763      0.1202        +5.364
2026-06-11 09:07:56       9              -9.081      0.1119        +5.338
2026-06-11 09:07:56  
────────────────────────────────────────────────────────────
2026-06-11 09:07:56  [156/200] decoys_55_ZINC14232991
2026-06-11 09:07:56  ────────────────────────────────────────────────────────────
[09:08:46] Warning: molecule is tagged as 2D, but at least one Z coordinate is not zero. Marking the mol as 3D.
[09:08:46] Warning: molecule is tagged as 2D, but at least one Z coordinate is not zero. Marking the mol as 3D.
[09:08:46] Warning: molecule is tagged as 2D, but at least one Z coordinate is not zero. Marking the mol as 3D.
[09:08:46] Warning: molecule is tagged as 2D, but at least one Z coordinate is not zero. Marking the mol as 3D.
[09:08:46] Warning: molecule is tagged as 2D, but at least one Z coordinate is not zero. Marking the mol as 3D.
[09:08:46] Warning: molecule is tagged as 2D, but at least one Z coordinate is not zero. Marking the mol as 3D.
[09:08:46] Warning: molecule is tagged as 2D, but at least one Z coordinate is not zero. Marking the mol as 3D.
[09:08:46] Warning: molecule is tagged as 2D, but at least one Z coordinate is not zero. Marking the mol as 3D.
[09:08:46] Warning: molecule is tagged as 2D, but at least one Z coordinate is not zero. Marking the mol as 3D.
2026-06-11 09:08:46    Pose   minimizedAffinity    CNNscore   CNNaffinity          
2026-06-11 09:08:46    --------------------------------------------------------------
2026-06-11 09:08:46       1              -9.696      0.3581        +6.654  ★ best
2026-06-11 09:08:46       2              -6.136      0.3450        +4.848
2026-06-11 09:08:46       3              -7.205      0.2929        +6.392
2026-06-11 09:08:46       4              -8.419      0.2413        +5.897
2026-06-11 09:08:46       5              -5.696      0.1687        +4.907
2026-06-11 09:08:46       6              -9.262      0.1610        +5.663
2026-06-11 09:08:46       7              -5.594      0.1569        +4.842
2026-06-11 09:08:46       8              -7.981      0.1557        +5.598
2026-06-11 09:08:46       9              -7.982      0.1519        +5.046
2026-06-11 09:08:46  
────────────────────────────────────────────────────────────
2026-06-11 09:08:46  [157/200] decoys_56_ZINC38613236
2026-06-11 09:08:46  ────────────────────────────────────────────────────────────
[09:09:17] Warning: molecule is tagged as 2D, but at least one Z coordinate is not zero. Marking the mol as 3D.
[09:09:17] Warning: molecule is tagged as 2D, but at least one Z coordinate is not zero. Marking the mol as 3D.
[09:09:17] Warning: molecule is tagged as 2D, but at least one Z coordinate is not zero. Marking the mol as 3D.
[09:09:17] Warning: molecule is tagged as 2D, but at least one Z coordinate is not zero. Marking the mol as 3D.
[09:09:17] Warning: molecule is tagged as 2D, but at least one Z coordinate is not zero. Marking the mol as 3D.
[09:09:17] Warning: molecule is tagged as 2D, but at least one Z coordinate is not zero. Marking the mol as 3D.
[09:09:17] Warning: molecule is tagged as 2D, but at least one Z coordinate is not zero. Marking the mol as 3D.
[09:09:17] Warning: molecule is tagged as 2D, but at least one Z coordinate is not zero. Marking the mol as 3D.
[09:09:17] Warning: molecule is tagged as 2D, but at least one Z coordinate is not zero. Marking the mol as 3D.
2026-06-11 09:09:17    Pose   minimizedAffinity    CNNscore   CNNaffinity          
2026-06-11 09:09:17    --------------------------------------------------------------
2026-06-11 09:09:17       1              -7.572      0.6077        +6.503  ★ best
2026-06-11 09:09:17       2              -6.959      0.5479        +6.351
2026-06-11 09:09:17       3              -6.372      0.5355        +6.303
2026-06-11 09:09:17       4              -7.994      0.4920        +6.166
2026-06-11 09:09:17       5              -6.955      0.4509        +5.840
2026-06-11 09:09:17       6              -4.629      0.4144        +4.551
2026-06-11 09:09:17       7              -7.746      0.4095        +6.232
2026-06-11 09:09:17       8              -5.472      0.3779        +4.386
2026-06-11 09:09:17       9              -6.899      0.3429        +5.856
2026-06-11 09:09:17  
────────────────────────────────────────────────────────────
2026-06-11 09:09:17  [158/200] decoys_57_ZINC28568062
2026-06-11 09:09:17  ────────────────────────────────────────────────────────────
[09:09:39] Warning: molecule is tagged as 2D, but at least one Z coordinate is not zero. Marking the mol as 3D.
[09:09:39] Warning: molecule is tagged as 2D, but at least one Z coordinate is not zero. Marking the mol as 3D.
[09:09:39] Warning: molecule is tagged as 2D, but at least one Z coordinate is not zero. Marking the mol as 3D.
[09:09:39] Warning: molecule is tagged as 2D, but at least one Z coordinate is not zero. Marking the mol as 3D.
[09:09:39] Warning: molecule is tagged as 2D, but at least one Z coordinate is not zero. Marking the mol as 3D.
[09:09:39] Warning: molecule is tagged as 2D, but at least one Z coordinate is not zero. Marking the mol as 3D.
[09:09:39] Warning: molecule is tagged as 2D, but at least one Z coordinate is not zero. Marking the mol as 3D.
[09:09:39] Warning: molecule is tagged as 2D, but at least one Z coordinate is not zero. Marking the mol as 3D.
[09:09:39] Warning: molecule is tagged as 2D, but at least one Z coordinate is not zero. Marking the mol as 3D.
2026-06-11 09:09:39    Pose   minimizedAffinity    CNNscore   CNNaffinity          
2026-06-11 09:09:39    --------------------------------------------------------------
2026-06-11 09:09:39       1              -8.296      0.6842        +4.387  ★ best
2026-06-11 09:09:39       2              -7.751      0.4877        +3.938
2026-06-11 09:09:39       3              -8.359      0.4469        +4.087
2026-06-11 09:09:39       4              -7.800      0.3901        +3.700
2026-06-11 09:09:39       5              -7.324      0.3695        +3.628
2026-06-11 09:09:39       6              -7.668      0.3330        +3.830
2026-06-11 09:09:39       7              -7.016      0.3017        +3.776
2026-06-11 09:09:39       8              -6.766      0.2931        +3.695
2026-06-11 09:09:39       9              -6.856      0.2628        +3.340
2026-06-11 09:09:39  
────────────────────────────────────────────────────────────
2026-06-11 09:09:39  [159/200] decoys_58_ZINC10315666
2026-06-11 09:09:39  ────────────────────────────────────────────────────────────
[09:11:01] Warning: molecule is tagged as 2D, but at least one Z coordinate is not zero. Marking the mol as 3D.
[09:11:01] Warning: molecule is tagged as 2D, but at least one Z coordinate is not zero. Marking the mol as 3D.
[09:11:01] Warning: molecule is tagged as 2D, but at least one Z coordinate is not zero. Marking the mol as 3D.
[09:11:01] Warning: molecule is tagged as 2D, but at least one Z coordinate is not zero. Marking the mol as 3D.
[09:11:01] Warning: molecule is tagged as 2D, but at least one Z coordinate is not zero. Marking the mol as 3D.
[09:11:01] Warning: molecule is tagged as 2D, but at least one Z coordinate is not zero. Marking the mol as 3D.
[09:11:01] Warning: molecule is tagged as 2D, but at least one Z coordinate is not zero. Marking the mol as 3D.
[09:11:01] Warning: molecule is tagged as 2D, but at least one Z coordinate is not zero. Marking the mol as 3D.
[09:11:01] Warning: molecule is tagged as 2D, but at least one Z coordinate is not zero. Marking the mol as 3D.
2026-06-11 09:11:01    Pose   minimizedAffinity    CNNscore   CNNaffinity          
2026-06-11 09:11:01    --------------------------------------------------------------
2026-06-11 09:11:01       1              -9.572      0.3947        +7.336  ★ best
2026-06-11 09:11:01       2              -9.097      0.3451        +6.357
2026-06-11 09:11:01       3              -8.486      0.2835        +6.330
2026-06-11 09:11:01       4              -7.725      0.2795        +6.570
2026-06-11 09:11:01       5              -8.075      0.2486        +6.590
2026-06-11 09:11:01       6              -7.462      0.2479        +6.729
2026-06-11 09:11:01       7              -8.670      0.2443        +6.903
2026-06-11 09:11:01       8              -7.810      0.2332        +6.460
2026-06-11 09:11:01       9              -8.633      0.2195        +6.704
2026-06-11 09:11:01  
────────────────────────────────────────────────────────────
2026-06-11 09:11:01  [160/200] decoys_59_ZINC16026456
2026-06-11 09:11:01  ────────────────────────────────────────────────────────────
[09:11:33] Warning: molecule is tagged as 2D, but at least one Z coordinate is not zero. Marking the mol as 3D.
[09:11:33] Warning: molecule is tagged as 2D, but at least one Z coordinate is not zero. Marking the mol as 3D.
[09:11:33] Warning: molecule is tagged as 2D, but at least one Z coordinate is not zero. Marking the mol as 3D.
[09:11:33] Warning: molecule is tagged as 2D, but at least one Z coordinate is not zero. Marking the mol as 3D.
[09:11:33] Warning: molecule is tagged as 2D, but at least one Z coordinate is not zero. Marking the mol as 3D.
[09:11:33] Warning: molecule is tagged as 2D, but at least one Z coordinate is not zero. Marking the mol as 3D.
[09:11:33] Warning: molecule is tagged as 2D, but at least one Z coordinate is not zero. Marking the mol as 3D.
[09:11:33] Warning: molecule is tagged as 2D, but at least one Z coordinate is not zero. Marking the mol as 3D.
[09:11:33] Warning: molecule is tagged as 2D, but at least one Z coordinate is not zero. Marking the mol as 3D.
2026-06-11 09:11:33    Pose   minimizedAffinity    CNNscore   CNNaffinity          
2026-06-11 09:11:33    --------------------------------------------------------------
2026-06-11 09:11:33       1              -3.845      0.7129        +4.586  ★ best
2026-06-11 09:11:33       2              -3.854      0.6825        +4.409
2026-06-11 09:11:33       3              -6.542      0.5017        +6.393
2026-06-11 09:11:33       4              -4.149      0.4761        +4.657
2026-06-11 09:11:33       5              -4.146      0.4659        +4.034
2026-06-11 09:11:33       6              -4.055      0.4466        +4.717
2026-06-11 09:11:33       7              -4.014      0.4325        +4.827
2026-06-11 09:11:33       8              -4.335      0.3772        +4.225
2026-06-11 09:11:33       9              -5.863      0.3725        +4.622
2026-06-11 09:11:33  
────────────────────────────────────────────────────────────
2026-06-11 09:11:33  [161/200] decoys_60_ZINC39676264
2026-06-11 09:11:33  ────────────────────────────────────────────────────────────
[09:12:42] Warning: molecule is tagged as 2D, but at least one Z coordinate is not zero. Marking the mol as 3D.
[09:12:42] Warning: molecule is tagged as 2D, but at least one Z coordinate is not zero. Marking the mol as 3D.
[09:12:42] Warning: molecule is tagged as 2D, but at least one Z coordinate is not zero. Marking the mol as 3D.
[09:12:42] Warning: molecule is tagged as 2D, but at least one Z coordinate is not zero. Marking the mol as 3D.
[09:12:42] Warning: molecule is tagged as 2D, but at least one Z coordinate is not zero. Marking the mol as 3D.
[09:12:42] Warning: molecule is tagged as 2D, but at least one Z coordinate is not zero. Marking the mol as 3D.
[09:12:42] Warning: molecule is tagged as 2D, but at least one Z coordinate is not zero. Marking the mol as 3D.
[09:12:42] Warning: molecule is tagged as 2D, but at least one Z coordinate is not zero. Marking the mol as 3D.
[09:12:42] Warning: molecule is tagged as 2D, but at least one Z coordinate is not zero. Marking the mol as 3D.
2026-06-11 09:12:42    Pose   minimizedAffinity    CNNscore   CNNaffinity          
2026-06-11 09:12:42    --------------------------------------------------------------
2026-06-11 09:12:42       1              -9.651      0.6422        +7.050  ★ best
2026-06-11 09:12:42       2             -10.069      0.5971        +6.820
2026-06-11 09:12:42       3              -9.759      0.5124        +6.872
2026-06-11 09:12:42       4             -10.676      0.2319        +6.839
2026-06-11 09:12:42       5              -9.153      0.2294        +6.235
2026-06-11 09:12:42       6              -8.597      0.1820        +6.174
2026-06-11 09:12:42       7              -8.997      0.1447        +5.777
2026-06-11 09:12:42       8             -10.728      0.1134        +5.888
2026-06-11 09:12:42       9              -8.831      0.0937        +5.919
2026-06-11 09:12:42  
────────────────────────────────────────────────────────────
2026-06-11 09:12:42  [162/200] decoys_61_ZINC23281215
2026-06-11 09:12:42  ────────────────────────────────────────────────────────────
[09:13:16] Warning: molecule is tagged as 2D, but at least one Z coordinate is not zero. Marking the mol as 3D.
[09:13:16] Warning: molecule is tagged as 2D, but at least one Z coordinate is not zero. Marking the mol as 3D.
[09:13:16] Warning: molecule is tagged as 2D, but at least one Z coordinate is not zero. Marking the mol as 3D.
[09:13:16] Warning: molecule is tagged as 2D, but at least one Z coordinate is not zero. Marking the mol as 3D.
[09:13:16] Warning: molecule is tagged as 2D, but at least one Z coordinate is not zero. Marking the mol as 3D.
[09:13:16] Warning: molecule is tagged as 2D, but at least one Z coordinate is not zero. Marking the mol as 3D.
[09:13:16] Warning: molecule is tagged as 2D, but at least one Z coordinate is not zero. Marking the mol as 3D.
[09:13:16] Warning: molecule is tagged as 2D, but at least one Z coordinate is not zero. Marking the mol as 3D.
[09:13:16] Warning: molecule is tagged as 2D, but at least one Z coordinate is not zero. Marking the mol as 3D.
2026-06-11 09:13:16    Pose   minimizedAffinity    CNNscore   CNNaffinity          
2026-06-11 09:13:16    --------------------------------------------------------------
2026-06-11 09:13:16       1              -9.562      0.4012        +5.997  ★ best
2026-06-11 09:13:16       2              -9.578      0.3021        +5.747
2026-06-11 09:13:16       3              -9.371      0.2704        +5.668
2026-06-11 09:13:16       4              -9.260      0.2348        +5.390
2026-06-11 09:13:16       5              -7.764      0.2331        +5.536
2026-06-11 09:13:16       6              -8.975      0.2168        +5.443
2026-06-11 09:13:16       7              -7.325      0.2164        +5.143
2026-06-11 09:13:16       8              -8.666      0.1914        +5.220
2026-06-11 09:13:16       9              -9.446      0.1835        +5.410
2026-06-11 09:13:16  
────────────────────────────────────────────────────────────
2026-06-11 09:13:16  [163/200] decoys_62_ZINC06049249
2026-06-11 09:13:16  ────────────────────────────────────────────────────────────
[09:13:45] Warning: molecule is tagged as 2D, but at least one Z coordinate is not zero. Marking the mol as 3D.
[09:13:45] Warning: molecule is tagged as 2D, but at least one Z coordinate is not zero. Marking the mol as 3D.
[09:13:45] Warning: molecule is tagged as 2D, but at least one Z coordinate is not zero. Marking the mol as 3D.
[09:13:45] Warning: molecule is tagged as 2D, but at least one Z coordinate is not zero. Marking the mol as 3D.
[09:13:45] Warning: molecule is tagged as 2D, but at least one Z coordinate is not zero. Marking the mol as 3D.
[09:13:45] Warning: molecule is tagged as 2D, but at least one Z coordinate is not zero. Marking the mol as 3D.
[09:13:45] Warning: molecule is tagged as 2D, but at least one Z coordinate is not zero. Marking the mol as 3D.
[09:13:45] Warning: molecule is tagged as 2D, but at least one Z coordinate is not zero. Marking the mol as 3D.
[09:13:45] Warning: molecule is tagged as 2D, but at least one Z coordinate is not zero. Marking the mol as 3D.
2026-06-11 09:13:45    Pose   minimizedAffinity    CNNscore   CNNaffinity          
2026-06-11 09:13:45    --------------------------------------------------------------
2026-06-11 09:13:45       1              -6.919      0.8634        +5.491  ★ best
2026-06-11 09:13:45       2              -6.488      0.7409        +5.162
2026-06-11 09:13:45       3              -7.475      0.4736        +5.467
2026-06-11 09:13:45       4              -6.998      0.3960        +5.155
2026-06-11 09:13:45       5              -7.559      0.3740        +5.197
2026-06-11 09:13:45       6              -6.710      0.3396        +4.514
2026-06-11 09:13:45       7              -6.254      0.3382        +4.426
2026-06-11 09:13:45       8              -7.828      0.3068        +5.315
2026-06-11 09:13:45       9              -7.289      0.2982        +5.102
2026-06-11 09:13:45  
────────────────────────────────────────────────────────────
2026-06-11 09:13:45  [164/200] decoys_63_ZINC06631494
2026-06-11 09:13:45  ────────────────────────────────────────────────────────────
[09:15:22] Warning: molecule is tagged as 2D, but at least one Z coordinate is not zero. Marking the mol as 3D.
[09:15:22] Warning: molecule is tagged as 2D, but at least one Z coordinate is not zero. Marking the mol as 3D.
[09:15:22] Warning: molecule is tagged as 2D, but at least one Z coordinate is not zero. Marking the mol as 3D.
[09:15:22] Warning: molecule is tagged as 2D, but at least one Z coordinate is not zero. Marking the mol as 3D.
[09:15:22] Warning: molecule is tagged as 2D, but at least one Z coordinate is not zero. Marking the mol as 3D.
[09:15:22] Warning: molecule is tagged as 2D, but at least one Z coordinate is not zero. Marking the mol as 3D.
[09:15:22] Warning: molecule is tagged as 2D, but at least one Z coordinate is not zero. Marking the mol as 3D.
[09:15:22] Warning: molecule is tagged as 2D, but at least one Z coordinate is not zero. Marking the mol as 3D.
[09:15:22] Warning: molecule is tagged as 2D, but at least one Z coordinate is not zero. Marking the mol as 3D.
2026-06-11 09:15:22    Pose   minimizedAffinity    CNNscore   CNNaffinity          
2026-06-11 09:15:22    --------------------------------------------------------------
2026-06-11 09:15:22       1              -4.200      0.2069        +5.071  ★ best
2026-06-11 09:15:22       2              -5.678      0.2036        +5.580
2026-06-11 09:15:22       3              -4.377      0.1628        +5.419
2026-06-11 09:15:22       4              -4.228      0.1518        +5.089
2026-06-11 09:15:22       5              -4.481      0.1495        +4.694
2026-06-11 09:15:22       6              -4.265      0.1463        +5.127
2026-06-11 09:15:22       7              -4.242      0.1405        +5.272
2026-06-11 09:15:22       8              -4.192      0.1304        +5.300
2026-06-11 09:15:22       9              -5.862      0.1301        +5.459
2026-06-11 09:15:22  
────────────────────────────────────────────────────────────
2026-06-11 09:15:22  [165/200] decoys_64_ZINC39684224
2026-06-11 09:15:22  ────────────────────────────────────────────────────────────
[09:16:47] Warning: molecule is tagged as 2D, but at least one Z coordinate is not zero. Marking the mol as 3D.
[09:16:47] Warning: molecule is tagged as 2D, but at least one Z coordinate is not zero. Marking the mol as 3D.
[09:16:47] Warning: molecule is tagged as 2D, but at least one Z coordinate is not zero. Marking the mol as 3D.
[09:16:47] Warning: molecule is tagged as 2D, but at least one Z coordinate is not zero. Marking the mol as 3D.
[09:16:47] Warning: molecule is tagged as 2D, but at least one Z coordinate is not zero. Marking the mol as 3D.
[09:16:47] Warning: molecule is tagged as 2D, but at least one Z coordinate is not zero. Marking the mol as 3D.
[09:16:47] Warning: molecule is tagged as 2D, but at least one Z coordinate is not zero. Marking the mol as 3D.
[09:16:47] Warning: molecule is tagged as 2D, but at least one Z coordinate is not zero. Marking the mol as 3D.
[09:16:47] Warning: molecule is tagged as 2D, but at least one Z coordinate is not zero. Marking the mol as 3D.
2026-06-11 09:16:47    Pose   minimizedAffinity    CNNscore   CNNaffinity          
2026-06-11 09:16:47    --------------------------------------------------------------
2026-06-11 09:16:47       1             -10.885      0.3958        +7.445  ★ best
2026-06-11 09:16:47       2              -6.169      0.3307        +5.189
2026-06-11 09:16:47       3              -6.397      0.2925        +5.374
2026-06-11 09:16:47       4              -6.274      0.2440        +5.328
2026-06-11 09:16:47       5              -7.929      0.2333        +5.511
2026-06-11 09:16:47       6              -6.328      0.2247        +5.390
2026-06-11 09:16:47       7              -7.400      0.1757        +4.882
2026-06-11 09:16:47       8              -9.752      0.1433        +6.236
2026-06-11 09:16:47       9              -7.024      0.1408        +5.107
2026-06-11 09:16:47  
────────────────────────────────────────────────────────────
2026-06-11 09:16:47  [166/200] decoys_65_ZINC02395284
2026-06-11 09:16:47  ────────────────────────────────────────────────────────────
[09:17:20] Warning: molecule is tagged as 2D, but at least one Z coordinate is not zero. Marking the mol as 3D.
[09:17:20] Warning: molecule is tagged as 2D, but at least one Z coordinate is not zero. Marking the mol as 3D.
[09:17:20] Warning: molecule is tagged as 2D, but at least one Z coordinate is not zero. Marking the mol as 3D.
[09:17:20] Warning: molecule is tagged as 2D, but at least one Z coordinate is not zero. Marking the mol as 3D.
[09:17:20] Warning: molecule is tagged as 2D, but at least one Z coordinate is not zero. Marking the mol as 3D.
[09:17:20] Warning: molecule is tagged as 2D, but at least one Z coordinate is not zero. Marking the mol as 3D.
[09:17:20] Warning: molecule is tagged as 2D, but at least one Z coordinate is not zero. Marking the mol as 3D.
[09:17:20] Warning: molecule is tagged as 2D, but at least one Z coordinate is not zero. Marking the mol as 3D.
[09:17:20] Warning: molecule is tagged as 2D, but at least one Z coordinate is not zero. Marking the mol as 3D.
2026-06-11 09:17:20    Pose   minimizedAffinity    CNNscore   CNNaffinity          
2026-06-11 09:17:20    --------------------------------------------------------------
2026-06-11 09:17:20       1              -6.394      0.6140        +5.316  ★ best
2026-06-11 09:17:20       2              -9.312      0.4613        +6.552
2026-06-11 09:17:20       3              -9.952      0.4372        +6.274
2026-06-11 09:17:20       4              -9.664      0.4186        +6.313
2026-06-11 09:17:20       5              -5.835      0.4186        +4.719
2026-06-11 09:17:20       6              -6.594      0.4110        +5.069
2026-06-11 09:17:20       7              -8.881      0.3603        +6.078
2026-06-11 09:17:20       8              -9.694      0.2834        +5.967
2026-06-11 09:17:20       9              -9.470      0.2687        +5.857
2026-06-11 09:17:20  
────────────────────────────────────────────────────────────
2026-06-11 09:17:20  [167/200] decoys_66_ZINC50397239
2026-06-11 09:17:20  ────────────────────────────────────────────────────────────
[09:17:41] Warning: molecule is tagged as 2D, but at least one Z coordinate is not zero. Marking the mol as 3D.
[09:17:41] Warning: molecule is tagged as 2D, but at least one Z coordinate is not zero. Marking the mol as 3D.
[09:17:41] Warning: molecule is tagged as 2D, but at least one Z coordinate is not zero. Marking the mol as 3D.
[09:17:41] Warning: molecule is tagged as 2D, but at least one Z coordinate is not zero. Marking the mol as 3D.
[09:17:41] Warning: molecule is tagged as 2D, but at least one Z coordinate is not zero. Marking the mol as 3D.
[09:17:41] Warning: molecule is tagged as 2D, but at least one Z coordinate is not zero. Marking the mol as 3D.
[09:17:41] Warning: molecule is tagged as 2D, but at least one Z coordinate is not zero. Marking the mol as 3D.
[09:17:41] Warning: molecule is tagged as 2D, but at least one Z coordinate is not zero. Marking the mol as 3D.
[09:17:41] Warning: molecule is tagged as 2D, but at least one Z coordinate is not zero. Marking the mol as 3D.
2026-06-11 09:17:41    Pose   minimizedAffinity    CNNscore   CNNaffinity          
2026-06-11 09:17:41    --------------------------------------------------------------
2026-06-11 09:17:41       1              -6.899      0.6042        +4.369  ★ best
2026-06-11 09:17:41       2              -6.460      0.3243        +4.061
2026-06-11 09:17:41       3              -5.200      0.2991        +3.660
2026-06-11 09:17:41       4              -5.579      0.2891        +4.204
2026-06-11 09:17:41       5              -5.293      0.2807        +3.830
2026-06-11 09:17:41       6              -9.055      0.2417        +5.082
2026-06-11 09:17:41       7              -8.443      0.2180        +4.625
2026-06-11 09:17:41       8              -5.470      0.1863        +3.622
2026-06-11 09:17:41       9              -6.317      0.1853        +3.726
2026-06-11 09:17:41  
────────────────────────────────────────────────────────────
2026-06-11 09:17:41  [168/200] decoys_67_ZINC38659106
2026-06-11 09:17:41  ────────────────────────────────────────────────────────────
[09:18:35] Warning: molecule is tagged as 2D, but at least one Z coordinate is not zero. Marking the mol as 3D.
[09:18:35] Warning: molecule is tagged as 2D, but at least one Z coordinate is not zero. Marking the mol as 3D.
[09:18:35] Warning: molecule is tagged as 2D, but at least one Z coordinate is not zero. Marking the mol as 3D.
[09:18:35] Warning: molecule is tagged as 2D, but at least one Z coordinate is not zero. Marking the mol as 3D.
[09:18:35] Warning: molecule is tagged as 2D, but at least one Z coordinate is not zero. Marking the mol as 3D.
[09:18:35] Warning: molecule is tagged as 2D, but at least one Z coordinate is not zero. Marking the mol as 3D.
[09:18:35] Warning: molecule is tagged as 2D, but at least one Z coordinate is not zero. Marking the mol as 3D.
[09:18:35] Warning: molecule is tagged as 2D, but at least one Z coordinate is not zero. Marking the mol as 3D.
[09:18:35] Warning: molecule is tagged as 2D, but at least one Z coordinate is not zero. Marking the mol as 3D.
2026-06-11 09:18:35    Pose   minimizedAffinity    CNNscore   CNNaffinity          
2026-06-11 09:18:35    --------------------------------------------------------------
2026-06-11 09:18:35       1              -9.929      0.6466        +6.929  ★ best
2026-06-11 09:18:35       2              -9.243      0.6122        +6.276
2026-06-11 09:18:35       3              -9.492      0.4727        +6.542
2026-06-11 09:18:35       4              -9.211      0.4490        +6.243
2026-06-11 09:18:35       5              -8.578      0.3369        +6.089
2026-06-11 09:18:35       6              -9.279      0.2578        +5.903
2026-06-11 09:18:35       7              -6.120      0.2394        +4.317
2026-06-11 09:18:35       8              -9.103      0.2366        +6.146
2026-06-11 09:18:35       9              -6.593      0.2237        +4.808
2026-06-11 09:18:35  
────────────────────────────────────────────────────────────
2026-06-11 09:18:35  [169/200] decoys_68_ZINC35092965
2026-06-11 09:18:35  ────────────────────────────────────────────────────────────
[09:19:34] Warning: molecule is tagged as 2D, but at least one Z coordinate is not zero. Marking the mol as 3D.
[09:19:34] Warning: molecule is tagged as 2D, but at least one Z coordinate is not zero. Marking the mol as 3D.
[09:19:34] Warning: molecule is tagged as 2D, but at least one Z coordinate is not zero. Marking the mol as 3D.
[09:19:34] Warning: molecule is tagged as 2D, but at least one Z coordinate is not zero. Marking the mol as 3D.
[09:19:34] Warning: molecule is tagged as 2D, but at least one Z coordinate is not zero. Marking the mol as 3D.
[09:19:34] Warning: molecule is tagged as 2D, but at least one Z coordinate is not zero. Marking the mol as 3D.
[09:19:34] Warning: molecule is tagged as 2D, but at least one Z coordinate is not zero. Marking the mol as 3D.
[09:19:34] Warning: molecule is tagged as 2D, but at least one Z coordinate is not zero. Marking the mol as 3D.
[09:19:34] Warning: molecule is tagged as 2D, but at least one Z coordinate is not zero. Marking the mol as 3D.
2026-06-11 09:19:34    Pose   minimizedAffinity    CNNscore   CNNaffinity          
2026-06-11 09:19:34    --------------------------------------------------------------
2026-06-11 09:19:34       1              -8.135      0.3661        +5.975  ★ best
2026-06-11 09:19:34       2              -6.992      0.3558        +5.926
2026-06-11 09:19:34       3              -8.712      0.3329        +6.081
2026-06-11 09:19:34       4              -5.599      0.3255        +5.575
2026-06-11 09:19:34       5              -6.463      0.3227        +5.709
2026-06-11 09:19:34       6              -9.668      0.3023        +5.886
2026-06-11 09:19:34       7              -8.209      0.2834        +5.664
2026-06-11 09:19:34       8              -6.907      0.2648        +6.001
2026-06-11 09:19:34       9              -9.042      0.2367        +5.690
2026-06-11 09:19:34  
────────────────────────────────────────────────────────────
2026-06-11 09:19:34  [170/200] decoys_69_ZINC39496630
2026-06-11 09:19:34  ────────────────────────────────────────────────────────────
[09:20:01] Warning: molecule is tagged as 2D, but at least one Z coordinate is not zero. Marking the mol as 3D.
[09:20:01] Warning: molecule is tagged as 2D, but at least one Z coordinate is not zero. Marking the mol as 3D.
[09:20:01] Warning: molecule is tagged as 2D, but at least one Z coordinate is not zero. Marking the mol as 3D.
[09:20:01] Warning: molecule is tagged as 2D, but at least one Z coordinate is not zero. Marking the mol as 3D.
[09:20:01] Warning: molecule is tagged as 2D, but at least one Z coordinate is not zero. Marking the mol as 3D.
[09:20:01] Warning: molecule is tagged as 2D, but at least one Z coordinate is not zero. Marking the mol as 3D.
[09:20:01] Warning: molecule is tagged as 2D, but at least one Z coordinate is not zero. Marking the mol as 3D.
[09:20:01] Warning: molecule is tagged as 2D, but at least one Z coordinate is not zero. Marking the mol as 3D.
[09:20:01] Warning: molecule is tagged as 2D, but at least one Z coordinate is not zero. Marking the mol as 3D.
2026-06-11 09:20:01    Pose   minimizedAffinity    CNNscore   CNNaffinity          
2026-06-11 09:20:01    --------------------------------------------------------------
2026-06-11 09:20:01       1              -4.271      0.6545        +4.029  ★ best
2026-06-11 09:20:01       2              -4.630      0.6262        +4.036
2026-06-11 09:20:01       3              -5.409      0.4992        +4.076
2026-06-11 09:20:01       4              -8.800      0.4665        +5.013
2026-06-11 09:20:01       5              -8.876      0.4069        +5.030
2026-06-11 09:20:01       6              -4.931      0.3894        +3.717
2026-06-11 09:20:01       7              -8.720      0.3881        +4.942
2026-06-11 09:20:01       8              -7.044      0.3813        +4.830
2026-06-11 09:20:01       9              -4.595      0.3649        +3.862
2026-06-11 09:20:01  
────────────────────────────────────────────────────────────
2026-06-11 09:20:01  [171/200] decoys_70_ZINC40804646
2026-06-11 09:20:01  ────────────────────────────────────────────────────────────
[09:20:42] Warning: molecule is tagged as 2D, but at least one Z coordinate is not zero. Marking the mol as 3D.
[09:20:42] Warning: molecule is tagged as 2D, but at least one Z coordinate is not zero. Marking the mol as 3D.
[09:20:42] Warning: molecule is tagged as 2D, but at least one Z coordinate is not zero. Marking the mol as 3D.
[09:20:42] Warning: molecule is tagged as 2D, but at least one Z coordinate is not zero. Marking the mol as 3D.
[09:20:42] Warning: molecule is tagged as 2D, but at least one Z coordinate is not zero. Marking the mol as 3D.
[09:20:42] Warning: molecule is tagged as 2D, but at least one Z coordinate is not zero. Marking the mol as 3D.
[09:20:42] Warning: molecule is tagged as 2D, but at least one Z coordinate is not zero. Marking the mol as 3D.
[09:20:42] Warning: molecule is tagged as 2D, but at least one Z coordinate is not zero. Marking the mol as 3D.
[09:20:42] Warning: molecule is tagged as 2D, but at least one Z coordinate is not zero. Marking the mol as 3D.
2026-06-11 09:20:42    Pose   minimizedAffinity    CNNscore   CNNaffinity          
2026-06-11 09:20:42    --------------------------------------------------------------
2026-06-11 09:20:42       1             -10.080      0.4934        +6.540  ★ best
2026-06-11 09:20:42       2              -6.115      0.3867        +4.702
2026-06-11 09:20:42       3              -9.697      0.3797        +6.431
2026-06-11 09:20:42       4              -6.118      0.2364        +5.637
2026-06-11 09:20:42       5              -5.622      0.1985        +4.854
2026-06-11 09:20:42       6              -8.386      0.1915        +5.800
2026-06-11 09:20:42       7              -5.563      0.1837        +4.757
2026-06-11 09:20:42       8              -5.478      0.1772        +5.696
2026-06-11 09:20:42       9              -6.517      0.1739        +4.659
2026-06-11 09:20:42  
────────────────────────────────────────────────────────────
2026-06-11 09:20:42  [172/200] decoys_71_ZINC62840274
2026-06-11 09:20:42  ────────────────────────────────────────────────────────────
[09:21:07] Warning: molecule is tagged as 2D, but at least one Z coordinate is not zero. Marking the mol as 3D.
[09:21:07] Warning: molecule is tagged as 2D, but at least one Z coordinate is not zero. Marking the mol as 3D.
[09:21:07] Warning: molecule is tagged as 2D, but at least one Z coordinate is not zero. Marking the mol as 3D.
[09:21:07] Warning: molecule is tagged as 2D, but at least one Z coordinate is not zero. Marking the mol as 3D.
[09:21:07] Warning: molecule is tagged as 2D, but at least one Z coordinate is not zero. Marking the mol as 3D.
[09:21:07] Warning: molecule is tagged as 2D, but at least one Z coordinate is not zero. Marking the mol as 3D.
[09:21:07] Warning: molecule is tagged as 2D, but at least one Z coordinate is not zero. Marking the mol as 3D.
[09:21:07] Warning: molecule is tagged as 2D, but at least one Z coordinate is not zero. Marking the mol as 3D.
[09:21:07] Warning: molecule is tagged as 2D, but at least one Z coordinate is not zero. Marking the mol as 3D.
2026-06-11 09:21:07    Pose   minimizedAffinity    CNNscore   CNNaffinity          
2026-06-11 09:21:07    --------------------------------------------------------------
2026-06-11 09:21:07       1              -3.918      0.6404        +3.823  ★ best
2026-06-11 09:21:07       2              -4.302      0.5178        +3.802
2026-06-11 09:21:07       3              -4.184      0.5167        +4.136
2026-06-11 09:21:07       4              -3.950      0.5110        +3.758
2026-06-11 09:21:07       5              -4.104      0.3942        +3.914
2026-06-11 09:21:07       6              -4.010      0.3911        +3.891
2026-06-11 09:21:07       7              -4.639      0.3848        +3.581
2026-06-11 09:21:07       8              -4.261      0.3755        +3.814
2026-06-11 09:21:07       9              -7.627      0.3722        +4.961
2026-06-11 09:21:07  
────────────────────────────────────────────────────────────
2026-06-11 09:21:07  [173/200] decoys_72_ZINC07737864
2026-06-11 09:21:07  ────────────────────────────────────────────────────────────
[09:21:37] Warning: molecule is tagged as 2D, but at least one Z coordinate is not zero. Marking the mol as 3D.
[09:21:37] Warning: molecule is tagged as 2D, but at least one Z coordinate is not zero. Marking the mol as 3D.
[09:21:37] Warning: molecule is tagged as 2D, but at least one Z coordinate is not zero. Marking the mol as 3D.
[09:21:37] Warning: molecule is tagged as 2D, but at least one Z coordinate is not zero. Marking the mol as 3D.
[09:21:37] Warning: molecule is tagged as 2D, but at least one Z coordinate is not zero. Marking the mol as 3D.
[09:21:37] Warning: molecule is tagged as 2D, but at least one Z coordinate is not zero. Marking the mol as 3D.
[09:21:37] Warning: molecule is tagged as 2D, but at least one Z coordinate is not zero. Marking the mol as 3D.
[09:21:37] Warning: molecule is tagged as 2D, but at least one Z coordinate is not zero. Marking the mol as 3D.
[09:21:37] Warning: molecule is tagged as 2D, but at least one Z coordinate is not zero. Marking the mol as 3D.
2026-06-11 09:21:37    Pose   minimizedAffinity    CNNscore   CNNaffinity          
2026-06-11 09:21:37    --------------------------------------------------------------
2026-06-11 09:21:37       1              -8.452      0.5799        +6.444  ★ best
2026-06-11 09:21:37       2              -7.930      0.4857        +5.627
2026-06-11 09:21:37       3              -8.571      0.4739        +5.700
2026-06-11 09:21:37       4              -5.153      0.4721        +4.878
2026-06-11 09:21:37       5              -8.552      0.4702        +5.671
2026-06-11 09:21:37       6              -8.415      0.3602        +5.468
2026-06-11 09:21:37       7              -8.387      0.3541        +5.474
2026-06-11 09:21:37       8              -5.242      0.3517        +4.199
2026-06-11 09:21:37       9              -8.403      0.3209        +5.480
2026-06-11 09:21:37  
────────────────────────────────────────────────────────────
2026-06-11 09:21:37  [174/200] decoys_73_ZINC49978845
2026-06-11 09:21:37  ────────────────────────────────────────────────────────────
[09:21:57] Warning: molecule is tagged as 2D, but at least one Z coordinate is not zero. Marking the mol as 3D.
[09:21:57] Warning: molecule is tagged as 2D, but at least one Z coordinate is not zero. Marking the mol as 3D.
[09:21:57] Warning: molecule is tagged as 2D, but at least one Z coordinate is not zero. Marking the mol as 3D.
[09:21:57] Warning: molecule is tagged as 2D, but at least one Z coordinate is not zero. Marking the mol as 3D.
[09:21:57] Warning: molecule is tagged as 2D, but at least one Z coordinate is not zero. Marking the mol as 3D.
[09:21:57] Warning: molecule is tagged as 2D, but at least one Z coordinate is not zero. Marking the mol as 3D.
[09:21:57] Warning: molecule is tagged as 2D, but at least one Z coordinate is not zero. Marking the mol as 3D.
[09:21:57] Warning: molecule is tagged as 2D, but at least one Z coordinate is not zero. Marking the mol as 3D.
[09:21:57] Warning: molecule is tagged as 2D, but at least one Z coordinate is not zero. Marking the mol as 3D.
2026-06-11 09:21:57    Pose   minimizedAffinity    CNNscore   CNNaffinity          
2026-06-11 09:21:57    --------------------------------------------------------------
2026-06-11 09:21:57       1              -5.221      0.7523        +4.839  ★ best
2026-06-11 09:21:57       2              -7.814      0.5298        +5.119
2026-06-11 09:21:57       3              -8.058      0.5182        +5.429
2026-06-11 09:21:57       4              -8.697      0.4511        +5.661
2026-06-11 09:21:57       5              -4.889      0.4077        +4.314
2026-06-11 09:21:57       6              -6.198      0.3903        +4.242
2026-06-11 09:21:57       7              -5.783      0.3295        +4.143
2026-06-11 09:21:57       8              -6.046      0.3247        +4.569
2026-06-11 09:21:57       9              -4.805      0.2987        +3.979
2026-06-11 09:21:57  
────────────────────────────────────────────────────────────
2026-06-11 09:21:57  [175/200] decoys_74_ZINC58866805
2026-06-11 09:21:57  ────────────────────────────────────────────────────────────
[09:22:54] Warning: molecule is tagged as 2D, but at least one Z coordinate is not zero. Marking the mol as 3D.
[09:22:54] Warning: molecule is tagged as 2D, but at least one Z coordinate is not zero. Marking the mol as 3D.
[09:22:54] Warning: molecule is tagged as 2D, but at least one Z coordinate is not zero. Marking the mol as 3D.
[09:22:54] Warning: molecule is tagged as 2D, but at least one Z coordinate is not zero. Marking the mol as 3D.
[09:22:54] Warning: molecule is tagged as 2D, but at least one Z coordinate is not zero. Marking the mol as 3D.
[09:22:54] Warning: molecule is tagged as 2D, but at least one Z coordinate is not zero. Marking the mol as 3D.
[09:22:54] Warning: molecule is tagged as 2D, but at least one Z coordinate is not zero. Marking the mol as 3D.
[09:22:54] Warning: molecule is tagged as 2D, but at least one Z coordinate is not zero. Marking the mol as 3D.
[09:22:54] Warning: molecule is tagged as 2D, but at least one Z coordinate is not zero. Marking the mol as 3D.
2026-06-11 09:22:54    Pose   minimizedAffinity    CNNscore   CNNaffinity          
2026-06-11 09:22:54    --------------------------------------------------------------
2026-06-11 09:22:54       1              -7.887      0.5054        +6.179  ★ best
2026-06-11 09:22:54       2              -8.266      0.4738        +5.707
2026-06-11 09:22:54       3              -8.627      0.4599        +6.419
2026-06-11 09:22:54       4              -8.462      0.4098        +5.507
2026-06-11 09:22:54       5              -8.304      0.3575        +5.866
2026-06-11 09:22:54       6              -7.825      0.3365        +5.531
2026-06-11 09:22:54       7              -8.002      0.3084        +5.313
2026-06-11 09:22:54       8              -7.225      0.2775        +5.350
2026-06-11 09:22:54       9              -7.299      0.2440        +5.449
2026-06-11 09:22:54  
────────────────────────────────────────────────────────────
2026-06-11 09:22:54  [176/200] decoys_75_ZINC13956920
2026-06-11 09:22:54  ────────────────────────────────────────────────────────────
[09:23:47] Warning: molecule is tagged as 2D, but at least one Z coordinate is not zero. Marking the mol as 3D.
[09:23:47] Warning: molecule is tagged as 2D, but at least one Z coordinate is not zero. Marking the mol as 3D.
[09:23:47] Warning: molecule is tagged as 2D, but at least one Z coordinate is not zero. Marking the mol as 3D.
[09:23:47] Warning: molecule is tagged as 2D, but at least one Z coordinate is not zero. Marking the mol as 3D.
[09:23:47] Warning: molecule is tagged as 2D, but at least one Z coordinate is not zero. Marking the mol as 3D.
[09:23:47] Warning: molecule is tagged as 2D, but at least one Z coordinate is not zero. Marking the mol as 3D.
[09:23:47] Warning: molecule is tagged as 2D, but at least one Z coordinate is not zero. Marking the mol as 3D.
[09:23:47] Warning: molecule is tagged as 2D, but at least one Z coordinate is not zero. Marking the mol as 3D.
[09:23:47] Warning: molecule is tagged as 2D, but at least one Z coordinate is not zero. Marking the mol as 3D.
2026-06-11 09:23:47    Pose   minimizedAffinity    CNNscore   CNNaffinity          
2026-06-11 09:23:47    --------------------------------------------------------------
2026-06-11 09:23:47       1              -8.903      0.4673        +7.085  ★ best
2026-06-11 09:23:47       2              -5.447      0.2000        +4.908
2026-06-11 09:23:47       3              -5.075      0.1065        +4.621
2026-06-11 09:23:47       4              -8.005      0.0864        +6.093
2026-06-11 09:23:47       5              -7.689      0.0721        +6.115
2026-06-11 09:23:47       6              -5.494      0.0680        +4.224
2026-06-11 09:23:47       7              -5.578      0.0572        +4.444
2026-06-11 09:23:47       8              -5.444      0.0567        +4.317
2026-06-11 09:23:47       9              -9.171      0.0509        +6.126
2026-06-11 09:23:47  
────────────────────────────────────────────────────────────
2026-06-11 09:23:47  [177/200] decoys_76_ZINC48653986
2026-06-11 09:23:47  ────────────────────────────────────────────────────────────
[09:24:07] Warning: molecule is tagged as 2D, but at least one Z coordinate is not zero. Marking the mol as 3D.
[09:24:07] Warning: molecule is tagged as 2D, but at least one Z coordinate is not zero. Marking the mol as 3D.
[09:24:07] Warning: molecule is tagged as 2D, but at least one Z coordinate is not zero. Marking the mol as 3D.
[09:24:07] Warning: molecule is tagged as 2D, but at least one Z coordinate is not zero. Marking the mol as 3D.
[09:24:07] Warning: molecule is tagged as 2D, but at least one Z coordinate is not zero. Marking the mol as 3D.
[09:24:07] Warning: molecule is tagged as 2D, but at least one Z coordinate is not zero. Marking the mol as 3D.
[09:24:07] Warning: molecule is tagged as 2D, but at least one Z coordinate is not zero. Marking the mol as 3D.
[09:24:07] Warning: molecule is tagged as 2D, but at least one Z coordinate is not zero. Marking the mol as 3D.
[09:24:07] Warning: molecule is tagged as 2D, but at least one Z coordinate is not zero. Marking the mol as 3D.
2026-06-11 09:24:07    Pose   minimizedAffinity    CNNscore   CNNaffinity          
2026-06-11 09:24:07    --------------------------------------------------------------
2026-06-11 09:24:07       1              -7.949      0.5538        +5.878  ★ best
2026-06-11 09:24:07       2              -7.714      0.5098        +5.860
2026-06-11 09:24:07       3              -4.297      0.4614        +4.483
2026-06-11 09:24:07       4              -4.266      0.4171        +4.593
2026-06-11 09:24:07       5              -4.208      0.3898        +4.582
2026-06-11 09:24:07       6              -4.387      0.3746        +4.533
2026-06-11 09:24:07       7              -4.663      0.3719        +4.368
2026-06-11 09:24:07       8              -4.199      0.3385        +4.346
2026-06-11 09:24:07       9              -4.194      0.3373        +4.388
2026-06-11 09:24:07  
────────────────────────────────────────────────────────────
2026-06-11 09:24:07  [178/200] decoys_77_ZINC33154863
2026-06-11 09:24:07  ────────────────────────────────────────────────────────────
[09:25:08] Warning: molecule is tagged as 2D, but at least one Z coordinate is not zero. Marking the mol as 3D.
[09:25:08] Warning: molecule is tagged as 2D, but at least one Z coordinate is not zero. Marking the mol as 3D.
[09:25:08] Warning: molecule is tagged as 2D, but at least one Z coordinate is not zero. Marking the mol as 3D.
[09:25:08] Warning: molecule is tagged as 2D, but at least one Z coordinate is not zero. Marking the mol as 3D.
[09:25:08] Warning: molecule is tagged as 2D, but at least one Z coordinate is not zero. Marking the mol as 3D.
[09:25:08] Warning: molecule is tagged as 2D, but at least one Z coordinate is not zero. Marking the mol as 3D.
[09:25:08] Warning: molecule is tagged as 2D, but at least one Z coordinate is not zero. Marking the mol as 3D.
[09:25:08] Warning: molecule is tagged as 2D, but at least one Z coordinate is not zero. Marking the mol as 3D.
[09:25:08] Warning: molecule is tagged as 2D, but at least one Z coordinate is not zero. Marking the mol as 3D.
2026-06-11 09:25:08    Pose   minimizedAffinity    CNNscore   CNNaffinity          
2026-06-11 09:25:08    --------------------------------------------------------------
2026-06-11 09:25:08       1              -7.369      0.3972        +6.281  ★ best
2026-06-11 09:25:08       2              -8.253      0.2489        +6.294
2026-06-11 09:25:08       3              -9.542      0.2228        +6.151
2026-06-11 09:25:08       4              -5.701      0.2172        +5.040
2026-06-11 09:25:08       5              -8.214      0.2164        +5.756
2026-06-11 09:25:08       6              -9.429      0.2124        +5.392
2026-06-11 09:25:08       7              -5.833      0.1914        +4.309
2026-06-11 09:25:08       8              -9.250      0.1779        +5.521
2026-06-11 09:25:08       9              -9.309      0.1716        +5.469
2026-06-11 09:25:08  
────────────────────────────────────────────────────────────
2026-06-11 09:25:08  [179/200] decoys_78_ZINC39665804
2026-06-11 09:25:08  ────────────────────────────────────────────────────────────
[09:26:23] Warning: molecule is tagged as 2D, but at least one Z coordinate is not zero. Marking the mol as 3D.
[09:26:23] Warning: molecule is tagged as 2D, but at least one Z coordinate is not zero. Marking the mol as 3D.
[09:26:23] Warning: molecule is tagged as 2D, but at least one Z coordinate is not zero. Marking the mol as 3D.
[09:26:23] Warning: molecule is tagged as 2D, but at least one Z coordinate is not zero. Marking the mol as 3D.
[09:26:23] Warning: molecule is tagged as 2D, but at least one Z coordinate is not zero. Marking the mol as 3D.
[09:26:23] Warning: molecule is tagged as 2D, but at least one Z coordinate is not zero. Marking the mol as 3D.
[09:26:23] Warning: molecule is tagged as 2D, but at least one Z coordinate is not zero. Marking the mol as 3D.
[09:26:23] Warning: molecule is tagged as 2D, but at least one Z coordinate is not zero. Marking the mol as 3D.
[09:26:23] Warning: molecule is tagged as 2D, but at least one Z coordinate is not zero. Marking the mol as 3D.
2026-06-11 09:26:23    Pose   minimizedAffinity    CNNscore   CNNaffinity          
2026-06-11 09:26:23    --------------------------------------------------------------
2026-06-11 09:26:23       1              -9.261      0.3085        +6.306  ★ best
2026-06-11 09:26:23       2              -9.144      0.2448        +6.354
2026-06-11 09:26:23       3              -8.591      0.2257        +6.462
2026-06-11 09:26:23       4              -9.710      0.2217        +6.163
2026-06-11 09:26:23       5              -9.639      0.2124        +5.675
2026-06-11 09:26:23       6              -7.871      0.1914        +5.729
2026-06-11 09:26:23       7              -8.662      0.1741        +6.507
2026-06-11 09:26:23       8              -8.403      0.1586        +6.227
2026-06-11 09:26:23       9              -8.266      0.1458        +5.889
2026-06-11 09:26:23  
────────────────────────────────────────────────────────────
2026-06-11 09:26:23  [180/200] decoys_79_ZINC38828210
2026-06-11 09:26:23  ────────────────────────────────────────────────────────────
[09:27:03] Warning: molecule is tagged as 2D, but at least one Z coordinate is not zero. Marking the mol as 3D.
[09:27:03] Warning: molecule is tagged as 2D, but at least one Z coordinate is not zero. Marking the mol as 3D.
[09:27:03] Warning: molecule is tagged as 2D, but at least one Z coordinate is not zero. Marking the mol as 3D.
[09:27:03] Warning: molecule is tagged as 2D, but at least one Z coordinate is not zero. Marking the mol as 3D.
[09:27:03] Warning: molecule is tagged as 2D, but at least one Z coordinate is not zero. Marking the mol as 3D.
[09:27:03] Warning: molecule is tagged as 2D, but at least one Z coordinate is not zero. Marking the mol as 3D.
[09:27:03] Warning: molecule is tagged as 2D, but at least one Z coordinate is not zero. Marking the mol as 3D.
[09:27:03] Warning: molecule is tagged as 2D, but at least one Z coordinate is not zero. Marking the mol as 3D.
[09:27:03] Warning: molecule is tagged as 2D, but at least one Z coordinate is not zero. Marking the mol as 3D.
2026-06-11 09:27:03    Pose   minimizedAffinity    CNNscore   CNNaffinity          
2026-06-11 09:27:03    --------------------------------------------------------------
2026-06-11 09:27:03       1              -5.873      0.3100        +5.004  ★ best
2026-06-11 09:27:03       2              -5.724      0.2813        +4.959
2026-06-11 09:27:03       3             -10.639      0.2359        +6.525
2026-06-11 09:27:03       4              -5.629      0.2206        +4.909
2026-06-11 09:27:03       5              -5.655      0.2100        +4.912
2026-06-11 09:27:03       6              -5.881      0.1808        +4.791
2026-06-11 09:27:03       7              -5.484      0.1310        +5.291
2026-06-11 09:27:03       8              -5.575      0.1299        +5.174
2026-06-11 09:27:03       9              -5.742      0.1150        +5.347
2026-06-11 09:27:03  
────────────────────────────────────────────────────────────
2026-06-11 09:27:03  [181/200] decoys_80_ZINC12715302
2026-06-11 09:27:03  ────────────────────────────────────────────────────────────
[09:28:29] Warning: molecule is tagged as 2D, but at least one Z coordinate is not zero. Marking the mol as 3D.
[09:28:29] Warning: molecule is tagged as 2D, but at least one Z coordinate is not zero. Marking the mol as 3D.
[09:28:29] Warning: molecule is tagged as 2D, but at least one Z coordinate is not zero. Marking the mol as 3D.
[09:28:29] Warning: molecule is tagged as 2D, but at least one Z coordinate is not zero. Marking the mol as 3D.
[09:28:29] Warning: molecule is tagged as 2D, but at least one Z coordinate is not zero. Marking the mol as 3D.
[09:28:29] Warning: molecule is tagged as 2D, but at least one Z coordinate is not zero. Marking the mol as 3D.
[09:28:29] Warning: molecule is tagged as 2D, but at least one Z coordinate is not zero. Marking the mol as 3D.
[09:28:29] Warning: molecule is tagged as 2D, but at least one Z coordinate is not zero. Marking the mol as 3D.
[09:28:29] Warning: molecule is tagged as 2D, but at least one Z coordinate is not zero. Marking the mol as 3D.
2026-06-11 09:28:29    Pose   minimizedAffinity    CNNscore   CNNaffinity          
2026-06-11 09:28:29    --------------------------------------------------------------
2026-06-11 09:28:29       1              -8.422      0.3824        +6.590  ★ best
2026-06-11 09:28:29       2              -6.419      0.3585        +7.042
2026-06-11 09:28:29       3              -8.112      0.3145        +6.711
2026-06-11 09:28:29       4              -4.725      0.2958        +5.483
2026-06-11 09:28:29       5              -5.659      0.2383        +5.138
2026-06-11 09:28:29       6              -4.527      0.2314        +5.128
2026-06-11 09:28:29       7              -5.005      0.2308        +5.303
2026-06-11 09:28:29       8              -4.389      0.2271        +5.394
2026-06-11 09:28:29       9              -4.742      0.1943        +5.166
2026-06-11 09:28:29  
────────────────────────────────────────────────────────────
2026-06-11 09:28:29  [182/200] decoys_81_ZINC63723535
2026-06-11 09:28:29  ────────────────────────────────────────────────────────────
[09:28:49] Warning: molecule is tagged as 2D, but at least one Z coordinate is not zero. Marking the mol as 3D.
[09:28:49] Warning: molecule is tagged as 2D, but at least one Z coordinate is not zero. Marking the mol as 3D.
[09:28:49] Warning: molecule is tagged as 2D, but at least one Z coordinate is not zero. Marking the mol as 3D.
[09:28:49] Warning: molecule is tagged as 2D, but at least one Z coordinate is not zero. Marking the mol as 3D.
[09:28:49] Warning: molecule is tagged as 2D, but at least one Z coordinate is not zero. Marking the mol as 3D.
[09:28:49] Warning: molecule is tagged as 2D, but at least one Z coordinate is not zero. Marking the mol as 3D.
[09:28:49] Warning: molecule is tagged as 2D, but at least one Z coordinate is not zero. Marking the mol as 3D.
[09:28:49] Warning: molecule is tagged as 2D, but at least one Z coordinate is not zero. Marking the mol as 3D.
[09:28:49] Warning: molecule is tagged as 2D, but at least one Z coordinate is not zero. Marking the mol as 3D.
2026-06-11 09:28:49    Pose   minimizedAffinity    CNNscore   CNNaffinity          
2026-06-11 09:28:49    --------------------------------------------------------------
2026-06-11 09:28:49       1              -6.705      0.5300        +6.235  ★ best
2026-06-11 09:28:49       2              -5.326      0.5190        +6.102
2026-06-11 09:28:49       3              -5.963      0.4551        +5.875
2026-06-11 09:28:49       4              -4.848      0.4331        +5.211
2026-06-11 09:28:49       5              -5.824      0.2681        +5.079
2026-06-11 09:28:49       6              -4.829      0.2481        +5.779
2026-06-11 09:28:49       7              -7.911      0.2427        +5.927
2026-06-11 09:28:49       8              -4.690      0.2422        +3.958
2026-06-11 09:28:49       9              -4.132      0.2181        +3.878
2026-06-11 09:28:49  
────────────────────────────────────────────────────────────
2026-06-11 09:28:49  [183/200] decoys_82_ZINC63160915
2026-06-11 09:28:49  ────────────────────────────────────────────────────────────
[09:29:31] Warning: molecule is tagged as 2D, but at least one Z coordinate is not zero. Marking the mol as 3D.
[09:29:31] Warning: molecule is tagged as 2D, but at least one Z coordinate is not zero. Marking the mol as 3D.
[09:29:31] Warning: molecule is tagged as 2D, but at least one Z coordinate is not zero. Marking the mol as 3D.
[09:29:31] Warning: molecule is tagged as 2D, but at least one Z coordinate is not zero. Marking the mol as 3D.
[09:29:31] Warning: molecule is tagged as 2D, but at least one Z coordinate is not zero. Marking the mol as 3D.
[09:29:31] Warning: molecule is tagged as 2D, but at least one Z coordinate is not zero. Marking the mol as 3D.
[09:29:31] Warning: molecule is tagged as 2D, but at least one Z coordinate is not zero. Marking the mol as 3D.
[09:29:31] Warning: molecule is tagged as 2D, but at least one Z coordinate is not zero. Marking the mol as 3D.
[09:29:31] Warning: molecule is tagged as 2D, but at least one Z coordinate is not zero. Marking the mol as 3D.
2026-06-11 09:29:31    Pose   minimizedAffinity    CNNscore   CNNaffinity          
2026-06-11 09:29:31    --------------------------------------------------------------
2026-06-11 09:29:31       1              -8.768      0.4187        +5.464  ★ best
2026-06-11 09:29:31       2              -8.617      0.4187        +5.877
2026-06-11 09:29:31       3              -4.923      0.3749        +4.641
2026-06-11 09:29:31       4              -8.842      0.3519        +5.834
2026-06-11 09:29:31       5              -9.006      0.3359        +5.772
2026-06-11 09:29:31       6              -9.279      0.3130        +5.790
2026-06-11 09:29:31       7              -9.019      0.2957        +5.267
2026-06-11 09:29:31       8              -8.744      0.2687        +5.591
2026-06-11 09:29:31       9              -5.485      0.2335        +4.508
2026-06-11 09:29:31  
────────────────────────────────────────────────────────────
2026-06-11 09:29:31  [184/200] decoys_83_ZINC12653890
2026-06-11 09:29:31  ────────────────────────────────────────────────────────────
[09:29:40] Warning: molecule is tagged as 2D, but at least one Z coordinate is not zero. Marking the mol as 3D.
[09:29:40] Warning: molecule is tagged as 2D, but at least one Z coordinate is not zero. Marking the mol as 3D.
[09:29:40] Warning: molecule is tagged as 2D, but at least one Z coordinate is not zero. Marking the mol as 3D.
[09:29:40] Warning: molecule is tagged as 2D, but at least one Z coordinate is not zero. Marking the mol as 3D.
[09:29:40] Warning: molecule is tagged as 2D, but at least one Z coordinate is not zero. Marking the mol as 3D.
[09:29:40] Warning: molecule is tagged as 2D, but at least one Z coordinate is not zero. Marking the mol as 3D.
[09:29:40] Warning: molecule is tagged as 2D, but at least one Z coordinate is not zero. Marking the mol as 3D.
[09:29:40] Warning: molecule is tagged as 2D, but at least one Z coordinate is not zero. Marking the mol as 3D.
[09:29:40] Warning: molecule is tagged as 2D, but at least one Z coordinate is not zero. Marking the mol as 3D.
2026-06-11 09:29:40    Pose   minimizedAffinity    CNNscore   CNNaffinity          
2026-06-11 09:29:40    --------------------------------------------------------------
2026-06-11 09:29:40       1              -5.893      0.8982        +4.731  ★ best
2026-06-11 09:29:40       2              -5.566      0.6055        +4.175
2026-06-11 09:29:40       3              -6.384      0.5244        +4.380
2026-06-11 09:29:40       4              -5.814      0.5156        +4.289
2026-06-11 09:29:40       5              -5.615      0.4965        +4.464
2026-06-11 09:29:40       6              -6.218      0.4794        +4.273
2026-06-11 09:29:40       7              -6.417      0.4516        +4.234
2026-06-11 09:29:40       8              -5.598      0.3890        +4.277
2026-06-11 09:29:40       9              -6.433      0.3874        +4.142
2026-06-11 09:29:40  
────────────────────────────────────────────────────────────
2026-06-11 09:29:40  [185/200] decoys_84_ZINC15276481
2026-06-11 09:29:40  ────────────────────────────────────────────────────────────
[09:30:05] Warning: molecule is tagged as 2D, but at least one Z coordinate is not zero. Marking the mol as 3D.
[09:30:05] Warning: molecule is tagged as 2D, but at least one Z coordinate is not zero. Marking the mol as 3D.
[09:30:05] Warning: molecule is tagged as 2D, but at least one Z coordinate is not zero. Marking the mol as 3D.
[09:30:05] Warning: molecule is tagged as 2D, but at least one Z coordinate is not zero. Marking the mol as 3D.
[09:30:05] Warning: molecule is tagged as 2D, but at least one Z coordinate is not zero. Marking the mol as 3D.
[09:30:05] Warning: molecule is tagged as 2D, but at least one Z coordinate is not zero. Marking the mol as 3D.
[09:30:05] Warning: molecule is tagged as 2D, but at least one Z coordinate is not zero. Marking the mol as 3D.
[09:30:05] Warning: molecule is tagged as 2D, but at least one Z coordinate is not zero. Marking the mol as 3D.
[09:30:05] Warning: molecule is tagged as 2D, but at least one Z coordinate is not zero. Marking the mol as 3D.
2026-06-11 09:30:05    Pose   minimizedAffinity    CNNscore   CNNaffinity          
2026-06-11 09:30:05    --------------------------------------------------------------
2026-06-11 09:30:05       1              -4.230      0.6318        +3.798  ★ best
2026-06-11 09:30:05       2              -5.062      0.5755        +3.818
2026-06-11 09:30:05       3              -4.359      0.5074        +3.633
2026-06-11 09:30:05       4              -4.358      0.5051        +3.849
2026-06-11 09:30:05       5              -4.696      0.5042        +3.817
2026-06-11 09:30:05       6              -4.299      0.4959        +3.880
2026-06-11 09:30:05       7              -9.294      0.4579        +5.258
2026-06-11 09:30:05       8              -4.582      0.4530        +4.070
2026-06-11 09:30:05       9              -8.928      0.4263        +5.152
2026-06-11 09:30:05  
────────────────────────────────────────────────────────────
2026-06-11 09:30:05  [186/200] decoys_85_ZINC21243368
2026-06-11 09:30:05  ────────────────────────────────────────────────────────────
[09:31:00] Warning: molecule is tagged as 2D, but at least one Z coordinate is not zero. Marking the mol as 3D.
[09:31:00] Warning: molecule is tagged as 2D, but at least one Z coordinate is not zero. Marking the mol as 3D.
[09:31:00] Warning: molecule is tagged as 2D, but at least one Z coordinate is not zero. Marking the mol as 3D.
[09:31:00] Warning: molecule is tagged as 2D, but at least one Z coordinate is not zero. Marking the mol as 3D.
[09:31:00] Warning: molecule is tagged as 2D, but at least one Z coordinate is not zero. Marking the mol as 3D.
[09:31:00] Warning: molecule is tagged as 2D, but at least one Z coordinate is not zero. Marking the mol as 3D.
[09:31:00] Warning: molecule is tagged as 2D, but at least one Z coordinate is not zero. Marking the mol as 3D.
[09:31:00] Warning: molecule is tagged as 2D, but at least one Z coordinate is not zero. Marking the mol as 3D.
[09:31:00] Warning: molecule is tagged as 2D, but at least one Z coordinate is not zero. Marking the mol as 3D.
2026-06-11 09:31:00    Pose   minimizedAffinity    CNNscore   CNNaffinity          
2026-06-11 09:31:00    --------------------------------------------------------------
2026-06-11 09:31:00       1              -4.860      0.6853        +5.180  ★ best
2026-06-11 09:31:00       2              -4.815      0.4612        +5.289
2026-06-11 09:31:00       3              -5.021      0.4228        +5.066
2026-06-11 09:31:00       4              -5.366      0.2948        +4.942
2026-06-11 09:31:00       5              -7.093      0.2885        +6.237
2026-06-11 09:31:00       6              -4.904      0.2877        +5.042
2026-06-11 09:31:00       7              -4.798      0.2790        +4.886
2026-06-11 09:31:00       8              -5.635      0.2606        +4.739
2026-06-11 09:31:00       9              -6.992      0.2506        +4.866
2026-06-11 09:31:00  
────────────────────────────────────────────────────────────
2026-06-11 09:31:00  [187/200] decoys_86_ZINC05002565
2026-06-11 09:31:00  ────────────────────────────────────────────────────────────
[09:31:39] Warning: molecule is tagged as 2D, but at least one Z coordinate is not zero. Marking the mol as 3D.
[09:31:39] Warning: molecule is tagged as 2D, but at least one Z coordinate is not zero. Marking the mol as 3D.
[09:31:39] Warning: molecule is tagged as 2D, but at least one Z coordinate is not zero. Marking the mol as 3D.
[09:31:39] Warning: molecule is tagged as 2D, but at least one Z coordinate is not zero. Marking the mol as 3D.
[09:31:39] Warning: molecule is tagged as 2D, but at least one Z coordinate is not zero. Marking the mol as 3D.
[09:31:39] Warning: molecule is tagged as 2D, but at least one Z coordinate is not zero. Marking the mol as 3D.
[09:31:39] Warning: molecule is tagged as 2D, but at least one Z coordinate is not zero. Marking the mol as 3D.
[09:31:39] Warning: molecule is tagged as 2D, but at least one Z coordinate is not zero. Marking the mol as 3D.
[09:31:39] Warning: molecule is tagged as 2D, but at least one Z coordinate is not zero. Marking the mol as 3D.
2026-06-11 09:31:39    Pose   minimizedAffinity    CNNscore   CNNaffinity          
2026-06-11 09:31:39    --------------------------------------------------------------
2026-06-11 09:31:39       1             -10.296      0.5728        +6.490  ★ best
2026-06-11 09:31:39       2              -9.832      0.5619        +6.441
2026-06-11 09:31:39       3              -9.407      0.4382        +4.913
2026-06-11 09:31:39       4              -6.547      0.4081        +4.842
2026-06-11 09:31:39       5             -10.641      0.3912        +6.394
2026-06-11 09:31:39       6              -9.747      0.3485        +6.106
2026-06-11 09:31:39       7              -7.842      0.3208        +6.123
2026-06-11 09:31:39       8              -9.078      0.3138        +6.065
2026-06-11 09:31:39       9              -7.689      0.2879        +4.945
2026-06-11 09:31:39  
────────────────────────────────────────────────────────────
2026-06-11 09:31:39  [188/200] decoys_87_ZINC47146091
2026-06-11 09:31:39  ────────────────────────────────────────────────────────────
[09:32:23] Warning: molecule is tagged as 2D, but at least one Z coordinate is not zero. Marking the mol as 3D.
[09:32:23] Warning: molecule is tagged as 2D, but at least one Z coordinate is not zero. Marking the mol as 3D.
[09:32:23] Warning: molecule is tagged as 2D, but at least one Z coordinate is not zero. Marking the mol as 3D.
[09:32:23] Warning: molecule is tagged as 2D, but at least one Z coordinate is not zero. Marking the mol as 3D.
[09:32:23] Warning: molecule is tagged as 2D, but at least one Z coordinate is not zero. Marking the mol as 3D.
[09:32:23] Warning: molecule is tagged as 2D, but at least one Z coordinate is not zero. Marking the mol as 3D.
[09:32:23] Warning: molecule is tagged as 2D, but at least one Z coordinate is not zero. Marking the mol as 3D.
[09:32:23] Warning: molecule is tagged as 2D, but at least one Z coordinate is not zero. Marking the mol as 3D.
[09:32:23] Warning: molecule is tagged as 2D, but at least one Z coordinate is not zero. Marking the mol as 3D.
2026-06-11 09:32:23    Pose   minimizedAffinity    CNNscore   CNNaffinity          
2026-06-11 09:32:23    --------------------------------------------------------------
2026-06-11 09:32:23       1              -5.297      0.6073        +5.706  ★ best
2026-06-11 09:32:23       2              -5.073      0.5906        +5.809
2026-06-11 09:32:23       3              -5.439      0.5386        +5.472
2026-06-11 09:32:23       4              -5.013      0.4552        +5.661
2026-06-11 09:32:23       5              -5.587      0.4500        +5.448
2026-06-11 09:32:23       6              -4.553      0.3701        +5.542
2026-06-11 09:32:23       7              -4.507      0.3448        +5.403
2026-06-11 09:32:23       8              -4.962      0.3440        +5.221
2026-06-11 09:32:23       9              -4.986      0.2823        +5.494
2026-06-11 09:32:23  
────────────────────────────────────────────────────────────
2026-06-11 09:32:23  [189/200] decoys_88_ZINC39590284
2026-06-11 09:32:23  ────────────────────────────────────────────────────────────
[09:32:49] Warning: molecule is tagged as 2D, but at least one Z coordinate is not zero. Marking the mol as 3D.
[09:32:49] Warning: molecule is tagged as 2D, but at least one Z coordinate is not zero. Marking the mol as 3D.
[09:32:49] Warning: molecule is tagged as 2D, but at least one Z coordinate is not zero. Marking the mol as 3D.
[09:32:49] Warning: molecule is tagged as 2D, but at least one Z coordinate is not zero. Marking the mol as 3D.
[09:32:49] Warning: molecule is tagged as 2D, but at least one Z coordinate is not zero. Marking the mol as 3D.
[09:32:49] Warning: molecule is tagged as 2D, but at least one Z coordinate is not zero. Marking the mol as 3D.
[09:32:49] Warning: molecule is tagged as 2D, but at least one Z coordinate is not zero. Marking the mol as 3D.
[09:32:49] Warning: molecule is tagged as 2D, but at least one Z coordinate is not zero. Marking the mol as 3D.
[09:32:49] Warning: molecule is tagged as 2D, but at least one Z coordinate is not zero. Marking the mol as 3D.
2026-06-11 09:32:49    Pose   minimizedAffinity    CNNscore   CNNaffinity          
2026-06-11 09:32:49    --------------------------------------------------------------
2026-06-11 09:32:49       1              -8.192      0.6219        +5.415  ★ best
2026-06-11 09:32:49       2              -7.493      0.4631        +5.284
2026-06-11 09:32:49       3              -4.517      0.4500        +3.521
2026-06-11 09:32:49       4              -7.545      0.4406        +4.873
2026-06-11 09:32:49       5              -8.239      0.4062        +5.297
2026-06-11 09:32:49       6              -7.330      0.3972        +5.116
2026-06-11 09:32:49       7              -4.348      0.3857        +3.876
2026-06-11 09:32:49       8              -7.789      0.3563        +5.018
2026-06-11 09:32:49       9              -4.718      0.3512        +3.733
2026-06-11 09:32:49  
────────────────────────────────────────────────────────────
2026-06-11 09:32:49  [190/200] decoys_89_ZINC63204731
2026-06-11 09:32:49  ────────────────────────────────────────────────────────────
[09:33:31] Warning: molecule is tagged as 2D, but at least one Z coordinate is not zero. Marking the mol as 3D.
[09:33:31] Warning: molecule is tagged as 2D, but at least one Z coordinate is not zero. Marking the mol as 3D.
[09:33:31] Warning: molecule is tagged as 2D, but at least one Z coordinate is not zero. Marking the mol as 3D.
[09:33:31] Warning: molecule is tagged as 2D, but at least one Z coordinate is not zero. Marking the mol as 3D.
[09:33:31] Warning: molecule is tagged as 2D, but at least one Z coordinate is not zero. Marking the mol as 3D.
[09:33:31] Warning: molecule is tagged as 2D, but at least one Z coordinate is not zero. Marking the mol as 3D.
[09:33:31] Warning: molecule is tagged as 2D, but at least one Z coordinate is not zero. Marking the mol as 3D.
[09:33:31] Warning: molecule is tagged as 2D, but at least one Z coordinate is not zero. Marking the mol as 3D.
[09:33:31] Warning: molecule is tagged as 2D, but at least one Z coordinate is not zero. Marking the mol as 3D.
2026-06-11 09:33:31    Pose   minimizedAffinity    CNNscore   CNNaffinity          
2026-06-11 09:33:31    --------------------------------------------------------------
2026-06-11 09:33:31       1              -4.728      0.6243        +4.896  ★ best
2026-06-11 09:33:31       2              -4.855      0.5926        +4.870
2026-06-11 09:33:31       3              -4.665      0.5027        +4.742
2026-06-11 09:33:31       4              -5.817      0.3883        +4.823
2026-06-11 09:33:31       5              -5.167      0.3742        +4.560
2026-06-11 09:33:31       6              -4.982      0.3616        +4.816
2026-06-11 09:33:31       7              -8.416      0.3506        +6.051
2026-06-11 09:33:31       8              -9.362      0.3210        +6.557
2026-06-11 09:33:31       9              -6.860      0.3085        +6.157
2026-06-11 09:33:31  
────────────────────────────────────────────────────────────
2026-06-11 09:33:31  [191/200] decoys_90_ZINC40917875
2026-06-11 09:33:31  ────────────────────────────────────────────────────────────
[09:34:28] Warning: molecule is tagged as 2D, but at least one Z coordinate is not zero. Marking the mol as 3D.
[09:34:28] Warning: molecule is tagged as 2D, but at least one Z coordinate is not zero. Marking the mol as 3D.
[09:34:28] Warning: molecule is tagged as 2D, but at least one Z coordinate is not zero. Marking the mol as 3D.
[09:34:28] Warning: molecule is tagged as 2D, but at least one Z coordinate is not zero. Marking the mol as 3D.
[09:34:28] Warning: molecule is tagged as 2D, but at least one Z coordinate is not zero. Marking the mol as 3D.
[09:34:28] Warning: molecule is tagged as 2D, but at least one Z coordinate is not zero. Marking the mol as 3D.
[09:34:28] Warning: molecule is tagged as 2D, but at least one Z coordinate is not zero. Marking the mol as 3D.
[09:34:28] Warning: molecule is tagged as 2D, but at least one Z coordinate is not zero. Marking the mol as 3D.
[09:34:28] Warning: molecule is tagged as 2D, but at least one Z coordinate is not zero. Marking the mol as 3D.
2026-06-11 09:34:28    Pose   minimizedAffinity    CNNscore   CNNaffinity          
2026-06-11 09:34:28    --------------------------------------------------------------
2026-06-11 09:34:28       1              -5.855      0.4396        +5.277  ★ best
2026-06-11 09:34:28       2              -6.535      0.3885        +5.155
2026-06-11 09:34:28       3              -6.218      0.3223        +5.030
2026-06-11 09:34:28       4              -6.463      0.2902        +5.282
2026-06-11 09:34:28       5              -7.392      0.2368        +5.306
2026-06-11 09:34:28       6             -10.347      0.2134        +6.269
2026-06-11 09:34:28       7              -6.136      0.1904        +5.154
2026-06-11 09:34:28       8              -6.342      0.1512        +4.938
2026-06-11 09:34:28       9              -6.134      0.1481        +5.345
2026-06-11 09:34:28  
────────────────────────────────────────────────────────────
2026-06-11 09:34:28  [192/200] decoys_91_ZINC44783392
2026-06-11 09:34:28  ────────────────────────────────────────────────────────────
[09:34:43] Warning: molecule is tagged as 2D, but at least one Z coordinate is not zero. Marking the mol as 3D.
[09:34:43] Warning: molecule is tagged as 2D, but at least one Z coordinate is not zero. Marking the mol as 3D.
[09:34:43] Warning: molecule is tagged as 2D, but at least one Z coordinate is not zero. Marking the mol as 3D.
[09:34:43] Warning: molecule is tagged as 2D, but at least one Z coordinate is not zero. Marking the mol as 3D.
[09:34:43] Warning: molecule is tagged as 2D, but at least one Z coordinate is not zero. Marking the mol as 3D.
[09:34:43] Warning: molecule is tagged as 2D, but at least one Z coordinate is not zero. Marking the mol as 3D.
[09:34:43] Warning: molecule is tagged as 2D, but at least one Z coordinate is not zero. Marking the mol as 3D.
[09:34:43] Warning: molecule is tagged as 2D, but at least one Z coordinate is not zero. Marking the mol as 3D.
[09:34:43] Warning: molecule is tagged as 2D, but at least one Z coordinate is not zero. Marking the mol as 3D.
2026-06-11 09:34:43    Pose   minimizedAffinity    CNNscore   CNNaffinity          
2026-06-11 09:34:43    --------------------------------------------------------------
2026-06-11 09:34:43       1              -8.016      0.3618        +4.895  ★ best
2026-06-11 09:34:43       2              -5.784      0.3252        +4.770
2026-06-11 09:34:43       3              -5.675      0.2704        +4.512
2026-06-11 09:34:43       4              -3.940      0.2687        +3.363
2026-06-11 09:34:43       5              -7.216      0.2630        +4.663
2026-06-11 09:34:43       6              -6.630      0.2547        +4.655
2026-06-11 09:34:43       7              -4.011      0.2131        +3.652
2026-06-11 09:34:43       8              -6.992      0.2113        +4.577
2026-06-11 09:34:43       9              -4.529      0.2072        +3.382
2026-06-11 09:34:43  
────────────────────────────────────────────────────────────
2026-06-11 09:34:43  [193/200] decoys_92_ZINC14009805
2026-06-11 09:34:43  ────────────────────────────────────────────────────────────
[09:35:20] Warning: molecule is tagged as 2D, but at least one Z coordinate is not zero. Marking the mol as 3D.
[09:35:20] Warning: molecule is tagged as 2D, but at least one Z coordinate is not zero. Marking the mol as 3D.
[09:35:20] Warning: molecule is tagged as 2D, but at least one Z coordinate is not zero. Marking the mol as 3D.
[09:35:20] Warning: molecule is tagged as 2D, but at least one Z coordinate is not zero. Marking the mol as 3D.
[09:35:20] Warning: molecule is tagged as 2D, but at least one Z coordinate is not zero. Marking the mol as 3D.
[09:35:20] Warning: molecule is tagged as 2D, but at least one Z coordinate is not zero. Marking the mol as 3D.
[09:35:20] Warning: molecule is tagged as 2D, but at least one Z coordinate is not zero. Marking the mol as 3D.
[09:35:20] Warning: molecule is tagged as 2D, but at least one Z coordinate is not zero. Marking the mol as 3D.
[09:35:20] Warning: molecule is tagged as 2D, but at least one Z coordinate is not zero. Marking the mol as 3D.
2026-06-11 09:35:20    Pose   minimizedAffinity    CNNscore   CNNaffinity          
2026-06-11 09:35:20    --------------------------------------------------------------
2026-06-11 09:35:20       1              -6.587      0.7394        +4.676  ★ best
2026-06-11 09:35:20       2              -8.534      0.5461        +5.562
2026-06-11 09:35:20       3              -4.577      0.5372        +4.201
2026-06-11 09:35:20       4              -7.604      0.5315        +5.770
2026-06-11 09:35:20       5              -6.414      0.4980        +4.468
2026-06-11 09:35:20       6              -8.269      0.4806        +5.656
2026-06-11 09:35:20       7              -7.969      0.4501        +5.398
2026-06-11 09:35:20       8              -8.116      0.4319        +5.589
2026-06-11 09:35:20       9              -7.463      0.4049        +5.611
2026-06-11 09:35:20  
────────────────────────────────────────────────────────────
2026-06-11 09:35:20  [194/200] decoys_93_ZINC63873704
2026-06-11 09:35:20  ────────────────────────────────────────────────────────────
[09:36:24] Warning: molecule is tagged as 2D, but at least one Z coordinate is not zero. Marking the mol as 3D.
[09:36:24] Warning: molecule is tagged as 2D, but at least one Z coordinate is not zero. Marking the mol as 3D.
[09:36:24] Warning: molecule is tagged as 2D, but at least one Z coordinate is not zero. Marking the mol as 3D.
[09:36:24] Warning: molecule is tagged as 2D, but at least one Z coordinate is not zero. Marking the mol as 3D.
[09:36:24] Warning: molecule is tagged as 2D, but at least one Z coordinate is not zero. Marking the mol as 3D.
[09:36:24] Warning: molecule is tagged as 2D, but at least one Z coordinate is not zero. Marking the mol as 3D.
[09:36:24] Warning: molecule is tagged as 2D, but at least one Z coordinate is not zero. Marking the mol as 3D.
[09:36:24] Warning: molecule is tagged as 2D, but at least one Z coordinate is not zero. Marking the mol as 3D.
[09:36:24] Warning: molecule is tagged as 2D, but at least one Z coordinate is not zero. Marking the mol as 3D.
2026-06-11 09:36:24    Pose   minimizedAffinity    CNNscore   CNNaffinity          
2026-06-11 09:36:24    --------------------------------------------------------------
2026-06-11 09:36:24       1              -9.827      0.3571        +7.071  ★ best
2026-06-11 09:36:24       2              -9.372      0.2399        +6.658
2026-06-11 09:36:24       3              -9.585      0.2117        +6.847
2026-06-11 09:36:24       4              -9.134      0.2083        +6.623
2026-06-11 09:36:24       5              -9.865      0.1566        +6.487
2026-06-11 09:36:24       6              -5.914      0.1565        +5.233
2026-06-11 09:36:24       7              -6.846      0.1233        +5.081
2026-06-11 09:36:24       8              -9.594      0.1117        +5.998
2026-06-11 09:36:24       9              -9.476      0.1092        +6.272
2026-06-11 09:36:24  
────────────────────────────────────────────────────────────
2026-06-11 09:36:24  [195/200] decoys_94_ZINC36332394
2026-06-11 09:36:24  ────────────────────────────────────────────────────────────
[09:36:47] Warning: molecule is tagged as 2D, but at least one Z coordinate is not zero. Marking the mol as 3D.
[09:36:47] Warning: molecule is tagged as 2D, but at least one Z coordinate is not zero. Marking the mol as 3D.
[09:36:47] Warning: molecule is tagged as 2D, but at least one Z coordinate is not zero. Marking the mol as 3D.
[09:36:47] Warning: molecule is tagged as 2D, but at least one Z coordinate is not zero. Marking the mol as 3D.
[09:36:47] Warning: molecule is tagged as 2D, but at least one Z coordinate is not zero. Marking the mol as 3D.
[09:36:47] Warning: molecule is tagged as 2D, but at least one Z coordinate is not zero. Marking the mol as 3D.
[09:36:47] Warning: molecule is tagged as 2D, but at least one Z coordinate is not zero. Marking the mol as 3D.
[09:36:47] Warning: molecule is tagged as 2D, but at least one Z coordinate is not zero. Marking the mol as 3D.
[09:36:47] Warning: molecule is tagged as 2D, but at least one Z coordinate is not zero. Marking the mol as 3D.
2026-06-11 09:36:47    Pose   minimizedAffinity    CNNscore   CNNaffinity          
2026-06-11 09:36:47    --------------------------------------------------------------
2026-06-11 09:36:47       1              -5.206      0.4122        +4.057  ★ best
2026-06-11 09:36:47       2              -7.662      0.3481        +5.168
2026-06-11 09:36:47       3              -7.598      0.3423        +5.021
2026-06-11 09:36:47       4              -5.851      0.3281        +4.154
2026-06-11 09:36:47       5              -6.352      0.2958        +3.928
2026-06-11 09:36:47       6              -8.153      0.2881        +4.970
2026-06-11 09:36:47       7              -6.688      0.2506        +4.788
2026-06-11 09:36:47       8              -8.378      0.2463        +5.002
2026-06-11 09:36:47       9              -8.258      0.1996        +4.867
2026-06-11 09:36:47  
────────────────────────────────────────────────────────────
2026-06-11 09:36:47  [196/200] decoys_95_ZINC67225190
2026-06-11 09:36:47  ────────────────────────────────────────────────────────────
[09:37:21] Warning: molecule is tagged as 2D, but at least one Z coordinate is not zero. Marking the mol as 3D.
[09:37:21] Warning: molecule is tagged as 2D, but at least one Z coordinate is not zero. Marking the mol as 3D.
[09:37:21] Warning: molecule is tagged as 2D, but at least one Z coordinate is not zero. Marking the mol as 3D.
[09:37:21] Warning: molecule is tagged as 2D, but at least one Z coordinate is not zero. Marking the mol as 3D.
[09:37:21] Warning: molecule is tagged as 2D, but at least one Z coordinate is not zero. Marking the mol as 3D.
[09:37:21] Warning: molecule is tagged as 2D, but at least one Z coordinate is not zero. Marking the mol as 3D.
[09:37:21] Warning: molecule is tagged as 2D, but at least one Z coordinate is not zero. Marking the mol as 3D.
[09:37:21] Warning: molecule is tagged as 2D, but at least one Z coordinate is not zero. Marking the mol as 3D.
[09:37:21] Warning: molecule is tagged as 2D, but at least one Z coordinate is not zero. Marking the mol as 3D.
2026-06-11 09:37:21    Pose   minimizedAffinity    CNNscore   CNNaffinity          
2026-06-11 09:37:21    --------------------------------------------------------------
2026-06-11 09:37:21       1              -6.275      0.3957        +4.959  ★ best
2026-06-11 09:37:21       2              -5.706      0.3767        +5.115
2026-06-11 09:37:21       3              -4.733      0.3233        +5.068
2026-06-11 09:37:21       4              -4.906      0.2520        +4.625
2026-06-11 09:37:21       5              -4.730      0.2495        +4.991
2026-06-11 09:37:21       6              -5.272      0.2386        +4.760
2026-06-11 09:37:21       7              -5.837      0.2342        +4.719
2026-06-11 09:37:21       8              -5.300      0.2330        +4.914
2026-06-11 09:37:21       9              -5.647      0.2004        +4.621
2026-06-11 09:37:21  
────────────────────────────────────────────────────────────
2026-06-11 09:37:21  [197/200] decoys_96_ZINC40923968
2026-06-11 09:37:21  ────────────────────────────────────────────────────────────
[09:38:13] Warning: molecule is tagged as 2D, but at least one Z coordinate is not zero. Marking the mol as 3D.
[09:38:13] Warning: molecule is tagged as 2D, but at least one Z coordinate is not zero. Marking the mol as 3D.
[09:38:13] Warning: molecule is tagged as 2D, but at least one Z coordinate is not zero. Marking the mol as 3D.
[09:38:13] Warning: molecule is tagged as 2D, but at least one Z coordinate is not zero. Marking the mol as 3D.
[09:38:13] Warning: molecule is tagged as 2D, but at least one Z coordinate is not zero. Marking the mol as 3D.
[09:38:13] Warning: molecule is tagged as 2D, but at least one Z coordinate is not zero. Marking the mol as 3D.
[09:38:13] Warning: molecule is tagged as 2D, but at least one Z coordinate is not zero. Marking the mol as 3D.
[09:38:13] Warning: molecule is tagged as 2D, but at least one Z coordinate is not zero. Marking the mol as 3D.
[09:38:13] Warning: molecule is tagged as 2D, but at least one Z coordinate is not zero. Marking the mol as 3D.
2026-06-11 09:38:13    Pose   minimizedAffinity    CNNscore   CNNaffinity          
2026-06-11 09:38:13    --------------------------------------------------------------
2026-06-11 09:38:13       1             -10.360      0.8612        +7.380  ★ best
2026-06-11 09:38:13       2              -8.347      0.4354        +6.609
2026-06-11 09:38:13       3              -4.950      0.4350        +5.009
2026-06-11 09:38:13       4              -5.255      0.3677        +4.810
2026-06-11 09:38:13       5              -5.917      0.3135        +4.843
2026-06-11 09:38:13       6              -6.105      0.2839        +4.737
2026-06-11 09:38:13       7              -4.981      0.2585        +4.514
2026-06-11 09:38:13       8              -5.223      0.2269        +4.765
2026-06-11 09:38:13       9              -8.165      0.2172        +5.558
2026-06-11 09:38:13  
────────────────────────────────────────────────────────────
2026-06-11 09:38:13  [198/200] decoys_97_ZINC58214902
2026-06-11 09:38:13  ────────────────────────────────────────────────────────────
[09:38:54] Warning: molecule is tagged as 2D, but at least one Z coordinate is not zero. Marking the mol as 3D.
[09:38:54] Warning: molecule is tagged as 2D, but at least one Z coordinate is not zero. Marking the mol as 3D.
[09:38:54] Warning: molecule is tagged as 2D, but at least one Z coordinate is not zero. Marking the mol as 3D.
[09:38:54] Warning: molecule is tagged as 2D, but at least one Z coordinate is not zero. Marking the mol as 3D.
[09:38:54] Warning: molecule is tagged as 2D, but at least one Z coordinate is not zero. Marking the mol as 3D.
[09:38:54] Warning: molecule is tagged as 2D, but at least one Z coordinate is not zero. Marking the mol as 3D.
[09:38:54] Warning: molecule is tagged as 2D, but at least one Z coordinate is not zero. Marking the mol as 3D.
[09:38:54] Warning: molecule is tagged as 2D, but at least one Z coordinate is not zero. Marking the mol as 3D.
[09:38:54] Warning: molecule is tagged as 2D, but at least one Z coordinate is not zero. Marking the mol as 3D.
2026-06-11 09:38:54    Pose   minimizedAffinity    CNNscore   CNNaffinity          
2026-06-11 09:38:54    --------------------------------------------------------------
2026-06-11 09:38:54       1              -8.956      0.5920        +5.940  ★ best
2026-06-11 09:38:54       2              -8.944      0.4987        +6.075
2026-06-11 09:38:54       3              -9.177      0.3395        +5.282
2026-06-11 09:38:54       4              -8.011      0.3287        +5.637
2026-06-11 09:38:54       5              -6.091      0.2857        +4.506
2026-06-11 09:38:54       6              -9.080      0.2736        +5.612
2026-06-11 09:38:54       7              -6.235      0.2440        +4.933
2026-06-11 09:38:54       8              -8.787      0.2304        +5.993
2026-06-11 09:38:54       9              -6.326      0.2283        +5.135
2026-06-11 09:38:54  
────────────────────────────────────────────────────────────
2026-06-11 09:38:54  [199/200] decoys_98_ZINC00089412
2026-06-11 09:38:54  ────────────────────────────────────────────────────────────
[09:39:11] Warning: molecule is tagged as 2D, but at least one Z coordinate is not zero. Marking the mol as 3D.
[09:39:11] Warning: molecule is tagged as 2D, but at least one Z coordinate is not zero. Marking the mol as 3D.
[09:39:11] Warning: molecule is tagged as 2D, but at least one Z coordinate is not zero. Marking the mol as 3D.
[09:39:11] Warning: molecule is tagged as 2D, but at least one Z coordinate is not zero. Marking the mol as 3D.
[09:39:11] Warning: molecule is tagged as 2D, but at least one Z coordinate is not zero. Marking the mol as 3D.
[09:39:11] Warning: molecule is tagged as 2D, but at least one Z coordinate is not zero. Marking the mol as 3D.
[09:39:11] Warning: molecule is tagged as 2D, but at least one Z coordinate is not zero. Marking the mol as 3D.
[09:39:11] Warning: molecule is tagged as 2D, but at least one Z coordinate is not zero. Marking the mol as 3D.
[09:39:11] Warning: molecule is tagged as 2D, but at least one Z coordinate is not zero. Marking the mol as 3D.
2026-06-11 09:39:11    Pose   minimizedAffinity    CNNscore   CNNaffinity          
2026-06-11 09:39:11    --------------------------------------------------------------
2026-06-11 09:39:11       1              -3.414      0.7746        +3.922  ★ best
2026-06-11 09:39:11       2              -3.362      0.6992        +4.477
2026-06-11 09:39:11       3              -3.251      0.6367        +4.020
2026-06-11 09:39:11       4              -4.197      0.6138        +4.036
2026-06-11 09:39:11       5              -3.609      0.5693        +4.023
2026-06-11 09:39:11       6              -3.324      0.5618        +4.208
2026-06-11 09:39:11       7              -3.486      0.5463        +4.021
2026-06-11 09:39:11       8              -3.410      0.5463        +3.826
2026-06-11 09:39:11       9              -3.792      0.5331        +3.951
2026-06-11 09:39:11  
────────────────────────────────────────────────────────────
2026-06-11 09:39:11  [200/200] decoys_99_ZINC08415693
2026-06-11 09:39:11  ────────────────────────────────────────────────────────────
[09:39:52] Warning: molecule is tagged as 2D, but at least one Z coordinate is not zero. Marking the mol as 3D.
[09:39:52] Warning: molecule is tagged as 2D, but at least one Z coordinate is not zero. Marking the mol as 3D.
[09:39:52] Warning: molecule is tagged as 2D, but at least one Z coordinate is not zero. Marking the mol as 3D.
[09:39:52] Warning: molecule is tagged as 2D, but at least one Z coordinate is not zero. Marking the mol as 3D.
[09:39:52] Warning: molecule is tagged as 2D, but at least one Z coordinate is not zero. Marking the mol as 3D.
[09:39:52] Warning: molecule is tagged as 2D, but at least one Z coordinate is not zero. Marking the mol as 3D.
[09:39:52] Warning: molecule is tagged as 2D, but at least one Z coordinate is not zero. Marking the mol as 3D.
[09:39:52] Warning: molecule is tagged as 2D, but at least one Z coordinate is not zero. Marking the mol as 3D.
[09:39:52] Warning: molecule is tagged as 2D, but at least one Z coordinate is not zero. Marking the mol as 3D.
2026-06-11 09:39:52    Pose   minimizedAffinity    CNNscore   CNNaffinity          
2026-06-11 09:39:52    --------------------------------------------------------------
2026-06-11 09:39:52       1              -3.807      0.5585        +5.073  ★ best
2026-06-11 09:39:52       2              -4.085      0.5155        +4.820
2026-06-11 09:39:52       3              -3.420      0.4403        +5.054
2026-06-11 09:39:52       4              -3.830      0.4179        +4.925
2026-06-11 09:39:52       5              -3.636      0.4164        +4.690
2026-06-11 09:39:52       6              -3.681      0.3908        +4.783
2026-06-11 09:39:52       7              -3.725      0.3813        +4.979
2026-06-11 09:39:52       8              -3.887      0.3731        +4.799
2026-06-11 09:39:52       9              -3.456      0.3693        +4.858
2026-06-11 09:39:52  
2026-06-11 09:39:52  ============================================================
2026-06-11 09:39:52  DOCKING SUMMARY — ranked by CNNscore
2026-06-11 09:39:52  ============================================================
2026-06-11 09:39:52    Rank  Ligand                                 CNNscore    CNNaff    minAff   Redo
2026-06-11 09:39:52    --------------------------------------------------------------------------------
2026-06-11 09:39:52       1  actives_47_CHEMBL411224                  0.9954    +7.435   -10.268     no
2026-06-11 09:39:52       2  actives_09_CHEMBL409892                  0.9832    +7.142   -10.978     no
2026-06-11 09:39:52       3  actives_56_CHEMBL358102                  0.9815    +7.297   -10.734     no
2026-06-11 09:39:52       4  actives_66_CHEMBL134976                  0.9763    +7.726   -10.785     no
2026-06-11 09:39:52       5  actives_85_CHEMBL139527                  0.9696    +7.973   -11.067     no
2026-06-11 09:39:52       6  actives_17_CHEMBL325023                  0.9688    +7.696   -10.914     no
2026-06-11 09:39:52       7  actives_79_CHEMBL272028                  0.9686    +7.355   -10.870     no
2026-06-11 09:39:52       8  actives_30_CHEMBL429142                  0.9683    +7.162   -10.332     no
2026-06-11 09:39:52       9  actives_77_CHEMBL434700                  0.9672    +6.560   -10.331     no
2026-06-11 09:39:52      10  actives_43_CHEMBL269827                  0.9550    +7.031   -10.274     no
2026-06-11 09:39:52      11  actives_82_CHEMBL521871                  0.9544    +7.777    -9.477     no
2026-06-11 09:39:52      12  actives_58_CHEMBL82243                   0.9512    +6.507    -7.878     no
2026-06-11 09:39:52      13  actives_25_CHEMBL48796                   0.9466    +7.072    -8.295     no
2026-06-11 09:39:52      14  actives_06_CHEMBL358281                  0.9443    +7.167   -11.238     no
2026-06-11 09:39:52      15  actives_91_CHEMBL14593                   0.9442    +6.706    -8.933     no
2026-06-11 09:39:52      16  actives_27_CHEMBL482193                  0.9427    +6.982    -9.254     no
2026-06-11 09:39:52      17  actives_12_CHEMBL363077                  0.9393    +7.394   -11.737     no
2026-06-11 09:39:52      18  actives_28_CHEMBL148580                  0.9372    +7.576   -10.983     no
2026-06-11 09:39:52      19  actives_45_CHEMBL310840                  0.9369    +6.964    -8.918     no
2026-06-11 09:39:52      20  actives_64_CHEMBL188010                  0.9339    +7.397   -12.148     no
2026-06-11 09:39:52      21  actives_44_CHEMBL115319                  0.9326    +5.659    -7.195     no
2026-06-11 09:39:52      22  actives_73_CHEMBL477568                  0.9326    +7.592    -9.132     no
2026-06-11 09:39:52      23  actives_37_CHEMBL147232                  0.9262    +7.734   -10.954     no
2026-06-11 09:39:52      24  actives_32_CHEMBL147290                  0.9197    +7.130   -11.277     no
2026-06-11 09:39:52      25  actives_87_CHEMBL85667                   0.9163    +7.117    -9.885     no
2026-06-11 09:39:52      26  actives_50_CHEMBL186240                  0.9119    +6.492    -8.894     no
2026-06-11 09:39:52      27  actives_08_CHEMBL363077                  0.9080    +7.371   -11.883     no
2026-06-11 09:39:52      28  actives_65_CHEMBL364805                  0.9004    +7.533   -12.759     no
2026-06-11 09:39:52      29  actives_57_CHEMBL256558                  0.8983    +6.847    -9.372     no
2026-06-11 09:39:52      30  decoys_83_ZINC12653890                   0.8982    +4.731    -5.893     no
2026-06-11 09:39:52      31  decoys_38_ZINC67000535                   0.8946    +6.693   -10.035     no
2026-06-11 09:39:52      32  actives_93_CHEMBL183455                  0.8852    +7.143    -9.023     no
2026-06-11 09:39:52      33  actives_38_CHEMBL358057                  0.8819    +7.361    -9.884     no
2026-06-11 09:39:52      34  actives_33_CHEMBL310840                  0.8786    +6.784    -8.658     no
2026-06-11 09:39:52      35  actives_55_CHEMBL484990                  0.8758    +6.797    -8.825     no
2026-06-11 09:39:52      36  actives_05_CHEMBL340741                  0.8655    +5.801    -6.702     no
2026-06-11 09:39:52      37  decoys_62_ZINC06049249                   0.8634    +5.491    -6.919     no
2026-06-11 09:39:52      38  decoys_96_ZINC40923968                   0.8612    +7.380   -10.360     no
2026-06-11 09:39:52      39  actives_99_CHEMBL515839                  0.8598    +7.532    -9.137     no
2026-06-11 09:39:52      40  actives_81_CHEMBL460086                  0.8580    +7.376    -8.708     no
2026-06-11 09:39:52      41  actives_11_CHEMBL137357                  0.8457    +7.527   -10.582     no
2026-06-11 09:39:52      42  decoys_16_ZINC08321081                   0.8416    +6.761   -10.178     no
2026-06-11 09:39:52      43  actives_42_CHEMBL79498                   0.8408    +6.858    -9.760     no
2026-06-11 09:39:52      44  actives_14_CHEMBL483590                  0.8403    +7.378    -8.548     no
2026-06-11 09:39:52      45  decoys_07_ZINC21318918                   0.8194    +6.789    -7.576     no
2026-06-11 09:39:52      46  actives_20_CHEMBL570111                  0.8152    +7.916   -11.739     no
2026-06-11 09:39:52      47  decoys_43_ZINC22797752                   0.8131    +7.134    -9.240     no
2026-06-11 09:39:52      48  actives_69_CHEMBL478409                  0.8125    +7.231    -8.302     no
2026-06-11 09:39:52      49  actives_74_CHEMBL319467                  0.8030    +7.161    -9.656     no
2026-06-11 09:39:52      50  decoys_19_ZINC37072269                   0.7979    +5.944    -8.024     no
2026-06-11 09:39:52      51  decoys_32_ZINC34703472                   0.7957    +4.429    -4.079     no
2026-06-11 09:39:52      52  decoys_14_ZINC37060287                   0.7855    +5.409    -8.120     no
2026-06-11 09:39:52      53  actives_53_CHEMBL1164262                 0.7807    +6.737   -10.304     no
2026-06-11 09:39:52      54  decoys_36_ZINC19330790                   0.7791    +5.855    -7.543     no
2026-06-11 09:39:52      55  decoys_26_ZINC00832330                   0.7782    +6.722    -8.207     no
2026-06-11 09:39:52      56  decoys_98_ZINC00089412                   0.7746    +3.922    -3.414     no
2026-06-11 09:39:52      57  actives_88_CHEMBL561179                  0.7730    +6.534    -8.785     no
2026-06-11 09:39:52      58  decoys_52_ZINC49776625                   0.7655    +5.571    -6.525     no
2026-06-11 09:39:52      59  decoys_05_ZINC01684039                   0.7590    +6.122    -7.435     no
2026-06-11 09:39:52      60  actives_01_CHEMBL193288                  0.7585    +6.399    -7.708     no
2026-06-11 09:39:52      61  decoys_53_ZINC66732945                   0.7566    +6.808   -10.255     no
2026-06-11 09:39:52      62  actives_19_CHEMBL321517                  0.7548    +6.172    -9.544     no
2026-06-11 09:39:52      63  actives_22_CHEMBL311464                  0.7526    +6.481    -9.442     no
2026-06-11 09:39:52      64  decoys_73_ZINC49978845                   0.7523    +4.839    -5.221     no
2026-06-11 09:39:52      65  decoys_35_ZINC16033235                   0.7522    +5.455    -5.984     no
2026-06-11 09:39:52      66  actives_76_CHEMBL515001                  0.7437    +7.421    -9.490     no
2026-06-11 09:39:52      67  actives_75_CHEMBL260416                  0.7430    +6.112    -7.590     no
2026-06-11 09:39:52      68  decoys_92_ZINC14009805                   0.7394    +4.676    -6.587     no
2026-06-11 09:39:52      69  decoys_33_ZINC15224945                   0.7341    +6.670   -10.131     no
2026-06-11 09:39:52      70  actives_49_CHEMBL455467                  0.7284    +7.120   -10.040     no
2026-06-11 09:39:52      71  actives_84_CHEMBL421207                  0.7200    +4.057    -4.628     no
2026-06-11 09:39:52      72  actives_04_CHEMBL564470                  0.7197    +7.532    -9.350     no
2026-06-11 09:39:52      73  actives_24_CHEMBL424469                  0.7162    +6.650    -8.186     no
2026-06-11 09:39:52      74  decoys_59_ZINC16026456                   0.7129    +4.586    -3.845     no
2026-06-11 09:39:52      75  actives_98_CHEMBL515001                  0.7128    +7.369    -9.199     no
2026-06-11 09:39:52      76  actives_34_CHEMBL460102                  0.7051    +7.335    -9.482     no
2026-06-11 09:39:52      77  actives_61_CHEMBL504155                  0.6944    +4.436    -4.802     no
2026-06-11 09:39:52      78  decoys_85_ZINC21243368                   0.6853    +5.180    -4.860     no
2026-06-11 09:39:52      79  decoys_57_ZINC28568062                   0.6842    +4.387    -8.296     no
2026-06-11 09:39:52      80  actives_95_CHEMBL576257                  0.6833    +7.195    -8.011     no
2026-06-11 09:39:52      81  decoys_30_ZINC39035034                   0.6827    +4.787    -4.552     no
2026-06-11 09:39:52      82  actives_80_CHEMBL112442                  0.6817    +4.508    -5.543     no
2026-06-11 09:39:52      83  actives_70_CHEMBL392776                  0.6788    +5.115    -4.747     no
2026-06-11 09:39:52      84  decoys_13_ZINC59829687                   0.6675    +6.435    -9.028     no
2026-06-11 09:39:52      85  actives_78_CHEMBL103355                  0.6656    +6.696    -9.797     no
2026-06-11 09:39:52      86  actives_31_CHEMBL150859                  0.6642    +6.197    -9.660     no
2026-06-11 09:39:52      87  actives_40_CHEMBL75680                   0.6593    +5.948    -8.088     no
2026-06-11 09:39:52      88  decoys_02_ZINC00999954                   0.6551    +4.732    -3.969     no
2026-06-11 09:39:52      89  decoys_69_ZINC39496630                   0.6545    +4.029    -4.271     no
2026-06-11 09:39:52      90  decoys_29_ZINC28048731                   0.6515    +6.361    -8.405     no
2026-06-11 09:39:52      91  actives_86_CHEMBL1082152                 0.6501    +6.943    -7.356     no
2026-06-11 09:39:52      92  decoys_12_ZINC66615365                   0.6498    +6.131    -8.830     no
2026-06-11 09:39:52      93  decoys_23_ZINC19557549                   0.6476    +4.675    -4.288     no
2026-06-11 09:39:52      94  decoys_67_ZINC38659106                   0.6466    +6.929    -9.929     no
2026-06-11 09:39:52      95  actives_18_CHEMBL319103                  0.6465    +6.760   -10.730     no
2026-06-11 09:39:52      96  decoys_42_ZINC01445045                   0.6433    +4.876    -0.590     no
2026-06-11 09:39:52      97  decoys_60_ZINC39676264                   0.6422    +7.050    -9.651     no
2026-06-11 09:39:52      98  decoys_71_ZINC62840274                   0.6404    +3.823    -3.918     no
2026-06-11 09:39:52      99  actives_52_CHEMBL570002                  0.6358    +6.537    -7.436     no
2026-06-11 09:39:52     100  actives_07_CHEMBL509406                  0.6327    +7.514    -9.833     no
2026-06-11 09:39:52     101  decoys_84_ZINC15276481                   0.6318    +3.798    -4.230     no
2026-06-11 09:39:52     102  actives_36_CHEMBL192556                  0.6283    +6.450    -9.552     no
2026-06-11 09:39:52     103  actives_90_CHEMBL126328                  0.6267    +6.393    -7.008     no
2026-06-11 09:39:52     104  decoys_89_ZINC63204731                   0.6243    +4.896    -4.728     no
2026-06-11 09:39:52     105  decoys_15_ZINC00690790                   0.6242    +5.877    -4.525     no
2026-06-11 09:39:52     106  decoys_88_ZINC39590284                   0.6219    +5.415    -8.192     no
2026-06-11 09:39:52     107  decoys_65_ZINC02395284                   0.6140    +5.316    -6.394     no
2026-06-11 09:39:52     108  actives_51_CHEMBL446409                  0.6123    +6.362    -9.333     no
2026-06-11 09:39:52     109  decoys_45_ZINC06825719                   0.6110    +6.642    -9.367     no
2026-06-11 09:39:52     110  decoys_56_ZINC38613236                   0.6077    +6.503    -7.572     no
2026-06-11 09:39:52     111  decoys_87_ZINC47146091                   0.6073    +5.706    -5.297     no
2026-06-11 09:39:52     112  decoys_31_ZINC09329280                   0.6056    +5.298    -4.417     no
2026-06-11 09:39:52     113  actives_16_CHEMBL192440                  0.6046    +6.971    -9.962     no
2026-06-11 09:39:52     114  decoys_66_ZINC50397239                   0.6042    +4.369    -6.899     no
2026-06-11 09:39:52     115  actives_21_CHEMBL192440                  0.6006    +6.756    -8.267     no
2026-06-11 09:39:52     116  decoys_25_ZINC63480717                   0.5974    +6.915   -10.403     no
2026-06-11 09:39:52     117  decoys_41_ZINC51093957                   0.5972    +5.360    -7.321     no
2026-06-11 09:39:52     118  actives_03_CHEMBL430653                  0.5958    +6.497    -7.899     no
2026-06-11 09:39:52     119  actives_23_CHEMBL443198                  0.5949    +5.369    -7.923     no
2026-06-11 09:39:52     120  actives_39_CHEMBL495557                  0.5938    +6.530    -7.901     no
2026-06-11 09:39:52     121  actives_63_CHEMBL186163                  0.5937    +7.099    -8.347     no
2026-06-11 09:39:52     122  decoys_97_ZINC58214902                   0.5920    +5.940    -8.956     no
2026-06-11 09:39:52     123  decoys_04_ZINC21045558                   0.5919    +3.742    -5.274     no
2026-06-11 09:39:52     124  decoys_27_ZINC39462183                   0.5865    +6.052    -8.863     no
2026-06-11 09:39:52     125  actives_67_CHEMBL115220                  0.5843    +4.584    -6.478     no
2026-06-11 09:39:52     126  actives_54_CHEMBL75953                   0.5821    +5.323    -5.623     no
2026-06-11 09:39:52     127  decoys_37_ZINC67189709                   0.5808    +5.966    -6.272     no
2026-06-11 09:39:52     128  decoys_72_ZINC07737864                   0.5799    +6.444    -8.452     no
2026-06-11 09:39:52     129  decoys_86_ZINC05002565                   0.5728    +6.490   -10.296     no
2026-06-11 09:39:52     130  decoys_24_ZINC07595556                   0.5589    +5.499    -8.909     no
2026-06-11 09:39:52     131  decoys_99_ZINC08415693                   0.5585    +5.073    -3.807     no
2026-06-11 09:39:52     132  actives_10_CHEMBL137357                  0.5576    +5.233    -4.731     no
2026-06-11 09:39:52     133  decoys_76_ZINC48653986                   0.5538    +5.878    -7.949     no
2026-06-11 09:39:52     134  decoys_08_ZINC21225139                   0.5503    +4.746    -4.069     no
2026-06-11 09:39:52     135  decoys_47_ZINC36110843                   0.5399    +4.933    -5.326     no
2026-06-11 09:39:52     136  actives_48_CHEMBL315486                  0.5394    +5.569    -4.230     no
2026-06-11 09:39:52     137  decoys_03_ZINC40569152                   0.5382    +5.148    -5.256     no
2026-06-11 09:39:52     138  decoys_20_ZINC39534209                   0.5315    +5.839    -9.663     no
2026-06-11 09:39:52     139  decoys_81_ZINC63723535                   0.5300    +6.235    -6.705     no
2026-06-11 09:39:52     140  actives_46_CHEMBL210765                  0.5246    +6.872    -8.814     no
2026-06-11 09:39:52     141  actives_96_CHEMBL181289                  0.5222    +7.171   -10.078     no
2026-06-11 09:39:52     142  actives_35_CHEMBL458421                  0.5185    +6.883    -8.853     no
2026-06-11 09:39:52     143  decoys_28_ZINC39604175                   0.5172    +5.450    -4.656     no
2026-06-11 09:39:52     144  actives_68_CHEMBL72077                   0.5128    +5.152    -5.065     no
2026-06-11 09:39:52     145  decoys_74_ZINC58866805                   0.5054    +6.179    -7.887     no
2026-06-11 09:39:52     146  decoys_09_ZINC34256005                   0.4985    +6.202    -8.244     no
2026-06-11 09:39:52     147  decoys_70_ZINC40804646                   0.4934    +6.540   -10.080     no
2026-06-11 09:39:52     148  decoys_50_ZINC39991461                   0.4894    +4.748    -1.854     no
2026-06-11 09:39:52     149  decoys_00_ZINC65638275                   0.4788    +6.194    -7.425     no
2026-06-11 09:39:52     150  actives_72_CHEMBL141247                  0.4688    +4.518    -5.853     no
2026-06-11 09:39:52     151  actives_62_CHEMBL143748                  0.4676    +6.521    -9.308     no
2026-06-11 09:39:52     152  decoys_22_ZINC20709523                   0.4675    +6.781    -9.389     no
2026-06-11 09:39:52     153  decoys_75_ZINC13956920                   0.4673    +7.085    -8.903     no
2026-06-11 09:39:52     154  decoys_18_ZINC13562997                   0.4664    +4.107    -6.031     no
2026-06-11 09:39:52     155  decoys_51_ZINC39617617                   0.4649    +6.250    -7.517     no
2026-06-11 09:39:52     156  actives_29_CHEMBL380946                  0.4613    +6.539    -8.629     no
2026-06-11 09:39:52     157  decoys_48_ZINC03846493                   0.4565    +6.131    -9.362     no
2026-06-11 09:39:52     158  actives_92_CHEMBL192440                  0.4535    +6.793    -9.308     no
2026-06-11 09:39:52     159  decoys_21_ZINC31283714                   0.4532    +4.914    -4.863     no
2026-06-11 09:39:52     160  actives_94_CHEMBL381565                  0.4478    +6.502    -8.290     no
2026-06-11 09:39:52     161  decoys_46_ZINC39631261                   0.4440    +5.392    -5.640     no
2026-06-11 09:39:52     162  decoys_90_ZINC40917875                   0.4396    +5.277    -5.855     no
2026-06-11 09:39:52     163  decoys_17_ZINC54318027                   0.4303    +6.117    -7.718     no
2026-06-11 09:39:52     164  actives_59_CHEMBL393929                  0.4205    +5.717    -8.523     no
2026-06-11 09:39:52     165  decoys_82_ZINC63160915                   0.4187    +5.464    -8.768     no
2026-06-11 09:39:52     166  decoys_10_ZINC58224764                   0.4143    +6.836    -8.508     no
2026-06-11 09:39:52     167  decoys_40_ZINC65349259                   0.4142    +5.436    -8.185     no
2026-06-11 09:39:52     168  decoys_94_ZINC36332394                   0.4122    +4.057    -5.206     no
2026-06-11 09:39:52     169  actives_41_CHEMBL1094400                 0.4060    +5.613    -5.832     no
2026-06-11 09:39:52     170  decoys_61_ZINC23281215                   0.4012    +5.997    -9.562     no
2026-06-11 09:39:52     171  actives_02_CHEMBL1080902                 0.4000    +5.380    -8.578     no
2026-06-11 09:39:52     172  decoys_77_ZINC33154863                   0.3972    +6.281    -7.369     no
2026-06-11 09:39:52     173  decoys_64_ZINC39684224                   0.3958    +7.445   -10.885     no
2026-06-11 09:39:52     174  decoys_95_ZINC67225190                   0.3957    +4.959    -6.275     no
2026-06-11 09:39:52     175  decoys_58_ZINC10315666                   0.3947    +7.336    -9.572     no
2026-06-11 09:39:52     176  actives_60_CHEMBL203707                  0.3931    +5.619    -7.773     no
2026-06-11 09:39:52     177  decoys_80_ZINC12715302                   0.3824    +6.590    -8.422     no
2026-06-11 09:39:52     178  actives_97_CHEMBL455195                  0.3730    +5.886    -7.146     no
2026-06-11 09:39:52     179  actives_26_CHEMBL574738                  0.3682    +7.034    -9.978     no
2026-06-11 09:39:52     180  decoys_68_ZINC35092965                   0.3661    +5.975    -8.135     no
2026-06-11 09:39:52     181  decoys_01_ZINC59309590                   0.3653    +6.741    -8.888     no
2026-06-11 09:39:52     182  decoys_91_ZINC44783392                   0.3618    +4.895    -8.016     no
2026-06-11 09:39:52     183  decoys_55_ZINC14232991                   0.3581    +6.654    -9.696     no
2026-06-11 09:39:52     184  decoys_93_ZINC63873704                   0.3571    +7.071    -9.827     no
2026-06-11 09:39:52     185  actives_15_CHEMBL75952                   0.3567    +5.344    -4.751     no
2026-06-11 09:39:52     186  actives_89_CHEMBL1077107                 0.3448    +5.796    -6.034     no
2026-06-11 09:39:52     187  decoys_39_ZINC54043596                   0.3378    +6.173    -8.071     no
2026-06-11 09:39:52     188  actives_00_CHEMBL1081852                 0.3311    +6.266    -9.700     no
2026-06-11 09:39:52     189  decoys_54_ZINC13550346                   0.3269    +5.336    -5.903     no
2026-06-11 09:39:52     190  actives_71_CHEMBL336892                  0.3261    +5.677    -6.549     no
2026-06-11 09:39:52     191  decoys_79_ZINC38828210                   0.3100    +5.004    -5.873     no
2026-06-11 09:39:52     192  decoys_78_ZINC39665804                   0.3085    +6.306    -9.261     no
2026-06-11 09:39:52     193  decoys_06_ZINC39205288                   0.2999    +6.067    -8.683     no
2026-06-11 09:39:52     194  actives_13_CHEMBL143748                  0.2919    +6.339   -10.202     no
2026-06-11 09:39:52     195  actives_83_CHEMBL337325                  0.2641    +5.885    -9.068     no
2026-06-11 09:39:52     196  decoys_34_ZINC09646592                   0.2577    +6.126    -8.696     no
2026-06-11 09:39:52     197  decoys_49_ZINC39680642                   0.2493    +5.226    -5.701     no
2026-06-11 09:39:52     198  decoys_63_ZINC06631494                   0.2069    +5.071    -4.200     no
2026-06-11 09:39:52     199  decoys_11_ZINC39684239                   0.2059    +6.483   -10.239     no
2026-06-11 09:39:52     200  decoys_44_ZINC67414932                   0.1396    +5.308    -7.090     no
2026-06-11 09:39:52  
  Total: 200  |  Success: 200  |  Redone: 0  |  Failed: 0
2026-06-11 09:39:52  
  Summary CSV: /home/tedeschg/prj/protein-perturbation/data/cdk2/02.docked_dude/docking_summary.csv
2026-06-11 09:39:52    Log file:    /home/tedeschg/prj/protein-perturbation/data/cdk2/02.docked_dude/docking.log
2026-06-11 09:39:52    Temporary files removed.
2026-06-11 09:39:52  
All done!
