nohup: ignoring input

╔══════════════════════════════════════════════╗
║       LigandMPNN Pipeline -- Multi-PDB        ║
╚══════════════════════════════════════════════╝

[10:31:41] Found 199 valid PDB(s).

----------------------------------------------
[10:31:42] [1/3] Pose QC
----------------------------------------------
[10:31:42]   [actives_00_CHEMBL1081852_best_CNNaffinity] Running pose_qc.py...
[10:31:42]   [actives_00_CHEMBL1081852_best_CNNaffinity] QC PASS
[10:31:42]   [actives_01_CHEMBL193288_best_CNNaffinity] Running pose_qc.py...
[10:31:42]   [actives_01_CHEMBL193288_best_CNNaffinity] QC PASS
[10:31:42]   [actives_02_CHEMBL1080902_best_CNNaffinity] Running pose_qc.py...
[10:31:42]   [actives_02_CHEMBL1080902_best_CNNaffinity] QC PASS
[10:31:42]   [actives_03_CHEMBL430653_best_CNNaffinity] Running pose_qc.py...
[10:31:43]   [actives_03_CHEMBL430653_best_CNNaffinity] QC PASS
[10:31:43]   [actives_04_CHEMBL564470_best_CNNaffinity] Running pose_qc.py...
[10:31:43]   [actives_04_CHEMBL564470_best_CNNaffinity] QC PASS
[10:31:43]   [actives_05_CHEMBL340741_best_CNNaffinity] Running pose_qc.py...
[10:31:43]   [actives_05_CHEMBL340741_best_CNNaffinity] QC PASS
[10:31:43]   [actives_06_CHEMBL358281_best_CNNaffinity] Running pose_qc.py...
[10:31:43]   [actives_06_CHEMBL358281_best_CNNaffinity] QC PASS
[10:31:43]   [actives_07_CHEMBL509406_best_CNNaffinity] Running pose_qc.py...
[10:31:44]   [actives_07_CHEMBL509406_best_CNNaffinity] QC PASS
[10:31:44]   [actives_08_CHEMBL363077_best_CNNaffinity] Running pose_qc.py...
[10:31:44]   [actives_08_CHEMBL363077_best_CNNaffinity] QC PASS
[10:31:44]   [actives_09_CHEMBL409892_best_CNNaffinity] Running pose_qc.py...
[10:31:44]   [actives_09_CHEMBL409892_best_CNNaffinity] QC PASS
[10:31:44]   [actives_10_CHEMBL137357_best_CNNaffinity] Running pose_qc.py...
[10:31:44]   [actives_10_CHEMBL137357_best_CNNaffinity] QC PASS
[10:31:44]   [actives_11_CHEMBL137357_best_CNNaffinity] Running pose_qc.py...
[10:31:45]   [actives_11_CHEMBL137357_best_CNNaffinity] QC PASS
[10:31:45]   [actives_12_CHEMBL363077_best_CNNaffinity] Running pose_qc.py...
[10:31:45]   [actives_12_CHEMBL363077_best_CNNaffinity] QC PASS
[10:31:45]   [actives_13_CHEMBL143748_best_CNNaffinity] Running pose_qc.py...
[10:31:45]   [actives_13_CHEMBL143748_best_CNNaffinity] QC PASS
[10:31:45]   [actives_14_CHEMBL483590_best_CNNaffinity] Running pose_qc.py...
[10:31:45]   [actives_14_CHEMBL483590_best_CNNaffinity] QC PASS
[10:31:45]   [actives_15_CHEMBL75952_best_CNNaffinity] Running pose_qc.py...
[10:31:46]   [actives_15_CHEMBL75952_best_CNNaffinity] QC PASS
[10:31:46]   [actives_16_CHEMBL192440_best_CNNaffinity] Running pose_qc.py...
[10:31:46]   [actives_16_CHEMBL192440_best_CNNaffinity] QC PASS
[10:31:46]   [actives_17_CHEMBL325023_best_CNNaffinity] Running pose_qc.py...
[10:31:46]   [actives_17_CHEMBL325023_best_CNNaffinity] QC PASS
[10:31:46]   [actives_18_CHEMBL319103_best_CNNaffinity] Running pose_qc.py...
[10:31:46]   [actives_18_CHEMBL319103_best_CNNaffinity] QC PASS
[10:31:46]   [actives_19_CHEMBL321517_best_CNNaffinity] Running pose_qc.py...
[10:31:47]   [actives_19_CHEMBL321517_best_CNNaffinity] QC PASS
[10:31:47]   [actives_20_CHEMBL570111_best_CNNaffinity] Running pose_qc.py...
[10:31:47]   [actives_20_CHEMBL570111_best_CNNaffinity] QC PASS
[10:31:47]   [actives_21_CHEMBL192440_best_CNNaffinity] Running pose_qc.py...
[10:31:47]   [actives_21_CHEMBL192440_best_CNNaffinity] QC PASS
[10:31:47]   [actives_22_CHEMBL311464_best_CNNaffinity] Running pose_qc.py...
[10:31:47]   [actives_22_CHEMBL311464_best_CNNaffinity] QC PASS
[10:31:47]   [actives_23_CHEMBL443198_best_CNNaffinity] Running pose_qc.py...
[10:31:48]   [actives_23_CHEMBL443198_best_CNNaffinity] QC PASS
[10:31:48]   [actives_24_CHEMBL424469_best_CNNaffinity] Running pose_qc.py...
[10:31:48]   [actives_24_CHEMBL424469_best_CNNaffinity] QC PASS
[10:31:48]   [actives_25_CHEMBL48796_best_CNNaffinity] Running pose_qc.py...
[10:31:48]   [actives_25_CHEMBL48796_best_CNNaffinity] QC PASS
[10:31:48]   [actives_26_CHEMBL574738_best_CNNaffinity] Running pose_qc.py...
[10:31:48]   [actives_26_CHEMBL574738_best_CNNaffinity] QC PASS
[10:31:48]   [actives_27_CHEMBL482193_best_CNNaffinity] Running pose_qc.py...
[10:31:48]   [actives_27_CHEMBL482193_best_CNNaffinity] QC PASS
[10:31:48]   [actives_28_CHEMBL148580_best_CNNaffinity] Running pose_qc.py...
[10:31:49]   [actives_28_CHEMBL148580_best_CNNaffinity] QC PASS
[10:31:49]   [actives_29_CHEMBL380946_best_CNNaffinity] Running pose_qc.py...
[10:31:49]   [actives_29_CHEMBL380946_best_CNNaffinity] QC PASS
[10:31:49]   [actives_30_CHEMBL429142_best_CNNaffinity] Running pose_qc.py...
[10:31:49]   [actives_30_CHEMBL429142_best_CNNaffinity] QC PASS
[10:31:49]   [actives_31_CHEMBL150859_best_CNNaffinity] Running pose_qc.py...
[10:31:49]   [actives_31_CHEMBL150859_best_CNNaffinity] QC PASS
[10:31:49]   [actives_32_CHEMBL147290_best_CNNaffinity] Running pose_qc.py...
[10:31:50]   [actives_32_CHEMBL147290_best_CNNaffinity] QC PASS
[10:31:50]   [actives_33_CHEMBL310840_best_CNNaffinity] Running pose_qc.py...
[10:31:50]   [actives_33_CHEMBL310840_best_CNNaffinity] QC PASS
[10:31:50]   [actives_34_CHEMBL460102_best_CNNaffinity] Running pose_qc.py...
[10:31:50]   [actives_34_CHEMBL460102_best_CNNaffinity] QC PASS
[10:31:50]   [actives_35_CHEMBL458421_best_CNNaffinity] Running pose_qc.py...
[10:31:50]   [actives_35_CHEMBL458421_best_CNNaffinity] QC PASS
[10:31:50]   [actives_36_CHEMBL192556_best_CNNaffinity] Running pose_qc.py...
[10:31:51]   [actives_36_CHEMBL192556_best_CNNaffinity] QC PASS
[10:31:51]   [actives_37_CHEMBL147232_best_CNNaffinity] Running pose_qc.py...
[10:31:51]   [actives_37_CHEMBL147232_best_CNNaffinity] QC PASS
[10:31:51]   [actives_38_CHEMBL358057_best_CNNaffinity] Running pose_qc.py...
[10:31:51]   [actives_38_CHEMBL358057_best_CNNaffinity] QC PASS
[10:31:51]   [actives_39_CHEMBL495557_best_CNNaffinity] Running pose_qc.py...
[10:31:51]   [actives_39_CHEMBL495557_best_CNNaffinity] QC PASS
[10:31:51]   [actives_40_CHEMBL75680_best_CNNaffinity] Running pose_qc.py...
[10:31:52]   [actives_40_CHEMBL75680_best_CNNaffinity] QC PASS
[10:31:52]   [actives_41_CHEMBL1094400_best_CNNaffinity] Running pose_qc.py...
[10:31:52]   [actives_41_CHEMBL1094400_best_CNNaffinity] QC PASS
[10:31:52]   [actives_42_CHEMBL79498_best_CNNaffinity] Running pose_qc.py...
[10:31:52]   [actives_42_CHEMBL79498_best_CNNaffinity] QC PASS
[10:31:52]   [actives_43_CHEMBL269827_best_CNNaffinity] Running pose_qc.py...
[10:31:52]   [actives_43_CHEMBL269827_best_CNNaffinity] QC PASS
[10:31:52]   [actives_44_CHEMBL115319_best_CNNaffinity] Running pose_qc.py...
[10:31:53]   [actives_44_CHEMBL115319_best_CNNaffinity] QC PASS
[10:31:53]   [actives_45_CHEMBL310840_best_CNNaffinity] Running pose_qc.py...
[10:31:53]   [actives_45_CHEMBL310840_best_CNNaffinity] QC PASS
[10:31:53]   [actives_46_CHEMBL210765_best_CNNaffinity] Running pose_qc.py...
[10:31:53]   [actives_46_CHEMBL210765_best_CNNaffinity] QC PASS
[10:31:53]   [actives_47_CHEMBL411224_best_CNNaffinity] Running pose_qc.py...
[10:31:53]   [actives_47_CHEMBL411224_best_CNNaffinity] QC PASS
[10:31:53]   [actives_48_CHEMBL315486_best_CNNaffinity] Running pose_qc.py...
[10:31:54]   [actives_48_CHEMBL315486_best_CNNaffinity] QC PASS
[10:31:54]   [actives_49_CHEMBL455467_best_CNNaffinity] Running pose_qc.py...
[10:31:54]   [actives_49_CHEMBL455467_best_CNNaffinity] QC PASS
[10:31:54]   [actives_50_CHEMBL186240_best_CNNaffinity] Running pose_qc.py...
[10:31:54]   [actives_50_CHEMBL186240_best_CNNaffinity] QC PASS
[10:31:54]   [actives_51_CHEMBL446409_best_CNNaffinity] Running pose_qc.py...
[10:31:54]   [actives_51_CHEMBL446409_best_CNNaffinity] QC PASS
[10:31:54]   [actives_52_CHEMBL570002_best_CNNaffinity] Running pose_qc.py...
[10:31:55]   [actives_52_CHEMBL570002_best_CNNaffinity] QC PASS
[10:31:55]   [actives_53_CHEMBL1164262_best_CNNaffinity] Running pose_qc.py...
[10:31:55]   [actives_53_CHEMBL1164262_best_CNNaffinity] QC PASS
[10:31:55]   [actives_54_CHEMBL75953_best_CNNaffinity] Running pose_qc.py...
[10:31:55]   [actives_54_CHEMBL75953_best_CNNaffinity] QC PASS
[10:31:55]   [actives_55_CHEMBL484990_best_CNNaffinity] Running pose_qc.py...
[10:31:55]   [actives_55_CHEMBL484990_best_CNNaffinity] QC PASS
[10:31:55]   [actives_56_CHEMBL358102_best_CNNaffinity] Running pose_qc.py...
[10:31:55]   [actives_56_CHEMBL358102_best_CNNaffinity] QC PASS
[10:31:55]   [actives_57_CHEMBL256558_best_CNNaffinity] Running pose_qc.py...
[10:31:56]   [actives_57_CHEMBL256558_best_CNNaffinity] QC PASS
[10:31:56]   [actives_58_CHEMBL82243_best_CNNaffinity] Running pose_qc.py...
[10:31:56]   [actives_58_CHEMBL82243_best_CNNaffinity] QC PASS
[10:31:56]   [actives_59_CHEMBL393929_best_CNNaffinity] Running pose_qc.py...
[10:31:56]   [actives_59_CHEMBL393929_best_CNNaffinity] QC PASS
[10:31:56]   [actives_60_CHEMBL203707_best_CNNaffinity] Running pose_qc.py...
[10:31:56]   [actives_60_CHEMBL203707_best_CNNaffinity] QC PASS
[10:31:56]   [actives_61_CHEMBL504155_best_CNNaffinity] Running pose_qc.py...
[10:31:57]   [actives_61_CHEMBL504155_best_CNNaffinity] QC PASS
[10:31:57]   [actives_62_CHEMBL143748_best_CNNaffinity] Running pose_qc.py...
[10:31:57]   [actives_62_CHEMBL143748_best_CNNaffinity] QC PASS
[10:31:57]   [actives_63_CHEMBL186163_best_CNNaffinity] Running pose_qc.py...
[10:31:57]   [actives_63_CHEMBL186163_best_CNNaffinity] QC PASS
[10:31:57]   [actives_64_CHEMBL188010_best_CNNaffinity] Running pose_qc.py...
[10:31:57]   [actives_64_CHEMBL188010_best_CNNaffinity] QC PASS
[10:31:57]   [actives_65_CHEMBL364805_best_CNNaffinity] Running pose_qc.py...
[10:31:58]   [actives_65_CHEMBL364805_best_CNNaffinity] QC PASS
[10:31:58]   [actives_66_CHEMBL134976_best_CNNaffinity] Running pose_qc.py...
[10:31:58]   [actives_66_CHEMBL134976_best_CNNaffinity] QC PASS
[10:31:58]   [actives_67_CHEMBL115220_best_CNNaffinity] Running pose_qc.py...
[10:31:58]   [actives_67_CHEMBL115220_best_CNNaffinity] QC PASS
[10:31:58]   [actives_68_CHEMBL72077_best_CNNaffinity] Running pose_qc.py...
[10:31:58]   [actives_68_CHEMBL72077_best_CNNaffinity] QC PASS
[10:31:58]   [actives_69_CHEMBL478409_best_CNNaffinity] Running pose_qc.py...
[10:31:59]   [actives_69_CHEMBL478409_best_CNNaffinity] QC PASS
[10:31:59]   [actives_70_CHEMBL392776_best_CNNaffinity] Running pose_qc.py...
[10:31:59]   [actives_70_CHEMBL392776_best_CNNaffinity] QC PASS
[10:31:59]   [actives_71_CHEMBL336892_best_CNNaffinity] Running pose_qc.py...
[10:31:59]   [actives_71_CHEMBL336892_best_CNNaffinity] QC PASS
[10:31:59]   [actives_72_CHEMBL141247_best_CNNaffinity] Running pose_qc.py...
[10:31:59]   [actives_72_CHEMBL141247_best_CNNaffinity] QC PASS
[10:31:59]   [actives_73_CHEMBL477568_best_CNNaffinity] Running pose_qc.py...
[10:32:00]   [actives_73_CHEMBL477568_best_CNNaffinity] QC PASS
[10:32:00]   [actives_74_CHEMBL319467_best_CNNaffinity] Running pose_qc.py...
[10:32:00]   [actives_74_CHEMBL319467_best_CNNaffinity] QC PASS
[10:32:00]   [actives_75_CHEMBL260416_best_CNNaffinity] Running pose_qc.py...
[10:32:00]   [actives_75_CHEMBL260416_best_CNNaffinity] QC PASS
[10:32:00]   [actives_76_CHEMBL515001_best_CNNaffinity] Running pose_qc.py...
[10:32:00]   [actives_76_CHEMBL515001_best_CNNaffinity] QC PASS
[10:32:00]   [actives_77_CHEMBL434700_best_CNNaffinity] Running pose_qc.py...
[10:32:01]   [actives_77_CHEMBL434700_best_CNNaffinity] QC PASS
[10:32:01]   [actives_78_CHEMBL103355_best_CNNaffinity] Running pose_qc.py...
[10:32:01]   [actives_78_CHEMBL103355_best_CNNaffinity] QC PASS
[10:32:01]   [actives_79_CHEMBL272028_best_CNNaffinity] Running pose_qc.py...
[10:32:01]   [actives_79_CHEMBL272028_best_CNNaffinity] QC PASS
[10:32:01]   [actives_80_CHEMBL112442_best_CNNaffinity] Running pose_qc.py...
[10:32:01]   [actives_80_CHEMBL112442_best_CNNaffinity] QC PASS
[10:32:01]   [actives_81_CHEMBL460086_best_CNNaffinity] Running pose_qc.py...
[10:32:02]   [actives_81_CHEMBL460086_best_CNNaffinity] QC PASS
[10:32:02]   [actives_82_CHEMBL521871_best_CNNaffinity] Running pose_qc.py...
[10:32:02]   [actives_82_CHEMBL521871_best_CNNaffinity] QC PASS
[10:32:02]   [actives_83_CHEMBL337325_best_CNNaffinity] Running pose_qc.py...
[10:32:02]   [actives_83_CHEMBL337325_best_CNNaffinity] QC PASS
[10:32:02]   [actives_84_CHEMBL421207_best_CNNaffinity] Running pose_qc.py...
[10:32:02]   [actives_84_CHEMBL421207_best_CNNaffinity] QC PASS
[10:32:02]   [actives_85_CHEMBL139527_best_CNNaffinity] Running pose_qc.py...
[10:32:02]   [actives_85_CHEMBL139527_best_CNNaffinity] QC PASS
[10:32:02]   [actives_86_CHEMBL1082152_best_CNNaffinity] Running pose_qc.py...
[10:32:03]   [actives_86_CHEMBL1082152_best_CNNaffinity] QC PASS
[10:32:03]   [actives_87_CHEMBL85667_best_CNNaffinity] Running pose_qc.py...
[10:32:03]   [actives_87_CHEMBL85667_best_CNNaffinity] QC PASS
[10:32:03]   [actives_88_CHEMBL561179_best_CNNaffinity] Running pose_qc.py...
[10:32:03]   [actives_88_CHEMBL561179_best_CNNaffinity] QC PASS
[10:32:03]   [actives_89_CHEMBL1077107_best_CNNaffinity] Running pose_qc.py...
[10:32:03]   [actives_89_CHEMBL1077107_best_CNNaffinity] QC PASS
[10:32:03]   [actives_90_CHEMBL126328_best_CNNaffinity] Running pose_qc.py...
[10:32:04]   [actives_90_CHEMBL126328_best_CNNaffinity] QC PASS
[10:32:04]   [actives_91_CHEMBL14593_best_CNNaffinity] Running pose_qc.py...
[10:32:04]   [actives_91_CHEMBL14593_best_CNNaffinity] QC PASS
[10:32:04]   [actives_92_CHEMBL192440_best_CNNaffinity] Running pose_qc.py...
[10:32:04]   [actives_92_CHEMBL192440_best_CNNaffinity] QC PASS
[10:32:04]   [actives_93_CHEMBL183455_best_CNNaffinity] Running pose_qc.py...
[10:32:04]   [actives_93_CHEMBL183455_best_CNNaffinity] QC PASS
[10:32:04]   [actives_94_CHEMBL381565_best_CNNaffinity] Running pose_qc.py...
[10:32:05]   [actives_94_CHEMBL381565_best_CNNaffinity] QC PASS
[10:32:05]   [actives_95_CHEMBL576257_best_CNNaffinity] Running pose_qc.py...
[10:32:05]   [actives_95_CHEMBL576257_best_CNNaffinity] QC PASS
[10:32:05]   [actives_96_CHEMBL181289_best_CNNaffinity] Running pose_qc.py...
[10:32:05]   [actives_96_CHEMBL181289_best_CNNaffinity] QC PASS
[10:32:05]   [actives_97_CHEMBL455195_best_CNNaffinity] Running pose_qc.py...
[10:32:05]   [actives_97_CHEMBL455195_best_CNNaffinity] QC PASS
[10:32:05]   [actives_98_CHEMBL515001_best_CNNaffinity] Running pose_qc.py...
[10:32:06]   [actives_98_CHEMBL515001_best_CNNaffinity] QC PASS
[10:32:06]   [actives_99_CHEMBL515839_best_CNNaffinity] Running pose_qc.py...
[10:32:06]   [actives_99_CHEMBL515839_best_CNNaffinity] QC PASS
[10:32:06]   [decoys_00_ZINC65638275_best_CNNaffinity] Running pose_qc.py...
[10:32:06]   [decoys_00_ZINC65638275_best_CNNaffinity] QC PASS
[10:32:06]   [decoys_01_ZINC59309590_best_CNNaffinity] Running pose_qc.py...
[10:32:06]   [decoys_01_ZINC59309590_best_CNNaffinity] QC PASS
[10:32:06]   [decoys_02_ZINC00999954_best_CNNaffinity] Running pose_qc.py...
[10:32:07]   [decoys_02_ZINC00999954_best_CNNaffinity] QC PASS
[10:32:07]   [decoys_03_ZINC40569152_best_CNNaffinity] Running pose_qc.py...
[10:32:07]   [decoys_03_ZINC40569152_best_CNNaffinity] QC PASS
[10:32:07]   [decoys_04_ZINC21045558_best_CNNaffinity] Running pose_qc.py...
[10:32:07]   [decoys_04_ZINC21045558_best_CNNaffinity] QC PASS
[10:32:07]   [decoys_05_ZINC01684039_best_CNNaffinity] Running pose_qc.py...
[10:32:07]   [decoys_05_ZINC01684039_best_CNNaffinity] QC PASS
[10:32:07]   [decoys_06_ZINC39205288_best_CNNaffinity] Running pose_qc.py...
[10:32:08]   [decoys_06_ZINC39205288_best_CNNaffinity] QC PASS
[10:32:08]   [decoys_07_ZINC21318918_best_CNNaffinity] Running pose_qc.py...
[10:32:08]   [decoys_07_ZINC21318918_best_CNNaffinity] QC PASS
[10:32:08]   [decoys_08_ZINC21225139_best_CNNaffinity] Running pose_qc.py...
[10:32:08]   [decoys_08_ZINC21225139_best_CNNaffinity] QC PASS
[10:32:08]   [decoys_09_ZINC34256005_best_CNNaffinity] Running pose_qc.py...
[10:32:08]   [decoys_09_ZINC34256005_best_CNNaffinity] QC PASS
[10:32:08]   [decoys_10_ZINC58224764_best_CNNaffinity] Running pose_qc.py...
[10:32:09]   [decoys_10_ZINC58224764_best_CNNaffinity] QC PASS
[10:32:09]   [decoys_11_ZINC39684239_best_CNNaffinity] Running pose_qc.py...
[10:32:09]   [decoys_11_ZINC39684239_best_CNNaffinity] QC PASS
[10:32:09]   [decoys_12_ZINC66615365_best_CNNaffinity] Running pose_qc.py...
[10:32:09]   [decoys_12_ZINC66615365_best_CNNaffinity] QC PASS
[10:32:09]   [decoys_13_ZINC59829687_best_CNNaffinity] Running pose_qc.py...
[10:32:09]   [decoys_13_ZINC59829687_best_CNNaffinity] QC PASS
[10:32:09]   [decoys_14_ZINC37060287_best_CNNaffinity] Running pose_qc.py...
[10:32:09]   [decoys_14_ZINC37060287_best_CNNaffinity] QC PASS
[10:32:09]   [decoys_15_ZINC00690790_best_CNNaffinity] Running pose_qc.py...
[10:32:10]   [decoys_15_ZINC00690790_best_CNNaffinity] QC PASS
[10:32:10]   [decoys_16_ZINC08321081_best_CNNaffinity] Running pose_qc.py...
[10:32:10]   [decoys_16_ZINC08321081_best_CNNaffinity] QC PASS
[10:32:10]   [decoys_17_ZINC54318027_best_CNNaffinity] Running pose_qc.py...
[10:32:10]   [decoys_17_ZINC54318027_best_CNNaffinity] QC PASS
[10:32:10]   [decoys_18_ZINC13562997_best_CNNaffinity] Running pose_qc.py...
[10:32:10]   [decoys_18_ZINC13562997_best_CNNaffinity] QC PASS
[10:32:10]   [decoys_19_ZINC37072269_best_CNNaffinity] Running pose_qc.py...
[10:32:11]   [decoys_19_ZINC37072269_best_CNNaffinity] QC PASS
[10:32:11]   [decoys_20_ZINC39534209_best_CNNaffinity] Running pose_qc.py...
[10:32:11]   [decoys_20_ZINC39534209_best_CNNaffinity] QC PASS
[10:32:11]   [decoys_21_ZINC31283714_best_CNNaffinity] Running pose_qc.py...
[10:32:11]   [decoys_21_ZINC31283714_best_CNNaffinity] QC PASS
[10:32:11]   [decoys_22_ZINC20709523_best_CNNaffinity] Running pose_qc.py...
[10:32:11]   [decoys_22_ZINC20709523_best_CNNaffinity] QC PASS
[10:32:11]   [decoys_23_ZINC19557549_best_CNNaffinity] Running pose_qc.py...
[10:32:12]   [decoys_23_ZINC19557549_best_CNNaffinity] QC PASS
[10:32:12]   [decoys_24_ZINC07595556_best_CNNaffinity] Running pose_qc.py...
[10:32:12]   [decoys_24_ZINC07595556_best_CNNaffinity] QC PASS
[10:32:12]   [decoys_25_ZINC63480717_best_CNNaffinity] Running pose_qc.py...
[10:32:12]   [decoys_25_ZINC63480717_best_CNNaffinity] QC PASS
[10:32:12]   [decoys_26_ZINC00832330_best_CNNaffinity] Running pose_qc.py...
[10:32:12]   [decoys_26_ZINC00832330_best_CNNaffinity] QC PASS
[10:32:12]   [decoys_27_ZINC39462183_best_CNNaffinity] Running pose_qc.py...
[10:32:13]   [decoys_27_ZINC39462183_best_CNNaffinity] QC PASS
[10:32:13]   [decoys_28_ZINC39604175_best_CNNaffinity] Running pose_qc.py...
[10:32:13]   [decoys_28_ZINC39604175_best_CNNaffinity] QC PASS
[10:32:13]   [decoys_29_ZINC28048731_best_CNNaffinity] Running pose_qc.py...
[10:32:13]   [decoys_29_ZINC28048731_best_CNNaffinity] QC PASS
[10:32:13]   [decoys_30_ZINC39035034_best_CNNaffinity] Running pose_qc.py...
[10:32:13]   [decoys_30_ZINC39035034_best_CNNaffinity] QC PASS
[10:32:13]   [decoys_31_ZINC09329280_best_CNNaffinity] Running pose_qc.py...
[10:32:14]   [decoys_31_ZINC09329280_best_CNNaffinity] QC PASS
[10:32:14]   [decoys_32_ZINC34703472_best_CNNaffinity] Running pose_qc.py...
[10:32:14] [WARN] [decoys_32_ZINC34703472_best_CNNaffinity] QC FAIL (clashes=0, geom=0)
[10:32:14] [WARN] [decoys_32_ZINC34703472_best_CNNaffinity] Continuing despite clash (on_clash=warn).
[10:32:14]   [decoys_33_ZINC15224945_best_CNNaffinity] Running pose_qc.py...
[10:32:14]   [decoys_33_ZINC15224945_best_CNNaffinity] QC PASS
[10:32:14]   [decoys_34_ZINC09646592_best_CNNaffinity] Running pose_qc.py...
[10:32:14]   [decoys_34_ZINC09646592_best_CNNaffinity] QC PASS
[10:32:14]   [decoys_35_ZINC16033235_best_CNNaffinity] Running pose_qc.py...
[10:32:15]   [decoys_35_ZINC16033235_best_CNNaffinity] QC PASS
[10:32:15]   [decoys_36_ZINC19330790_best_CNNaffinity] Running pose_qc.py...
[10:32:15] [WARN] [decoys_36_ZINC19330790_best_CNNaffinity] QC FAIL (clashes=0, geom=0)
[10:32:15] [WARN] [decoys_36_ZINC19330790_best_CNNaffinity] Continuing despite clash (on_clash=warn).
[10:32:15]   [decoys_37_ZINC67189709_best_CNNaffinity] Running pose_qc.py...
[10:32:15]   [decoys_37_ZINC67189709_best_CNNaffinity] QC PASS
[10:32:15]   [decoys_38_ZINC67000535_best_CNNaffinity] Running pose_qc.py...
[10:32:15]   [decoys_38_ZINC67000535_best_CNNaffinity] QC PASS
[10:32:15]   [decoys_39_ZINC54043596_best_CNNaffinity] Running pose_qc.py...
[10:32:16]   [decoys_39_ZINC54043596_best_CNNaffinity] QC PASS
[10:32:16]   [decoys_40_ZINC65349259_best_CNNaffinity] Running pose_qc.py...
[10:32:16]   [decoys_40_ZINC65349259_best_CNNaffinity] QC PASS
[10:32:16]   [decoys_41_ZINC51093957_best_CNNaffinity] Running pose_qc.py...
[10:32:16]   [decoys_41_ZINC51093957_best_CNNaffinity] QC PASS
[10:32:16]   [decoys_42_ZINC01445045_best_CNNaffinity] Running pose_qc.py...
[10:32:16]   [decoys_42_ZINC01445045_best_CNNaffinity] QC PASS
[10:32:16]   [decoys_43_ZINC22797752_best_CNNaffinity] Running pose_qc.py...
[10:32:16]   [decoys_43_ZINC22797752_best_CNNaffinity] QC PASS
[10:32:16]   [decoys_44_ZINC67414932_best_CNNaffinity] Running pose_qc.py...
[10:32:17]   [decoys_44_ZINC67414932_best_CNNaffinity] QC PASS
[10:32:17]   [decoys_45_ZINC06825719_best_CNNaffinity] Running pose_qc.py...
[10:32:17]   [decoys_45_ZINC06825719_best_CNNaffinity] QC PASS
[10:32:17]   [decoys_46_ZINC39631261_best_CNNaffinity] Running pose_qc.py...
[10:32:17]   [decoys_46_ZINC39631261_best_CNNaffinity] QC PASS
[10:32:17]   [decoys_47_ZINC36110843_best_CNNaffinity] Running pose_qc.py...
[10:32:17]   [decoys_47_ZINC36110843_best_CNNaffinity] QC PASS
[10:32:17]   [decoys_48_ZINC03846493_best_CNNaffinity] Running pose_qc.py...
[10:32:18]   [decoys_48_ZINC03846493_best_CNNaffinity] QC PASS
[10:32:18]   [decoys_49_ZINC39680642_best_CNNaffinity] Running pose_qc.py...
[10:32:18]   [decoys_49_ZINC39680642_best_CNNaffinity] QC PASS
[10:32:18]   [decoys_50_ZINC39991461_best_CNNaffinity] Running pose_qc.py...
[10:32:18]   [decoys_50_ZINC39991461_best_CNNaffinity] QC PASS
[10:32:18]   [decoys_51_ZINC39617617_best_CNNaffinity] Running pose_qc.py...
[10:32:18]   [decoys_51_ZINC39617617_best_CNNaffinity] QC PASS
[10:32:18]   [decoys_52_ZINC49776625_best_CNNaffinity] Running pose_qc.py...
[10:32:19]   [decoys_52_ZINC49776625_best_CNNaffinity] QC PASS
[10:32:19]   [decoys_53_ZINC66732945_best_CNNaffinity] Running pose_qc.py...
[10:32:19]   [decoys_53_ZINC66732945_best_CNNaffinity] QC PASS
[10:32:19]   [decoys_54_ZINC13550346_best_CNNaffinity] Running pose_qc.py...
[10:32:19]   [decoys_54_ZINC13550346_best_CNNaffinity] QC PASS
[10:32:19]   [decoys_55_ZINC14232991_best_CNNaffinity] Running pose_qc.py...
[10:32:19]   [decoys_55_ZINC14232991_best_CNNaffinity] QC PASS
[10:32:19]   [decoys_56_ZINC38613236_best_CNNaffinity] Running pose_qc.py...
[10:32:20]   [decoys_56_ZINC38613236_best_CNNaffinity] QC PASS
[10:32:20]   [decoys_57_ZINC28568062_best_CNNaffinity] Running pose_qc.py...
[10:32:20] [WARN] [decoys_57_ZINC28568062_best_CNNaffinity] QC FAIL (clashes=0, geom=0)
[10:32:20] [WARN] [decoys_57_ZINC28568062_best_CNNaffinity] Continuing despite clash (on_clash=warn).
[10:32:20]   [decoys_58_ZINC10315666_best_CNNaffinity] Running pose_qc.py...
[10:32:20]   [decoys_58_ZINC10315666_best_CNNaffinity] QC PASS
[10:32:20]   [decoys_59_ZINC16026456_best_CNNaffinity] Running pose_qc.py...
[10:32:20]   [decoys_59_ZINC16026456_best_CNNaffinity] QC PASS
[10:32:20]   [decoys_60_ZINC39676264_best_CNNaffinity] Running pose_qc.py...
[10:32:21]   [decoys_60_ZINC39676264_best_CNNaffinity] QC PASS
[10:32:21]   [decoys_61_ZINC23281215_best_CNNaffinity] Running pose_qc.py...
[10:32:21]   [decoys_61_ZINC23281215_best_CNNaffinity] QC PASS
[10:32:21]   [decoys_62_ZINC06049249_best_CNNaffinity] Running pose_qc.py...
[10:32:21]   [decoys_62_ZINC06049249_best_CNNaffinity] QC PASS
[10:32:21]   [decoys_63_ZINC06631494_best_CNNaffinity] Running pose_qc.py...
[10:32:21]   [decoys_63_ZINC06631494_best_CNNaffinity] QC PASS
[10:32:21]   [decoys_64_ZINC39684224_best_CNNaffinity] Running pose_qc.py...
[10:32:22]   [decoys_64_ZINC39684224_best_CNNaffinity] QC PASS
[10:32:22]   [decoys_65_ZINC02395284_best_CNNaffinity] Running pose_qc.py...
[10:32:22]   [decoys_65_ZINC02395284_best_CNNaffinity] QC PASS
[10:32:22]   [decoys_66_ZINC50397239_best_CNNaffinity] Running pose_qc.py...
[10:32:22]   [decoys_66_ZINC50397239_best_CNNaffinity] QC PASS
[10:32:22]   [decoys_67_ZINC38659106_best_CNNaffinity] Running pose_qc.py...
[10:32:22]   [decoys_67_ZINC38659106_best_CNNaffinity] QC PASS
[10:32:22]   [decoys_68_ZINC35092965_best_CNNaffinity] Running pose_qc.py...
[10:32:23]   [decoys_68_ZINC35092965_best_CNNaffinity] QC PASS
[10:32:23]   [decoys_69_ZINC39496630_best_CNNaffinity] Running pose_qc.py...
[10:32:23]   [decoys_69_ZINC39496630_best_CNNaffinity] QC PASS
[10:32:23]   [decoys_70_ZINC40804646_best_CNNaffinity] Running pose_qc.py...
[10:32:23]   [decoys_70_ZINC40804646_best_CNNaffinity] QC PASS
[10:32:23]   [decoys_71_ZINC62840274_best_CNNaffinity] Running pose_qc.py...
[10:32:23]   [decoys_71_ZINC62840274_best_CNNaffinity] QC PASS
[10:32:23]   [decoys_72_ZINC07737864_best_CNNaffinity] Running pose_qc.py...
[10:32:23]   [decoys_72_ZINC07737864_best_CNNaffinity] QC PASS
[10:32:23]   [decoys_73_ZINC49978845_best_CNNaffinity] Running pose_qc.py...
[10:32:24]   [decoys_73_ZINC49978845_best_CNNaffinity] QC PASS
[10:32:24]   [decoys_74_ZINC58866805_best_CNNaffinity] Running pose_qc.py...
[10:32:24]   [decoys_74_ZINC58866805_best_CNNaffinity] QC PASS
[10:32:24]   [decoys_75_ZINC13956920_best_CNNaffinity] Running pose_qc.py...
[10:32:24]   [decoys_75_ZINC13956920_best_CNNaffinity] QC PASS
[10:32:24]   [decoys_76_ZINC48653986_best_CNNaffinity] Running pose_qc.py...
[10:32:24]   [decoys_76_ZINC48653986_best_CNNaffinity] QC PASS
[10:32:24]   [decoys_77_ZINC33154863_best_CNNaffinity] Running pose_qc.py...
[10:32:25]   [decoys_77_ZINC33154863_best_CNNaffinity] QC PASS
[10:32:25]   [decoys_78_ZINC39665804_best_CNNaffinity] Running pose_qc.py...
[10:32:25]   [decoys_78_ZINC39665804_best_CNNaffinity] QC PASS
[10:32:25]   [decoys_79_ZINC38828210_best_CNNaffinity] Running pose_qc.py...
[10:32:25]   [decoys_79_ZINC38828210_best_CNNaffinity] QC PASS
[10:32:25]   [decoys_80_ZINC12715302_best_CNNaffinity] Running pose_qc.py...
[10:32:25]   [decoys_80_ZINC12715302_best_CNNaffinity] QC PASS
[10:32:25]   [decoys_81_ZINC63723535_best_CNNaffinity] Running pose_qc.py...
[10:32:26]   [decoys_81_ZINC63723535_best_CNNaffinity] QC PASS
[10:32:26]   [decoys_82_ZINC63160915_best_CNNaffinity] Running pose_qc.py...
[10:32:26]   [decoys_82_ZINC63160915_best_CNNaffinity] QC PASS
[10:32:26]   [decoys_83_ZINC12653890_best_CNNaffinity] Running pose_qc.py...
[10:32:26]   [decoys_83_ZINC12653890_best_CNNaffinity] QC PASS
[10:32:26]   [decoys_84_ZINC15276481_best_CNNaffinity] Running pose_qc.py...
[10:32:26]   [decoys_84_ZINC15276481_best_CNNaffinity] QC PASS
[10:32:26]   [decoys_85_ZINC21243368_best_CNNaffinity] Running pose_qc.py...
[10:32:27]   [decoys_85_ZINC21243368_best_CNNaffinity] QC PASS
[10:32:27]   [decoys_86_ZINC05002565_best_CNNaffinity] Running pose_qc.py...
[10:32:27]   [decoys_86_ZINC05002565_best_CNNaffinity] QC PASS
[10:32:27]   [decoys_88_ZINC39590284_best_CNNaffinity] Running pose_qc.py...
[10:32:27]   [decoys_88_ZINC39590284_best_CNNaffinity] QC PASS
[10:32:27]   [decoys_89_ZINC63204731_best_CNNaffinity] Running pose_qc.py...
[10:32:27]   [decoys_89_ZINC63204731_best_CNNaffinity] QC PASS
[10:32:27]   [decoys_90_ZINC40917875_best_CNNaffinity] Running pose_qc.py...
[10:32:28]   [decoys_90_ZINC40917875_best_CNNaffinity] QC PASS
[10:32:28]   [decoys_91_ZINC44783392_best_CNNaffinity] Running pose_qc.py...
[10:32:28]   [decoys_91_ZINC44783392_best_CNNaffinity] QC PASS
[10:32:28]   [decoys_92_ZINC14009805_best_CNNaffinity] Running pose_qc.py...
[10:32:28]   [decoys_92_ZINC14009805_best_CNNaffinity] QC PASS
[10:32:28]   [decoys_93_ZINC63873704_best_CNNaffinity] Running pose_qc.py...
[10:32:28]   [decoys_93_ZINC63873704_best_CNNaffinity] QC PASS
[10:32:28]   [decoys_94_ZINC36332394_best_CNNaffinity] Running pose_qc.py...
[10:32:29]   [decoys_94_ZINC36332394_best_CNNaffinity] QC PASS
[10:32:29]   [decoys_95_ZINC67225190_best_CNNaffinity] Running pose_qc.py...
[10:32:29]   [decoys_95_ZINC67225190_best_CNNaffinity] QC PASS
[10:32:29]   [decoys_96_ZINC40923968_best_CNNaffinity] Running pose_qc.py...
[10:32:29]   [decoys_96_ZINC40923968_best_CNNaffinity] QC PASS
[10:32:29]   [decoys_97_ZINC58214902_best_CNNaffinity] Running pose_qc.py...
[10:32:29]   [decoys_97_ZINC58214902_best_CNNaffinity] QC PASS
[10:32:29]   [decoys_98_ZINC00089412_best_CNNaffinity] Running pose_qc.py...
[10:32:30]   [decoys_98_ZINC00089412_best_CNNaffinity] QC PASS
[10:32:30]   [decoys_99_ZINC08415693_best_CNNaffinity] Running pose_qc.py...
[10:32:30]   [decoys_99_ZINC08415693_best_CNNaffinity] QC PASS
[10:32:30]   QC done: 199 active, 0 skipped.

----------------------------------------------
[10:32:30] [2/3] Residue Selection
----------------------------------------------
[10:32:30]   [actives_00_CHEMBL1081852_best_CNNaffinity] Selecting residues (dist=6.0 Å)...
    [INFO] Loading: data/cdk2/03.complexes_dude/actives_00_CHEMBL1081852_best_CNNaffinity.pdb
    [CHECK] Protein scaffold: n_residues=278, chains=['A'], first=A1, last=A298
            => This should be identical for all PDBs in the campaign.
    [INFO] Ligand selected: LIG (n_residues=1, heavy_atoms=5)
    [INFO] Selecting residues within 6.00 Å of ligand heavy atoms...
    [OK] 18 residues selected -> output_abl1_lmpnn/actives_00_CHEMBL1081852_best_CNNaffinity/selected_residues.txt
         A8 A10 A18 A20 A31 A64 A80 A81 A82 A83 A84 A85 A86 A89 A131 A134 A144 A145
    [INFO] n_positions=18 — should be equal (or very close) for all ligands in this campaign (same scaffold, same site).
    [OK] JSON summary -> output_abl1_lmpnn/actives_00_CHEMBL1081852_best_CNNaffinity/selection_summary.json
[10:32:30]   [actives_00_CHEMBL1081852_best_CNNaffinity] Selected 18 positions.
[10:32:30]   [actives_01_CHEMBL193288_best_CNNaffinity] Selecting residues (dist=6.0 Å)...
    [INFO] Loading: data/cdk2/03.complexes_dude/actives_01_CHEMBL193288_best_CNNaffinity.pdb
    [CHECK] Protein scaffold: n_residues=278, chains=['A'], first=A1, last=A298
            => This should be identical for all PDBs in the campaign.
    [INFO] Ligand selected: LIG (n_residues=1, heavy_atoms=3)
    [INFO] Selecting residues within 6.00 Å of ligand heavy atoms...
    [OK] 10 residues selected -> output_abl1_lmpnn/actives_01_CHEMBL193288_best_CNNaffinity/selected_residues.txt
         A12 A18 A31 A33 A80 A129 A131 A132 A144 A145
    [INFO] n_positions=10 — should be equal (or very close) for all ligands in this campaign (same scaffold, same site).
    [OK] JSON summary -> output_abl1_lmpnn/actives_01_CHEMBL193288_best_CNNaffinity/selection_summary.json
[10:32:30]   [actives_01_CHEMBL193288_best_CNNaffinity] Selected 10 positions.
[10:32:30]   [actives_02_CHEMBL1080902_best_CNNaffinity] Selecting residues (dist=6.0 Å)...
    [INFO] Loading: data/cdk2/03.complexes_dude/actives_02_CHEMBL1080902_best_CNNaffinity.pdb
    [CHECK] Protein scaffold: n_residues=278, chains=['A'], first=A1, last=A298
            => This should be identical for all PDBs in the campaign.
    [INFO] Ligand selected: LIG (n_residues=1, heavy_atoms=3)
    [INFO] Selecting residues within 6.00 Å of ligand heavy atoms...
    [OK] 13 residues selected -> output_abl1_lmpnn/actives_02_CHEMBL1080902_best_CNNaffinity/selected_residues.txt
         A10 A12 A18 A31 A33 A64 A80 A81 A131 A132 A134 A144 A145
    [INFO] n_positions=13 — should be equal (or very close) for all ligands in this campaign (same scaffold, same site).
    [OK] JSON summary -> output_abl1_lmpnn/actives_02_CHEMBL1080902_best_CNNaffinity/selection_summary.json
[10:32:30]   [actives_02_CHEMBL1080902_best_CNNaffinity] Selected 13 positions.
[10:32:30]   [actives_03_CHEMBL430653_best_CNNaffinity] Selecting residues (dist=6.0 Å)...
    [INFO] Loading: data/cdk2/03.complexes_dude/actives_03_CHEMBL430653_best_CNNaffinity.pdb
    [CHECK] Protein scaffold: n_residues=278, chains=['A'], first=A1, last=A298
            => This should be identical for all PDBs in the campaign.
    [INFO] Ligand selected: LIG (n_residues=1, heavy_atoms=4)
    [INFO] Selecting residues within 6.00 Å of ligand heavy atoms...
    [OK] 15 residues selected -> output_abl1_lmpnn/actives_03_CHEMBL430653_best_CNNaffinity/selected_residues.txt
         A10 A12 A18 A31 A81 A82 A83 A84 A85 A86 A131 A132 A134 A144 A145
    [INFO] n_positions=15 — should be equal (or very close) for all ligands in this campaign (same scaffold, same site).
    [OK] JSON summary -> output_abl1_lmpnn/actives_03_CHEMBL430653_best_CNNaffinity/selection_summary.json
[10:32:31]   [actives_03_CHEMBL430653_best_CNNaffinity] Selected 15 positions.
[10:32:31]   [actives_04_CHEMBL564470_best_CNNaffinity] Selecting residues (dist=6.0 Å)...
    [INFO] Loading: data/cdk2/03.complexes_dude/actives_04_CHEMBL564470_best_CNNaffinity.pdb
    [CHECK] Protein scaffold: n_residues=278, chains=['A'], first=A1, last=A298
            => This should be identical for all PDBs in the campaign.
    [INFO] Ligand selected: LIG (n_residues=1, heavy_atoms=3)
    [INFO] Selecting residues within 6.00 Å of ligand heavy atoms...
    [OK] 14 residues selected -> output_abl1_lmpnn/actives_04_CHEMBL564470_best_CNNaffinity/selected_residues.txt
         A10 A12 A18 A31 A81 A82 A83 A84 A129 A131 A132 A134 A144 A145
    [INFO] n_positions=14 — should be equal (or very close) for all ligands in this campaign (same scaffold, same site).
    [OK] JSON summary -> output_abl1_lmpnn/actives_04_CHEMBL564470_best_CNNaffinity/selection_summary.json
[10:32:31]   [actives_04_CHEMBL564470_best_CNNaffinity] Selected 14 positions.
[10:32:31]   [actives_05_CHEMBL340741_best_CNNaffinity] Selecting residues (dist=6.0 Å)...
    [INFO] Loading: data/cdk2/03.complexes_dude/actives_05_CHEMBL340741_best_CNNaffinity.pdb
    [CHECK] Protein scaffold: n_residues=278, chains=['A'], first=A1, last=A298
            => This should be identical for all PDBs in the campaign.
    [INFO] Ligand selected: LIG (n_residues=1, heavy_atoms=4)
    [INFO] Selecting residues within 6.00 Å of ligand heavy atoms...
    [OK] 10 residues selected -> output_abl1_lmpnn/actives_05_CHEMBL340741_best_CNNaffinity/selected_residues.txt
         A12 A18 A33 A127 A129 A131 A132 A134 A144 A145
    [INFO] n_positions=10 — should be equal (or very close) for all ligands in this campaign (same scaffold, same site).
    [OK] JSON summary -> output_abl1_lmpnn/actives_05_CHEMBL340741_best_CNNaffinity/selection_summary.json
[10:32:31]   [actives_05_CHEMBL340741_best_CNNaffinity] Selected 10 positions.
[10:32:31]   [actives_06_CHEMBL358281_best_CNNaffinity] Selecting residues (dist=6.0 Å)...
    [INFO] Loading: data/cdk2/03.complexes_dude/actives_06_CHEMBL358281_best_CNNaffinity.pdb
    [CHECK] Protein scaffold: n_residues=278, chains=['A'], first=A1, last=A298
            => This should be identical for all PDBs in the campaign.
    [INFO] Ligand selected: LIG (n_residues=1, heavy_atoms=3)
    [INFO] Selecting residues within 6.00 Å of ligand heavy atoms...
    [OK] 14 residues selected -> output_abl1_lmpnn/actives_06_CHEMBL358281_best_CNNaffinity/selected_residues.txt
         A10 A11 A18 A31 A64 A80 A81 A82 A83 A84 A85 A86 A131 A134
    [INFO] n_positions=14 — should be equal (or very close) for all ligands in this campaign (same scaffold, same site).
    [OK] JSON summary -> output_abl1_lmpnn/actives_06_CHEMBL358281_best_CNNaffinity/selection_summary.json
[10:32:31]   [actives_06_CHEMBL358281_best_CNNaffinity] Selected 14 positions.
[10:32:31]   [actives_07_CHEMBL509406_best_CNNaffinity] Selecting residues (dist=6.0 Å)...
    [INFO] Loading: data/cdk2/03.complexes_dude/actives_07_CHEMBL509406_best_CNNaffinity.pdb
    [CHECK] Protein scaffold: n_residues=278, chains=['A'], first=A1, last=A298
            => This should be identical for all PDBs in the campaign.
    [INFO] Ligand selected: LIG (n_residues=1, heavy_atoms=4)
    [INFO] Selecting residues within 6.00 Å of ligand heavy atoms...
    [OK] 12 residues selected -> output_abl1_lmpnn/actives_07_CHEMBL509406_best_CNNaffinity/selected_residues.txt
         A8 A9 A10 A20 A82 A83 A84 A85 A86 A89 A134 A298
    [INFO] n_positions=12 — should be equal (or very close) for all ligands in this campaign (same scaffold, same site).
    [OK] JSON summary -> output_abl1_lmpnn/actives_07_CHEMBL509406_best_CNNaffinity/selection_summary.json
[10:32:31]   [actives_07_CHEMBL509406_best_CNNaffinity] Selected 12 positions.
[10:32:31]   [actives_08_CHEMBL363077_best_CNNaffinity] Selecting residues (dist=6.0 Å)...
    [INFO] Loading: data/cdk2/03.complexes_dude/actives_08_CHEMBL363077_best_CNNaffinity.pdb
    [CHECK] Protein scaffold: n_residues=278, chains=['A'], first=A1, last=A298
            => This should be identical for all PDBs in the campaign.
    [INFO] Ligand selected: LIG (n_residues=1, heavy_atoms=3)
    [INFO] Selecting residues within 6.00 Å of ligand heavy atoms...
    [OK] 14 residues selected -> output_abl1_lmpnn/actives_08_CHEMBL363077_best_CNNaffinity/selected_residues.txt
         A10 A11 A18 A31 A64 A80 A81 A82 A83 A84 A85 A86 A131 A134
    [INFO] n_positions=14 — should be equal (or very close) for all ligands in this campaign (same scaffold, same site).
    [OK] JSON summary -> output_abl1_lmpnn/actives_08_CHEMBL363077_best_CNNaffinity/selection_summary.json
[10:32:32]   [actives_08_CHEMBL363077_best_CNNaffinity] Selected 14 positions.
[10:32:32]   [actives_09_CHEMBL409892_best_CNNaffinity] Selecting residues (dist=6.0 Å)...
    [INFO] Loading: data/cdk2/03.complexes_dude/actives_09_CHEMBL409892_best_CNNaffinity.pdb
    [CHECK] Protein scaffold: n_residues=278, chains=['A'], first=A1, last=A298
            => This should be identical for all PDBs in the campaign.
    [INFO] Ligand selected: LIG (n_residues=1, heavy_atoms=4)
    [INFO] Selecting residues within 6.00 Å of ligand heavy atoms...
    [OK] 17 residues selected -> output_abl1_lmpnn/actives_09_CHEMBL409892_best_CNNaffinity/selected_residues.txt
         A10 A11 A12 A18 A31 A64 A80 A81 A82 A83 A84 A85 A86 A89 A131 A134 A145
    [INFO] n_positions=17 — should be equal (or very close) for all ligands in this campaign (same scaffold, same site).
    [OK] JSON summary -> output_abl1_lmpnn/actives_09_CHEMBL409892_best_CNNaffinity/selection_summary.json
[10:32:32]   [actives_09_CHEMBL409892_best_CNNaffinity] Selected 17 positions.
[10:32:32]   [actives_10_CHEMBL137357_best_CNNaffinity] Selecting residues (dist=6.0 Å)...
    [INFO] Loading: data/cdk2/03.complexes_dude/actives_10_CHEMBL137357_best_CNNaffinity.pdb
    [CHECK] Protein scaffold: n_residues=278, chains=['A'], first=A1, last=A298
            => This should be identical for all PDBs in the campaign.
    [INFO] Ligand selected: LIG (n_residues=1, heavy_atoms=4)
    [INFO] Selecting residues within 6.00 Å of ligand heavy atoms...
    [OK] 17 residues selected -> output_abl1_lmpnn/actives_10_CHEMBL137357_best_CNNaffinity/selected_residues.txt
         A10 A18 A31 A33 A64 A80 A81 A82 A83 A84 A85 A86 A131 A132 A134 A144 A145
    [INFO] n_positions=17 — should be equal (or very close) for all ligands in this campaign (same scaffold, same site).
    [OK] JSON summary -> output_abl1_lmpnn/actives_10_CHEMBL137357_best_CNNaffinity/selection_summary.json
[10:32:32]   [actives_10_CHEMBL137357_best_CNNaffinity] Selected 17 positions.
[10:32:32]   [actives_11_CHEMBL137357_best_CNNaffinity] Selecting residues (dist=6.0 Å)...
    [INFO] Loading: data/cdk2/03.complexes_dude/actives_11_CHEMBL137357_best_CNNaffinity.pdb
    [CHECK] Protein scaffold: n_residues=278, chains=['A'], first=A1, last=A298
            => This should be identical for all PDBs in the campaign.
    [INFO] Ligand selected: LIG (n_residues=1, heavy_atoms=4)
    [INFO] Selecting residues within 6.00 Å of ligand heavy atoms...
    [OK] 14 residues selected -> output_abl1_lmpnn/actives_11_CHEMBL137357_best_CNNaffinity/selected_residues.txt
         A10 A18 A31 A64 A80 A81 A82 A83 A84 A85 A86 A89 A134 A144
    [INFO] n_positions=14 — should be equal (or very close) for all ligands in this campaign (same scaffold, same site).
    [OK] JSON summary -> output_abl1_lmpnn/actives_11_CHEMBL137357_best_CNNaffinity/selection_summary.json
[10:32:32]   [actives_11_CHEMBL137357_best_CNNaffinity] Selected 14 positions.
[10:32:32]   [actives_12_CHEMBL363077_best_CNNaffinity] Selecting residues (dist=6.0 Å)...
    [INFO] Loading: data/cdk2/03.complexes_dude/actives_12_CHEMBL363077_best_CNNaffinity.pdb
    [CHECK] Protein scaffold: n_residues=278, chains=['A'], first=A1, last=A298
            => This should be identical for all PDBs in the campaign.
    [INFO] Ligand selected: LIG (n_residues=1, heavy_atoms=3)
    [INFO] Selecting residues within 6.00 Å of ligand heavy atoms...
    [OK] 14 residues selected -> output_abl1_lmpnn/actives_12_CHEMBL363077_best_CNNaffinity/selected_residues.txt
         A10 A11 A18 A31 A64 A80 A81 A82 A83 A84 A85 A86 A131 A134
    [INFO] n_positions=14 — should be equal (or very close) for all ligands in this campaign (same scaffold, same site).
    [OK] JSON summary -> output_abl1_lmpnn/actives_12_CHEMBL363077_best_CNNaffinity/selection_summary.json
[10:32:32]   [actives_12_CHEMBL363077_best_CNNaffinity] Selected 14 positions.
[10:32:32]   [actives_13_CHEMBL143748_best_CNNaffinity] Selecting residues (dist=6.0 Å)...
    [INFO] Loading: data/cdk2/03.complexes_dude/actives_13_CHEMBL143748_best_CNNaffinity.pdb
    [CHECK] Protein scaffold: n_residues=278, chains=['A'], first=A1, last=A298
            => This should be identical for all PDBs in the campaign.
    [INFO] Ligand selected: LIG (n_residues=1, heavy_atoms=4)
    [INFO] Selecting residues within 6.00 Å of ligand heavy atoms...
    [OK] 10 residues selected -> output_abl1_lmpnn/actives_13_CHEMBL143748_best_CNNaffinity/selected_residues.txt
         A10 A20 A82 A83 A84 A85 A86 A89 A134 A298
    [INFO] n_positions=10 — should be equal (or very close) for all ligands in this campaign (same scaffold, same site).
    [OK] JSON summary -> output_abl1_lmpnn/actives_13_CHEMBL143748_best_CNNaffinity/selection_summary.json
[10:32:33]   [actives_13_CHEMBL143748_best_CNNaffinity] Selected 10 positions.
[10:32:33]   [actives_14_CHEMBL483590_best_CNNaffinity] Selecting residues (dist=6.0 Å)...
    [INFO] Loading: data/cdk2/03.complexes_dude/actives_14_CHEMBL483590_best_CNNaffinity.pdb
    [CHECK] Protein scaffold: n_residues=278, chains=['A'], first=A1, last=A298
            => This should be identical for all PDBs in the campaign.
    [INFO] Ligand selected: LIG (n_residues=1, heavy_atoms=4)
    [INFO] Selecting residues within 6.00 Å of ligand heavy atoms...
    [OK] 15 residues selected -> output_abl1_lmpnn/actives_14_CHEMBL483590_best_CNNaffinity/selected_residues.txt
         A10 A11 A12 A18 A31 A33 A64 A80 A81 A89 A131 A132 A134 A144 A145
    [INFO] n_positions=15 — should be equal (or very close) for all ligands in this campaign (same scaffold, same site).
    [OK] JSON summary -> output_abl1_lmpnn/actives_14_CHEMBL483590_best_CNNaffinity/selection_summary.json
[10:32:33]   [actives_14_CHEMBL483590_best_CNNaffinity] Selected 15 positions.
[10:32:33]   [actives_15_CHEMBL75952_best_CNNaffinity] Selecting residues (dist=6.0 Å)...
    [INFO] Loading: data/cdk2/03.complexes_dude/actives_15_CHEMBL75952_best_CNNaffinity.pdb
    [CHECK] Protein scaffold: n_residues=278, chains=['A'], first=A1, last=A298
            => This should be identical for all PDBs in the campaign.
    [INFO] Ligand selected: LIG (n_residues=1, heavy_atoms=3)
    [INFO] Selecting residues within 6.00 Å of ligand heavy atoms...
    [WARN] Only 2 residue(s) selected — fewer than --min_expected=3. Check ligand detection or increase --dist.
    [OK] 2 residues selected -> output_abl1_lmpnn/actives_15_CHEMBL75952_best_CNNaffinity/selected_residues.txt
         A17 A19
    [INFO] n_positions=2 — should be equal (or very close) for all ligands in this campaign (same scaffold, same site).
    [OK] JSON summary -> output_abl1_lmpnn/actives_15_CHEMBL75952_best_CNNaffinity/selection_summary.json
[10:32:33]   [actives_15_CHEMBL75952_best_CNNaffinity] Selected 2 positions.
[10:32:33]   [actives_16_CHEMBL192440_best_CNNaffinity] Selecting residues (dist=6.0 Å)...
    [INFO] Loading: data/cdk2/03.complexes_dude/actives_16_CHEMBL192440_best_CNNaffinity.pdb
    [CHECK] Protein scaffold: n_residues=278, chains=['A'], first=A1, last=A298
            => This should be identical for all PDBs in the campaign.
    [INFO] Ligand selected: LIG (n_residues=1, heavy_atoms=3)
    [INFO] Selecting residues within 6.00 Å of ligand heavy atoms...
    [OK] 12 residues selected -> output_abl1_lmpnn/actives_16_CHEMBL192440_best_CNNaffinity/selected_residues.txt
         A12 A15 A16 A18 A33 A80 A129 A131 A132 A134 A144 A145
    [INFO] n_positions=12 — should be equal (or very close) for all ligands in this campaign (same scaffold, same site).
    [OK] JSON summary -> output_abl1_lmpnn/actives_16_CHEMBL192440_best_CNNaffinity/selection_summary.json
[10:32:33]   [actives_16_CHEMBL192440_best_CNNaffinity] Selected 12 positions.
[10:32:33]   [actives_17_CHEMBL325023_best_CNNaffinity] Selecting residues (dist=6.0 Å)...
    [INFO] Loading: data/cdk2/03.complexes_dude/actives_17_CHEMBL325023_best_CNNaffinity.pdb
    [CHECK] Protein scaffold: n_residues=278, chains=['A'], first=A1, last=A298
            => This should be identical for all PDBs in the campaign.
    [INFO] Ligand selected: LIG (n_residues=1, heavy_atoms=4)
    [INFO] Selecting residues within 6.00 Å of ligand heavy atoms...
    [OK] 15 residues selected -> output_abl1_lmpnn/actives_17_CHEMBL325023_best_CNNaffinity/selected_residues.txt
         A10 A11 A18 A31 A64 A80 A81 A82 A83 A84 A85 A86 A89 A131 A134
    [INFO] n_positions=15 — should be equal (or very close) for all ligands in this campaign (same scaffold, same site).
    [OK] JSON summary -> output_abl1_lmpnn/actives_17_CHEMBL325023_best_CNNaffinity/selection_summary.json
[10:32:33]   [actives_17_CHEMBL325023_best_CNNaffinity] Selected 15 positions.
[10:32:33]   [actives_18_CHEMBL319103_best_CNNaffinity] Selecting residues (dist=6.0 Å)...
    [INFO] Loading: data/cdk2/03.complexes_dude/actives_18_CHEMBL319103_best_CNNaffinity.pdb
    [CHECK] Protein scaffold: n_residues=278, chains=['A'], first=A1, last=A298
            => This should be identical for all PDBs in the campaign.
    [INFO] Ligand selected: LIG (n_residues=1, heavy_atoms=4)
    [INFO] Selecting residues within 6.00 Å of ligand heavy atoms...
    [OK] 15 residues selected -> output_abl1_lmpnn/actives_18_CHEMBL319103_best_CNNaffinity/selected_residues.txt
         A10 A12 A18 A31 A81 A82 A83 A84 A85 A129 A131 A132 A134 A144 A145
    [INFO] n_positions=15 — should be equal (or very close) for all ligands in this campaign (same scaffold, same site).
    [OK] JSON summary -> output_abl1_lmpnn/actives_18_CHEMBL319103_best_CNNaffinity/selection_summary.json
[10:32:34]   [actives_18_CHEMBL319103_best_CNNaffinity] Selected 15 positions.
[10:32:34]   [actives_19_CHEMBL321517_best_CNNaffinity] Selecting residues (dist=6.0 Å)...
    [INFO] Loading: data/cdk2/03.complexes_dude/actives_19_CHEMBL321517_best_CNNaffinity.pdb
    [CHECK] Protein scaffold: n_residues=278, chains=['A'], first=A1, last=A298
            => This should be identical for all PDBs in the campaign.
    [INFO] Ligand selected: LIG (n_residues=1, heavy_atoms=4)
    [INFO] Selecting residues within 6.00 Å of ligand heavy atoms...
    [OK] 14 residues selected -> output_abl1_lmpnn/actives_19_CHEMBL321517_best_CNNaffinity/selected_residues.txt
         A8 A9 A10 A18 A31 A81 A82 A83 A84 A85 A89 A131 A134 A144
    [INFO] n_positions=14 — should be equal (or very close) for all ligands in this campaign (same scaffold, same site).
    [OK] JSON summary -> output_abl1_lmpnn/actives_19_CHEMBL321517_best_CNNaffinity/selection_summary.json
[10:32:34]   [actives_19_CHEMBL321517_best_CNNaffinity] Selected 14 positions.
[10:32:34]   [actives_20_CHEMBL570111_best_CNNaffinity] Selecting residues (dist=6.0 Å)...
    [INFO] Loading: data/cdk2/03.complexes_dude/actives_20_CHEMBL570111_best_CNNaffinity.pdb
    [CHECK] Protein scaffold: n_residues=278, chains=['A'], first=A1, last=A298
            => This should be identical for all PDBs in the campaign.
    [INFO] Ligand selected: LIG (n_residues=1, heavy_atoms=4)
    [INFO] Selecting residues within 6.00 Å of ligand heavy atoms...
    [OK] 14 residues selected -> output_abl1_lmpnn/actives_20_CHEMBL570111_best_CNNaffinity/selected_residues.txt
         A10 A11 A12 A16 A18 A31 A33 A80 A86 A89 A131 A134 A144 A145
    [INFO] n_positions=14 — should be equal (or very close) for all ligands in this campaign (same scaffold, same site).
    [OK] JSON summary -> output_abl1_lmpnn/actives_20_CHEMBL570111_best_CNNaffinity/selection_summary.json
[10:32:34]   [actives_20_CHEMBL570111_best_CNNaffinity] Selected 14 positions.
[10:32:34]   [actives_21_CHEMBL192440_best_CNNaffinity] Selecting residues (dist=6.0 Å)...
    [INFO] Loading: data/cdk2/03.complexes_dude/actives_21_CHEMBL192440_best_CNNaffinity.pdb
    [CHECK] Protein scaffold: n_residues=278, chains=['A'], first=A1, last=A298
            => This should be identical for all PDBs in the campaign.
    [INFO] Ligand selected: LIG (n_residues=1, heavy_atoms=3)
    [INFO] Selecting residues within 6.00 Å of ligand heavy atoms...
    [OK] 9 residues selected -> output_abl1_lmpnn/actives_21_CHEMBL192440_best_CNNaffinity/selected_residues.txt
         A10 A11 A12 A85 A86 A88 A89 A131 A134
    [INFO] n_positions=9 — should be equal (or very close) for all ligands in this campaign (same scaffold, same site).
    [OK] JSON summary -> output_abl1_lmpnn/actives_21_CHEMBL192440_best_CNNaffinity/selection_summary.json
[10:32:34]   [actives_21_CHEMBL192440_best_CNNaffinity] Selected 9 positions.
[10:32:34]   [actives_22_CHEMBL311464_best_CNNaffinity] Selecting residues (dist=6.0 Å)...
    [INFO] Loading: data/cdk2/03.complexes_dude/actives_22_CHEMBL311464_best_CNNaffinity.pdb
    [CHECK] Protein scaffold: n_residues=278, chains=['A'], first=A1, last=A298
            => This should be identical for all PDBs in the campaign.
    [INFO] Ligand selected: LIG (n_residues=1, heavy_atoms=5)
    [INFO] Selecting residues within 6.00 Å of ligand heavy atoms...
    [OK] 19 residues selected -> output_abl1_lmpnn/actives_22_CHEMBL311464_best_CNNaffinity/selected_residues.txt
         A10 A11 A12 A16 A18 A31 A33 A64 A80 A81 A82 A83 A84 A86 A131 A132 A134 A144 A145
    [INFO] n_positions=19 — should be equal (or very close) for all ligands in this campaign (same scaffold, same site).
    [OK] JSON summary -> output_abl1_lmpnn/actives_22_CHEMBL311464_best_CNNaffinity/selection_summary.json
[10:32:34]   [actives_22_CHEMBL311464_best_CNNaffinity] Selected 19 positions.
[10:32:34]   [actives_23_CHEMBL443198_best_CNNaffinity] Selecting residues (dist=6.0 Å)...
    [INFO] Loading: data/cdk2/03.complexes_dude/actives_23_CHEMBL443198_best_CNNaffinity.pdb
    [CHECK] Protein scaffold: n_residues=278, chains=['A'], first=A1, last=A298
            => This should be identical for all PDBs in the campaign.
    [INFO] Ligand selected: LIG (n_residues=1, heavy_atoms=4)
    [INFO] Selecting residues within 6.00 Å of ligand heavy atoms...
    [OK] 15 residues selected -> output_abl1_lmpnn/actives_23_CHEMBL443198_best_CNNaffinity/selected_residues.txt
         A10 A18 A31 A64 A80 A81 A83 A84 A85 A86 A89 A131 A134 A144 A145
    [INFO] n_positions=15 — should be equal (or very close) for all ligands in this campaign (same scaffold, same site).
    [OK] JSON summary -> output_abl1_lmpnn/actives_23_CHEMBL443198_best_CNNaffinity/selection_summary.json
[10:32:35]   [actives_23_CHEMBL443198_best_CNNaffinity] Selected 15 positions.
[10:32:35]   [actives_24_CHEMBL424469_best_CNNaffinity] Selecting residues (dist=6.0 Å)...
    [INFO] Loading: data/cdk2/03.complexes_dude/actives_24_CHEMBL424469_best_CNNaffinity.pdb
    [CHECK] Protein scaffold: n_residues=278, chains=['A'], first=A1, last=A298
            => This should be identical for all PDBs in the campaign.
    [INFO] Ligand selected: LIG (n_residues=1, heavy_atoms=4)
    [INFO] Selecting residues within 6.00 Å of ligand heavy atoms...
    [OK] 19 residues selected -> output_abl1_lmpnn/actives_24_CHEMBL424469_best_CNNaffinity/selected_residues.txt
         A10 A11 A12 A16 A17 A18 A31 A33 A80 A81 A82 A83 A127 A129 A131 A132 A134 A144 A145
    [INFO] n_positions=19 — should be equal (or very close) for all ligands in this campaign (same scaffold, same site).
    [OK] JSON summary -> output_abl1_lmpnn/actives_24_CHEMBL424469_best_CNNaffinity/selection_summary.json
[10:32:35]   [actives_24_CHEMBL424469_best_CNNaffinity] Selected 19 positions.
[10:32:35]   [actives_25_CHEMBL48796_best_CNNaffinity] Selecting residues (dist=6.0 Å)...
    [INFO] Loading: data/cdk2/03.complexes_dude/actives_25_CHEMBL48796_best_CNNaffinity.pdb
    [CHECK] Protein scaffold: n_residues=278, chains=['A'], first=A1, last=A298
            => This should be identical for all PDBs in the campaign.
    [INFO] Ligand selected: LIG (n_residues=1, heavy_atoms=4)
    [INFO] Selecting residues within 6.00 Å of ligand heavy atoms...
    [OK] 14 residues selected -> output_abl1_lmpnn/actives_25_CHEMBL48796_best_CNNaffinity/selected_residues.txt
         A10 A18 A31 A64 A80 A81 A82 A83 A84 A85 A86 A131 A134 A144
    [INFO] n_positions=14 — should be equal (or very close) for all ligands in this campaign (same scaffold, same site).
    [OK] JSON summary -> output_abl1_lmpnn/actives_25_CHEMBL48796_best_CNNaffinity/selection_summary.json
[10:32:35]   [actives_25_CHEMBL48796_best_CNNaffinity] Selected 14 positions.
[10:32:35]   [actives_26_CHEMBL574738_best_CNNaffinity] Selecting residues (dist=6.0 Å)...
    [INFO] Loading: data/cdk2/03.complexes_dude/actives_26_CHEMBL574738_best_CNNaffinity.pdb
    [CHECK] Protein scaffold: n_residues=278, chains=['A'], first=A1, last=A298
            => This should be identical for all PDBs in the campaign.
    [INFO] Ligand selected: LIG (n_residues=1, heavy_atoms=4)
    [INFO] Selecting residues within 6.00 Å of ligand heavy atoms...
    [OK] 15 residues selected -> output_abl1_lmpnn/actives_26_CHEMBL574738_best_CNNaffinity/selected_residues.txt
         A10 A31 A64 A80 A81 A82 A83 A84 A85 A86 A131 A134 A143 A144 A145
    [INFO] n_positions=15 — should be equal (or very close) for all ligands in this campaign (same scaffold, same site).
    [OK] JSON summary -> output_abl1_lmpnn/actives_26_CHEMBL574738_best_CNNaffinity/selection_summary.json
[10:32:35]   [actives_26_CHEMBL574738_best_CNNaffinity] Selected 15 positions.
[10:32:35]   [actives_27_CHEMBL482193_best_CNNaffinity] Selecting residues (dist=6.0 Å)...
    [INFO] Loading: data/cdk2/03.complexes_dude/actives_27_CHEMBL482193_best_CNNaffinity.pdb
    [CHECK] Protein scaffold: n_residues=278, chains=['A'], first=A1, last=A298
            => This should be identical for all PDBs in the campaign.
    [INFO] Ligand selected: LIG (n_residues=1, heavy_atoms=3)
    [INFO] Selecting residues within 6.00 Å of ligand heavy atoms...
    [OK] 11 residues selected -> output_abl1_lmpnn/actives_27_CHEMBL482193_best_CNNaffinity/selected_residues.txt
         A10 A18 A86 A88 A89 A130 A131 A132 A134 A144 A145
    [INFO] n_positions=11 — should be equal (or very close) for all ligands in this campaign (same scaffold, same site).
    [OK] JSON summary -> output_abl1_lmpnn/actives_27_CHEMBL482193_best_CNNaffinity/selection_summary.json
[10:32:35]   [actives_27_CHEMBL482193_best_CNNaffinity] Selected 11 positions.
[10:32:35]   [actives_28_CHEMBL148580_best_CNNaffinity] Selecting residues (dist=6.0 Å)...
    [INFO] Loading: data/cdk2/03.complexes_dude/actives_28_CHEMBL148580_best_CNNaffinity.pdb
    [CHECK] Protein scaffold: n_residues=278, chains=['A'], first=A1, last=A298
            => This should be identical for all PDBs in the campaign.
    [INFO] Ligand selected: LIG (n_residues=1, heavy_atoms=3)
    [INFO] Selecting residues within 6.00 Å of ligand heavy atoms...
    [OK] 15 residues selected -> output_abl1_lmpnn/actives_28_CHEMBL148580_best_CNNaffinity/selected_residues.txt
         A10 A18 A31 A64 A80 A81 A82 A83 A84 A85 A86 A131 A132 A134 A144
    [INFO] n_positions=15 — should be equal (or very close) for all ligands in this campaign (same scaffold, same site).
    [OK] JSON summary -> output_abl1_lmpnn/actives_28_CHEMBL148580_best_CNNaffinity/selection_summary.json
[10:32:36]   [actives_28_CHEMBL148580_best_CNNaffinity] Selected 15 positions.
[10:32:36]   [actives_29_CHEMBL380946_best_CNNaffinity] Selecting residues (dist=6.0 Å)...
    [INFO] Loading: data/cdk2/03.complexes_dude/actives_29_CHEMBL380946_best_CNNaffinity.pdb
    [CHECK] Protein scaffold: n_residues=278, chains=['A'], first=A1, last=A298
            => This should be identical for all PDBs in the campaign.
    [INFO] Ligand selected: LIG (n_residues=1, heavy_atoms=3)
    [INFO] Selecting residues within 6.00 Å of ligand heavy atoms...
    [OK] 7 residues selected -> output_abl1_lmpnn/actives_29_CHEMBL380946_best_CNNaffinity/selected_residues.txt
         A10 A83 A84 A85 A86 A89 A134
    [INFO] n_positions=7 — should be equal (or very close) for all ligands in this campaign (same scaffold, same site).
    [OK] JSON summary -> output_abl1_lmpnn/actives_29_CHEMBL380946_best_CNNaffinity/selection_summary.json
[10:32:36]   [actives_29_CHEMBL380946_best_CNNaffinity] Selected 7 positions.
[10:32:36]   [actives_30_CHEMBL429142_best_CNNaffinity] Selecting residues (dist=6.0 Å)...
    [INFO] Loading: data/cdk2/03.complexes_dude/actives_30_CHEMBL429142_best_CNNaffinity.pdb
    [CHECK] Protein scaffold: n_residues=278, chains=['A'], first=A1, last=A298
            => This should be identical for all PDBs in the campaign.
    [INFO] Ligand selected: LIG (n_residues=1, heavy_atoms=4)
    [INFO] Selecting residues within 6.00 Å of ligand heavy atoms...
    [OK] 17 residues selected -> output_abl1_lmpnn/actives_30_CHEMBL429142_best_CNNaffinity/selected_residues.txt
         A8 A10 A18 A31 A33 A64 A80 A81 A82 A83 A84 A85 A86 A89 A134 A144 A145
    [INFO] n_positions=17 — should be equal (or very close) for all ligands in this campaign (same scaffold, same site).
    [OK] JSON summary -> output_abl1_lmpnn/actives_30_CHEMBL429142_best_CNNaffinity/selection_summary.json
[10:32:36]   [actives_30_CHEMBL429142_best_CNNaffinity] Selected 17 positions.
[10:32:36]   [actives_31_CHEMBL150859_best_CNNaffinity] Selecting residues (dist=6.0 Å)...
    [INFO] Loading: data/cdk2/03.complexes_dude/actives_31_CHEMBL150859_best_CNNaffinity.pdb
    [CHECK] Protein scaffold: n_residues=278, chains=['A'], first=A1, last=A298
            => This should be identical for all PDBs in the campaign.
    [INFO] Ligand selected: LIG (n_residues=1, heavy_atoms=4)
    [INFO] Selecting residues within 6.00 Å of ligand heavy atoms...
    [OK] 14 residues selected -> output_abl1_lmpnn/actives_31_CHEMBL150859_best_CNNaffinity/selected_residues.txt
         A10 A11 A12 A15 A16 A18 A33 A86 A129 A131 A132 A134 A144 A145
    [INFO] n_positions=14 — should be equal (or very close) for all ligands in this campaign (same scaffold, same site).
    [OK] JSON summary -> output_abl1_lmpnn/actives_31_CHEMBL150859_best_CNNaffinity/selection_summary.json
[10:32:36]   [actives_31_CHEMBL150859_best_CNNaffinity] Selected 14 positions.
[10:32:36]   [actives_32_CHEMBL147290_best_CNNaffinity] Selecting residues (dist=6.0 Å)...
    [INFO] Loading: data/cdk2/03.complexes_dude/actives_32_CHEMBL147290_best_CNNaffinity.pdb
    [CHECK] Protein scaffold: n_residues=278, chains=['A'], first=A1, last=A298
            => This should be identical for all PDBs in the campaign.
    [INFO] Ligand selected: LIG (n_residues=1, heavy_atoms=3)
    [INFO] Selecting residues within 6.00 Å of ligand heavy atoms...
    [OK] 14 residues selected -> output_abl1_lmpnn/actives_32_CHEMBL147290_best_CNNaffinity/selected_residues.txt
         A10 A11 A18 A31 A64 A80 A81 A82 A83 A84 A85 A86 A131 A134
    [INFO] n_positions=14 — should be equal (or very close) for all ligands in this campaign (same scaffold, same site).
    [OK] JSON summary -> output_abl1_lmpnn/actives_32_CHEMBL147290_best_CNNaffinity/selection_summary.json
[10:32:36]   [actives_32_CHEMBL147290_best_CNNaffinity] Selected 14 positions.
[10:32:36]   [actives_33_CHEMBL310840_best_CNNaffinity] Selecting residues (dist=6.0 Å)...
    [INFO] Loading: data/cdk2/03.complexes_dude/actives_33_CHEMBL310840_best_CNNaffinity.pdb
    [CHECK] Protein scaffold: n_residues=278, chains=['A'], first=A1, last=A298
            => This should be identical for all PDBs in the campaign.
    [INFO] Ligand selected: LIG (n_residues=1, heavy_atoms=4)
    [INFO] Selecting residues within 6.00 Å of ligand heavy atoms...
    [OK] 16 residues selected -> output_abl1_lmpnn/actives_33_CHEMBL310840_best_CNNaffinity/selected_residues.txt
         A10 A12 A18 A31 A33 A64 A80 A81 A82 A83 A131 A132 A133 A134 A144 A145
    [INFO] n_positions=16 — should be equal (or very close) for all ligands in this campaign (same scaffold, same site).
    [OK] JSON summary -> output_abl1_lmpnn/actives_33_CHEMBL310840_best_CNNaffinity/selection_summary.json
[10:32:37]   [actives_33_CHEMBL310840_best_CNNaffinity] Selected 16 positions.
[10:32:37]   [actives_34_CHEMBL460102_best_CNNaffinity] Selecting residues (dist=6.0 Å)...
    [INFO] Loading: data/cdk2/03.complexes_dude/actives_34_CHEMBL460102_best_CNNaffinity.pdb
    [CHECK] Protein scaffold: n_residues=278, chains=['A'], first=A1, last=A298
            => This should be identical for all PDBs in the campaign.
    [INFO] Ligand selected: LIG (n_residues=1, heavy_atoms=4)
    [INFO] Selecting residues within 6.00 Å of ligand heavy atoms...
    [OK] 16 residues selected -> output_abl1_lmpnn/actives_34_CHEMBL460102_best_CNNaffinity/selected_residues.txt
         A10 A12 A18 A31 A33 A64 A80 A81 A82 A83 A129 A131 A132 A134 A144 A145
    [INFO] n_positions=16 — should be equal (or very close) for all ligands in this campaign (same scaffold, same site).
    [OK] JSON summary -> output_abl1_lmpnn/actives_34_CHEMBL460102_best_CNNaffinity/selection_summary.json
[10:32:37]   [actives_34_CHEMBL460102_best_CNNaffinity] Selected 16 positions.
[10:32:37]   [actives_35_CHEMBL458421_best_CNNaffinity] Selecting residues (dist=6.0 Å)...
    [INFO] Loading: data/cdk2/03.complexes_dude/actives_35_CHEMBL458421_best_CNNaffinity.pdb
    [CHECK] Protein scaffold: n_residues=278, chains=['A'], first=A1, last=A298
            => This should be identical for all PDBs in the campaign.
    [INFO] Ligand selected: LIG (n_residues=1, heavy_atoms=4)
    [INFO] Selecting residues within 6.00 Å of ligand heavy atoms...
    [OK] 20 residues selected -> output_abl1_lmpnn/actives_35_CHEMBL458421_best_CNNaffinity/selected_residues.txt
         A8 A10 A18 A20 A31 A64 A80 A81 A82 A83 A84 A85 A86 A131 A132 A133 A134 A144 A145 A298
    [INFO] n_positions=20 — should be equal (or very close) for all ligands in this campaign (same scaffold, same site).
    [OK] JSON summary -> output_abl1_lmpnn/actives_35_CHEMBL458421_best_CNNaffinity/selection_summary.json
[10:32:37]   [actives_35_CHEMBL458421_best_CNNaffinity] Selected 20 positions.
[10:32:37]   [actives_36_CHEMBL192556_best_CNNaffinity] Selecting residues (dist=6.0 Å)...
    [INFO] Loading: data/cdk2/03.complexes_dude/actives_36_CHEMBL192556_best_CNNaffinity.pdb
    [CHECK] Protein scaffold: n_residues=278, chains=['A'], first=A1, last=A298
            => This should be identical for all PDBs in the campaign.
    [INFO] Ligand selected: LIG (n_residues=1, heavy_atoms=3)
    [INFO] Selecting residues within 6.00 Å of ligand heavy atoms...
    [OK] 16 residues selected -> output_abl1_lmpnn/actives_36_CHEMBL192556_best_CNNaffinity/selected_residues.txt
         A10 A18 A31 A64 A80 A81 A82 A83 A84 A85 A86 A131 A133 A134 A144 A145
    [INFO] n_positions=16 — should be equal (or very close) for all ligands in this campaign (same scaffold, same site).
    [OK] JSON summary -> output_abl1_lmpnn/actives_36_CHEMBL192556_best_CNNaffinity/selection_summary.json
[10:32:37]   [actives_36_CHEMBL192556_best_CNNaffinity] Selected 16 positions.
[10:32:37]   [actives_37_CHEMBL147232_best_CNNaffinity] Selecting residues (dist=6.0 Å)...
    [INFO] Loading: data/cdk2/03.complexes_dude/actives_37_CHEMBL147232_best_CNNaffinity.pdb
    [CHECK] Protein scaffold: n_residues=278, chains=['A'], first=A1, last=A298
            => This should be identical for all PDBs in the campaign.
    [INFO] Ligand selected: LIG (n_residues=1, heavy_atoms=3)
    [INFO] Selecting residues within 6.00 Å of ligand heavy atoms...
    [OK] 14 residues selected -> output_abl1_lmpnn/actives_37_CHEMBL147232_best_CNNaffinity/selected_residues.txt
         A10 A11 A18 A31 A64 A80 A81 A82 A83 A84 A131 A134 A144 A145
    [INFO] n_positions=14 — should be equal (or very close) for all ligands in this campaign (same scaffold, same site).
    [OK] JSON summary -> output_abl1_lmpnn/actives_37_CHEMBL147232_best_CNNaffinity/selection_summary.json
[10:32:37]   [actives_37_CHEMBL147232_best_CNNaffinity] Selected 14 positions.
[10:32:37]   [actives_38_CHEMBL358057_best_CNNaffinity] Selecting residues (dist=6.0 Å)...
    [INFO] Loading: data/cdk2/03.complexes_dude/actives_38_CHEMBL358057_best_CNNaffinity.pdb
    [CHECK] Protein scaffold: n_residues=278, chains=['A'], first=A1, last=A298
            => This should be identical for all PDBs in the campaign.
    [INFO] Ligand selected: LIG (n_residues=1, heavy_atoms=3)
    [INFO] Selecting residues within 6.00 Å of ligand heavy atoms...
    [OK] 15 residues selected -> output_abl1_lmpnn/actives_38_CHEMBL358057_best_CNNaffinity/selected_residues.txt
         A10 A12 A18 A31 A33 A80 A82 A83 A84 A85 A86 A132 A134 A144 A145
    [INFO] n_positions=15 — should be equal (or very close) for all ligands in this campaign (same scaffold, same site).
    [OK] JSON summary -> output_abl1_lmpnn/actives_38_CHEMBL358057_best_CNNaffinity/selection_summary.json
[10:32:38]   [actives_38_CHEMBL358057_best_CNNaffinity] Selected 15 positions.
[10:32:38]   [actives_39_CHEMBL495557_best_CNNaffinity] Selecting residues (dist=6.0 Å)...
    [INFO] Loading: data/cdk2/03.complexes_dude/actives_39_CHEMBL495557_best_CNNaffinity.pdb
    [CHECK] Protein scaffold: n_residues=278, chains=['A'], first=A1, last=A298
            => This should be identical for all PDBs in the campaign.
    [INFO] Ligand selected: LIG (n_residues=1, heavy_atoms=4)
    [INFO] Selecting residues within 6.00 Å of ligand heavy atoms...
    [OK] 15 residues selected -> output_abl1_lmpnn/actives_39_CHEMBL495557_best_CNNaffinity/selected_residues.txt
         A8 A9 A10 A11 A18 A31 A81 A82 A83 A84 A85 A86 A131 A134 A144
    [INFO] n_positions=15 — should be equal (or very close) for all ligands in this campaign (same scaffold, same site).
    [OK] JSON summary -> output_abl1_lmpnn/actives_39_CHEMBL495557_best_CNNaffinity/selection_summary.json
[10:32:38]   [actives_39_CHEMBL495557_best_CNNaffinity] Selected 15 positions.
[10:32:38]   [actives_40_CHEMBL75680_best_CNNaffinity] Selecting residues (dist=6.0 Å)...
    [INFO] Loading: data/cdk2/03.complexes_dude/actives_40_CHEMBL75680_best_CNNaffinity.pdb
    [CHECK] Protein scaffold: n_residues=278, chains=['A'], first=A1, last=A298
            => This should be identical for all PDBs in the campaign.
    [INFO] Ligand selected: LIG (n_residues=1, heavy_atoms=3)
    [INFO] Selecting residues within 6.00 Å of ligand heavy atoms...
    [OK] 12 residues selected -> output_abl1_lmpnn/actives_40_CHEMBL75680_best_CNNaffinity/selected_residues.txt
         A10 A11 A12 A18 A31 A33 A80 A131 A132 A134 A144 A145
    [INFO] n_positions=12 — should be equal (or very close) for all ligands in this campaign (same scaffold, same site).
    [OK] JSON summary -> output_abl1_lmpnn/actives_40_CHEMBL75680_best_CNNaffinity/selection_summary.json
[10:32:38]   [actives_40_CHEMBL75680_best_CNNaffinity] Selected 12 positions.
[10:32:38]   [actives_41_CHEMBL1094400_best_CNNaffinity] Selecting residues (dist=6.0 Å)...
    [INFO] Loading: data/cdk2/03.complexes_dude/actives_41_CHEMBL1094400_best_CNNaffinity.pdb
    [CHECK] Protein scaffold: n_residues=278, chains=['A'], first=A1, last=A298
            => This should be identical for all PDBs in the campaign.
    [INFO] Ligand selected: LIG (n_residues=1, heavy_atoms=3)
    [INFO] Selecting residues within 6.00 Å of ligand heavy atoms...
    [OK] 17 residues selected -> output_abl1_lmpnn/actives_41_CHEMBL1094400_best_CNNaffinity/selected_residues.txt
         A10 A11 A12 A18 A31 A32 A33 A64 A80 A81 A86 A89 A131 A132 A134 A144 A145
    [INFO] n_positions=17 — should be equal (or very close) for all ligands in this campaign (same scaffold, same site).
    [OK] JSON summary -> output_abl1_lmpnn/actives_41_CHEMBL1094400_best_CNNaffinity/selection_summary.json
[10:32:38]   [actives_41_CHEMBL1094400_best_CNNaffinity] Selected 17 positions.
[10:32:38]   [actives_42_CHEMBL79498_best_CNNaffinity] Selecting residues (dist=6.0 Å)...
    [INFO] Loading: data/cdk2/03.complexes_dude/actives_42_CHEMBL79498_best_CNNaffinity.pdb
    [CHECK] Protein scaffold: n_residues=278, chains=['A'], first=A1, last=A298
            => This should be identical for all PDBs in the campaign.
    [INFO] Ligand selected: LIG (n_residues=1, heavy_atoms=5)
    [INFO] Selecting residues within 6.00 Å of ligand heavy atoms...
    [OK] 18 residues selected -> output_abl1_lmpnn/actives_42_CHEMBL79498_best_CNNaffinity/selected_residues.txt
         A10 A11 A12 A16 A18 A31 A33 A64 A80 A81 A82 A83 A84 A86 A131 A134 A144 A145
    [INFO] n_positions=18 — should be equal (or very close) for all ligands in this campaign (same scaffold, same site).
    [OK] JSON summary -> output_abl1_lmpnn/actives_42_CHEMBL79498_best_CNNaffinity/selection_summary.json
[10:32:38]   [actives_42_CHEMBL79498_best_CNNaffinity] Selected 18 positions.
[10:32:38]   [actives_43_CHEMBL269827_best_CNNaffinity] Selecting residues (dist=6.0 Å)...
    [INFO] Loading: data/cdk2/03.complexes_dude/actives_43_CHEMBL269827_best_CNNaffinity.pdb
    [CHECK] Protein scaffold: n_residues=278, chains=['A'], first=A1, last=A298
            => This should be identical for all PDBs in the campaign.
    [INFO] Ligand selected: LIG (n_residues=1, heavy_atoms=4)
    [INFO] Selecting residues within 6.00 Å of ligand heavy atoms...
    [OK] 15 residues selected -> output_abl1_lmpnn/actives_43_CHEMBL269827_best_CNNaffinity/selected_residues.txt
         A8 A10 A18 A31 A64 A81 A82 A83 A84 A85 A86 A89 A131 A134 A144
    [INFO] n_positions=15 — should be equal (or very close) for all ligands in this campaign (same scaffold, same site).
    [OK] JSON summary -> output_abl1_lmpnn/actives_43_CHEMBL269827_best_CNNaffinity/selection_summary.json
[10:32:39]   [actives_43_CHEMBL269827_best_CNNaffinity] Selected 15 positions.
[10:32:39]   [actives_44_CHEMBL115319_best_CNNaffinity] Selecting residues (dist=6.0 Å)...
    [INFO] Loading: data/cdk2/03.complexes_dude/actives_44_CHEMBL115319_best_CNNaffinity.pdb
    [CHECK] Protein scaffold: n_residues=278, chains=['A'], first=A1, last=A298
            => This should be identical for all PDBs in the campaign.
    [INFO] Ligand selected: LIG (n_residues=1, heavy_atoms=4)
    [INFO] Selecting residues within 6.00 Å of ligand heavy atoms...
    [OK] 12 residues selected -> output_abl1_lmpnn/actives_44_CHEMBL115319_best_CNNaffinity/selected_residues.txt
         A8 A10 A18 A31 A82 A83 A84 A85 A86 A89 A131 A134
    [INFO] n_positions=12 — should be equal (or very close) for all ligands in this campaign (same scaffold, same site).
    [OK] JSON summary -> output_abl1_lmpnn/actives_44_CHEMBL115319_best_CNNaffinity/selection_summary.json
[10:32:39]   [actives_44_CHEMBL115319_best_CNNaffinity] Selected 12 positions.
[10:32:39]   [actives_45_CHEMBL310840_best_CNNaffinity] Selecting residues (dist=6.0 Å)...
    [INFO] Loading: data/cdk2/03.complexes_dude/actives_45_CHEMBL310840_best_CNNaffinity.pdb
    [CHECK] Protein scaffold: n_residues=278, chains=['A'], first=A1, last=A298
            => This should be identical for all PDBs in the campaign.
    [INFO] Ligand selected: LIG (n_residues=1, heavy_atoms=4)
    [INFO] Selecting residues within 6.00 Å of ligand heavy atoms...
    [OK] 16 residues selected -> output_abl1_lmpnn/actives_45_CHEMBL310840_best_CNNaffinity/selected_residues.txt
         A10 A12 A18 A31 A33 A64 A80 A81 A82 A83 A131 A132 A133 A134 A144 A145
    [INFO] n_positions=16 — should be equal (or very close) for all ligands in this campaign (same scaffold, same site).
    [OK] JSON summary -> output_abl1_lmpnn/actives_45_CHEMBL310840_best_CNNaffinity/selection_summary.json
[10:32:39]   [actives_45_CHEMBL310840_best_CNNaffinity] Selected 16 positions.
[10:32:39]   [actives_46_CHEMBL210765_best_CNNaffinity] Selecting residues (dist=6.0 Å)...
    [INFO] Loading: data/cdk2/03.complexes_dude/actives_46_CHEMBL210765_best_CNNaffinity.pdb
    [CHECK] Protein scaffold: n_residues=278, chains=['A'], first=A1, last=A298
            => This should be identical for all PDBs in the campaign.
    [INFO] Ligand selected: LIG (n_residues=1, heavy_atoms=5)
    [INFO] Selecting residues within 6.00 Å of ligand heavy atoms...
    [OK] 16 residues selected -> output_abl1_lmpnn/actives_46_CHEMBL210765_best_CNNaffinity/selected_residues.txt
         A8 A9 A10 A11 A20 A82 A83 A84 A85 A86 A131 A132 A133 A134 A144 A145
    [INFO] n_positions=16 — should be equal (or very close) for all ligands in this campaign (same scaffold, same site).
    [OK] JSON summary -> output_abl1_lmpnn/actives_46_CHEMBL210765_best_CNNaffinity/selection_summary.json
[10:32:39]   [actives_46_CHEMBL210765_best_CNNaffinity] Selected 16 positions.
[10:32:39]   [actives_47_CHEMBL411224_best_CNNaffinity] Selecting residues (dist=6.0 Å)...
    [INFO] Loading: data/cdk2/03.complexes_dude/actives_47_CHEMBL411224_best_CNNaffinity.pdb
    [CHECK] Protein scaffold: n_residues=278, chains=['A'], first=A1, last=A298
            => This should be identical for all PDBs in the campaign.
    [INFO] Ligand selected: LIG (n_residues=1, heavy_atoms=4)
    [INFO] Selecting residues within 6.00 Å of ligand heavy atoms...
    [OK] 15 residues selected -> output_abl1_lmpnn/actives_47_CHEMBL411224_best_CNNaffinity/selected_residues.txt
         A10 A18 A31 A64 A80 A81 A82 A83 A84 A85 A86 A89 A134 A144 A145
    [INFO] n_positions=15 — should be equal (or very close) for all ligands in this campaign (same scaffold, same site).
    [OK] JSON summary -> output_abl1_lmpnn/actives_47_CHEMBL411224_best_CNNaffinity/selection_summary.json
[10:32:39]   [actives_47_CHEMBL411224_best_CNNaffinity] Selected 15 positions.
[10:32:39]   [actives_48_CHEMBL315486_best_CNNaffinity] Selecting residues (dist=6.0 Å)...
    [INFO] Loading: data/cdk2/03.complexes_dude/actives_48_CHEMBL315486_best_CNNaffinity.pdb
    [CHECK] Protein scaffold: n_residues=278, chains=['A'], first=A1, last=A298
            => This should be identical for all PDBs in the campaign.
    [INFO] Ligand selected: LIG (n_residues=1, heavy_atoms=4)
    [INFO] Selecting residues within 6.00 Å of ligand heavy atoms...
    [OK] 15 residues selected -> output_abl1_lmpnn/actives_48_CHEMBL315486_best_CNNaffinity/selected_residues.txt
         A10 A11 A12 A82 A83 A84 A85 A86 A89 A131 A132 A133 A134 A144 A145
    [INFO] n_positions=15 — should be equal (or very close) for all ligands in this campaign (same scaffold, same site).
    [OK] JSON summary -> output_abl1_lmpnn/actives_48_CHEMBL315486_best_CNNaffinity/selection_summary.json
[10:32:40]   [actives_48_CHEMBL315486_best_CNNaffinity] Selected 15 positions.
[10:32:40]   [actives_49_CHEMBL455467_best_CNNaffinity] Selecting residues (dist=6.0 Å)...
    [INFO] Loading: data/cdk2/03.complexes_dude/actives_49_CHEMBL455467_best_CNNaffinity.pdb
    [CHECK] Protein scaffold: n_residues=278, chains=['A'], first=A1, last=A298
            => This should be identical for all PDBs in the campaign.
    [INFO] Ligand selected: LIG (n_residues=1, heavy_atoms=3)
    [INFO] Selecting residues within 6.00 Å of ligand heavy atoms...
    [OK] 14 residues selected -> output_abl1_lmpnn/actives_49_CHEMBL455467_best_CNNaffinity/selected_residues.txt
         A10 A11 A12 A18 A31 A33 A64 A80 A81 A89 A131 A134 A144 A145
    [INFO] n_positions=14 — should be equal (or very close) for all ligands in this campaign (same scaffold, same site).
    [OK] JSON summary -> output_abl1_lmpnn/actives_49_CHEMBL455467_best_CNNaffinity/selection_summary.json
[10:32:40]   [actives_49_CHEMBL455467_best_CNNaffinity] Selected 14 positions.
[10:32:40]   [actives_50_CHEMBL186240_best_CNNaffinity] Selecting residues (dist=6.0 Å)...
    [INFO] Loading: data/cdk2/03.complexes_dude/actives_50_CHEMBL186240_best_CNNaffinity.pdb
    [CHECK] Protein scaffold: n_residues=278, chains=['A'], first=A1, last=A298
            => This should be identical for all PDBs in the campaign.
    [INFO] Ligand selected: LIG (n_residues=1, heavy_atoms=4)
    [INFO] Selecting residues within 6.00 Å of ligand heavy atoms...
    [OK] 11 residues selected -> output_abl1_lmpnn/actives_50_CHEMBL186240_best_CNNaffinity/selected_residues.txt
         A10 A18 A31 A82 A83 A84 A85 A86 A131 A134 A144
    [INFO] n_positions=11 — should be equal (or very close) for all ligands in this campaign (same scaffold, same site).
    [OK] JSON summary -> output_abl1_lmpnn/actives_50_CHEMBL186240_best_CNNaffinity/selection_summary.json
[10:32:40]   [actives_50_CHEMBL186240_best_CNNaffinity] Selected 11 positions.
[10:32:40]   [actives_51_CHEMBL446409_best_CNNaffinity] Selecting residues (dist=6.0 Å)...
    [INFO] Loading: data/cdk2/03.complexes_dude/actives_51_CHEMBL446409_best_CNNaffinity.pdb
    [CHECK] Protein scaffold: n_residues=278, chains=['A'], first=A1, last=A298
            => This should be identical for all PDBs in the campaign.
    [INFO] Ligand selected: LIG (n_residues=1, heavy_atoms=4)
    [INFO] Selecting residues within 6.00 Å of ligand heavy atoms...
    [OK] 19 residues selected -> output_abl1_lmpnn/actives_51_CHEMBL446409_best_CNNaffinity/selected_residues.txt
         A10 A11 A12 A18 A31 A64 A80 A81 A82 A83 A84 A85 A86 A88 A89 A131 A134 A144 A145
    [INFO] n_positions=19 — should be equal (or very close) for all ligands in this campaign (same scaffold, same site).
    [OK] JSON summary -> output_abl1_lmpnn/actives_51_CHEMBL446409_best_CNNaffinity/selection_summary.json
[10:32:40]   [actives_51_CHEMBL446409_best_CNNaffinity] Selected 19 positions.
[10:32:40]   [actives_52_CHEMBL570002_best_CNNaffinity] Selecting residues (dist=6.0 Å)...
    [INFO] Loading: data/cdk2/03.complexes_dude/actives_52_CHEMBL570002_best_CNNaffinity.pdb
    [CHECK] Protein scaffold: n_residues=278, chains=['A'], first=A1, last=A298
            => This should be identical for all PDBs in the campaign.
    [INFO] Ligand selected: LIG (n_residues=1, heavy_atoms=3)
    [INFO] Selecting residues within 6.00 Å of ligand heavy atoms...
    [OK] 17 residues selected -> output_abl1_lmpnn/actives_52_CHEMBL570002_best_CNNaffinity/selected_residues.txt
         A10 A11 A12 A18 A31 A64 A65 A80 A81 A82 A83 A86 A89 A131 A132 A134 A144
    [INFO] n_positions=17 — should be equal (or very close) for all ligands in this campaign (same scaffold, same site).
    [OK] JSON summary -> output_abl1_lmpnn/actives_52_CHEMBL570002_best_CNNaffinity/selection_summary.json
[10:32:40]   [actives_52_CHEMBL570002_best_CNNaffinity] Selected 17 positions.
[10:32:40]   [actives_53_CHEMBL1164262_best_CNNaffinity] Selecting residues (dist=6.0 Å)...
    [INFO] Loading: data/cdk2/03.complexes_dude/actives_53_CHEMBL1164262_best_CNNaffinity.pdb
    [CHECK] Protein scaffold: n_residues=278, chains=['A'], first=A1, last=A298
            => This should be identical for all PDBs in the campaign.
    [INFO] Ligand selected: LIG (n_residues=1, heavy_atoms=3)
    [INFO] Selecting residues within 6.00 Å of ligand heavy atoms...
    [OK] 12 residues selected -> output_abl1_lmpnn/actives_53_CHEMBL1164262_best_CNNaffinity/selected_residues.txt
         A10 A11 A12 A18 A31 A86 A89 A131 A132 A134 A144 A145
    [INFO] n_positions=12 — should be equal (or very close) for all ligands in this campaign (same scaffold, same site).
    [OK] JSON summary -> output_abl1_lmpnn/actives_53_CHEMBL1164262_best_CNNaffinity/selection_summary.json
[10:32:41]   [actives_53_CHEMBL1164262_best_CNNaffinity] Selected 12 positions.
[10:32:41]   [actives_54_CHEMBL75953_best_CNNaffinity] Selecting residues (dist=6.0 Å)...
    [INFO] Loading: data/cdk2/03.complexes_dude/actives_54_CHEMBL75953_best_CNNaffinity.pdb
    [CHECK] Protein scaffold: n_residues=278, chains=['A'], first=A1, last=A298
            => This should be identical for all PDBs in the campaign.
    [INFO] Ligand selected: LIG (n_residues=1, heavy_atoms=3)
    [INFO] Selecting residues within 6.00 Å of ligand heavy atoms...
    [OK] 8 residues selected -> output_abl1_lmpnn/actives_54_CHEMBL75953_best_CNNaffinity/selected_residues.txt
         A28 A29 A80 A81 A82 A83 A136 A142
    [INFO] n_positions=8 — should be equal (or very close) for all ligands in this campaign (same scaffold, same site).
    [OK] JSON summary -> output_abl1_lmpnn/actives_54_CHEMBL75953_best_CNNaffinity/selection_summary.json
[10:32:41]   [actives_54_CHEMBL75953_best_CNNaffinity] Selected 8 positions.
[10:32:41]   [actives_55_CHEMBL484990_best_CNNaffinity] Selecting residues (dist=6.0 Å)...
    [INFO] Loading: data/cdk2/03.complexes_dude/actives_55_CHEMBL484990_best_CNNaffinity.pdb
    [CHECK] Protein scaffold: n_residues=278, chains=['A'], first=A1, last=A298
            => This should be identical for all PDBs in the campaign.
    [INFO] Ligand selected: LIG (n_residues=1, heavy_atoms=4)
    [INFO] Selecting residues within 6.00 Å of ligand heavy atoms...
    [OK] 13 residues selected -> output_abl1_lmpnn/actives_55_CHEMBL484990_best_CNNaffinity/selected_residues.txt
         A10 A18 A31 A64 A80 A81 A82 A83 A84 A85 A86 A131 A134
    [INFO] n_positions=13 — should be equal (or very close) for all ligands in this campaign (same scaffold, same site).
    [OK] JSON summary -> output_abl1_lmpnn/actives_55_CHEMBL484990_best_CNNaffinity/selection_summary.json
[10:32:41]   [actives_55_CHEMBL484990_best_CNNaffinity] Selected 13 positions.
[10:32:41]   [actives_56_CHEMBL358102_best_CNNaffinity] Selecting residues (dist=6.0 Å)...
    [INFO] Loading: data/cdk2/03.complexes_dude/actives_56_CHEMBL358102_best_CNNaffinity.pdb
    [CHECK] Protein scaffold: n_residues=278, chains=['A'], first=A1, last=A298
            => This should be identical for all PDBs in the campaign.
    [INFO] Ligand selected: LIG (n_residues=1, heavy_atoms=3)
    [INFO] Selecting residues within 6.00 Å of ligand heavy atoms...
    [OK] 17 residues selected -> output_abl1_lmpnn/actives_56_CHEMBL358102_best_CNNaffinity/selected_residues.txt
         A10 A11 A18 A31 A33 A64 A80 A81 A82 A83 A84 A86 A131 A132 A134 A144 A145
    [INFO] n_positions=17 — should be equal (or very close) for all ligands in this campaign (same scaffold, same site).
    [OK] JSON summary -> output_abl1_lmpnn/actives_56_CHEMBL358102_best_CNNaffinity/selection_summary.json
[10:32:41]   [actives_56_CHEMBL358102_best_CNNaffinity] Selected 17 positions.
[10:32:41]   [actives_57_CHEMBL256558_best_CNNaffinity] Selecting residues (dist=6.0 Å)...
    [INFO] Loading: data/cdk2/03.complexes_dude/actives_57_CHEMBL256558_best_CNNaffinity.pdb
    [CHECK] Protein scaffold: n_residues=278, chains=['A'], first=A1, last=A298
            => This should be identical for all PDBs in the campaign.
    [INFO] Ligand selected: LIG (n_residues=1, heavy_atoms=4)
    [INFO] Selecting residues within 6.00 Å of ligand heavy atoms...
    [OK] 15 residues selected -> output_abl1_lmpnn/actives_57_CHEMBL256558_best_CNNaffinity/selected_residues.txt
         A10 A12 A18 A31 A64 A80 A81 A82 A83 A84 A131 A132 A134 A144 A145
    [INFO] n_positions=15 — should be equal (or very close) for all ligands in this campaign (same scaffold, same site).
    [OK] JSON summary -> output_abl1_lmpnn/actives_57_CHEMBL256558_best_CNNaffinity/selection_summary.json
[10:32:42]   [actives_57_CHEMBL256558_best_CNNaffinity] Selected 15 positions.
[10:32:42]   [actives_58_CHEMBL82243_best_CNNaffinity] Selecting residues (dist=6.0 Å)...
    [INFO] Loading: data/cdk2/03.complexes_dude/actives_58_CHEMBL82243_best_CNNaffinity.pdb
    [CHECK] Protein scaffold: n_residues=278, chains=['A'], first=A1, last=A298
            => This should be identical for all PDBs in the campaign.
    [INFO] Ligand selected: LIG (n_residues=1, heavy_atoms=4)
    [INFO] Selecting residues within 6.00 Å of ligand heavy atoms...
    [OK] 15 residues selected -> output_abl1_lmpnn/actives_58_CHEMBL82243_best_CNNaffinity/selected_residues.txt
         A10 A18 A31 A33 A64 A80 A81 A82 A83 A131 A132 A133 A134 A144 A145
    [INFO] n_positions=15 — should be equal (or very close) for all ligands in this campaign (same scaffold, same site).
    [OK] JSON summary -> output_abl1_lmpnn/actives_58_CHEMBL82243_best_CNNaffinity/selection_summary.json
[10:32:42]   [actives_58_CHEMBL82243_best_CNNaffinity] Selected 15 positions.
[10:32:42]   [actives_59_CHEMBL393929_best_CNNaffinity] Selecting residues (dist=6.0 Å)...
    [INFO] Loading: data/cdk2/03.complexes_dude/actives_59_CHEMBL393929_best_CNNaffinity.pdb
    [CHECK] Protein scaffold: n_residues=278, chains=['A'], first=A1, last=A298
            => This should be identical for all PDBs in the campaign.
    [INFO] Ligand selected: LIG (n_residues=1, heavy_atoms=4)
    [INFO] Selecting residues within 6.00 Å of ligand heavy atoms...
    [OK] 14 residues selected -> output_abl1_lmpnn/actives_59_CHEMBL393929_best_CNNaffinity/selected_residues.txt
         A10 A11 A12 A16 A18 A31 A33 A80 A81 A131 A134 A144 A145 A148
    [INFO] n_positions=14 — should be equal (or very close) for all ligands in this campaign (same scaffold, same site).
    [OK] JSON summary -> output_abl1_lmpnn/actives_59_CHEMBL393929_best_CNNaffinity/selection_summary.json
[10:32:42]   [actives_59_CHEMBL393929_best_CNNaffinity] Selected 14 positions.
[10:32:42]   [actives_60_CHEMBL203707_best_CNNaffinity] Selecting residues (dist=6.0 Å)...
    [INFO] Loading: data/cdk2/03.complexes_dude/actives_60_CHEMBL203707_best_CNNaffinity.pdb
    [CHECK] Protein scaffold: n_residues=278, chains=['A'], first=A1, last=A298
            => This should be identical for all PDBs in the campaign.
    [INFO] Ligand selected: LIG (n_residues=1, heavy_atoms=3)
    [INFO] Selecting residues within 6.00 Å of ligand heavy atoms...
    [OK] 12 residues selected -> output_abl1_lmpnn/actives_60_CHEMBL203707_best_CNNaffinity/selected_residues.txt
         A8 A9 A10 A20 A82 A83 A84 A85 A86 A89 A131 A134
    [INFO] n_positions=12 — should be equal (or very close) for all ligands in this campaign (same scaffold, same site).
    [OK] JSON summary -> output_abl1_lmpnn/actives_60_CHEMBL203707_best_CNNaffinity/selection_summary.json
[10:32:42]   [actives_60_CHEMBL203707_best_CNNaffinity] Selected 12 positions.
[10:32:42]   [actives_61_CHEMBL504155_best_CNNaffinity] Selecting residues (dist=6.0 Å)...
    [INFO] Loading: data/cdk2/03.complexes_dude/actives_61_CHEMBL504155_best_CNNaffinity.pdb
    [CHECK] Protein scaffold: n_residues=278, chains=['A'], first=A1, last=A298
            => This should be identical for all PDBs in the campaign.
    [INFO] Ligand selected: LIG (n_residues=1, heavy_atoms=3)
    [INFO] Selecting residues within 6.00 Å of ligand heavy atoms...
    [OK] 12 residues selected -> output_abl1_lmpnn/actives_61_CHEMBL504155_best_CNNaffinity/selected_residues.txt
         A10 A11 A12 A15 A16 A17 A18 A33 A131 A132 A145 A148
    [INFO] n_positions=12 — should be equal (or very close) for all ligands in this campaign (same scaffold, same site).
    [OK] JSON summary -> output_abl1_lmpnn/actives_61_CHEMBL504155_best_CNNaffinity/selection_summary.json
[10:32:42]   [actives_61_CHEMBL504155_best_CNNaffinity] Selected 12 positions.
[10:32:42]   [actives_62_CHEMBL143748_best_CNNaffinity] Selecting residues (dist=6.0 Å)...
    [INFO] Loading: data/cdk2/03.complexes_dude/actives_62_CHEMBL143748_best_CNNaffinity.pdb
    [CHECK] Protein scaffold: n_residues=278, chains=['A'], first=A1, last=A298
            => This should be identical for all PDBs in the campaign.
    [INFO] Ligand selected: LIG (n_residues=1, heavy_atoms=4)
    [INFO] Selecting residues within 6.00 Å of ligand heavy atoms...
    [OK] 12 residues selected -> output_abl1_lmpnn/actives_62_CHEMBL143748_best_CNNaffinity/selected_residues.txt
         A8 A10 A18 A31 A81 A82 A83 A84 A85 A86 A131 A134
    [INFO] n_positions=12 — should be equal (or very close) for all ligands in this campaign (same scaffold, same site).
    [OK] JSON summary -> output_abl1_lmpnn/actives_62_CHEMBL143748_best_CNNaffinity/selection_summary.json
[10:32:43]   [actives_62_CHEMBL143748_best_CNNaffinity] Selected 12 positions.
[10:32:43]   [actives_63_CHEMBL186163_best_CNNaffinity] Selecting residues (dist=6.0 Å)...
    [INFO] Loading: data/cdk2/03.complexes_dude/actives_63_CHEMBL186163_best_CNNaffinity.pdb
    [CHECK] Protein scaffold: n_residues=278, chains=['A'], first=A1, last=A298
            => This should be identical for all PDBs in the campaign.
    [INFO] Ligand selected: LIG (n_residues=1, heavy_atoms=5)
    [INFO] Selecting residues within 6.00 Å of ligand heavy atoms...
    [OK] 19 residues selected -> output_abl1_lmpnn/actives_63_CHEMBL186163_best_CNNaffinity/selected_residues.txt
         A10 A11 A12 A16 A18 A31 A33 A64 A80 A81 A82 A83 A84 A85 A131 A134 A144 A145 A148
    [INFO] n_positions=19 — should be equal (or very close) for all ligands in this campaign (same scaffold, same site).
    [OK] JSON summary -> output_abl1_lmpnn/actives_63_CHEMBL186163_best_CNNaffinity/selection_summary.json
[10:32:43]   [actives_63_CHEMBL186163_best_CNNaffinity] Selected 19 positions.
[10:32:43]   [actives_64_CHEMBL188010_best_CNNaffinity] Selecting residues (dist=6.0 Å)...
    [INFO] Loading: data/cdk2/03.complexes_dude/actives_64_CHEMBL188010_best_CNNaffinity.pdb
    [CHECK] Protein scaffold: n_residues=278, chains=['A'], first=A1, last=A298
            => This should be identical for all PDBs in the campaign.
    [INFO] Ligand selected: LIG (n_residues=1, heavy_atoms=3)
    [INFO] Selecting residues within 6.00 Å of ligand heavy atoms...
    [OK] 14 residues selected -> output_abl1_lmpnn/actives_64_CHEMBL188010_best_CNNaffinity/selected_residues.txt
         A10 A11 A18 A31 A64 A80 A81 A82 A83 A84 A85 A86 A131 A134
    [INFO] n_positions=14 — should be equal (or very close) for all ligands in this campaign (same scaffold, same site).
    [OK] JSON summary -> output_abl1_lmpnn/actives_64_CHEMBL188010_best_CNNaffinity/selection_summary.json
[10:32:43]   [actives_64_CHEMBL188010_best_CNNaffinity] Selected 14 positions.
[10:32:43]   [actives_65_CHEMBL364805_best_CNNaffinity] Selecting residues (dist=6.0 Å)...
    [INFO] Loading: data/cdk2/03.complexes_dude/actives_65_CHEMBL364805_best_CNNaffinity.pdb
    [CHECK] Protein scaffold: n_residues=278, chains=['A'], first=A1, last=A298
            => This should be identical for all PDBs in the campaign.
    [INFO] Ligand selected: LIG (n_residues=1, heavy_atoms=3)
    [INFO] Selecting residues within 6.00 Å of ligand heavy atoms...
    [OK] 14 residues selected -> output_abl1_lmpnn/actives_65_CHEMBL364805_best_CNNaffinity/selected_residues.txt
         A10 A11 A18 A31 A64 A80 A81 A82 A83 A84 A85 A86 A131 A134
    [INFO] n_positions=14 — should be equal (or very close) for all ligands in this campaign (same scaffold, same site).
    [OK] JSON summary -> output_abl1_lmpnn/actives_65_CHEMBL364805_best_CNNaffinity/selection_summary.json
[10:32:43]   [actives_65_CHEMBL364805_best_CNNaffinity] Selected 14 positions.
[10:32:43]   [actives_66_CHEMBL134976_best_CNNaffinity] Selecting residues (dist=6.0 Å)...
    [INFO] Loading: data/cdk2/03.complexes_dude/actives_66_CHEMBL134976_best_CNNaffinity.pdb
    [CHECK] Protein scaffold: n_residues=278, chains=['A'], first=A1, last=A298
            => This should be identical for all PDBs in the campaign.
    [INFO] Ligand selected: LIG (n_residues=1, heavy_atoms=4)
    [INFO] Selecting residues within 6.00 Å of ligand heavy atoms...
    [OK] 8 residues selected -> output_abl1_lmpnn/actives_66_CHEMBL134976_best_CNNaffinity/selected_residues.txt
         A8 A10 A82 A83 A84 A85 A86 A89
    [INFO] n_positions=8 — should be equal (or very close) for all ligands in this campaign (same scaffold, same site).
    [OK] JSON summary -> output_abl1_lmpnn/actives_66_CHEMBL134976_best_CNNaffinity/selection_summary.json
[10:32:43]   [actives_66_CHEMBL134976_best_CNNaffinity] Selected 8 positions.
[10:32:43]   [actives_67_CHEMBL115220_best_CNNaffinity] Selecting residues (dist=6.0 Å)...
    [INFO] Loading: data/cdk2/03.complexes_dude/actives_67_CHEMBL115220_best_CNNaffinity.pdb
    [CHECK] Protein scaffold: n_residues=278, chains=['A'], first=A1, last=A298
            => This should be identical for all PDBs in the campaign.
    [INFO] Ligand selected: LIG (n_residues=1, heavy_atoms=3)
    [INFO] Selecting residues within 6.00 Å of ligand heavy atoms...
    [OK] 9 residues selected -> output_abl1_lmpnn/actives_67_CHEMBL115220_best_CNNaffinity/selected_residues.txt
         A10 A18 A82 A83 A84 A85 A86 A131 A134
    [INFO] n_positions=9 — should be equal (or very close) for all ligands in this campaign (same scaffold, same site).
    [OK] JSON summary -> output_abl1_lmpnn/actives_67_CHEMBL115220_best_CNNaffinity/selection_summary.json
[10:32:44]   [actives_67_CHEMBL115220_best_CNNaffinity] Selected 9 positions.
[10:32:44]   [actives_68_CHEMBL72077_best_CNNaffinity] Selecting residues (dist=6.0 Å)...
    [INFO] Loading: data/cdk2/03.complexes_dude/actives_68_CHEMBL72077_best_CNNaffinity.pdb
    [CHECK] Protein scaffold: n_residues=278, chains=['A'], first=A1, last=A298
            => This should be identical for all PDBs in the campaign.
    [INFO] Ligand selected: LIG (n_residues=1, heavy_atoms=3)
    [INFO] Selecting residues within 6.00 Å of ligand heavy atoms...
    [OK] 11 residues selected -> output_abl1_lmpnn/actives_68_CHEMBL72077_best_CNNaffinity/selected_residues.txt
         A11 A12 A15 A16 A18 A33 A127 A129 A131 A132 A145
    [INFO] n_positions=11 — should be equal (or very close) for all ligands in this campaign (same scaffold, same site).
    [OK] JSON summary -> output_abl1_lmpnn/actives_68_CHEMBL72077_best_CNNaffinity/selection_summary.json
[10:32:44]   [actives_68_CHEMBL72077_best_CNNaffinity] Selected 11 positions.
[10:32:44]   [actives_69_CHEMBL478409_best_CNNaffinity] Selecting residues (dist=6.0 Å)...
    [INFO] Loading: data/cdk2/03.complexes_dude/actives_69_CHEMBL478409_best_CNNaffinity.pdb
    [CHECK] Protein scaffold: n_residues=278, chains=['A'], first=A1, last=A298
            => This should be identical for all PDBs in the campaign.
    [INFO] Ligand selected: LIG (n_residues=1, heavy_atoms=4)
    [INFO] Selecting residues within 6.00 Å of ligand heavy atoms...
    [OK] 15 residues selected -> output_abl1_lmpnn/actives_69_CHEMBL478409_best_CNNaffinity/selected_residues.txt
         A10 A18 A31 A64 A80 A81 A82 A83 A84 A85 A86 A89 A134 A144 A145
    [INFO] n_positions=15 — should be equal (or very close) for all ligands in this campaign (same scaffold, same site).
    [OK] JSON summary -> output_abl1_lmpnn/actives_69_CHEMBL478409_best_CNNaffinity/selection_summary.json
[10:32:44]   [actives_69_CHEMBL478409_best_CNNaffinity] Selected 15 positions.
[10:32:44]   [actives_70_CHEMBL392776_best_CNNaffinity] Selecting residues (dist=6.0 Å)...
    [INFO] Loading: data/cdk2/03.complexes_dude/actives_70_CHEMBL392776_best_CNNaffinity.pdb
    [CHECK] Protein scaffold: n_residues=278, chains=['A'], first=A1, last=A298
            => This should be identical for all PDBs in the campaign.
    [INFO] Ligand selected: LIG (n_residues=1, heavy_atoms=5)
    [INFO] Selecting residues within 6.00 Å of ligand heavy atoms...
    [OK] 22 residues selected -> output_abl1_lmpnn/actives_70_CHEMBL392776_best_CNNaffinity/selected_residues.txt
         A8 A10 A11 A12 A18 A20 A31 A33 A64 A78 A80 A81 A82 A83 A84 A85 A131 A132 A134 A144 A145 A148
    [INFO] n_positions=22 — should be equal (or very close) for all ligands in this campaign (same scaffold, same site).
    [OK] JSON summary -> output_abl1_lmpnn/actives_70_CHEMBL392776_best_CNNaffinity/selection_summary.json
[10:32:44]   [actives_70_CHEMBL392776_best_CNNaffinity] Selected 22 positions.
[10:32:44]   [actives_71_CHEMBL336892_best_CNNaffinity] Selecting residues (dist=6.0 Å)...
    [INFO] Loading: data/cdk2/03.complexes_dude/actives_71_CHEMBL336892_best_CNNaffinity.pdb
    [CHECK] Protein scaffold: n_residues=278, chains=['A'], first=A1, last=A298
            => This should be identical for all PDBs in the campaign.
    [INFO] Ligand selected: LIG (n_residues=1, heavy_atoms=4)
    [INFO] Selecting residues within 6.00 Å of ligand heavy atoms...
    [OK] 12 residues selected -> output_abl1_lmpnn/actives_71_CHEMBL336892_best_CNNaffinity/selected_residues.txt
         A8 A9 A10 A11 A31 A82 A83 A84 A85 A86 A131 A134
    [INFO] n_positions=12 — should be equal (or very close) for all ligands in this campaign (same scaffold, same site).
    [OK] JSON summary -> output_abl1_lmpnn/actives_71_CHEMBL336892_best_CNNaffinity/selection_summary.json
[10:32:44]   [actives_71_CHEMBL336892_best_CNNaffinity] Selected 12 positions.
[10:32:44]   [actives_72_CHEMBL141247_best_CNNaffinity] Selecting residues (dist=6.0 Å)...
    [INFO] Loading: data/cdk2/03.complexes_dude/actives_72_CHEMBL141247_best_CNNaffinity.pdb
    [CHECK] Protein scaffold: n_residues=278, chains=['A'], first=A1, last=A298
            => This should be identical for all PDBs in the campaign.
    [INFO] Ligand selected: LIG (n_residues=1, heavy_atoms=3)
    [INFO] Selecting residues within 6.00 Å of ligand heavy atoms...
    [OK] 15 residues selected -> output_abl1_lmpnn/actives_72_CHEMBL141247_best_CNNaffinity/selected_residues.txt
         A10 A12 A18 A31 A64 A80 A81 A82 A83 A84 A131 A132 A134 A144 A145
    [INFO] n_positions=15 — should be equal (or very close) for all ligands in this campaign (same scaffold, same site).
    [OK] JSON summary -> output_abl1_lmpnn/actives_72_CHEMBL141247_best_CNNaffinity/selection_summary.json
[10:32:45]   [actives_72_CHEMBL141247_best_CNNaffinity] Selected 15 positions.
[10:32:45]   [actives_73_CHEMBL477568_best_CNNaffinity] Selecting residues (dist=6.0 Å)...
    [INFO] Loading: data/cdk2/03.complexes_dude/actives_73_CHEMBL477568_best_CNNaffinity.pdb
    [CHECK] Protein scaffold: n_residues=278, chains=['A'], first=A1, last=A298
            => This should be identical for all PDBs in the campaign.
    [INFO] Ligand selected: LIG (n_residues=1, heavy_atoms=3)
    [INFO] Selecting residues within 6.00 Å of ligand heavy atoms...
    [OK] 12 residues selected -> output_abl1_lmpnn/actives_73_CHEMBL477568_best_CNNaffinity/selected_residues.txt
         A8 A10 A18 A31 A82 A83 A84 A85 A86 A131 A134 A144
    [INFO] n_positions=12 — should be equal (or very close) for all ligands in this campaign (same scaffold, same site).
    [OK] JSON summary -> output_abl1_lmpnn/actives_73_CHEMBL477568_best_CNNaffinity/selection_summary.json
[10:32:45]   [actives_73_CHEMBL477568_best_CNNaffinity] Selected 12 positions.
[10:32:45]   [actives_74_CHEMBL319467_best_CNNaffinity] Selecting residues (dist=6.0 Å)...
    [INFO] Loading: data/cdk2/03.complexes_dude/actives_74_CHEMBL319467_best_CNNaffinity.pdb
    [CHECK] Protein scaffold: n_residues=278, chains=['A'], first=A1, last=A298
            => This should be identical for all PDBs in the campaign.
    [INFO] Ligand selected: LIG (n_residues=1, heavy_atoms=4)
    [INFO] Selecting residues within 6.00 Å of ligand heavy atoms...
    [OK] 14 residues selected -> output_abl1_lmpnn/actives_74_CHEMBL319467_best_CNNaffinity/selected_residues.txt
         A10 A18 A31 A64 A80 A81 A82 A83 A84 A85 A86 A89 A134 A144
    [INFO] n_positions=14 — should be equal (or very close) for all ligands in this campaign (same scaffold, same site).
    [OK] JSON summary -> output_abl1_lmpnn/actives_74_CHEMBL319467_best_CNNaffinity/selection_summary.json
[10:32:45]   [actives_74_CHEMBL319467_best_CNNaffinity] Selected 14 positions.
[10:32:45]   [actives_75_CHEMBL260416_best_CNNaffinity] Selecting residues (dist=6.0 Å)...
    [INFO] Loading: data/cdk2/03.complexes_dude/actives_75_CHEMBL260416_best_CNNaffinity.pdb
    [CHECK] Protein scaffold: n_residues=278, chains=['A'], first=A1, last=A298
            => This should be identical for all PDBs in the campaign.
    [INFO] Ligand selected: LIG (n_residues=1, heavy_atoms=4)
    [INFO] Selecting residues within 6.00 Å of ligand heavy atoms...
    [OK] 16 residues selected -> output_abl1_lmpnn/actives_75_CHEMBL260416_best_CNNaffinity/selected_residues.txt
         A10 A18 A31 A33 A64 A78 A80 A81 A82 A83 A131 A134 A143 A144 A145 A148
    [INFO] n_positions=16 — should be equal (or very close) for all ligands in this campaign (same scaffold, same site).
    [OK] JSON summary -> output_abl1_lmpnn/actives_75_CHEMBL260416_best_CNNaffinity/selection_summary.json
[10:32:45]   [actives_75_CHEMBL260416_best_CNNaffinity] Selected 16 positions.
[10:32:45]   [actives_76_CHEMBL515001_best_CNNaffinity] Selecting residues (dist=6.0 Å)...
    [INFO] Loading: data/cdk2/03.complexes_dude/actives_76_CHEMBL515001_best_CNNaffinity.pdb
    [CHECK] Protein scaffold: n_residues=278, chains=['A'], first=A1, last=A298
            => This should be identical for all PDBs in the campaign.
    [INFO] Ligand selected: LIG (n_residues=1, heavy_atoms=4)
    [INFO] Selecting residues within 6.00 Å of ligand heavy atoms...
    [OK] 17 residues selected -> output_abl1_lmpnn/actives_76_CHEMBL515001_best_CNNaffinity/selected_residues.txt
         A10 A11 A12 A18 A31 A33 A64 A80 A81 A82 A83 A88 A89 A131 A134 A144 A145
    [INFO] n_positions=17 — should be equal (or very close) for all ligands in this campaign (same scaffold, same site).
    [OK] JSON summary -> output_abl1_lmpnn/actives_76_CHEMBL515001_best_CNNaffinity/selection_summary.json
[10:32:45]   [actives_76_CHEMBL515001_best_CNNaffinity] Selected 17 positions.
[10:32:45]   [actives_77_CHEMBL434700_best_CNNaffinity] Selecting residues (dist=6.0 Å)...
    [INFO] Loading: data/cdk2/03.complexes_dude/actives_77_CHEMBL434700_best_CNNaffinity.pdb
    [CHECK] Protein scaffold: n_residues=278, chains=['A'], first=A1, last=A298
            => This should be identical for all PDBs in the campaign.
    [INFO] Ligand selected: LIG (n_residues=1, heavy_atoms=3)
    [INFO] Selecting residues within 6.00 Å of ligand heavy atoms...
    [OK] 16 residues selected -> output_abl1_lmpnn/actives_77_CHEMBL434700_best_CNNaffinity/selected_residues.txt
         A10 A11 A18 A31 A33 A64 A80 A81 A82 A83 A86 A131 A132 A134 A144 A145
    [INFO] n_positions=16 — should be equal (or very close) for all ligands in this campaign (same scaffold, same site).
    [OK] JSON summary -> output_abl1_lmpnn/actives_77_CHEMBL434700_best_CNNaffinity/selection_summary.json
[10:32:46]   [actives_77_CHEMBL434700_best_CNNaffinity] Selected 16 positions.
[10:32:46]   [actives_78_CHEMBL103355_best_CNNaffinity] Selecting residues (dist=6.0 Å)...
    [INFO] Loading: data/cdk2/03.complexes_dude/actives_78_CHEMBL103355_best_CNNaffinity.pdb
    [CHECK] Protein scaffold: n_residues=278, chains=['A'], first=A1, last=A298
            => This should be identical for all PDBs in the campaign.
    [INFO] Ligand selected: LIG (n_residues=1, heavy_atoms=5)
    [INFO] Selecting residues within 6.00 Å of ligand heavy atoms...
    [OK] 22 residues selected -> output_abl1_lmpnn/actives_78_CHEMBL103355_best_CNNaffinity/selected_residues.txt
         A10 A11 A12 A18 A30 A31 A33 A64 A80 A81 A82 A83 A84 A86 A88 A89 A131 A132 A134 A144 A145 A148
    [INFO] n_positions=22 — should be equal (or very close) for all ligands in this campaign (same scaffold, same site).
    [OK] JSON summary -> output_abl1_lmpnn/actives_78_CHEMBL103355_best_CNNaffinity/selection_summary.json
[10:32:46]   [actives_78_CHEMBL103355_best_CNNaffinity] Selected 22 positions.
[10:32:46]   [actives_79_CHEMBL272028_best_CNNaffinity] Selecting residues (dist=6.0 Å)...
    [INFO] Loading: data/cdk2/03.complexes_dude/actives_79_CHEMBL272028_best_CNNaffinity.pdb
    [CHECK] Protein scaffold: n_residues=278, chains=['A'], first=A1, last=A298
            => This should be identical for all PDBs in the campaign.
    [INFO] Ligand selected: LIG (n_residues=1, heavy_atoms=4)
    [INFO] Selecting residues within 6.00 Å of ligand heavy atoms...
    [OK] 15 residues selected -> output_abl1_lmpnn/actives_79_CHEMBL272028_best_CNNaffinity/selected_residues.txt
         A8 A10 A18 A31 A64 A81 A82 A83 A84 A85 A86 A89 A131 A134 A144
    [INFO] n_positions=15 — should be equal (or very close) for all ligands in this campaign (same scaffold, same site).
    [OK] JSON summary -> output_abl1_lmpnn/actives_79_CHEMBL272028_best_CNNaffinity/selection_summary.json
[10:32:46]   [actives_79_CHEMBL272028_best_CNNaffinity] Selected 15 positions.
[10:32:46]   [actives_80_CHEMBL112442_best_CNNaffinity] Selecting residues (dist=6.0 Å)...
    [INFO] Loading: data/cdk2/03.complexes_dude/actives_80_CHEMBL112442_best_CNNaffinity.pdb
    [CHECK] Protein scaffold: n_residues=278, chains=['A'], first=A1, last=A298
            => This should be identical for all PDBs in the campaign.
    [INFO] Ligand selected: LIG (n_residues=1, heavy_atoms=3)
    [INFO] Selecting residues within 6.00 Å of ligand heavy atoms...
    [OK] 13 residues selected -> output_abl1_lmpnn/actives_80_CHEMBL112442_best_CNNaffinity/selected_residues.txt
         A10 A18 A31 A33 A80 A82 A83 A86 A131 A132 A134 A144 A145
    [INFO] n_positions=13 — should be equal (or very close) for all ligands in this campaign (same scaffold, same site).
    [OK] JSON summary -> output_abl1_lmpnn/actives_80_CHEMBL112442_best_CNNaffinity/selection_summary.json
[10:32:46]   [actives_80_CHEMBL112442_best_CNNaffinity] Selected 13 positions.
[10:32:46]   [actives_81_CHEMBL460086_best_CNNaffinity] Selecting residues (dist=6.0 Å)...
    [INFO] Loading: data/cdk2/03.complexes_dude/actives_81_CHEMBL460086_best_CNNaffinity.pdb
    [CHECK] Protein scaffold: n_residues=278, chains=['A'], first=A1, last=A298
            => This should be identical for all PDBs in the campaign.
    [INFO] Ligand selected: LIG (n_residues=1, heavy_atoms=3)
    [INFO] Selecting residues within 6.00 Å of ligand heavy atoms...
    [OK] 10 residues selected -> output_abl1_lmpnn/actives_81_CHEMBL460086_best_CNNaffinity/selected_residues.txt
         A8 A9 A10 A82 A83 A84 A85 A86 A89 A134
    [INFO] n_positions=10 — should be equal (or very close) for all ligands in this campaign (same scaffold, same site).
    [OK] JSON summary -> output_abl1_lmpnn/actives_81_CHEMBL460086_best_CNNaffinity/selection_summary.json
[10:32:46]   [actives_81_CHEMBL460086_best_CNNaffinity] Selected 10 positions.
[10:32:46]   [actives_82_CHEMBL521871_best_CNNaffinity] Selecting residues (dist=6.0 Å)...
    [INFO] Loading: data/cdk2/03.complexes_dude/actives_82_CHEMBL521871_best_CNNaffinity.pdb
    [CHECK] Protein scaffold: n_residues=278, chains=['A'], first=A1, last=A298
            => This should be identical for all PDBs in the campaign.
    [INFO] Ligand selected: LIG (n_residues=1, heavy_atoms=3)
    [INFO] Selecting residues within 6.00 Å of ligand heavy atoms...
    [OK] 13 residues selected -> output_abl1_lmpnn/actives_82_CHEMBL521871_best_CNNaffinity/selected_residues.txt
         A10 A12 A18 A31 A64 A80 A81 A82 A83 A84 A129 A131 A134
    [INFO] n_positions=13 — should be equal (or very close) for all ligands in this campaign (same scaffold, same site).
    [OK] JSON summary -> output_abl1_lmpnn/actives_82_CHEMBL521871_best_CNNaffinity/selection_summary.json
[10:32:47]   [actives_82_CHEMBL521871_best_CNNaffinity] Selected 13 positions.
[10:32:47]   [actives_83_CHEMBL337325_best_CNNaffinity] Selecting residues (dist=6.0 Å)...
    [INFO] Loading: data/cdk2/03.complexes_dude/actives_83_CHEMBL337325_best_CNNaffinity.pdb
    [CHECK] Protein scaffold: n_residues=278, chains=['A'], first=A1, last=A298
            => This should be identical for all PDBs in the campaign.
    [INFO] Ligand selected: LIG (n_residues=1, heavy_atoms=4)
    [INFO] Selecting residues within 6.00 Å of ligand heavy atoms...
    [OK] 13 residues selected -> output_abl1_lmpnn/actives_83_CHEMBL337325_best_CNNaffinity/selected_residues.txt
         A10 A11 A12 A15 A16 A18 A33 A127 A129 A131 A132 A145 A162
    [INFO] n_positions=13 — should be equal (or very close) for all ligands in this campaign (same scaffold, same site).
    [OK] JSON summary -> output_abl1_lmpnn/actives_83_CHEMBL337325_best_CNNaffinity/selection_summary.json
[10:32:47]   [actives_83_CHEMBL337325_best_CNNaffinity] Selected 13 positions.
[10:32:47]   [actives_84_CHEMBL421207_best_CNNaffinity] Selecting residues (dist=6.0 Å)...
    [INFO] Loading: data/cdk2/03.complexes_dude/actives_84_CHEMBL421207_best_CNNaffinity.pdb
    [CHECK] Protein scaffold: n_residues=278, chains=['A'], first=A1, last=A298
            => This should be identical for all PDBs in the campaign.
    [INFO] Ligand selected: LIG (n_residues=1, heavy_atoms=3)
    [INFO] Selecting residues within 6.00 Å of ligand heavy atoms...
    [OK] 16 residues selected -> output_abl1_lmpnn/actives_84_CHEMBL421207_best_CNNaffinity/selected_residues.txt
         A10 A18 A31 A33 A80 A81 A82 A83 A84 A85 A86 A89 A131 A134 A144 A145
    [INFO] n_positions=16 — should be equal (or very close) for all ligands in this campaign (same scaffold, same site).
    [OK] JSON summary -> output_abl1_lmpnn/actives_84_CHEMBL421207_best_CNNaffinity/selection_summary.json
[10:32:47]   [actives_84_CHEMBL421207_best_CNNaffinity] Selected 16 positions.
[10:32:47]   [actives_85_CHEMBL139527_best_CNNaffinity] Selecting residues (dist=6.0 Å)...
    [INFO] Loading: data/cdk2/03.complexes_dude/actives_85_CHEMBL139527_best_CNNaffinity.pdb
    [CHECK] Protein scaffold: n_residues=278, chains=['A'], first=A1, last=A298
            => This should be identical for all PDBs in the campaign.
    [INFO] Ligand selected: LIG (n_residues=1, heavy_atoms=4)
    [INFO] Selecting residues within 6.00 Å of ligand heavy atoms...
    [OK] 8 residues selected -> output_abl1_lmpnn/actives_85_CHEMBL139527_best_CNNaffinity/selected_residues.txt
         A8 A9 A10 A83 A84 A85 A86 A89
    [INFO] n_positions=8 — should be equal (or very close) for all ligands in this campaign (same scaffold, same site).
    [OK] JSON summary -> output_abl1_lmpnn/actives_85_CHEMBL139527_best_CNNaffinity/selection_summary.json
[10:32:47]   [actives_85_CHEMBL139527_best_CNNaffinity] Selected 8 positions.
[10:32:47]   [actives_86_CHEMBL1082152_best_CNNaffinity] Selecting residues (dist=6.0 Å)...
    [INFO] Loading: data/cdk2/03.complexes_dude/actives_86_CHEMBL1082152_best_CNNaffinity.pdb
    [CHECK] Protein scaffold: n_residues=278, chains=['A'], first=A1, last=A298
            => This should be identical for all PDBs in the campaign.
    [INFO] Ligand selected: LIG (n_residues=1, heavy_atoms=4)
    [INFO] Selecting residues within 6.00 Å of ligand heavy atoms...
    [OK] 17 residues selected -> output_abl1_lmpnn/actives_86_CHEMBL1082152_best_CNNaffinity/selected_residues.txt
         A10 A18 A31 A64 A80 A81 A82 A83 A86 A89 A130 A131 A132 A133 A134 A144 A145
    [INFO] n_positions=17 — should be equal (or very close) for all ligands in this campaign (same scaffold, same site).
    [OK] JSON summary -> output_abl1_lmpnn/actives_86_CHEMBL1082152_best_CNNaffinity/selection_summary.json
[10:32:47]   [actives_86_CHEMBL1082152_best_CNNaffinity] Selected 17 positions.
[10:32:47]   [actives_87_CHEMBL85667_best_CNNaffinity] Selecting residues (dist=6.0 Å)...
    [INFO] Loading: data/cdk2/03.complexes_dude/actives_87_CHEMBL85667_best_CNNaffinity.pdb
    [CHECK] Protein scaffold: n_residues=278, chains=['A'], first=A1, last=A298
            => This should be identical for all PDBs in the campaign.
    [INFO] Ligand selected: LIG (n_residues=1, heavy_atoms=4)
    [INFO] Selecting residues within 6.00 Å of ligand heavy atoms...
    [OK] 10 residues selected -> output_abl1_lmpnn/actives_87_CHEMBL85667_best_CNNaffinity/selected_residues.txt
         A8 A9 A10 A82 A83 A84 A85 A86 A89 A134
    [INFO] n_positions=10 — should be equal (or very close) for all ligands in this campaign (same scaffold, same site).
    [OK] JSON summary -> output_abl1_lmpnn/actives_87_CHEMBL85667_best_CNNaffinity/selection_summary.json
[10:32:48]   [actives_87_CHEMBL85667_best_CNNaffinity] Selected 10 positions.
[10:32:48]   [actives_88_CHEMBL561179_best_CNNaffinity] Selecting residues (dist=6.0 Å)...
    [INFO] Loading: data/cdk2/03.complexes_dude/actives_88_CHEMBL561179_best_CNNaffinity.pdb
    [CHECK] Protein scaffold: n_residues=278, chains=['A'], first=A1, last=A298
            => This should be identical for all PDBs in the campaign.
    [INFO] Ligand selected: LIG (n_residues=1, heavy_atoms=5)
    [INFO] Selecting residues within 6.00 Å of ligand heavy atoms...
    [OK] 17 residues selected -> output_abl1_lmpnn/actives_88_CHEMBL561179_best_CNNaffinity/selected_residues.txt
         A10 A18 A31 A33 A64 A80 A82 A83 A84 A85 A86 A89 A131 A132 A134 A144 A145
    [INFO] n_positions=17 — should be equal (or very close) for all ligands in this campaign (same scaffold, same site).
    [OK] JSON summary -> output_abl1_lmpnn/actives_88_CHEMBL561179_best_CNNaffinity/selection_summary.json
[10:32:48]   [actives_88_CHEMBL561179_best_CNNaffinity] Selected 17 positions.
[10:32:48]   [actives_89_CHEMBL1077107_best_CNNaffinity] Selecting residues (dist=6.0 Å)...
    [INFO] Loading: data/cdk2/03.complexes_dude/actives_89_CHEMBL1077107_best_CNNaffinity.pdb
    [CHECK] Protein scaffold: n_residues=278, chains=['A'], first=A1, last=A298
            => This should be identical for all PDBs in the campaign.
    [INFO] Ligand selected: LIG (n_residues=1, heavy_atoms=4)
    [INFO] Selecting residues within 6.00 Å of ligand heavy atoms...
    [OK] 10 residues selected -> output_abl1_lmpnn/actives_89_CHEMBL1077107_best_CNNaffinity/selected_residues.txt
         A10 A11 A12 A129 A131 A132 A162 A163 A164 A165
    [INFO] n_positions=10 — should be equal (or very close) for all ligands in this campaign (same scaffold, same site).
    [OK] JSON summary -> output_abl1_lmpnn/actives_89_CHEMBL1077107_best_CNNaffinity/selection_summary.json
[10:32:48]   [actives_89_CHEMBL1077107_best_CNNaffinity] Selected 10 positions.
[10:32:48]   [actives_90_CHEMBL126328_best_CNNaffinity] Selecting residues (dist=6.0 Å)...
    [INFO] Loading: data/cdk2/03.complexes_dude/actives_90_CHEMBL126328_best_CNNaffinity.pdb
    [CHECK] Protein scaffold: n_residues=278, chains=['A'], first=A1, last=A298
            => This should be identical for all PDBs in the campaign.
    [INFO] Ligand selected: LIG (n_residues=1, heavy_atoms=4)
    [INFO] Selecting residues within 6.00 Å of ligand heavy atoms...
    [OK] 13 residues selected -> output_abl1_lmpnn/actives_90_CHEMBL126328_best_CNNaffinity/selected_residues.txt
         A10 A18 A31 A64 A80 A81 A82 A83 A84 A85 A86 A134 A144
    [INFO] n_positions=13 — should be equal (or very close) for all ligands in this campaign (same scaffold, same site).
    [OK] JSON summary -> output_abl1_lmpnn/actives_90_CHEMBL126328_best_CNNaffinity/selection_summary.json
[10:32:48]   [actives_90_CHEMBL126328_best_CNNaffinity] Selected 13 positions.
[10:32:48]   [actives_91_CHEMBL14593_best_CNNaffinity] Selecting residues (dist=6.0 Å)...
    [INFO] Loading: data/cdk2/03.complexes_dude/actives_91_CHEMBL14593_best_CNNaffinity.pdb
    [CHECK] Protein scaffold: n_residues=278, chains=['A'], first=A1, last=A298
            => This should be identical for all PDBs in the campaign.
    [INFO] Ligand selected: LIG (n_residues=1, heavy_atoms=3)
    [INFO] Selecting residues within 6.00 Å of ligand heavy atoms...
    [OK] 13 residues selected -> output_abl1_lmpnn/actives_91_CHEMBL14593_best_CNNaffinity/selected_residues.txt
         A10 A12 A18 A31 A33 A64 A80 A81 A82 A83 A134 A144 A145
    [INFO] n_positions=13 — should be equal (or very close) for all ligands in this campaign (same scaffold, same site).
    [OK] JSON summary -> output_abl1_lmpnn/actives_91_CHEMBL14593_best_CNNaffinity/selection_summary.json
[10:32:48]   [actives_91_CHEMBL14593_best_CNNaffinity] Selected 13 positions.
[10:32:48]   [actives_92_CHEMBL192440_best_CNNaffinity] Selecting residues (dist=6.0 Å)...
    [INFO] Loading: data/cdk2/03.complexes_dude/actives_92_CHEMBL192440_best_CNNaffinity.pdb
    [CHECK] Protein scaffold: n_residues=278, chains=['A'], first=A1, last=A298
            => This should be identical for all PDBs in the campaign.
    [INFO] Ligand selected: LIG (n_residues=1, heavy_atoms=3)
    [INFO] Selecting residues within 6.00 Å of ligand heavy atoms...
    [OK] 13 residues selected -> output_abl1_lmpnn/actives_92_CHEMBL192440_best_CNNaffinity/selected_residues.txt
         A10 A18 A31 A64 A80 A81 A82 A83 A84 A85 A86 A134 A144
    [INFO] n_positions=13 — should be equal (or very close) for all ligands in this campaign (same scaffold, same site).
    [OK] JSON summary -> output_abl1_lmpnn/actives_92_CHEMBL192440_best_CNNaffinity/selection_summary.json
[10:32:49]   [actives_92_CHEMBL192440_best_CNNaffinity] Selected 13 positions.
[10:32:49]   [actives_93_CHEMBL183455_best_CNNaffinity] Selecting residues (dist=6.0 Å)...
    [INFO] Loading: data/cdk2/03.complexes_dude/actives_93_CHEMBL183455_best_CNNaffinity.pdb
    [CHECK] Protein scaffold: n_residues=278, chains=['A'], first=A1, last=A298
            => This should be identical for all PDBs in the campaign.
    [INFO] Ligand selected: LIG (n_residues=1, heavy_atoms=3)
    [INFO] Selecting residues within 6.00 Å of ligand heavy atoms...
    [OK] 16 residues selected -> output_abl1_lmpnn/actives_93_CHEMBL183455_best_CNNaffinity/selected_residues.txt
         A10 A12 A18 A31 A33 A64 A80 A81 A82 A83 A84 A131 A132 A134 A144 A145
    [INFO] n_positions=16 — should be equal (or very close) for all ligands in this campaign (same scaffold, same site).
    [OK] JSON summary -> output_abl1_lmpnn/actives_93_CHEMBL183455_best_CNNaffinity/selection_summary.json
[10:32:49]   [actives_93_CHEMBL183455_best_CNNaffinity] Selected 16 positions.
[10:32:49]   [actives_94_CHEMBL381565_best_CNNaffinity] Selecting residues (dist=6.0 Å)...
    [INFO] Loading: data/cdk2/03.complexes_dude/actives_94_CHEMBL381565_best_CNNaffinity.pdb
    [CHECK] Protein scaffold: n_residues=278, chains=['A'], first=A1, last=A298
            => This should be identical for all PDBs in the campaign.
    [INFO] Ligand selected: LIG (n_residues=1, heavy_atoms=3)
    [INFO] Selecting residues within 6.00 Å of ligand heavy atoms...
    [OK] 9 residues selected -> output_abl1_lmpnn/actives_94_CHEMBL381565_best_CNNaffinity/selected_residues.txt
         A10 A82 A83 A84 A85 A86 A89 A131 A134
    [INFO] n_positions=9 — should be equal (or very close) for all ligands in this campaign (same scaffold, same site).
    [OK] JSON summary -> output_abl1_lmpnn/actives_94_CHEMBL381565_best_CNNaffinity/selection_summary.json
[10:32:49]   [actives_94_CHEMBL381565_best_CNNaffinity] Selected 9 positions.
[10:32:49]   [actives_95_CHEMBL576257_best_CNNaffinity] Selecting residues (dist=6.0 Å)...
    [INFO] Loading: data/cdk2/03.complexes_dude/actives_95_CHEMBL576257_best_CNNaffinity.pdb
    [CHECK] Protein scaffold: n_residues=278, chains=['A'], first=A1, last=A298
            => This should be identical for all PDBs in the campaign.
    [INFO] Ligand selected: LIG (n_residues=1, heavy_atoms=3)
    [INFO] Selecting residues within 6.00 Å of ligand heavy atoms...
    [OK] 16 residues selected -> output_abl1_lmpnn/actives_95_CHEMBL576257_best_CNNaffinity/selected_residues.txt
         A10 A12 A18 A31 A64 A80 A81 A82 A83 A84 A129 A131 A132 A134 A144 A145
    [INFO] n_positions=16 — should be equal (or very close) for all ligands in this campaign (same scaffold, same site).
    [OK] JSON summary -> output_abl1_lmpnn/actives_95_CHEMBL576257_best_CNNaffinity/selection_summary.json
[10:32:49]   [actives_95_CHEMBL576257_best_CNNaffinity] Selected 16 positions.
[10:32:49]   [actives_96_CHEMBL181289_best_CNNaffinity] Selecting residues (dist=6.0 Å)...
    [INFO] Loading: data/cdk2/03.complexes_dude/actives_96_CHEMBL181289_best_CNNaffinity.pdb
    [CHECK] Protein scaffold: n_residues=278, chains=['A'], first=A1, last=A298
            => This should be identical for all PDBs in the campaign.
    [INFO] Ligand selected: LIG (n_residues=1, heavy_atoms=5)
    [INFO] Selecting residues within 6.00 Å of ligand heavy atoms...
    [OK] 23 residues selected -> output_abl1_lmpnn/actives_96_CHEMBL181289_best_CNNaffinity/selected_residues.txt
         A8 A9 A10 A11 A12 A15 A16 A17 A18 A31 A33 A80 A81 A82 A83 A84 A85 A86 A89 A131 A134 A144 A145
    [INFO] n_positions=23 — should be equal (or very close) for all ligands in this campaign (same scaffold, same site).
    [OK] JSON summary -> output_abl1_lmpnn/actives_96_CHEMBL181289_best_CNNaffinity/selection_summary.json
[10:32:49]   [actives_96_CHEMBL181289_best_CNNaffinity] Selected 23 positions.
[10:32:49]   [actives_97_CHEMBL455195_best_CNNaffinity] Selecting residues (dist=6.0 Å)...
    [INFO] Loading: data/cdk2/03.complexes_dude/actives_97_CHEMBL455195_best_CNNaffinity.pdb
    [CHECK] Protein scaffold: n_residues=278, chains=['A'], first=A1, last=A298
            => This should be identical for all PDBs in the campaign.
    [INFO] Ligand selected: LIG (n_residues=1, heavy_atoms=4)
    [INFO] Selecting residues within 6.00 Å of ligand heavy atoms...
    [OK] 13 residues selected -> output_abl1_lmpnn/actives_97_CHEMBL455195_best_CNNaffinity/selected_residues.txt
         A10 A11 A18 A31 A83 A84 A85 A86 A89 A131 A132 A134 A144
    [INFO] n_positions=13 — should be equal (or very close) for all ligands in this campaign (same scaffold, same site).
    [OK] JSON summary -> output_abl1_lmpnn/actives_97_CHEMBL455195_best_CNNaffinity/selection_summary.json
[10:32:50]   [actives_97_CHEMBL455195_best_CNNaffinity] Selected 13 positions.
[10:32:50]   [actives_98_CHEMBL515001_best_CNNaffinity] Selecting residues (dist=6.0 Å)...
    [INFO] Loading: data/cdk2/03.complexes_dude/actives_98_CHEMBL515001_best_CNNaffinity.pdb
    [CHECK] Protein scaffold: n_residues=278, chains=['A'], first=A1, last=A298
            => This should be identical for all PDBs in the campaign.
    [INFO] Ligand selected: LIG (n_residues=1, heavy_atoms=4)
    [INFO] Selecting residues within 6.00 Å of ligand heavy atoms...
    [OK] 19 residues selected -> output_abl1_lmpnn/actives_98_CHEMBL515001_best_CNNaffinity/selected_residues.txt
         A10 A11 A12 A18 A31 A33 A64 A80 A81 A82 A83 A86 A88 A89 A131 A134 A144 A145 A148
    [INFO] n_positions=19 — should be equal (or very close) for all ligands in this campaign (same scaffold, same site).
    [OK] JSON summary -> output_abl1_lmpnn/actives_98_CHEMBL515001_best_CNNaffinity/selection_summary.json
[10:32:50]   [actives_98_CHEMBL515001_best_CNNaffinity] Selected 19 positions.
[10:32:50]   [actives_99_CHEMBL515839_best_CNNaffinity] Selecting residues (dist=6.0 Å)...
    [INFO] Loading: data/cdk2/03.complexes_dude/actives_99_CHEMBL515839_best_CNNaffinity.pdb
    [CHECK] Protein scaffold: n_residues=278, chains=['A'], first=A1, last=A298
            => This should be identical for all PDBs in the campaign.
    [INFO] Ligand selected: LIG (n_residues=1, heavy_atoms=4)
    [INFO] Selecting residues within 6.00 Å of ligand heavy atoms...
    [OK] 14 residues selected -> output_abl1_lmpnn/actives_99_CHEMBL515839_best_CNNaffinity/selected_residues.txt
         A10 A12 A18 A31 A33 A64 A80 A81 A129 A131 A132 A134 A144 A145
    [INFO] n_positions=14 — should be equal (or very close) for all ligands in this campaign (same scaffold, same site).
    [OK] JSON summary -> output_abl1_lmpnn/actives_99_CHEMBL515839_best_CNNaffinity/selection_summary.json
[10:32:50]   [actives_99_CHEMBL515839_best_CNNaffinity] Selected 14 positions.
[10:32:50]   [decoys_00_ZINC65638275_best_CNNaffinity] Selecting residues (dist=6.0 Å)...
    [INFO] Loading: data/cdk2/03.complexes_dude/decoys_00_ZINC65638275_best_CNNaffinity.pdb
    [CHECK] Protein scaffold: n_residues=278, chains=['A'], first=A1, last=A298
            => This should be identical for all PDBs in the campaign.
    [INFO] Ligand selected: LIG (n_residues=1, heavy_atoms=3)
    [INFO] Selecting residues within 6.00 Å of ligand heavy atoms...
    [OK] 8 residues selected -> output_abl1_lmpnn/decoys_00_ZINC65638275_best_CNNaffinity/selected_residues.txt
         A10 A82 A83 A84 A85 A86 A131 A134
    [INFO] n_positions=8 — should be equal (or very close) for all ligands in this campaign (same scaffold, same site).
    [OK] JSON summary -> output_abl1_lmpnn/decoys_00_ZINC65638275_best_CNNaffinity/selection_summary.json
[10:32:50]   [decoys_00_ZINC65638275_best_CNNaffinity] Selected 8 positions.
[10:32:50]   [decoys_01_ZINC59309590_best_CNNaffinity] Selecting residues (dist=6.0 Å)...
    [INFO] Loading: data/cdk2/03.complexes_dude/decoys_01_ZINC59309590_best_CNNaffinity.pdb
    [CHECK] Protein scaffold: n_residues=278, chains=['A'], first=A1, last=A298
            => This should be identical for all PDBs in the campaign.
    [INFO] Ligand selected: LIG (n_residues=1, heavy_atoms=4)
    [INFO] Selecting residues within 6.00 Å of ligand heavy atoms...
    [OK] 11 residues selected -> output_abl1_lmpnn/decoys_01_ZINC59309590_best_CNNaffinity/selected_residues.txt
         A10 A11 A12 A16 A18 A33 A86 A89 A131 A132 A145
    [INFO] n_positions=11 — should be equal (or very close) for all ligands in this campaign (same scaffold, same site).
    [OK] JSON summary -> output_abl1_lmpnn/decoys_01_ZINC59309590_best_CNNaffinity/selection_summary.json
[10:32:50]   [decoys_01_ZINC59309590_best_CNNaffinity] Selected 11 positions.
[10:32:50]   [decoys_02_ZINC00999954_best_CNNaffinity] Selecting residues (dist=6.0 Å)...
    [INFO] Loading: data/cdk2/03.complexes_dude/decoys_02_ZINC00999954_best_CNNaffinity.pdb
    [CHECK] Protein scaffold: n_residues=278, chains=['A'], first=A1, last=A298
            => This should be identical for all PDBs in the campaign.
    [INFO] Ligand selected: LIG (n_residues=1, heavy_atoms=4)
    [INFO] Selecting residues within 6.00 Å of ligand heavy atoms...
    [OK] 5 residues selected -> output_abl1_lmpnn/decoys_02_ZINC00999954_best_CNNaffinity/selected_residues.txt
         A9 A11 A12 A17 A19
    [INFO] n_positions=5 — should be equal (or very close) for all ligands in this campaign (same scaffold, same site).
    [OK] JSON summary -> output_abl1_lmpnn/decoys_02_ZINC00999954_best_CNNaffinity/selection_summary.json
[10:32:51]   [decoys_02_ZINC00999954_best_CNNaffinity] Selected 5 positions.
[10:32:51]   [decoys_03_ZINC40569152_best_CNNaffinity] Selecting residues (dist=6.0 Å)...
    [INFO] Loading: data/cdk2/03.complexes_dude/decoys_03_ZINC40569152_best_CNNaffinity.pdb
    [CHECK] Protein scaffold: n_residues=278, chains=['A'], first=A1, last=A298
            => This should be identical for all PDBs in the campaign.
    [INFO] Ligand selected: LIG (n_residues=1, heavy_atoms=3)
    [INFO] Selecting residues within 6.00 Å of ligand heavy atoms...
    [OK] 12 residues selected -> output_abl1_lmpnn/decoys_03_ZINC40569152_best_CNNaffinity/selected_residues.txt
         A10 A18 A31 A82 A83 A85 A86 A89 A131 A132 A133 A134
    [INFO] n_positions=12 — should be equal (or very close) for all ligands in this campaign (same scaffold, same site).
    [OK] JSON summary -> output_abl1_lmpnn/decoys_03_ZINC40569152_best_CNNaffinity/selection_summary.json
[10:32:51]   [decoys_03_ZINC40569152_best_CNNaffinity] Selected 12 positions.
[10:32:51]   [decoys_04_ZINC21045558_best_CNNaffinity] Selecting residues (dist=6.0 Å)...
    [INFO] Loading: data/cdk2/03.complexes_dude/decoys_04_ZINC21045558_best_CNNaffinity.pdb
    [CHECK] Protein scaffold: n_residues=278, chains=['A'], first=A1, last=A298
            => This should be identical for all PDBs in the campaign.
    [INFO] Ligand selected: LIG (n_residues=1, heavy_atoms=3)
    [INFO] Selecting residues within 6.00 Å of ligand heavy atoms...
    [OK] 12 residues selected -> output_abl1_lmpnn/decoys_04_ZINC21045558_best_CNNaffinity/selected_residues.txt
         A10 A18 A31 A33 A80 A86 A131 A132 A133 A134 A144 A145
    [INFO] n_positions=12 — should be equal (or very close) for all ligands in this campaign (same scaffold, same site).
    [OK] JSON summary -> output_abl1_lmpnn/decoys_04_ZINC21045558_best_CNNaffinity/selection_summary.json
[10:32:51]   [decoys_04_ZINC21045558_best_CNNaffinity] Selected 12 positions.
[10:32:51]   [decoys_05_ZINC01684039_best_CNNaffinity] Selecting residues (dist=6.0 Å)...
    [INFO] Loading: data/cdk2/03.complexes_dude/decoys_05_ZINC01684039_best_CNNaffinity.pdb
    [CHECK] Protein scaffold: n_residues=278, chains=['A'], first=A1, last=A298
            => This should be identical for all PDBs in the campaign.
    [INFO] Ligand selected: LIG (n_residues=1, heavy_atoms=4)
    [INFO] Selecting residues within 6.00 Å of ligand heavy atoms...
    [OK] 16 residues selected -> output_abl1_lmpnn/decoys_05_ZINC01684039_best_CNNaffinity/selected_residues.txt
         A8 A10 A18 A20 A31 A82 A83 A84 A85 A86 A89 A131 A132 A134 A144 A145
    [INFO] n_positions=16 — should be equal (or very close) for all ligands in this campaign (same scaffold, same site).
    [OK] JSON summary -> output_abl1_lmpnn/decoys_05_ZINC01684039_best_CNNaffinity/selection_summary.json
[10:32:51]   [decoys_05_ZINC01684039_best_CNNaffinity] Selected 16 positions.
[10:32:51]   [decoys_06_ZINC39205288_best_CNNaffinity] Selecting residues (dist=6.0 Å)...
    [INFO] Loading: data/cdk2/03.complexes_dude/decoys_06_ZINC39205288_best_CNNaffinity.pdb
    [CHECK] Protein scaffold: n_residues=278, chains=['A'], first=A1, last=A298
            => This should be identical for all PDBs in the campaign.
    [INFO] Ligand selected: LIG (n_residues=1, heavy_atoms=4)
    [INFO] Selecting residues within 6.00 Å of ligand heavy atoms...
    [OK] 15 residues selected -> output_abl1_lmpnn/decoys_06_ZINC39205288_best_CNNaffinity/selected_residues.txt
         A10 A11 A12 A16 A18 A31 A33 A80 A86 A131 A132 A133 A134 A144 A145
    [INFO] n_positions=15 — should be equal (or very close) for all ligands in this campaign (same scaffold, same site).
    [OK] JSON summary -> output_abl1_lmpnn/decoys_06_ZINC39205288_best_CNNaffinity/selection_summary.json
[10:32:51]   [decoys_06_ZINC39205288_best_CNNaffinity] Selected 15 positions.
[10:32:51]   [decoys_07_ZINC21318918_best_CNNaffinity] Selecting residues (dist=6.0 Å)...
    [INFO] Loading: data/cdk2/03.complexes_dude/decoys_07_ZINC21318918_best_CNNaffinity.pdb
    [CHECK] Protein scaffold: n_residues=278, chains=['A'], first=A1, last=A298
            => This should be identical for all PDBs in the campaign.
    [INFO] Ligand selected: LIG (n_residues=1, heavy_atoms=4)
    [INFO] Selecting residues within 6.00 Å of ligand heavy atoms...
    [OK] 15 residues selected -> output_abl1_lmpnn/decoys_07_ZINC21318918_best_CNNaffinity/selected_residues.txt
         A10 A18 A31 A33 A64 A80 A81 A82 A83 A84 A85 A86 A134 A144 A145
    [INFO] n_positions=15 — should be equal (or very close) for all ligands in this campaign (same scaffold, same site).
    [OK] JSON summary -> output_abl1_lmpnn/decoys_07_ZINC21318918_best_CNNaffinity/selection_summary.json
[10:32:52]   [decoys_07_ZINC21318918_best_CNNaffinity] Selected 15 positions.
[10:32:52]   [decoys_08_ZINC21225139_best_CNNaffinity] Selecting residues (dist=6.0 Å)...
    [INFO] Loading: data/cdk2/03.complexes_dude/decoys_08_ZINC21225139_best_CNNaffinity.pdb
    [CHECK] Protein scaffold: n_residues=278, chains=['A'], first=A1, last=A298
            => This should be identical for all PDBs in the campaign.
    [INFO] Ligand selected: LIG (n_residues=1, heavy_atoms=4)
    [INFO] Selecting residues within 6.00 Å of ligand heavy atoms...
    [OK] 7 residues selected -> output_abl1_lmpnn/decoys_08_ZINC21225139_best_CNNaffinity/selected_residues.txt
         A8 A9 A10 A11 A84 A86 A89
    [INFO] n_positions=7 — should be equal (or very close) for all ligands in this campaign (same scaffold, same site).
    [OK] JSON summary -> output_abl1_lmpnn/decoys_08_ZINC21225139_best_CNNaffinity/selection_summary.json
[10:32:52]   [decoys_08_ZINC21225139_best_CNNaffinity] Selected 7 positions.
[10:32:52]   [decoys_09_ZINC34256005_best_CNNaffinity] Selecting residues (dist=6.0 Å)...
    [INFO] Loading: data/cdk2/03.complexes_dude/decoys_09_ZINC34256005_best_CNNaffinity.pdb
    [CHECK] Protein scaffold: n_residues=278, chains=['A'], first=A1, last=A298
            => This should be identical for all PDBs in the campaign.
    [INFO] Ligand selected: LIG (n_residues=1, heavy_atoms=4)
    [INFO] Selecting residues within 6.00 Å of ligand heavy atoms...
    [OK] 17 residues selected -> output_abl1_lmpnn/decoys_09_ZINC34256005_best_CNNaffinity/selected_residues.txt
         A10 A11 A12 A18 A31 A33 A80 A81 A82 A83 A84 A86 A131 A132 A134 A144 A145
    [INFO] n_positions=17 — should be equal (or very close) for all ligands in this campaign (same scaffold, same site).
    [OK] JSON summary -> output_abl1_lmpnn/decoys_09_ZINC34256005_best_CNNaffinity/selection_summary.json
[10:32:52]   [decoys_09_ZINC34256005_best_CNNaffinity] Selected 17 positions.
[10:32:52]   [decoys_10_ZINC58224764_best_CNNaffinity] Selecting residues (dist=6.0 Å)...
    [INFO] Loading: data/cdk2/03.complexes_dude/decoys_10_ZINC58224764_best_CNNaffinity.pdb
    [CHECK] Protein scaffold: n_residues=278, chains=['A'], first=A1, last=A298
            => This should be identical for all PDBs in the campaign.
    [INFO] Ligand selected: LIG (n_residues=1, heavy_atoms=4)
    [INFO] Selecting residues within 6.00 Å of ligand heavy atoms...
    [OK] 13 residues selected -> output_abl1_lmpnn/decoys_10_ZINC58224764_best_CNNaffinity/selected_residues.txt
         A10 A11 A18 A31 A82 A83 A84 A85 A86 A89 A131 A134 A144
    [INFO] n_positions=13 — should be equal (or very close) for all ligands in this campaign (same scaffold, same site).
    [OK] JSON summary -> output_abl1_lmpnn/decoys_10_ZINC58224764_best_CNNaffinity/selection_summary.json
[10:32:52]   [decoys_10_ZINC58224764_best_CNNaffinity] Selected 13 positions.
[10:32:52]   [decoys_11_ZINC39684239_best_CNNaffinity] Selecting residues (dist=6.0 Å)...
    [INFO] Loading: data/cdk2/03.complexes_dude/decoys_11_ZINC39684239_best_CNNaffinity.pdb
    [CHECK] Protein scaffold: n_residues=278, chains=['A'], first=A1, last=A298
            => This should be identical for all PDBs in the campaign.
    [INFO] Ligand selected: LIG (n_residues=1, heavy_atoms=3)
    [INFO] Selecting residues within 6.00 Å of ligand heavy atoms...
    [OK] 9 residues selected -> output_abl1_lmpnn/decoys_11_ZINC39684239_best_CNNaffinity/selected_residues.txt
         A10 A11 A12 A86 A89 A129 A131 A132 A163
    [INFO] n_positions=9 — should be equal (or very close) for all ligands in this campaign (same scaffold, same site).
    [OK] JSON summary -> output_abl1_lmpnn/decoys_11_ZINC39684239_best_CNNaffinity/selection_summary.json
[10:32:52]   [decoys_11_ZINC39684239_best_CNNaffinity] Selected 9 positions.
[10:32:52]   [decoys_12_ZINC66615365_best_CNNaffinity] Selecting residues (dist=6.0 Å)...
    [INFO] Loading: data/cdk2/03.complexes_dude/decoys_12_ZINC66615365_best_CNNaffinity.pdb
    [CHECK] Protein scaffold: n_residues=278, chains=['A'], first=A1, last=A298
            => This should be identical for all PDBs in the campaign.
    [INFO] Ligand selected: LIG (n_residues=1, heavy_atoms=3)
    [INFO] Selecting residues within 6.00 Å of ligand heavy atoms...
    [OK] 10 residues selected -> output_abl1_lmpnn/decoys_12_ZINC66615365_best_CNNaffinity/selected_residues.txt
         A10 A18 A31 A82 A83 A84 A85 A86 A131 A134
    [INFO] n_positions=10 — should be equal (or very close) for all ligands in this campaign (same scaffold, same site).
    [OK] JSON summary -> output_abl1_lmpnn/decoys_12_ZINC66615365_best_CNNaffinity/selection_summary.json
[10:32:53]   [decoys_12_ZINC66615365_best_CNNaffinity] Selected 10 positions.
[10:32:53]   [decoys_13_ZINC59829687_best_CNNaffinity] Selecting residues (dist=6.0 Å)...
    [INFO] Loading: data/cdk2/03.complexes_dude/decoys_13_ZINC59829687_best_CNNaffinity.pdb
    [CHECK] Protein scaffold: n_residues=278, chains=['A'], first=A1, last=A298
            => This should be identical for all PDBs in the campaign.
    [INFO] Ligand selected: LIG (n_residues=1, heavy_atoms=5)
    [INFO] Selecting residues within 6.00 Å of ligand heavy atoms...
    [OK] 16 residues selected -> output_abl1_lmpnn/decoys_13_ZINC59829687_best_CNNaffinity/selected_residues.txt
         A8 A10 A11 A18 A20 A31 A82 A83 A84 A85 A86 A89 A131 A134 A145 A298
    [INFO] n_positions=16 — should be equal (or very close) for all ligands in this campaign (same scaffold, same site).
    [OK] JSON summary -> output_abl1_lmpnn/decoys_13_ZINC59829687_best_CNNaffinity/selection_summary.json
[10:32:53]   [decoys_13_ZINC59829687_best_CNNaffinity] Selected 16 positions.
[10:32:53]   [decoys_14_ZINC37060287_best_CNNaffinity] Selecting residues (dist=6.0 Å)...
    [INFO] Loading: data/cdk2/03.complexes_dude/decoys_14_ZINC37060287_best_CNNaffinity.pdb
    [CHECK] Protein scaffold: n_residues=278, chains=['A'], first=A1, last=A298
            => This should be identical for all PDBs in the campaign.
    [INFO] Ligand selected: LIG (n_residues=1, heavy_atoms=4)
    [INFO] Selecting residues within 6.00 Å of ligand heavy atoms...
    [OK] 13 residues selected -> output_abl1_lmpnn/decoys_14_ZINC37060287_best_CNNaffinity/selected_residues.txt
         A10 A18 A31 A33 A64 A80 A81 A82 A83 A134 A144 A145 A148
    [INFO] n_positions=13 — should be equal (or very close) for all ligands in this campaign (same scaffold, same site).
    [OK] JSON summary -> output_abl1_lmpnn/decoys_14_ZINC37060287_best_CNNaffinity/selection_summary.json
[10:32:53]   [decoys_14_ZINC37060287_best_CNNaffinity] Selected 13 positions.
[10:32:53]   [decoys_15_ZINC00690790_best_CNNaffinity] Selecting residues (dist=6.0 Å)...
    [INFO] Loading: data/cdk2/03.complexes_dude/decoys_15_ZINC00690790_best_CNNaffinity.pdb
    [CHECK] Protein scaffold: n_residues=278, chains=['A'], first=A1, last=A298
            => This should be identical for all PDBs in the campaign.
    [INFO] Ligand selected: LIG (n_residues=1, heavy_atoms=4)
    [INFO] Selecting residues within 6.00 Å of ligand heavy atoms...
    [WARN] Only 1 residue(s) selected — fewer than --min_expected=3. Check ligand detection or increase --dist.
    [OK] 1 residues selected -> output_abl1_lmpnn/decoys_15_ZINC00690790_best_CNNaffinity/selected_residues.txt
         A89
    [INFO] n_positions=1 — should be equal (or very close) for all ligands in this campaign (same scaffold, same site).
    [OK] JSON summary -> output_abl1_lmpnn/decoys_15_ZINC00690790_best_CNNaffinity/selection_summary.json
[10:32:53]   [decoys_15_ZINC00690790_best_CNNaffinity] Selected 1 positions.
[10:32:53]   [decoys_16_ZINC08321081_best_CNNaffinity] Selecting residues (dist=6.0 Å)...
    [INFO] Loading: data/cdk2/03.complexes_dude/decoys_16_ZINC08321081_best_CNNaffinity.pdb
    [CHECK] Protein scaffold: n_residues=278, chains=['A'], first=A1, last=A298
            => This should be identical for all PDBs in the campaign.
    [INFO] Ligand selected: LIG (n_residues=1, heavy_atoms=3)
    [INFO] Selecting residues within 6.00 Å of ligand heavy atoms...
    [OK] 16 residues selected -> output_abl1_lmpnn/decoys_16_ZINC08321081_best_CNNaffinity/selected_residues.txt
         A8 A10 A12 A16 A18 A20 A33 A82 A83 A84 A85 A131 A132 A134 A144 A145
    [INFO] n_positions=16 — should be equal (or very close) for all ligands in this campaign (same scaffold, same site).
    [OK] JSON summary -> output_abl1_lmpnn/decoys_16_ZINC08321081_best_CNNaffinity/selection_summary.json
[10:32:53]   [decoys_16_ZINC08321081_best_CNNaffinity] Selected 16 positions.
[10:32:53]   [decoys_17_ZINC54318027_best_CNNaffinity] Selecting residues (dist=6.0 Å)...
    [INFO] Loading: data/cdk2/03.complexes_dude/decoys_17_ZINC54318027_best_CNNaffinity.pdb
    [CHECK] Protein scaffold: n_residues=278, chains=['A'], first=A1, last=A298
            => This should be identical for all PDBs in the campaign.
    [INFO] Ligand selected: LIG (n_residues=1, heavy_atoms=3)
    [INFO] Selecting residues within 6.00 Å of ligand heavy atoms...
    [OK] 9 residues selected -> output_abl1_lmpnn/decoys_17_ZINC54318027_best_CNNaffinity/selected_residues.txt
         A10 A82 A83 A84 A85 A86 A89 A131 A134
    [INFO] n_positions=9 — should be equal (or very close) for all ligands in this campaign (same scaffold, same site).
    [OK] JSON summary -> output_abl1_lmpnn/decoys_17_ZINC54318027_best_CNNaffinity/selection_summary.json
[10:32:54]   [decoys_17_ZINC54318027_best_CNNaffinity] Selected 9 positions.
[10:32:54]   [decoys_18_ZINC13562997_best_CNNaffinity] Selecting residues (dist=6.0 Å)...
    [INFO] Loading: data/cdk2/03.complexes_dude/decoys_18_ZINC13562997_best_CNNaffinity.pdb
    [CHECK] Protein scaffold: n_residues=278, chains=['A'], first=A1, last=A298
            => This should be identical for all PDBs in the campaign.
    [INFO] Ligand selected: LIG (n_residues=1, heavy_atoms=4)
    [INFO] Selecting residues within 6.00 Å of ligand heavy atoms...
    [OK] 12 residues selected -> output_abl1_lmpnn/decoys_18_ZINC13562997_best_CNNaffinity/selected_residues.txt
         A10 A11 A12 A18 A33 A86 A89 A129 A131 A132 A144 A145
    [INFO] n_positions=12 — should be equal (or very close) for all ligands in this campaign (same scaffold, same site).
    [OK] JSON summary -> output_abl1_lmpnn/decoys_18_ZINC13562997_best_CNNaffinity/selection_summary.json
[10:32:54]   [decoys_18_ZINC13562997_best_CNNaffinity] Selected 12 positions.
[10:32:54]   [decoys_19_ZINC37072269_best_CNNaffinity] Selecting residues (dist=6.0 Å)...
    [INFO] Loading: data/cdk2/03.complexes_dude/decoys_19_ZINC37072269_best_CNNaffinity.pdb
    [CHECK] Protein scaffold: n_residues=278, chains=['A'], first=A1, last=A298
            => This should be identical for all PDBs in the campaign.
    [INFO] Ligand selected: LIG (n_residues=1, heavy_atoms=4)
    [INFO] Selecting residues within 6.00 Å of ligand heavy atoms...
    [OK] 15 residues selected -> output_abl1_lmpnn/decoys_19_ZINC37072269_best_CNNaffinity/selected_residues.txt
         A10 A18 A31 A64 A80 A81 A82 A83 A84 A85 A86 A134 A143 A144 A145
    [INFO] n_positions=15 — should be equal (or very close) for all ligands in this campaign (same scaffold, same site).
    [OK] JSON summary -> output_abl1_lmpnn/decoys_19_ZINC37072269_best_CNNaffinity/selection_summary.json
[10:32:54]   [decoys_19_ZINC37072269_best_CNNaffinity] Selected 15 positions.
[10:32:54]   [decoys_20_ZINC39534209_best_CNNaffinity] Selecting residues (dist=6.0 Å)...
    [INFO] Loading: data/cdk2/03.complexes_dude/decoys_20_ZINC39534209_best_CNNaffinity.pdb
    [CHECK] Protein scaffold: n_residues=278, chains=['A'], first=A1, last=A298
            => This should be identical for all PDBs in the campaign.
    [INFO] Ligand selected: LIG (n_residues=1, heavy_atoms=4)
    [INFO] Selecting residues within 6.00 Å of ligand heavy atoms...
    [OK] 14 residues selected -> output_abl1_lmpnn/decoys_20_ZINC39534209_best_CNNaffinity/selected_residues.txt
         A10 A12 A18 A31 A64 A80 A81 A82 A83 A131 A132 A134 A144 A145
    [INFO] n_positions=14 — should be equal (or very close) for all ligands in this campaign (same scaffold, same site).
    [OK] JSON summary -> output_abl1_lmpnn/decoys_20_ZINC39534209_best_CNNaffinity/selection_summary.json
[10:32:54]   [decoys_20_ZINC39534209_best_CNNaffinity] Selected 14 positions.
[10:32:54]   [decoys_21_ZINC31283714_best_CNNaffinity] Selecting residues (dist=6.0 Å)...
    [INFO] Loading: data/cdk2/03.complexes_dude/decoys_21_ZINC31283714_best_CNNaffinity.pdb
    [CHECK] Protein scaffold: n_residues=278, chains=['A'], first=A1, last=A298
            => This should be identical for all PDBs in the campaign.
    [INFO] Ligand selected: LIG (n_residues=1, heavy_atoms=3)
    [INFO] Selecting residues within 6.00 Å of ligand heavy atoms...
    [OK] 9 residues selected -> output_abl1_lmpnn/decoys_21_ZINC31283714_best_CNNaffinity/selected_residues.txt
         A10 A82 A83 A84 A85 A86 A89 A131 A134
    [INFO] n_positions=9 — should be equal (or very close) for all ligands in this campaign (same scaffold, same site).
    [OK] JSON summary -> output_abl1_lmpnn/decoys_21_ZINC31283714_best_CNNaffinity/selection_summary.json
[10:32:54]   [decoys_21_ZINC31283714_best_CNNaffinity] Selected 9 positions.
[10:32:54]   [decoys_22_ZINC20709523_best_CNNaffinity] Selecting residues (dist=6.0 Å)...
    [INFO] Loading: data/cdk2/03.complexes_dude/decoys_22_ZINC20709523_best_CNNaffinity.pdb
    [CHECK] Protein scaffold: n_residues=278, chains=['A'], first=A1, last=A298
            => This should be identical for all PDBs in the campaign.
    [INFO] Ligand selected: LIG (n_residues=1, heavy_atoms=3)
    [INFO] Selecting residues within 6.00 Å of ligand heavy atoms...
    [OK] 15 residues selected -> output_abl1_lmpnn/decoys_22_ZINC20709523_best_CNNaffinity/selected_residues.txt
         A10 A11 A12 A18 A31 A81 A82 A83 A84 A86 A131 A132 A134 A144 A145
    [INFO] n_positions=15 — should be equal (or very close) for all ligands in this campaign (same scaffold, same site).
    [OK] JSON summary -> output_abl1_lmpnn/decoys_22_ZINC20709523_best_CNNaffinity/selection_summary.json
[10:32:55]   [decoys_22_ZINC20709523_best_CNNaffinity] Selected 15 positions.
[10:32:55]   [decoys_23_ZINC19557549_best_CNNaffinity] Selecting residues (dist=6.0 Å)...
    [INFO] Loading: data/cdk2/03.complexes_dude/decoys_23_ZINC19557549_best_CNNaffinity.pdb
    [CHECK] Protein scaffold: n_residues=278, chains=['A'], first=A1, last=A298
            => This should be identical for all PDBs in the campaign.
    [INFO] Ligand selected: LIG (n_residues=1, heavy_atoms=4)
    [INFO] Selecting residues within 6.00 Å of ligand heavy atoms...
    [OK] 5 residues selected -> output_abl1_lmpnn/decoys_23_ZINC19557549_best_CNNaffinity/selected_residues.txt
         A10 A11 A88 A89 A92
    [INFO] n_positions=5 — should be equal (or very close) for all ligands in this campaign (same scaffold, same site).
    [OK] JSON summary -> output_abl1_lmpnn/decoys_23_ZINC19557549_best_CNNaffinity/selection_summary.json
[10:32:55]   [decoys_23_ZINC19557549_best_CNNaffinity] Selected 5 positions.
[10:32:55]   [decoys_24_ZINC07595556_best_CNNaffinity] Selecting residues (dist=6.0 Å)...
    [INFO] Loading: data/cdk2/03.complexes_dude/decoys_24_ZINC07595556_best_CNNaffinity.pdb
    [CHECK] Protein scaffold: n_residues=278, chains=['A'], first=A1, last=A298
            => This should be identical for all PDBs in the campaign.
    [INFO] Ligand selected: LIG (n_residues=1, heavy_atoms=4)
    [INFO] Selecting residues within 6.00 Å of ligand heavy atoms...
    [OK] 12 residues selected -> output_abl1_lmpnn/decoys_24_ZINC07595556_best_CNNaffinity/selected_residues.txt
         A10 A11 A12 A82 A83 A84 A85 A86 A89 A131 A132 A134
    [INFO] n_positions=12 — should be equal (or very close) for all ligands in this campaign (same scaffold, same site).
    [OK] JSON summary -> output_abl1_lmpnn/decoys_24_ZINC07595556_best_CNNaffinity/selection_summary.json
[10:32:55]   [decoys_24_ZINC07595556_best_CNNaffinity] Selected 12 positions.
[10:32:55]   [decoys_25_ZINC63480717_best_CNNaffinity] Selecting residues (dist=6.0 Å)...
    [INFO] Loading: data/cdk2/03.complexes_dude/decoys_25_ZINC63480717_best_CNNaffinity.pdb
    [CHECK] Protein scaffold: n_residues=278, chains=['A'], first=A1, last=A298
            => This should be identical for all PDBs in the campaign.
    [INFO] Ligand selected: LIG (n_residues=1, heavy_atoms=4)
    [INFO] Selecting residues within 6.00 Å of ligand heavy atoms...
    [OK] 14 residues selected -> output_abl1_lmpnn/decoys_25_ZINC63480717_best_CNNaffinity/selected_residues.txt
         A8 A9 A10 A11 A12 A18 A20 A82 A83 A84 A86 A89 A131 A134
    [INFO] n_positions=14 — should be equal (or very close) for all ligands in this campaign (same scaffold, same site).
    [OK] JSON summary -> output_abl1_lmpnn/decoys_25_ZINC63480717_best_CNNaffinity/selection_summary.json
[10:32:55]   [decoys_25_ZINC63480717_best_CNNaffinity] Selected 14 positions.
[10:32:55]   [decoys_26_ZINC00832330_best_CNNaffinity] Selecting residues (dist=6.0 Å)...
    [INFO] Loading: data/cdk2/03.complexes_dude/decoys_26_ZINC00832330_best_CNNaffinity.pdb
    [CHECK] Protein scaffold: n_residues=278, chains=['A'], first=A1, last=A298
            => This should be identical for all PDBs in the campaign.
    [INFO] Ligand selected: LIG (n_residues=1, heavy_atoms=3)
    [INFO] Selecting residues within 6.00 Å of ligand heavy atoms...
    [OK] 13 residues selected -> output_abl1_lmpnn/decoys_26_ZINC00832330_best_CNNaffinity/selected_residues.txt
         A10 A18 A31 A33 A64 A80 A81 A82 A83 A84 A134 A144 A145
    [INFO] n_positions=13 — should be equal (or very close) for all ligands in this campaign (same scaffold, same site).
    [OK] JSON summary -> output_abl1_lmpnn/decoys_26_ZINC00832330_best_CNNaffinity/selection_summary.json
[10:32:55]   [decoys_26_ZINC00832330_best_CNNaffinity] Selected 13 positions.
[10:32:55]   [decoys_27_ZINC39462183_best_CNNaffinity] Selecting residues (dist=6.0 Å)...
    [INFO] Loading: data/cdk2/03.complexes_dude/decoys_27_ZINC39462183_best_CNNaffinity.pdb
    [CHECK] Protein scaffold: n_residues=278, chains=['A'], first=A1, last=A298
            => This should be identical for all PDBs in the campaign.
    [INFO] Ligand selected: LIG (n_residues=1, heavy_atoms=4)
    [INFO] Selecting residues within 6.00 Å of ligand heavy atoms...
    [OK] 10 residues selected -> output_abl1_lmpnn/decoys_27_ZINC39462183_best_CNNaffinity/selected_residues.txt
         A10 A11 A12 A18 A86 A129 A131 A132 A134 A144
    [INFO] n_positions=10 — should be equal (or very close) for all ligands in this campaign (same scaffold, same site).
    [OK] JSON summary -> output_abl1_lmpnn/decoys_27_ZINC39462183_best_CNNaffinity/selection_summary.json
[10:32:56]   [decoys_27_ZINC39462183_best_CNNaffinity] Selected 10 positions.
[10:32:56]   [decoys_28_ZINC39604175_best_CNNaffinity] Selecting residues (dist=6.0 Å)...
    [INFO] Loading: data/cdk2/03.complexes_dude/decoys_28_ZINC39604175_best_CNNaffinity.pdb
    [CHECK] Protein scaffold: n_residues=278, chains=['A'], first=A1, last=A298
            => This should be identical for all PDBs in the campaign.
    [INFO] Ligand selected: LIG (n_residues=1, heavy_atoms=4)
    [INFO] Selecting residues within 6.00 Å of ligand heavy atoms...
    [OK] 17 residues selected -> output_abl1_lmpnn/decoys_28_ZINC39604175_best_CNNaffinity/selected_residues.txt
         A8 A10 A11 A12 A16 A18 A82 A84 A85 A86 A89 A130 A131 A132 A133 A134 A145
    [INFO] n_positions=17 — should be equal (or very close) for all ligands in this campaign (same scaffold, same site).
    [OK] JSON summary -> output_abl1_lmpnn/decoys_28_ZINC39604175_best_CNNaffinity/selection_summary.json
[10:32:56]   [decoys_28_ZINC39604175_best_CNNaffinity] Selected 17 positions.
[10:32:56]   [decoys_29_ZINC28048731_best_CNNaffinity] Selecting residues (dist=6.0 Å)...
    [INFO] Loading: data/cdk2/03.complexes_dude/decoys_29_ZINC28048731_best_CNNaffinity.pdb
    [CHECK] Protein scaffold: n_residues=278, chains=['A'], first=A1, last=A298
            => This should be identical for all PDBs in the campaign.
    [INFO] Ligand selected: LIG (n_residues=1, heavy_atoms=4)
    [INFO] Selecting residues within 6.00 Å of ligand heavy atoms...
    [OK] 16 residues selected -> output_abl1_lmpnn/decoys_29_ZINC28048731_best_CNNaffinity/selected_residues.txt
         A10 A18 A31 A64 A80 A81 A82 A83 A84 A85 A86 A89 A131 A132 A134 A144
    [INFO] n_positions=16 — should be equal (or very close) for all ligands in this campaign (same scaffold, same site).
    [OK] JSON summary -> output_abl1_lmpnn/decoys_29_ZINC28048731_best_CNNaffinity/selection_summary.json
[10:32:56]   [decoys_29_ZINC28048731_best_CNNaffinity] Selected 16 positions.
[10:32:56]   [decoys_30_ZINC39035034_best_CNNaffinity] Selecting residues (dist=6.0 Å)...
    [INFO] Loading: data/cdk2/03.complexes_dude/decoys_30_ZINC39035034_best_CNNaffinity.pdb
    [CHECK] Protein scaffold: n_residues=278, chains=['A'], first=A1, last=A298
            => This should be identical for all PDBs in the campaign.
    [INFO] Ligand selected: LIG (n_residues=1, heavy_atoms=4)
    [INFO] Selecting residues within 6.00 Å of ligand heavy atoms...
    [OK] 10 residues selected -> output_abl1_lmpnn/decoys_30_ZINC39035034_best_CNNaffinity/selected_residues.txt
         A1 A6 A12 A16 A17 A19 A32 A33 A34 A77
    [INFO] n_positions=10 — should be equal (or very close) for all ligands in this campaign (same scaffold, same site).
    [OK] JSON summary -> output_abl1_lmpnn/decoys_30_ZINC39035034_best_CNNaffinity/selection_summary.json
[10:32:56]   [decoys_30_ZINC39035034_best_CNNaffinity] Selected 10 positions.
[10:32:56]   [decoys_31_ZINC09329280_best_CNNaffinity] Selecting residues (dist=6.0 Å)...
    [INFO] Loading: data/cdk2/03.complexes_dude/decoys_31_ZINC09329280_best_CNNaffinity.pdb
    [CHECK] Protein scaffold: n_residues=278, chains=['A'], first=A1, last=A298
            => This should be identical for all PDBs in the campaign.
    [INFO] Ligand selected: LIG (n_residues=1, heavy_atoms=3)
    [INFO] Selecting residues within 6.00 Å of ligand heavy atoms...
    [OK] 3 residues selected -> output_abl1_lmpnn/decoys_31_ZINC09329280_best_CNNaffinity/selected_residues.txt
         A35 A74 A75
    [INFO] n_positions=3 — should be equal (or very close) for all ligands in this campaign (same scaffold, same site).
    [OK] JSON summary -> output_abl1_lmpnn/decoys_31_ZINC09329280_best_CNNaffinity/selection_summary.json
[10:32:56]   [decoys_31_ZINC09329280_best_CNNaffinity] Selected 3 positions.
[10:32:56]   [decoys_32_ZINC34703472_best_CNNaffinity] Selecting residues (dist=6.0 Å)...
    [INFO] Loading: data/cdk2/03.complexes_dude/decoys_32_ZINC34703472_best_CNNaffinity.pdb
    [CHECK] Protein scaffold: n_residues=278, chains=['A'], first=A1, last=A298
            => This should be identical for all PDBs in the campaign.
    [ERROR] No suitable ligand detected. (min_heavy_atoms=3)
[10:32:57] [ERROR] [decoys_32_ZINC34703472_best_CNNaffinity] select_residues.py failed (exit=1). Skipping.
[10:32:57]   [decoys_33_ZINC15224945_best_CNNaffinity] Selecting residues (dist=6.0 Å)...
    [INFO] Loading: data/cdk2/03.complexes_dude/decoys_33_ZINC15224945_best_CNNaffinity.pdb
    [CHECK] Protein scaffold: n_residues=278, chains=['A'], first=A1, last=A298
            => This should be identical for all PDBs in the campaign.
    [INFO] Ligand selected: LIG (n_residues=1, heavy_atoms=5)
    [INFO] Selecting residues within 6.00 Å of ligand heavy atoms...
    [OK] 17 residues selected -> output_abl1_lmpnn/decoys_33_ZINC15224945_best_CNNaffinity/selected_residues.txt
         A10 A12 A18 A31 A33 A80 A83 A84 A85 A86 A89 A129 A131 A132 A134 A144 A145
    [INFO] n_positions=17 — should be equal (or very close) for all ligands in this campaign (same scaffold, same site).
    [OK] JSON summary -> output_abl1_lmpnn/decoys_33_ZINC15224945_best_CNNaffinity/selection_summary.json
[10:32:57]   [decoys_33_ZINC15224945_best_CNNaffinity] Selected 17 positions.
[10:32:57]   [decoys_34_ZINC09646592_best_CNNaffinity] Selecting residues (dist=6.0 Å)...
    [INFO] Loading: data/cdk2/03.complexes_dude/decoys_34_ZINC09646592_best_CNNaffinity.pdb
    [CHECK] Protein scaffold: n_residues=278, chains=['A'], first=A1, last=A298
            => This should be identical for all PDBs in the campaign.
    [INFO] Ligand selected: LIG (n_residues=1, heavy_atoms=4)
    [INFO] Selecting residues within 6.00 Å of ligand heavy atoms...
    [OK] 18 residues selected -> output_abl1_lmpnn/decoys_34_ZINC09646592_best_CNNaffinity/selected_residues.txt
         A10 A11 A12 A18 A31 A64 A80 A81 A82 A83 A84 A86 A89 A129 A131 A134 A144 A145
    [INFO] n_positions=18 — should be equal (or very close) for all ligands in this campaign (same scaffold, same site).
    [OK] JSON summary -> output_abl1_lmpnn/decoys_34_ZINC09646592_best_CNNaffinity/selection_summary.json
[10:32:57]   [decoys_34_ZINC09646592_best_CNNaffinity] Selected 18 positions.
[10:32:57]   [decoys_35_ZINC16033235_best_CNNaffinity] Selecting residues (dist=6.0 Å)...
    [INFO] Loading: data/cdk2/03.complexes_dude/decoys_35_ZINC16033235_best_CNNaffinity.pdb
    [CHECK] Protein scaffold: n_residues=278, chains=['A'], first=A1, last=A298
            => This should be identical for all PDBs in the campaign.
    [INFO] Ligand selected: LIG (n_residues=1, heavy_atoms=4)
    [INFO] Selecting residues within 6.00 Å of ligand heavy atoms...
    [OK] 11 residues selected -> output_abl1_lmpnn/decoys_35_ZINC16033235_best_CNNaffinity/selected_residues.txt
         A10 A11 A12 A82 A83 A84 A85 A86 A89 A131 A134
    [INFO] n_positions=11 — should be equal (or very close) for all ligands in this campaign (same scaffold, same site).
    [OK] JSON summary -> output_abl1_lmpnn/decoys_35_ZINC16033235_best_CNNaffinity/selection_summary.json
[10:32:57]   [decoys_35_ZINC16033235_best_CNNaffinity] Selected 11 positions.
[10:32:57]   [decoys_36_ZINC19330790_best_CNNaffinity] Selecting residues (dist=6.0 Å)...
    [INFO] Loading: data/cdk2/03.complexes_dude/decoys_36_ZINC19330790_best_CNNaffinity.pdb
    [CHECK] Protein scaffold: n_residues=278, chains=['A'], first=A1, last=A298
            => This should be identical for all PDBs in the campaign.
    [ERROR] No suitable ligand detected. (min_heavy_atoms=3)
[10:32:57] [ERROR] [decoys_36_ZINC19330790_best_CNNaffinity] select_residues.py failed (exit=1). Skipping.
[10:32:57]   [decoys_37_ZINC67189709_best_CNNaffinity] Selecting residues (dist=6.0 Å)...
    [INFO] Loading: data/cdk2/03.complexes_dude/decoys_37_ZINC67189709_best_CNNaffinity.pdb
    [CHECK] Protein scaffold: n_residues=278, chains=['A'], first=A1, last=A298
            => This should be identical for all PDBs in the campaign.
    [INFO] Ligand selected: LIG (n_residues=1, heavy_atoms=4)
    [INFO] Selecting residues within 6.00 Å of ligand heavy atoms...
    [OK] 16 residues selected -> output_abl1_lmpnn/decoys_37_ZINC67189709_best_CNNaffinity/selected_residues.txt
         A10 A11 A18 A31 A80 A81 A82 A83 A84 A85 A86 A131 A132 A134 A144 A145
    [INFO] n_positions=16 — should be equal (or very close) for all ligands in this campaign (same scaffold, same site).
    [OK] JSON summary -> output_abl1_lmpnn/decoys_37_ZINC67189709_best_CNNaffinity/selection_summary.json
[10:32:58]   [decoys_37_ZINC67189709_best_CNNaffinity] Selected 16 positions.
[10:32:58]   [decoys_38_ZINC67000535_best_CNNaffinity] Selecting residues (dist=6.0 Å)...
    [INFO] Loading: data/cdk2/03.complexes_dude/decoys_38_ZINC67000535_best_CNNaffinity.pdb
    [CHECK] Protein scaffold: n_residues=278, chains=['A'], first=A1, last=A298
            => This should be identical for all PDBs in the campaign.
    [INFO] Ligand selected: LIG (n_residues=1, heavy_atoms=3)
    [INFO] Selecting residues within 6.00 Å of ligand heavy atoms...
    [OK] 11 residues selected -> output_abl1_lmpnn/decoys_38_ZINC67000535_best_CNNaffinity/selected_residues.txt
         A10 A18 A31 A64 A80 A81 A82 A83 A84 A134 A144
    [INFO] n_positions=11 — should be equal (or very close) for all ligands in this campaign (same scaffold, same site).
    [OK] JSON summary -> output_abl1_lmpnn/decoys_38_ZINC67000535_best_CNNaffinity/selection_summary.json
[10:32:58]   [decoys_38_ZINC67000535_best_CNNaffinity] Selected 11 positions.
[10:32:58]   [decoys_39_ZINC54043596_best_CNNaffinity] Selecting residues (dist=6.0 Å)...
    [INFO] Loading: data/cdk2/03.complexes_dude/decoys_39_ZINC54043596_best_CNNaffinity.pdb
    [CHECK] Protein scaffold: n_residues=278, chains=['A'], first=A1, last=A298
            => This should be identical for all PDBs in the campaign.
    [INFO] Ligand selected: LIG (n_residues=1, heavy_atoms=3)
    [INFO] Selecting residues within 6.00 Å of ligand heavy atoms...
    [OK] 8 residues selected -> output_abl1_lmpnn/decoys_39_ZINC54043596_best_CNNaffinity/selected_residues.txt
         A10 A11 A12 A86 A89 A131 A132 A134
    [INFO] n_positions=8 — should be equal (or very close) for all ligands in this campaign (same scaffold, same site).
    [OK] JSON summary -> output_abl1_lmpnn/decoys_39_ZINC54043596_best_CNNaffinity/selection_summary.json
[10:32:58]   [decoys_39_ZINC54043596_best_CNNaffinity] Selected 8 positions.
[10:32:58]   [decoys_40_ZINC65349259_best_CNNaffinity] Selecting residues (dist=6.0 Å)...
    [INFO] Loading: data/cdk2/03.complexes_dude/decoys_40_ZINC65349259_best_CNNaffinity.pdb
    [CHECK] Protein scaffold: n_residues=278, chains=['A'], first=A1, last=A298
            => This should be identical for all PDBs in the campaign.
    [INFO] Ligand selected: LIG (n_residues=1, heavy_atoms=3)
    [INFO] Selecting residues within 6.00 Å of ligand heavy atoms...
    [OK] 16 residues selected -> output_abl1_lmpnn/decoys_40_ZINC65349259_best_CNNaffinity/selected_residues.txt
         A10 A11 A12 A18 A31 A32 A33 A80 A81 A82 A83 A131 A132 A134 A144 A145
    [INFO] n_positions=16 — should be equal (or very close) for all ligands in this campaign (same scaffold, same site).
    [OK] JSON summary -> output_abl1_lmpnn/decoys_40_ZINC65349259_best_CNNaffinity/selection_summary.json
[10:32:58]   [decoys_40_ZINC65349259_best_CNNaffinity] Selected 16 positions.
[10:32:58]   [decoys_41_ZINC51093957_best_CNNaffinity] Selecting residues (dist=6.0 Å)...
    [INFO] Loading: data/cdk2/03.complexes_dude/decoys_41_ZINC51093957_best_CNNaffinity.pdb
    [CHECK] Protein scaffold: n_residues=278, chains=['A'], first=A1, last=A298
            => This should be identical for all PDBs in the campaign.
    [INFO] Ligand selected: LIG (n_residues=1, heavy_atoms=4)
    [INFO] Selecting residues within 6.00 Å of ligand heavy atoms...
    [OK] 15 residues selected -> output_abl1_lmpnn/decoys_41_ZINC51093957_best_CNNaffinity/selected_residues.txt
         A10 A11 A12 A18 A31 A64 A80 A81 A82 A83 A131 A132 A134 A144 A145
    [INFO] n_positions=15 — should be equal (or very close) for all ligands in this campaign (same scaffold, same site).
    [OK] JSON summary -> output_abl1_lmpnn/decoys_41_ZINC51093957_best_CNNaffinity/selection_summary.json
[10:32:59]   [decoys_41_ZINC51093957_best_CNNaffinity] Selected 15 positions.
[10:32:59]   [decoys_42_ZINC01445045_best_CNNaffinity] Selecting residues (dist=6.0 Å)...
    [INFO] Loading: data/cdk2/03.complexes_dude/decoys_42_ZINC01445045_best_CNNaffinity.pdb
    [CHECK] Protein scaffold: n_residues=278, chains=['A'], first=A1, last=A298
            => This should be identical for all PDBs in the campaign.
    [INFO] Ligand selected: LIG (n_residues=1, heavy_atoms=5)
    [INFO] Selecting residues within 6.00 Å of ligand heavy atoms...
    [OK] 9 residues selected -> output_abl1_lmpnn/decoys_42_ZINC01445045_best_CNNaffinity/selected_residues.txt
         A10 A11 A12 A86 A89 A129 A131 A145 A162
    [INFO] n_positions=9 — should be equal (or very close) for all ligands in this campaign (same scaffold, same site).
    [OK] JSON summary -> output_abl1_lmpnn/decoys_42_ZINC01445045_best_CNNaffinity/selection_summary.json
[10:32:59]   [decoys_42_ZINC01445045_best_CNNaffinity] Selected 9 positions.
[10:32:59]   [decoys_43_ZINC22797752_best_CNNaffinity] Selecting residues (dist=6.0 Å)...
    [INFO] Loading: data/cdk2/03.complexes_dude/decoys_43_ZINC22797752_best_CNNaffinity.pdb
    [CHECK] Protein scaffold: n_residues=278, chains=['A'], first=A1, last=A298
            => This should be identical for all PDBs in the campaign.
    [INFO] Ligand selected: LIG (n_residues=1, heavy_atoms=4)
    [INFO] Selecting residues within 6.00 Å of ligand heavy atoms...
    [OK] 12 residues selected -> output_abl1_lmpnn/decoys_43_ZINC22797752_best_CNNaffinity/selected_residues.txt
         A10 A18 A82 A83 A84 A85 A86 A89 A131 A132 A134 A144
    [INFO] n_positions=12 — should be equal (or very close) for all ligands in this campaign (same scaffold, same site).
    [OK] JSON summary -> output_abl1_lmpnn/decoys_43_ZINC22797752_best_CNNaffinity/selection_summary.json
[10:32:59]   [decoys_43_ZINC22797752_best_CNNaffinity] Selected 12 positions.
[10:32:59]   [decoys_44_ZINC67414932_best_CNNaffinity] Selecting residues (dist=6.0 Å)...
    [INFO] Loading: data/cdk2/03.complexes_dude/decoys_44_ZINC67414932_best_CNNaffinity.pdb
    [CHECK] Protein scaffold: n_residues=278, chains=['A'], first=A1, last=A298
            => This should be identical for all PDBs in the campaign.
    [INFO] Ligand selected: LIG (n_residues=1, heavy_atoms=3)
    [INFO] Selecting residues within 6.00 Å of ligand heavy atoms...
    [OK] 10 residues selected -> output_abl1_lmpnn/decoys_44_ZINC67414932_best_CNNaffinity/selected_residues.txt
         A10 A18 A31 A82 A83 A84 A85 A86 A131 A134
    [INFO] n_positions=10 — should be equal (or very close) for all ligands in this campaign (same scaffold, same site).
    [OK] JSON summary -> output_abl1_lmpnn/decoys_44_ZINC67414932_best_CNNaffinity/selection_summary.json
[10:32:59]   [decoys_44_ZINC67414932_best_CNNaffinity] Selected 10 positions.
[10:32:59]   [decoys_45_ZINC06825719_best_CNNaffinity] Selecting residues (dist=6.0 Å)...
    [INFO] Loading: data/cdk2/03.complexes_dude/decoys_45_ZINC06825719_best_CNNaffinity.pdb
    [CHECK] Protein scaffold: n_residues=278, chains=['A'], first=A1, last=A298
            => This should be identical for all PDBs in the campaign.
    [INFO] Ligand selected: LIG (n_residues=1, heavy_atoms=4)
    [INFO] Selecting residues within 6.00 Å of ligand heavy atoms...
    [OK] 13 residues selected -> output_abl1_lmpnn/decoys_45_ZINC06825719_best_CNNaffinity/selected_residues.txt
         A10 A11 A18 A82 A83 A84 A85 A86 A89 A131 A132 A134 A144
    [INFO] n_positions=13 — should be equal (or very close) for all ligands in this campaign (same scaffold, same site).
    [OK] JSON summary -> output_abl1_lmpnn/decoys_45_ZINC06825719_best_CNNaffinity/selection_summary.json
[10:32:59]   [decoys_45_ZINC06825719_best_CNNaffinity] Selected 13 positions.
[10:32:59]   [decoys_46_ZINC39631261_best_CNNaffinity] Selecting residues (dist=6.0 Å)...
    [INFO] Loading: data/cdk2/03.complexes_dude/decoys_46_ZINC39631261_best_CNNaffinity.pdb
    [CHECK] Protein scaffold: n_residues=278, chains=['A'], first=A1, last=A298
            => This should be identical for all PDBs in the campaign.
    [INFO] Ligand selected: LIG (n_residues=1, heavy_atoms=4)
    [INFO] Selecting residues within 6.00 Å of ligand heavy atoms...
    [OK] 8 residues selected -> output_abl1_lmpnn/decoys_46_ZINC39631261_best_CNNaffinity/selected_residues.txt
         A15 A16 A33 A127 A148 A149 A150 A151
    [INFO] n_positions=8 — should be equal (or very close) for all ligands in this campaign (same scaffold, same site).
    [OK] JSON summary -> output_abl1_lmpnn/decoys_46_ZINC39631261_best_CNNaffinity/selection_summary.json
[10:33:00]   [decoys_46_ZINC39631261_best_CNNaffinity] Selected 8 positions.
[10:33:00]   [decoys_47_ZINC36110843_best_CNNaffinity] Selecting residues (dist=6.0 Å)...
    [INFO] Loading: data/cdk2/03.complexes_dude/decoys_47_ZINC36110843_best_CNNaffinity.pdb
    [CHECK] Protein scaffold: n_residues=278, chains=['A'], first=A1, last=A298
            => This should be identical for all PDBs in the campaign.
    [INFO] Ligand selected: LIG (n_residues=1, heavy_atoms=4)
    [INFO] Selecting residues within 6.00 Å of ligand heavy atoms...
    [OK] 12 residues selected -> output_abl1_lmpnn/decoys_47_ZINC36110843_best_CNNaffinity/selected_residues.txt
         A10 A11 A12 A16 A18 A33 A86 A129 A131 A132 A134 A145
    [INFO] n_positions=12 — should be equal (or very close) for all ligands in this campaign (same scaffold, same site).
    [OK] JSON summary -> output_abl1_lmpnn/decoys_47_ZINC36110843_best_CNNaffinity/selection_summary.json
[10:33:00]   [decoys_47_ZINC36110843_best_CNNaffinity] Selected 12 positions.
[10:33:00]   [decoys_48_ZINC03846493_best_CNNaffinity] Selecting residues (dist=6.0 Å)...
    [INFO] Loading: data/cdk2/03.complexes_dude/decoys_48_ZINC03846493_best_CNNaffinity.pdb
    [CHECK] Protein scaffold: n_residues=278, chains=['A'], first=A1, last=A298
            => This should be identical for all PDBs in the campaign.
    [INFO] Ligand selected: LIG (n_residues=1, heavy_atoms=4)
    [INFO] Selecting residues within 6.00 Å of ligand heavy atoms...
    [OK] 13 residues selected -> output_abl1_lmpnn/decoys_48_ZINC03846493_best_CNNaffinity/selected_residues.txt
         A10 A11 A12 A16 A18 A89 A129 A131 A132 A133 A134 A144 A145
    [INFO] n_positions=13 — should be equal (or very close) for all ligands in this campaign (same scaffold, same site).
    [OK] JSON summary -> output_abl1_lmpnn/decoys_48_ZINC03846493_best_CNNaffinity/selection_summary.json
[10:33:00]   [decoys_48_ZINC03846493_best_CNNaffinity] Selected 13 positions.
[10:33:00]   [decoys_49_ZINC39680642_best_CNNaffinity] Selecting residues (dist=6.0 Å)...
    [INFO] Loading: data/cdk2/03.complexes_dude/decoys_49_ZINC39680642_best_CNNaffinity.pdb
    [CHECK] Protein scaffold: n_residues=278, chains=['A'], first=A1, last=A298
            => This should be identical for all PDBs in the campaign.
    [INFO] Ligand selected: LIG (n_residues=1, heavy_atoms=4)
    [INFO] Selecting residues within 6.00 Å of ligand heavy atoms...
    [OK] 16 residues selected -> output_abl1_lmpnn/decoys_49_ZINC39680642_best_CNNaffinity/selected_residues.txt
         A8 A10 A11 A12 A16 A18 A84 A85 A86 A89 A130 A131 A132 A133 A134 A145
    [INFO] n_positions=16 — should be equal (or very close) for all ligands in this campaign (same scaffold, same site).
    [OK] JSON summary -> output_abl1_lmpnn/decoys_49_ZINC39680642_best_CNNaffinity/selection_summary.json
[10:33:00]   [decoys_49_ZINC39680642_best_CNNaffinity] Selected 16 positions.
[10:33:00]   [decoys_50_ZINC39991461_best_CNNaffinity] Selecting residues (dist=6.0 Å)...
    [INFO] Loading: data/cdk2/03.complexes_dude/decoys_50_ZINC39991461_best_CNNaffinity.pdb
    [CHECK] Protein scaffold: n_residues=278, chains=['A'], first=A1, last=A298
            => This should be identical for all PDBs in the campaign.
    [INFO] Ligand selected: LIG (n_residues=1, heavy_atoms=4)
    [INFO] Selecting residues within 6.00 Å of ligand heavy atoms...
    [OK] 14 residues selected -> output_abl1_lmpnn/decoys_50_ZINC39991461_best_CNNaffinity/selected_residues.txt
         A10 A11 A12 A16 A18 A84 A85 A86 A89 A131 A132 A134 A144 A145
    [INFO] n_positions=14 — should be equal (or very close) for all ligands in this campaign (same scaffold, same site).
    [OK] JSON summary -> output_abl1_lmpnn/decoys_50_ZINC39991461_best_CNNaffinity/selection_summary.json
[10:33:00]   [decoys_50_ZINC39991461_best_CNNaffinity] Selected 14 positions.
[10:33:00]   [decoys_51_ZINC39617617_best_CNNaffinity] Selecting residues (dist=6.0 Å)...
    [INFO] Loading: data/cdk2/03.complexes_dude/decoys_51_ZINC39617617_best_CNNaffinity.pdb
    [CHECK] Protein scaffold: n_residues=278, chains=['A'], first=A1, last=A298
            => This should be identical for all PDBs in the campaign.
    [INFO] Ligand selected: LIG (n_residues=1, heavy_atoms=4)
    [INFO] Selecting residues within 6.00 Å of ligand heavy atoms...
    [OK] 11 residues selected -> output_abl1_lmpnn/decoys_51_ZINC39617617_best_CNNaffinity/selected_residues.txt
         A10 A11 A12 A18 A84 A85 A86 A89 A131 A132 A134
    [INFO] n_positions=11 — should be equal (or very close) for all ligands in this campaign (same scaffold, same site).
    [OK] JSON summary -> output_abl1_lmpnn/decoys_51_ZINC39617617_best_CNNaffinity/selection_summary.json
[10:33:01]   [decoys_51_ZINC39617617_best_CNNaffinity] Selected 11 positions.
[10:33:01]   [decoys_52_ZINC49776625_best_CNNaffinity] Selecting residues (dist=6.0 Å)...
    [INFO] Loading: data/cdk2/03.complexes_dude/decoys_52_ZINC49776625_best_CNNaffinity.pdb
    [CHECK] Protein scaffold: n_residues=278, chains=['A'], first=A1, last=A298
            => This should be identical for all PDBs in the campaign.
    [INFO] Ligand selected: LIG (n_residues=1, heavy_atoms=3)
    [INFO] Selecting residues within 6.00 Å of ligand heavy atoms...
    [OK] 16 residues selected -> output_abl1_lmpnn/decoys_52_ZINC49776625_best_CNNaffinity/selected_residues.txt
         A10 A12 A16 A18 A31 A33 A80 A82 A83 A84 A85 A86 A131 A134 A145 A148
    [INFO] n_positions=16 — should be equal (or very close) for all ligands in this campaign (same scaffold, same site).
    [OK] JSON summary -> output_abl1_lmpnn/decoys_52_ZINC49776625_best_CNNaffinity/selection_summary.json
[10:33:01]   [decoys_52_ZINC49776625_best_CNNaffinity] Selected 16 positions.
[10:33:01]   [decoys_53_ZINC66732945_best_CNNaffinity] Selecting residues (dist=6.0 Å)...
    [INFO] Loading: data/cdk2/03.complexes_dude/decoys_53_ZINC66732945_best_CNNaffinity.pdb
    [CHECK] Protein scaffold: n_residues=278, chains=['A'], first=A1, last=A298
            => This should be identical for all PDBs in the campaign.
    [INFO] Ligand selected: LIG (n_residues=1, heavy_atoms=3)
    [INFO] Selecting residues within 6.00 Å of ligand heavy atoms...
    [OK] 15 residues selected -> output_abl1_lmpnn/decoys_53_ZINC66732945_best_CNNaffinity/selected_residues.txt
         A10 A18 A31 A64 A80 A81 A82 A83 A84 A85 A86 A131 A134 A144 A145
    [INFO] n_positions=15 — should be equal (or very close) for all ligands in this campaign (same scaffold, same site).
    [OK] JSON summary -> output_abl1_lmpnn/decoys_53_ZINC66732945_best_CNNaffinity/selection_summary.json
[10:33:01]   [decoys_53_ZINC66732945_best_CNNaffinity] Selected 15 positions.
[10:33:01]   [decoys_54_ZINC13550346_best_CNNaffinity] Selecting residues (dist=6.0 Å)...
    [INFO] Loading: data/cdk2/03.complexes_dude/decoys_54_ZINC13550346_best_CNNaffinity.pdb
    [CHECK] Protein scaffold: n_residues=278, chains=['A'], first=A1, last=A298
            => This should be identical for all PDBs in the campaign.
    [INFO] Ligand selected: LIG (n_residues=1, heavy_atoms=4)
    [INFO] Selecting residues within 6.00 Å of ligand heavy atoms...
    [OK] 14 residues selected -> output_abl1_lmpnn/decoys_54_ZINC13550346_best_CNNaffinity/selected_residues.txt
         A8 A9 A10 A11 A18 A82 A83 A84 A85 A86 A89 A131 A134 A144
    [INFO] n_positions=14 — should be equal (or very close) for all ligands in this campaign (same scaffold, same site).
    [OK] JSON summary -> output_abl1_lmpnn/decoys_54_ZINC13550346_best_CNNaffinity/selection_summary.json
[10:33:01]   [decoys_54_ZINC13550346_best_CNNaffinity] Selected 14 positions.
[10:33:01]   [decoys_55_ZINC14232991_best_CNNaffinity] Selecting residues (dist=6.0 Å)...
    [INFO] Loading: data/cdk2/03.complexes_dude/decoys_55_ZINC14232991_best_CNNaffinity.pdb
    [CHECK] Protein scaffold: n_residues=278, chains=['A'], first=A1, last=A298
            => This should be identical for all PDBs in the campaign.
    [INFO] Ligand selected: LIG (n_residues=1, heavy_atoms=3)
    [INFO] Selecting residues within 6.00 Å of ligand heavy atoms...
    [OK] 11 residues selected -> output_abl1_lmpnn/decoys_55_ZINC14232991_best_CNNaffinity/selected_residues.txt
         A10 A12 A18 A31 A33 A80 A131 A132 A134 A144 A145
    [INFO] n_positions=11 — should be equal (or very close) for all ligands in this campaign (same scaffold, same site).
    [OK] JSON summary -> output_abl1_lmpnn/decoys_55_ZINC14232991_best_CNNaffinity/selection_summary.json
[10:33:01]   [decoys_55_ZINC14232991_best_CNNaffinity] Selected 11 positions.
[10:33:01]   [decoys_56_ZINC38613236_best_CNNaffinity] Selecting residues (dist=6.0 Å)...
    [INFO] Loading: data/cdk2/03.complexes_dude/decoys_56_ZINC38613236_best_CNNaffinity.pdb
    [CHECK] Protein scaffold: n_residues=278, chains=['A'], first=A1, last=A298
            => This should be identical for all PDBs in the campaign.
    [INFO] Ligand selected: LIG (n_residues=1, heavy_atoms=3)
    [INFO] Selecting residues within 6.00 Å of ligand heavy atoms...
    [OK] 10 residues selected -> output_abl1_lmpnn/decoys_56_ZINC38613236_best_CNNaffinity/selected_residues.txt
         A10 A11 A12 A18 A86 A131 A132 A134 A144 A145
    [INFO] n_positions=10 — should be equal (or very close) for all ligands in this campaign (same scaffold, same site).
    [OK] JSON summary -> output_abl1_lmpnn/decoys_56_ZINC38613236_best_CNNaffinity/selection_summary.json
[10:33:02]   [decoys_56_ZINC38613236_best_CNNaffinity] Selected 10 positions.
[10:33:02]   [decoys_57_ZINC28568062_best_CNNaffinity] Selecting residues (dist=6.0 Å)...
    [INFO] Loading: data/cdk2/03.complexes_dude/decoys_57_ZINC28568062_best_CNNaffinity.pdb
    [CHECK] Protein scaffold: n_residues=278, chains=['A'], first=A1, last=A298
            => This should be identical for all PDBs in the campaign.
    [ERROR] No suitable ligand detected. (min_heavy_atoms=3)
[10:33:02] [ERROR] [decoys_57_ZINC28568062_best_CNNaffinity] select_residues.py failed (exit=1). Skipping.
[10:33:02]   [decoys_58_ZINC10315666_best_CNNaffinity] Selecting residues (dist=6.0 Å)...
    [INFO] Loading: data/cdk2/03.complexes_dude/decoys_58_ZINC10315666_best_CNNaffinity.pdb
    [CHECK] Protein scaffold: n_residues=278, chains=['A'], first=A1, last=A298
            => This should be identical for all PDBs in the campaign.
    [INFO] Ligand selected: LIG (n_residues=1, heavy_atoms=4)
    [INFO] Selecting residues within 6.00 Å of ligand heavy atoms...
    [OK] 15 residues selected -> output_abl1_lmpnn/decoys_58_ZINC10315666_best_CNNaffinity/selected_residues.txt
         A8 A9 A10 A11 A18 A83 A84 A85 A86 A89 A131 A132 A134 A144 A145
    [INFO] n_positions=15 — should be equal (or very close) for all ligands in this campaign (same scaffold, same site).
    [OK] JSON summary -> output_abl1_lmpnn/decoys_58_ZINC10315666_best_CNNaffinity/selection_summary.json
[10:33:02]   [decoys_58_ZINC10315666_best_CNNaffinity] Selected 15 positions.
[10:33:02]   [decoys_59_ZINC16026456_best_CNNaffinity] Selecting residues (dist=6.0 Å)...
    [INFO] Loading: data/cdk2/03.complexes_dude/decoys_59_ZINC16026456_best_CNNaffinity.pdb
    [CHECK] Protein scaffold: n_residues=278, chains=['A'], first=A1, last=A298
            => This should be identical for all PDBs in the campaign.
    [INFO] Ligand selected: LIG (n_residues=1, heavy_atoms=3)
    [INFO] Selecting residues within 6.00 Å of ligand heavy atoms...
    [OK] 11 residues selected -> output_abl1_lmpnn/decoys_59_ZINC16026456_best_CNNaffinity/selected_residues.txt
         A10 A18 A31 A64 A80 A81 A82 A83 A134 A144 A145
    [INFO] n_positions=11 — should be equal (or very close) for all ligands in this campaign (same scaffold, same site).
    [OK] JSON summary -> output_abl1_lmpnn/decoys_59_ZINC16026456_best_CNNaffinity/selection_summary.json
[10:33:02]   [decoys_59_ZINC16026456_best_CNNaffinity] Selected 11 positions.
[10:33:02]   [decoys_60_ZINC39676264_best_CNNaffinity] Selecting residues (dist=6.0 Å)...
    [INFO] Loading: data/cdk2/03.complexes_dude/decoys_60_ZINC39676264_best_CNNaffinity.pdb
    [CHECK] Protein scaffold: n_residues=278, chains=['A'], first=A1, last=A298
            => This should be identical for all PDBs in the campaign.
    [INFO] Ligand selected: LIG (n_residues=1, heavy_atoms=4)
    [INFO] Selecting residues within 6.00 Å of ligand heavy atoms...
    [OK] 9 residues selected -> output_abl1_lmpnn/decoys_60_ZINC39676264_best_CNNaffinity/selected_residues.txt
         A10 A11 A12 A86 A89 A129 A131 A132 A162
    [INFO] n_positions=9 — should be equal (or very close) for all ligands in this campaign (same scaffold, same site).
    [OK] JSON summary -> output_abl1_lmpnn/decoys_60_ZINC39676264_best_CNNaffinity/selection_summary.json
[10:33:02]   [decoys_60_ZINC39676264_best_CNNaffinity] Selected 9 positions.
[10:33:02]   [decoys_61_ZINC23281215_best_CNNaffinity] Selecting residues (dist=6.0 Å)...
    [INFO] Loading: data/cdk2/03.complexes_dude/decoys_61_ZINC23281215_best_CNNaffinity.pdb
    [CHECK] Protein scaffold: n_residues=278, chains=['A'], first=A1, last=A298
            => This should be identical for all PDBs in the campaign.
    [INFO] Ligand selected: LIG (n_residues=1, heavy_atoms=4)
    [INFO] Selecting residues within 6.00 Å of ligand heavy atoms...
    [OK] 12 residues selected -> output_abl1_lmpnn/decoys_61_ZINC23281215_best_CNNaffinity/selected_residues.txt
         A10 A11 A12 A18 A85 A86 A89 A131 A132 A134 A144 A145
    [INFO] n_positions=12 — should be equal (or very close) for all ligands in this campaign (same scaffold, same site).
    [OK] JSON summary -> output_abl1_lmpnn/decoys_61_ZINC23281215_best_CNNaffinity/selection_summary.json
[10:33:03]   [decoys_61_ZINC23281215_best_CNNaffinity] Selected 12 positions.
[10:33:03]   [decoys_62_ZINC06049249_best_CNNaffinity] Selecting residues (dist=6.0 Å)...
    [INFO] Loading: data/cdk2/03.complexes_dude/decoys_62_ZINC06049249_best_CNNaffinity.pdb
    [CHECK] Protein scaffold: n_residues=278, chains=['A'], first=A1, last=A298
            => This should be identical for all PDBs in the campaign.
    [INFO] Ligand selected: LIG (n_residues=1, heavy_atoms=3)
    [INFO] Selecting residues within 6.00 Å of ligand heavy atoms...
    [OK] 10 residues selected -> output_abl1_lmpnn/decoys_62_ZINC06049249_best_CNNaffinity/selected_residues.txt
         A8 A9 A10 A11 A82 A83 A84 A85 A86 A134
    [INFO] n_positions=10 — should be equal (or very close) for all ligands in this campaign (same scaffold, same site).
    [OK] JSON summary -> output_abl1_lmpnn/decoys_62_ZINC06049249_best_CNNaffinity/selection_summary.json
[10:33:03]   [decoys_62_ZINC06049249_best_CNNaffinity] Selected 10 positions.
[10:33:03]   [decoys_63_ZINC06631494_best_CNNaffinity] Selecting residues (dist=6.0 Å)...
    [INFO] Loading: data/cdk2/03.complexes_dude/decoys_63_ZINC06631494_best_CNNaffinity.pdb
    [CHECK] Protein scaffold: n_residues=278, chains=['A'], first=A1, last=A298
            => This should be identical for all PDBs in the campaign.
    [INFO] Ligand selected: LIG (n_residues=1, heavy_atoms=4)
    [INFO] Selecting residues within 6.00 Å of ligand heavy atoms...
    [OK] 12 residues selected -> output_abl1_lmpnn/decoys_63_ZINC06631494_best_CNNaffinity/selected_residues.txt
         A10 A11 A12 A86 A88 A89 A130 A131 A132 A133 A134 A144
    [INFO] n_positions=12 — should be equal (or very close) for all ligands in this campaign (same scaffold, same site).
    [OK] JSON summary -> output_abl1_lmpnn/decoys_63_ZINC06631494_best_CNNaffinity/selection_summary.json
[10:33:03]   [decoys_63_ZINC06631494_best_CNNaffinity] Selected 12 positions.
[10:33:03]   [decoys_64_ZINC39684224_best_CNNaffinity] Selecting residues (dist=6.0 Å)...
    [INFO] Loading: data/cdk2/03.complexes_dude/decoys_64_ZINC39684224_best_CNNaffinity.pdb
    [CHECK] Protein scaffold: n_residues=278, chains=['A'], first=A1, last=A298
            => This should be identical for all PDBs in the campaign.
    [INFO] Ligand selected: LIG (n_residues=1, heavy_atoms=4)
    [INFO] Selecting residues within 6.00 Å of ligand heavy atoms...
    [OK] 20 residues selected -> output_abl1_lmpnn/decoys_64_ZINC39684224_best_CNNaffinity/selected_residues.txt
         A10 A11 A12 A15 A16 A17 A18 A31 A33 A64 A80 A81 A82 A83 A84 A129 A131 A132 A134 A145
    [INFO] n_positions=20 — should be equal (or very close) for all ligands in this campaign (same scaffold, same site).
    [OK] JSON summary -> output_abl1_lmpnn/decoys_64_ZINC39684224_best_CNNaffinity/selection_summary.json
[10:33:03]   [decoys_64_ZINC39684224_best_CNNaffinity] Selected 20 positions.
[10:33:03]   [decoys_65_ZINC02395284_best_CNNaffinity] Selecting residues (dist=6.0 Å)...
    [INFO] Loading: data/cdk2/03.complexes_dude/decoys_65_ZINC02395284_best_CNNaffinity.pdb
    [CHECK] Protein scaffold: n_residues=278, chains=['A'], first=A1, last=A298
            => This should be identical for all PDBs in the campaign.
    [INFO] Ligand selected: LIG (n_residues=1, heavy_atoms=4)
    [INFO] Selecting residues within 6.00 Å of ligand heavy atoms...
    [OK] 14 residues selected -> output_abl1_lmpnn/decoys_65_ZINC02395284_best_CNNaffinity/selected_residues.txt
         A10 A11 A12 A18 A31 A81 A82 A83 A84 A85 A86 A131 A134 A144
    [INFO] n_positions=14 — should be equal (or very close) for all ligands in this campaign (same scaffold, same site).
    [OK] JSON summary -> output_abl1_lmpnn/decoys_65_ZINC02395284_best_CNNaffinity/selection_summary.json
[10:33:03]   [decoys_65_ZINC02395284_best_CNNaffinity] Selected 14 positions.
[10:33:03]   [decoys_66_ZINC50397239_best_CNNaffinity] Selecting residues (dist=6.0 Å)...
    [INFO] Loading: data/cdk2/03.complexes_dude/decoys_66_ZINC50397239_best_CNNaffinity.pdb
    [CHECK] Protein scaffold: n_residues=278, chains=['A'], first=A1, last=A298
            => This should be identical for all PDBs in the campaign.
    [INFO] Ligand selected: LIG (n_residues=1, heavy_atoms=4)
    [INFO] Selecting residues within 6.00 Å of ligand heavy atoms...
    [OK] 16 residues selected -> output_abl1_lmpnn/decoys_66_ZINC50397239_best_CNNaffinity/selected_residues.txt
         A10 A12 A18 A31 A33 A64 A80 A81 A82 A83 A131 A132 A134 A144 A145 A148
    [INFO] n_positions=16 — should be equal (or very close) for all ligands in this campaign (same scaffold, same site).
    [OK] JSON summary -> output_abl1_lmpnn/decoys_66_ZINC50397239_best_CNNaffinity/selection_summary.json
[10:33:04]   [decoys_66_ZINC50397239_best_CNNaffinity] Selected 16 positions.
[10:33:04]   [decoys_67_ZINC38659106_best_CNNaffinity] Selecting residues (dist=6.0 Å)...
    [INFO] Loading: data/cdk2/03.complexes_dude/decoys_67_ZINC38659106_best_CNNaffinity.pdb
    [CHECK] Protein scaffold: n_residues=278, chains=['A'], first=A1, last=A298
            => This should be identical for all PDBs in the campaign.
    [INFO] Ligand selected: LIG (n_residues=1, heavy_atoms=4)
    [INFO] Selecting residues within 6.00 Å of ligand heavy atoms...
    [OK] 15 residues selected -> output_abl1_lmpnn/decoys_67_ZINC38659106_best_CNNaffinity/selected_residues.txt
         A8 A10 A18 A20 A31 A64 A80 A81 A82 A83 A84 A131 A134 A144 A145
    [INFO] n_positions=15 — should be equal (or very close) for all ligands in this campaign (same scaffold, same site).
    [OK] JSON summary -> output_abl1_lmpnn/decoys_67_ZINC38659106_best_CNNaffinity/selection_summary.json
[10:33:04]   [decoys_67_ZINC38659106_best_CNNaffinity] Selected 15 positions.
[10:33:04]   [decoys_68_ZINC35092965_best_CNNaffinity] Selecting residues (dist=6.0 Å)...
    [INFO] Loading: data/cdk2/03.complexes_dude/decoys_68_ZINC35092965_best_CNNaffinity.pdb
    [CHECK] Protein scaffold: n_residues=278, chains=['A'], first=A1, last=A298
            => This should be identical for all PDBs in the campaign.
    [INFO] Ligand selected: LIG (n_residues=1, heavy_atoms=4)
    [INFO] Selecting residues within 6.00 Å of ligand heavy atoms...
    [OK] 14 residues selected -> output_abl1_lmpnn/decoys_68_ZINC35092965_best_CNNaffinity/selected_residues.txt
         A10 A11 A12 A18 A33 A86 A89 A129 A131 A132 A133 A134 A144 A145
    [INFO] n_positions=14 — should be equal (or very close) for all ligands in this campaign (same scaffold, same site).
    [OK] JSON summary -> output_abl1_lmpnn/decoys_68_ZINC35092965_best_CNNaffinity/selection_summary.json
[10:33:04]   [decoys_68_ZINC35092965_best_CNNaffinity] Selected 14 positions.
[10:33:04]   [decoys_69_ZINC39496630_best_CNNaffinity] Selecting residues (dist=6.0 Å)...
    [INFO] Loading: data/cdk2/03.complexes_dude/decoys_69_ZINC39496630_best_CNNaffinity.pdb
    [CHECK] Protein scaffold: n_residues=278, chains=['A'], first=A1, last=A298
            => This should be identical for all PDBs in the campaign.
    [INFO] Ligand selected: LIG (n_residues=1, heavy_atoms=3)
    [INFO] Selecting residues within 6.00 Å of ligand heavy atoms...
    [OK] 13 residues selected -> output_abl1_lmpnn/decoys_69_ZINC39496630_best_CNNaffinity/selected_residues.txt
         A10 A11 A12 A18 A33 A80 A129 A131 A132 A134 A144 A145 A148
    [INFO] n_positions=13 — should be equal (or very close) for all ligands in this campaign (same scaffold, same site).
    [OK] JSON summary -> output_abl1_lmpnn/decoys_69_ZINC39496630_best_CNNaffinity/selection_summary.json
[10:33:04]   [decoys_69_ZINC39496630_best_CNNaffinity] Selected 13 positions.
[10:33:04]   [decoys_70_ZINC40804646_best_CNNaffinity] Selecting residues (dist=6.0 Å)...
    [INFO] Loading: data/cdk2/03.complexes_dude/decoys_70_ZINC40804646_best_CNNaffinity.pdb
    [CHECK] Protein scaffold: n_residues=278, chains=['A'], first=A1, last=A298
            => This should be identical for all PDBs in the campaign.
    [INFO] Ligand selected: LIG (n_residues=1, heavy_atoms=3)
    [INFO] Selecting residues within 6.00 Å of ligand heavy atoms...
    [OK] 16 residues selected -> output_abl1_lmpnn/decoys_70_ZINC40804646_best_CNNaffinity/selected_residues.txt
         A10 A11 A12 A18 A31 A33 A64 A80 A81 A82 A83 A131 A132 A134 A144 A145
    [INFO] n_positions=16 — should be equal (or very close) for all ligands in this campaign (same scaffold, same site).
    [OK] JSON summary -> output_abl1_lmpnn/decoys_70_ZINC40804646_best_CNNaffinity/selection_summary.json
[10:33:04]   [decoys_70_ZINC40804646_best_CNNaffinity] Selected 16 positions.
[10:33:04]   [decoys_71_ZINC62840274_best_CNNaffinity] Selecting residues (dist=6.0 Å)...
    [INFO] Loading: data/cdk2/03.complexes_dude/decoys_71_ZINC62840274_best_CNNaffinity.pdb
    [CHECK] Protein scaffold: n_residues=278, chains=['A'], first=A1, last=A298
            => This should be identical for all PDBs in the campaign.
    [INFO] Ligand selected: LIG (n_residues=1, heavy_atoms=4)
    [INFO] Selecting residues within 6.00 Å of ligand heavy atoms...
    [OK] 14 residues selected -> output_abl1_lmpnn/decoys_71_ZINC62840274_best_CNNaffinity/selected_residues.txt
         A10 A11 A12 A18 A31 A84 A85 A86 A89 A131 A132 A134 A144 A145
    [INFO] n_positions=14 — should be equal (or very close) for all ligands in this campaign (same scaffold, same site).
    [OK] JSON summary -> output_abl1_lmpnn/decoys_71_ZINC62840274_best_CNNaffinity/selection_summary.json
[10:33:05]   [decoys_71_ZINC62840274_best_CNNaffinity] Selected 14 positions.
[10:33:05]   [decoys_72_ZINC07737864_best_CNNaffinity] Selecting residues (dist=6.0 Å)...
    [INFO] Loading: data/cdk2/03.complexes_dude/decoys_72_ZINC07737864_best_CNNaffinity.pdb
    [CHECK] Protein scaffold: n_residues=278, chains=['A'], first=A1, last=A298
            => This should be identical for all PDBs in the campaign.
    [INFO] Ligand selected: LIG (n_residues=1, heavy_atoms=4)
    [INFO] Selecting residues within 6.00 Å of ligand heavy atoms...
    [OK] 17 residues selected -> output_abl1_lmpnn/decoys_72_ZINC07737864_best_CNNaffinity/selected_residues.txt
         A10 A11 A12 A18 A31 A80 A81 A82 A83 A86 A89 A131 A132 A133 A134 A144 A145
    [INFO] n_positions=17 — should be equal (or very close) for all ligands in this campaign (same scaffold, same site).
    [OK] JSON summary -> output_abl1_lmpnn/decoys_72_ZINC07737864_best_CNNaffinity/selection_summary.json
[10:33:05]   [decoys_72_ZINC07737864_best_CNNaffinity] Selected 17 positions.
[10:33:05]   [decoys_73_ZINC49978845_best_CNNaffinity] Selecting residues (dist=6.0 Å)...
    [INFO] Loading: data/cdk2/03.complexes_dude/decoys_73_ZINC49978845_best_CNNaffinity.pdb
    [CHECK] Protein scaffold: n_residues=278, chains=['A'], first=A1, last=A298
            => This should be identical for all PDBs in the campaign.
    [INFO] Ligand selected: LIG (n_residues=1, heavy_atoms=5)
    [INFO] Selecting residues within 6.00 Å of ligand heavy atoms...
    [OK] 14 residues selected -> output_abl1_lmpnn/decoys_73_ZINC49978845_best_CNNaffinity/selected_residues.txt
         A10 A11 A12 A18 A33 A80 A86 A89 A131 A132 A133 A134 A144 A145
    [INFO] n_positions=14 — should be equal (or very close) for all ligands in this campaign (same scaffold, same site).
    [OK] JSON summary -> output_abl1_lmpnn/decoys_73_ZINC49978845_best_CNNaffinity/selection_summary.json
[10:33:05]   [decoys_73_ZINC49978845_best_CNNaffinity] Selected 14 positions.
[10:33:05]   [decoys_74_ZINC58866805_best_CNNaffinity] Selecting residues (dist=6.0 Å)...
    [INFO] Loading: data/cdk2/03.complexes_dude/decoys_74_ZINC58866805_best_CNNaffinity.pdb
    [CHECK] Protein scaffold: n_residues=278, chains=['A'], first=A1, last=A298
            => This should be identical for all PDBs in the campaign.
    [INFO] Ligand selected: LIG (n_residues=1, heavy_atoms=5)
    [INFO] Selecting residues within 6.00 Å of ligand heavy atoms...
    [OK] 18 residues selected -> output_abl1_lmpnn/decoys_74_ZINC58866805_best_CNNaffinity/selected_residues.txt
         A10 A11 A12 A18 A31 A81 A82 A83 A84 A85 A86 A89 A129 A131 A132 A134 A144 A145
    [INFO] n_positions=18 — should be equal (or very close) for all ligands in this campaign (same scaffold, same site).
    [OK] JSON summary -> output_abl1_lmpnn/decoys_74_ZINC58866805_best_CNNaffinity/selection_summary.json
[10:33:05]   [decoys_74_ZINC58866805_best_CNNaffinity] Selected 18 positions.
[10:33:05]   [decoys_75_ZINC13956920_best_CNNaffinity] Selecting residues (dist=6.0 Å)...
    [INFO] Loading: data/cdk2/03.complexes_dude/decoys_75_ZINC13956920_best_CNNaffinity.pdb
    [CHECK] Protein scaffold: n_residues=278, chains=['A'], first=A1, last=A298
            => This should be identical for all PDBs in the campaign.
    [INFO] Ligand selected: LIG (n_residues=1, heavy_atoms=5)
    [INFO] Selecting residues within 6.00 Å of ligand heavy atoms...
    [OK] 18 residues selected -> output_abl1_lmpnn/decoys_75_ZINC13956920_best_CNNaffinity/selected_residues.txt
         A8 A9 A10 A12 A18 A20 A31 A82 A83 A84 A85 A86 A89 A131 A132 A134 A144 A145
    [INFO] n_positions=18 — should be equal (or very close) for all ligands in this campaign (same scaffold, same site).
    [OK] JSON summary -> output_abl1_lmpnn/decoys_75_ZINC13956920_best_CNNaffinity/selection_summary.json
[10:33:05]   [decoys_75_ZINC13956920_best_CNNaffinity] Selected 18 positions.
[10:33:05]   [decoys_76_ZINC48653986_best_CNNaffinity] Selecting residues (dist=6.0 Å)...
    [INFO] Loading: data/cdk2/03.complexes_dude/decoys_76_ZINC48653986_best_CNNaffinity.pdb
    [CHECK] Protein scaffold: n_residues=278, chains=['A'], first=A1, last=A298
            => This should be identical for all PDBs in the campaign.
    [INFO] Ligand selected: LIG (n_residues=1, heavy_atoms=6)
    [INFO] Selecting residues within 6.00 Å of ligand heavy atoms...
    [OK] 17 residues selected -> output_abl1_lmpnn/decoys_76_ZINC48653986_best_CNNaffinity/selected_residues.txt
         A10 A12 A18 A31 A33 A64 A80 A81 A82 A83 A129 A131 A132 A133 A134 A144 A145
    [INFO] n_positions=17 — should be equal (or very close) for all ligands in this campaign (same scaffold, same site).
    [OK] JSON summary -> output_abl1_lmpnn/decoys_76_ZINC48653986_best_CNNaffinity/selection_summary.json
[10:33:06]   [decoys_76_ZINC48653986_best_CNNaffinity] Selected 17 positions.
[10:33:06]   [decoys_77_ZINC33154863_best_CNNaffinity] Selecting residues (dist=6.0 Å)...
    [INFO] Loading: data/cdk2/03.complexes_dude/decoys_77_ZINC33154863_best_CNNaffinity.pdb
    [CHECK] Protein scaffold: n_residues=278, chains=['A'], first=A1, last=A298
            => This should be identical for all PDBs in the campaign.
    [INFO] Ligand selected: LIG (n_residues=1, heavy_atoms=5)
    [INFO] Selecting residues within 6.00 Å of ligand heavy atoms...
    [OK] 17 residues selected -> output_abl1_lmpnn/decoys_77_ZINC33154863_best_CNNaffinity/selected_residues.txt
         A10 A11 A12 A18 A19 A30 A31 A81 A82 A83 A86 A89 A131 A132 A134 A144 A145
    [INFO] n_positions=17 — should be equal (or very close) for all ligands in this campaign (same scaffold, same site).
    [OK] JSON summary -> output_abl1_lmpnn/decoys_77_ZINC33154863_best_CNNaffinity/selection_summary.json
[10:33:06]   [decoys_77_ZINC33154863_best_CNNaffinity] Selected 17 positions.
[10:33:06]   [decoys_78_ZINC39665804_best_CNNaffinity] Selecting residues (dist=6.0 Å)...
    [INFO] Loading: data/cdk2/03.complexes_dude/decoys_78_ZINC39665804_best_CNNaffinity.pdb
    [CHECK] Protein scaffold: n_residues=278, chains=['A'], first=A1, last=A298
            => This should be identical for all PDBs in the campaign.
    [INFO] Ligand selected: LIG (n_residues=1, heavy_atoms=4)
    [INFO] Selecting residues within 6.00 Å of ligand heavy atoms...
    [OK] 14 residues selected -> output_abl1_lmpnn/decoys_78_ZINC39665804_best_CNNaffinity/selected_residues.txt
         A10 A11 A18 A31 A33 A64 A80 A81 A86 A131 A132 A134 A144 A145
    [INFO] n_positions=14 — should be equal (or very close) for all ligands in this campaign (same scaffold, same site).
    [OK] JSON summary -> output_abl1_lmpnn/decoys_78_ZINC39665804_best_CNNaffinity/selection_summary.json
[10:33:06]   [decoys_78_ZINC39665804_best_CNNaffinity] Selected 14 positions.
[10:33:06]   [decoys_79_ZINC38828210_best_CNNaffinity] Selecting residues (dist=6.0 Å)...
    [INFO] Loading: data/cdk2/03.complexes_dude/decoys_79_ZINC38828210_best_CNNaffinity.pdb
    [CHECK] Protein scaffold: n_residues=278, chains=['A'], first=A1, last=A298
            => This should be identical for all PDBs in the campaign.
    [INFO] Ligand selected: LIG (n_residues=1, heavy_atoms=4)
    [INFO] Selecting residues within 6.00 Å of ligand heavy atoms...
    [OK] 19 residues selected -> output_abl1_lmpnn/decoys_79_ZINC38828210_best_CNNaffinity/selected_residues.txt
         A8 A9 A10 A11 A18 A20 A30 A31 A64 A80 A81 A82 A83 A84 A85 A86 A131 A134 A144
    [INFO] n_positions=19 — should be equal (or very close) for all ligands in this campaign (same scaffold, same site).
    [OK] JSON summary -> output_abl1_lmpnn/decoys_79_ZINC38828210_best_CNNaffinity/selection_summary.json
[10:33:06]   [decoys_79_ZINC38828210_best_CNNaffinity] Selected 19 positions.
[10:33:06]   [decoys_80_ZINC12715302_best_CNNaffinity] Selecting residues (dist=6.0 Å)...
    [INFO] Loading: data/cdk2/03.complexes_dude/decoys_80_ZINC12715302_best_CNNaffinity.pdb
    [CHECK] Protein scaffold: n_residues=278, chains=['A'], first=A1, last=A298
            => This should be identical for all PDBs in the campaign.
    [INFO] Ligand selected: LIG (n_residues=1, heavy_atoms=4)
    [INFO] Selecting residues within 6.00 Å of ligand heavy atoms...
    [OK] 10 residues selected -> output_abl1_lmpnn/decoys_80_ZINC12715302_best_CNNaffinity/selected_residues.txt
         A10 A11 A12 A16 A18 A86 A89 A131 A132 A134
    [INFO] n_positions=10 — should be equal (or very close) for all ligands in this campaign (same scaffold, same site).
    [OK] JSON summary -> output_abl1_lmpnn/decoys_80_ZINC12715302_best_CNNaffinity/selection_summary.json
[10:33:06]   [decoys_80_ZINC12715302_best_CNNaffinity] Selected 10 positions.
[10:33:06]   [decoys_81_ZINC63723535_best_CNNaffinity] Selecting residues (dist=6.0 Å)...
    [INFO] Loading: data/cdk2/03.complexes_dude/decoys_81_ZINC63723535_best_CNNaffinity.pdb
    [CHECK] Protein scaffold: n_residues=278, chains=['A'], first=A1, last=A298
            => This should be identical for all PDBs in the campaign.
    [INFO] Ligand selected: LIG (n_residues=1, heavy_atoms=4)
    [INFO] Selecting residues within 6.00 Å of ligand heavy atoms...
    [OK] 10 residues selected -> output_abl1_lmpnn/decoys_81_ZINC63723535_best_CNNaffinity/selected_residues.txt
         A10 A12 A18 A31 A131 A132 A133 A134 A144 A145
    [INFO] n_positions=10 — should be equal (or very close) for all ligands in this campaign (same scaffold, same site).
    [OK] JSON summary -> output_abl1_lmpnn/decoys_81_ZINC63723535_best_CNNaffinity/selection_summary.json
[10:33:07]   [decoys_81_ZINC63723535_best_CNNaffinity] Selected 10 positions.
[10:33:07]   [decoys_82_ZINC63160915_best_CNNaffinity] Selecting residues (dist=6.0 Å)...
    [INFO] Loading: data/cdk2/03.complexes_dude/decoys_82_ZINC63160915_best_CNNaffinity.pdb
    [CHECK] Protein scaffold: n_residues=278, chains=['A'], first=A1, last=A298
            => This should be identical for all PDBs in the campaign.
    [INFO] Ligand selected: LIG (n_residues=1, heavy_atoms=4)
    [INFO] Selecting residues within 6.00 Å of ligand heavy atoms...
    [OK] 15 residues selected -> output_abl1_lmpnn/decoys_82_ZINC63160915_best_CNNaffinity/selected_residues.txt
         A10 A11 A12 A18 A31 A64 A80 A81 A86 A89 A131 A132 A134 A144 A145
    [INFO] n_positions=15 — should be equal (or very close) for all ligands in this campaign (same scaffold, same site).
    [OK] JSON summary -> output_abl1_lmpnn/decoys_82_ZINC63160915_best_CNNaffinity/selection_summary.json
[10:33:07]   [decoys_82_ZINC63160915_best_CNNaffinity] Selected 15 positions.
[10:33:07]   [decoys_83_ZINC12653890_best_CNNaffinity] Selecting residues (dist=6.0 Å)...
    [INFO] Loading: data/cdk2/03.complexes_dude/decoys_83_ZINC12653890_best_CNNaffinity.pdb
    [CHECK] Protein scaffold: n_residues=278, chains=['A'], first=A1, last=A298
            => This should be identical for all PDBs in the campaign.
    [INFO] Ligand selected: LIG (n_residues=1, heavy_atoms=3)
    [INFO] Selecting residues within 6.00 Å of ligand heavy atoms...
    [OK] 13 residues selected -> output_abl1_lmpnn/decoys_83_ZINC12653890_best_CNNaffinity/selected_residues.txt
         A10 A18 A31 A81 A82 A83 A85 A86 A131 A132 A134 A144 A145
    [INFO] n_positions=13 — should be equal (or very close) for all ligands in this campaign (same scaffold, same site).
    [OK] JSON summary -> output_abl1_lmpnn/decoys_83_ZINC12653890_best_CNNaffinity/selection_summary.json
[10:33:07]   [decoys_83_ZINC12653890_best_CNNaffinity] Selected 13 positions.
[10:33:07]   [decoys_84_ZINC15276481_best_CNNaffinity] Selecting residues (dist=6.0 Å)...
    [INFO] Loading: data/cdk2/03.complexes_dude/decoys_84_ZINC15276481_best_CNNaffinity.pdb
    [CHECK] Protein scaffold: n_residues=278, chains=['A'], first=A1, last=A298
            => This should be identical for all PDBs in the campaign.
    [INFO] Ligand selected: LIG (n_residues=1, heavy_atoms=3)
    [INFO] Selecting residues within 6.00 Å of ligand heavy atoms...
    [OK] 13 residues selected -> output_abl1_lmpnn/decoys_84_ZINC15276481_best_CNNaffinity/selected_residues.txt
         A10 A12 A15 A16 A18 A31 A33 A80 A131 A132 A134 A144 A145
    [INFO] n_positions=13 — should be equal (or very close) for all ligands in this campaign (same scaffold, same site).
    [OK] JSON summary -> output_abl1_lmpnn/decoys_84_ZINC15276481_best_CNNaffinity/selection_summary.json
[10:33:07]   [decoys_84_ZINC15276481_best_CNNaffinity] Selected 13 positions.
[10:33:07]   [decoys_85_ZINC21243368_best_CNNaffinity] Selecting residues (dist=6.0 Å)...
    [INFO] Loading: data/cdk2/03.complexes_dude/decoys_85_ZINC21243368_best_CNNaffinity.pdb
    [CHECK] Protein scaffold: n_residues=278, chains=['A'], first=A1, last=A298
            => This should be identical for all PDBs in the campaign.
    [INFO] Ligand selected: LIG (n_residues=1, heavy_atoms=3)
    [INFO] Selecting residues within 6.00 Å of ligand heavy atoms...
    [OK] 13 residues selected -> output_abl1_lmpnn/decoys_85_ZINC21243368_best_CNNaffinity/selected_residues.txt
         A10 A11 A12 A18 A33 A86 A89 A131 A132 A133 A134 A144 A145
    [INFO] n_positions=13 — should be equal (or very close) for all ligands in this campaign (same scaffold, same site).
    [OK] JSON summary -> output_abl1_lmpnn/decoys_85_ZINC21243368_best_CNNaffinity/selection_summary.json
[10:33:07]   [decoys_85_ZINC21243368_best_CNNaffinity] Selected 13 positions.
[10:33:07]   [decoys_86_ZINC05002565_best_CNNaffinity] Selecting residues (dist=6.0 Å)...
    [INFO] Loading: data/cdk2/03.complexes_dude/decoys_86_ZINC05002565_best_CNNaffinity.pdb
    [CHECK] Protein scaffold: n_residues=278, chains=['A'], first=A1, last=A298
            => This should be identical for all PDBs in the campaign.
    [INFO] Ligand selected: LIG (n_residues=1, heavy_atoms=3)
    [INFO] Selecting residues within 6.00 Å of ligand heavy atoms...
    [OK] 14 residues selected -> output_abl1_lmpnn/decoys_86_ZINC05002565_best_CNNaffinity/selected_residues.txt
         A10 A18 A31 A81 A82 A83 A85 A86 A89 A131 A132 A134 A144 A145
    [INFO] n_positions=14 — should be equal (or very close) for all ligands in this campaign (same scaffold, same site).
    [OK] JSON summary -> output_abl1_lmpnn/decoys_86_ZINC05002565_best_CNNaffinity/selection_summary.json
[10:33:08]   [decoys_86_ZINC05002565_best_CNNaffinity] Selected 14 positions.
[10:33:08]   [decoys_88_ZINC39590284_best_CNNaffinity] Selecting residues (dist=6.0 Å)...
    [INFO] Loading: data/cdk2/03.complexes_dude/decoys_88_ZINC39590284_best_CNNaffinity.pdb
    [CHECK] Protein scaffold: n_residues=278, chains=['A'], first=A1, last=A298
            => This should be identical for all PDBs in the campaign.
    [INFO] Ligand selected: LIG (n_residues=1, heavy_atoms=4)
    [INFO] Selecting residues within 6.00 Å of ligand heavy atoms...
    [OK] 14 residues selected -> output_abl1_lmpnn/decoys_88_ZINC39590284_best_CNNaffinity/selected_residues.txt
         A10 A11 A12 A18 A31 A33 A80 A129 A131 A132 A133 A134 A144 A145
    [INFO] n_positions=14 — should be equal (or very close) for all ligands in this campaign (same scaffold, same site).
    [OK] JSON summary -> output_abl1_lmpnn/decoys_88_ZINC39590284_best_CNNaffinity/selection_summary.json
[10:33:08]   [decoys_88_ZINC39590284_best_CNNaffinity] Selected 14 positions.
[10:33:08]   [decoys_89_ZINC63204731_best_CNNaffinity] Selecting residues (dist=6.0 Å)...
    [INFO] Loading: data/cdk2/03.complexes_dude/decoys_89_ZINC63204731_best_CNNaffinity.pdb
    [CHECK] Protein scaffold: n_residues=278, chains=['A'], first=A1, last=A298
            => This should be identical for all PDBs in the campaign.
    [INFO] Ligand selected: LIG (n_residues=1, heavy_atoms=4)
    [INFO] Selecting residues within 6.00 Å of ligand heavy atoms...
    [OK] 19 residues selected -> output_abl1_lmpnn/decoys_89_ZINC63204731_best_CNNaffinity/selected_residues.txt
         A10 A11 A12 A15 A16 A18 A33 A80 A82 A83 A84 A85 A86 A129 A131 A132 A134 A144 A145
    [INFO] n_positions=19 — should be equal (or very close) for all ligands in this campaign (same scaffold, same site).
    [OK] JSON summary -> output_abl1_lmpnn/decoys_89_ZINC63204731_best_CNNaffinity/selection_summary.json
[10:33:08]   [decoys_89_ZINC63204731_best_CNNaffinity] Selected 19 positions.
[10:33:08]   [decoys_90_ZINC40917875_best_CNNaffinity] Selecting residues (dist=6.0 Å)...
    [INFO] Loading: data/cdk2/03.complexes_dude/decoys_90_ZINC40917875_best_CNNaffinity.pdb
    [CHECK] Protein scaffold: n_residues=278, chains=['A'], first=A1, last=A298
            => This should be identical for all PDBs in the campaign.
    [INFO] Ligand selected: LIG (n_residues=1, heavy_atoms=5)
    [INFO] Selecting residues within 6.00 Å of ligand heavy atoms...
    [OK] 17 residues selected -> output_abl1_lmpnn/decoys_90_ZINC40917875_best_CNNaffinity/selected_residues.txt
         A10 A11 A18 A31 A64 A80 A81 A83 A84 A85 A86 A89 A131 A132 A134 A144 A145
    [INFO] n_positions=17 — should be equal (or very close) for all ligands in this campaign (same scaffold, same site).
    [OK] JSON summary -> output_abl1_lmpnn/decoys_90_ZINC40917875_best_CNNaffinity/selection_summary.json
[10:33:08]   [decoys_90_ZINC40917875_best_CNNaffinity] Selected 17 positions.
[10:33:08]   [decoys_91_ZINC44783392_best_CNNaffinity] Selecting residues (dist=6.0 Å)...
    [INFO] Loading: data/cdk2/03.complexes_dude/decoys_91_ZINC44783392_best_CNNaffinity.pdb
    [CHECK] Protein scaffold: n_residues=278, chains=['A'], first=A1, last=A298
            => This should be identical for all PDBs in the campaign.
    [INFO] Ligand selected: LIG (n_residues=1, heavy_atoms=3)
    [INFO] Selecting residues within 6.00 Å of ligand heavy atoms...
    [OK] 13 residues selected -> output_abl1_lmpnn/decoys_91_ZINC44783392_best_CNNaffinity/selected_residues.txt
         A10 A11 A12 A16 A18 A33 A86 A129 A131 A132 A134 A144 A145
    [INFO] n_positions=13 — should be equal (or very close) for all ligands in this campaign (same scaffold, same site).
    [OK] JSON summary -> output_abl1_lmpnn/decoys_91_ZINC44783392_best_CNNaffinity/selection_summary.json
[10:33:08]   [decoys_91_ZINC44783392_best_CNNaffinity] Selected 13 positions.
[10:33:08]   [decoys_92_ZINC14009805_best_CNNaffinity] Selecting residues (dist=6.0 Å)...
    [INFO] Loading: data/cdk2/03.complexes_dude/decoys_92_ZINC14009805_best_CNNaffinity.pdb
    [CHECK] Protein scaffold: n_residues=278, chains=['A'], first=A1, last=A298
            => This should be identical for all PDBs in the campaign.
    [INFO] Ligand selected: LIG (n_residues=1, heavy_atoms=3)
    [INFO] Selecting residues within 6.00 Å of ligand heavy atoms...
    [OK] 10 residues selected -> output_abl1_lmpnn/decoys_92_ZINC14009805_best_CNNaffinity/selected_residues.txt
         A10 A11 A12 A16 A18 A33 A131 A132 A144 A145
    [INFO] n_positions=10 — should be equal (or very close) for all ligands in this campaign (same scaffold, same site).
    [OK] JSON summary -> output_abl1_lmpnn/decoys_92_ZINC14009805_best_CNNaffinity/selection_summary.json
[10:33:09]   [decoys_92_ZINC14009805_best_CNNaffinity] Selected 10 positions.
[10:33:09]   [decoys_93_ZINC63873704_best_CNNaffinity] Selecting residues (dist=6.0 Å)...
    [INFO] Loading: data/cdk2/03.complexes_dude/decoys_93_ZINC63873704_best_CNNaffinity.pdb
    [CHECK] Protein scaffold: n_residues=278, chains=['A'], first=A1, last=A298
            => This should be identical for all PDBs in the campaign.
    [INFO] Ligand selected: LIG (n_residues=1, heavy_atoms=4)
    [INFO] Selecting residues within 6.00 Å of ligand heavy atoms...
    [OK] 12 residues selected -> output_abl1_lmpnn/decoys_93_ZINC63873704_best_CNNaffinity/selected_residues.txt
         A10 A18 A31 A82 A83 A84 A85 A86 A131 A132 A134 A144
    [INFO] n_positions=12 — should be equal (or very close) for all ligands in this campaign (same scaffold, same site).
    [OK] JSON summary -> output_abl1_lmpnn/decoys_93_ZINC63873704_best_CNNaffinity/selection_summary.json
[10:33:09]   [decoys_93_ZINC63873704_best_CNNaffinity] Selected 12 positions.
[10:33:09]   [decoys_94_ZINC36332394_best_CNNaffinity] Selecting residues (dist=6.0 Å)...
    [INFO] Loading: data/cdk2/03.complexes_dude/decoys_94_ZINC36332394_best_CNNaffinity.pdb
    [CHECK] Protein scaffold: n_residues=278, chains=['A'], first=A1, last=A298
            => This should be identical for all PDBs in the campaign.
    [INFO] Ligand selected: LIG (n_residues=1, heavy_atoms=4)
    [INFO] Selecting residues within 6.00 Å of ligand heavy atoms...
    [OK] 14 residues selected -> output_abl1_lmpnn/decoys_94_ZINC36332394_best_CNNaffinity/selected_residues.txt
         A10 A11 A12 A18 A31 A33 A64 A80 A81 A131 A132 A134 A144 A145
    [INFO] n_positions=14 — should be equal (or very close) for all ligands in this campaign (same scaffold, same site).
    [OK] JSON summary -> output_abl1_lmpnn/decoys_94_ZINC36332394_best_CNNaffinity/selection_summary.json
[10:33:09]   [decoys_94_ZINC36332394_best_CNNaffinity] Selected 14 positions.
[10:33:09]   [decoys_95_ZINC67225190_best_CNNaffinity] Selecting residues (dist=6.0 Å)...
    [INFO] Loading: data/cdk2/03.complexes_dude/decoys_95_ZINC67225190_best_CNNaffinity.pdb
    [CHECK] Protein scaffold: n_residues=278, chains=['A'], first=A1, last=A298
            => This should be identical for all PDBs in the campaign.
    [INFO] Ligand selected: LIG (n_residues=1, heavy_atoms=4)
    [INFO] Selecting residues within 6.00 Å of ligand heavy atoms...
    [OK] 6 residues selected -> output_abl1_lmpnn/decoys_95_ZINC67225190_best_CNNaffinity/selected_residues.txt
         A11 A12 A86 A88 A89 A131
    [INFO] n_positions=6 — should be equal (or very close) for all ligands in this campaign (same scaffold, same site).
    [OK] JSON summary -> output_abl1_lmpnn/decoys_95_ZINC67225190_best_CNNaffinity/selection_summary.json
[10:33:09]   [decoys_95_ZINC67225190_best_CNNaffinity] Selected 6 positions.
[10:33:09]   [decoys_96_ZINC40923968_best_CNNaffinity] Selecting residues (dist=6.0 Å)...
    [INFO] Loading: data/cdk2/03.complexes_dude/decoys_96_ZINC40923968_best_CNNaffinity.pdb
    [CHECK] Protein scaffold: n_residues=278, chains=['A'], first=A1, last=A298
            => This should be identical for all PDBs in the campaign.
    [INFO] Ligand selected: LIG (n_residues=1, heavy_atoms=4)
    [INFO] Selecting residues within 6.00 Å of ligand heavy atoms...
    [OK] 19 residues selected -> output_abl1_lmpnn/decoys_96_ZINC40923968_best_CNNaffinity/selected_residues.txt
         A10 A11 A12 A18 A31 A32 A33 A64 A78 A80 A81 A82 A83 A86 A131 A132 A134 A144 A145
    [INFO] n_positions=19 — should be equal (or very close) for all ligands in this campaign (same scaffold, same site).
    [OK] JSON summary -> output_abl1_lmpnn/decoys_96_ZINC40923968_best_CNNaffinity/selection_summary.json
[10:33:09]   [decoys_96_ZINC40923968_best_CNNaffinity] Selected 19 positions.
[10:33:09]   [decoys_97_ZINC58214902_best_CNNaffinity] Selecting residues (dist=6.0 Å)...
    [INFO] Loading: data/cdk2/03.complexes_dude/decoys_97_ZINC58214902_best_CNNaffinity.pdb
    [CHECK] Protein scaffold: n_residues=278, chains=['A'], first=A1, last=A298
            => This should be identical for all PDBs in the campaign.
    [INFO] Ligand selected: LIG (n_residues=1, heavy_atoms=3)
    [INFO] Selecting residues within 6.00 Å of ligand heavy atoms...
    [OK] 8 residues selected -> output_abl1_lmpnn/decoys_97_ZINC58214902_best_CNNaffinity/selected_residues.txt
         A10 A83 A84 A85 A86 A89 A131 A134
    [INFO] n_positions=8 — should be equal (or very close) for all ligands in this campaign (same scaffold, same site).
    [OK] JSON summary -> output_abl1_lmpnn/decoys_97_ZINC58214902_best_CNNaffinity/selection_summary.json
[10:33:10]   [decoys_97_ZINC58214902_best_CNNaffinity] Selected 8 positions.
[10:33:10]   [decoys_98_ZINC00089412_best_CNNaffinity] Selecting residues (dist=6.0 Å)...
    [INFO] Loading: data/cdk2/03.complexes_dude/decoys_98_ZINC00089412_best_CNNaffinity.pdb
    [CHECK] Protein scaffold: n_residues=278, chains=['A'], first=A1, last=A298
            => This should be identical for all PDBs in the campaign.
    [INFO] Ligand selected: LIG (n_residues=1, heavy_atoms=3)
    [INFO] Selecting residues within 6.00 Å of ligand heavy atoms...
    [OK] 6 residues selected -> output_abl1_lmpnn/decoys_98_ZINC00089412_best_CNNaffinity/selected_residues.txt
         A88 A92 A131 A165 A167 A168
    [INFO] n_positions=6 — should be equal (or very close) for all ligands in this campaign (same scaffold, same site).
    [OK] JSON summary -> output_abl1_lmpnn/decoys_98_ZINC00089412_best_CNNaffinity/selection_summary.json
[10:33:10]   [decoys_98_ZINC00089412_best_CNNaffinity] Selected 6 positions.
[10:33:10]   [decoys_99_ZINC08415693_best_CNNaffinity] Selecting residues (dist=6.0 Å)...
    [INFO] Loading: data/cdk2/03.complexes_dude/decoys_99_ZINC08415693_best_CNNaffinity.pdb
    [CHECK] Protein scaffold: n_residues=278, chains=['A'], first=A1, last=A298
            => This should be identical for all PDBs in the campaign.
    [INFO] Ligand selected: LIG (n_residues=1, heavy_atoms=4)
    [INFO] Selecting residues within 6.00 Å of ligand heavy atoms...
    [OK] 5 residues selected -> output_abl1_lmpnn/decoys_99_ZINC08415693_best_CNNaffinity/selected_residues.txt
         A6 A7 A8 A9 A19
    [INFO] n_positions=5 — should be equal (or very close) for all ligands in this campaign (same scaffold, same site).
    [OK] JSON summary -> output_abl1_lmpnn/decoys_99_ZINC08415693_best_CNNaffinity/selection_summary.json
[10:33:10]   [decoys_99_ZINC08415693_best_CNNaffinity] Selected 5 positions.
[10:33:10] [WARN] n_positions_used differs across PDBs: 1 10 11 12 13 14 15 16 17 18 19 2 20 22 23 3 5 6 7 8 9 
[10:33:10] [WARN] This may affect scoring fairness. Check scaffold consistency.

----------------------------------------------
[10:33:10] [3/3] LigandMPNN
----------------------------------------------
[10:33:11]   Launching LigandMPNN on 196 PDB(s)...
/home/tedeschg/miniforge3/envs/ligandmpnn_env/lib/python3.11/site-packages/prody/utilities/misctools.py:424: UserWarning: pkg_resources is deprecated as an API. See https://setuptools.pypa.io/en/latest/pkg_resources.html. The pkg_resources package is slated for removal as early as 2025-11-30. Refrain from using this package or pin to Setuptools<81.
  import pkg_resources
Designing protein from this path: /home/tedeschg/prj/protein-perturbation/data/cdk2/03.complexes_dude/actives_00_CHEMBL1081852_best_CNNaffinity.pdb
These residues will be redesigned:  ['A1', 'A2', 'A3', 'A4', 'A5', 'A6', 'A7', 'A8', 'A9', 'A10', 'A11', 'A12', 'A15', 'A16', 'A17', 'A18', 'A19', 'A20', 'A21', 'A22', 'A23', 'A24', 'A25', 'A26', 'A27', 'A28', 'A29', 'A30', 'A31', 'A32', 'A33', 'A34', 'A35', 'A44', 'A45', 'A46', 'A47', 'A48', 'A49', 'A50', 'A51', 'A52', 'A53', 'A54', 'A55', 'A56', 'A57', 'A58', 'A59', 'A60', 'A61', 'A62', 'A63', 'A64', 'A65', 'A66', 'A67', 'A68', 'A69', 'A70', 'A71', 'A72', 'A73', 'A74', 'A75', 'A76', 'A77', 'A78', 'A79', 'A80', 'A81', 'A82', 'A83', 'A84', 'A85', 'A86', 'A87', 'A88', 'A89', 'A90', 'A91', 'A92', 'A93', 'A94', 'A95', 'A96', 'A97', 'A98', 'A99', 'A100', 'A101', 'A102', 'A103', 'A104', 'A105', 'A106', 'A107', 'A108', 'A109', 'A110', 'A111', 'A112', 'A113', 'A114', 'A115', 'A116', 'A117', 'A118', 'A119', 'A120', 'A121', 'A122', 'A123', 'A124', 'A125', 'A126', 'A127', 'A128', 'A129', 'A130', 'A131', 'A132', 'A133', 'A134', 'A135', 'A136', 'A137', 'A138', 'A139', 'A140', 'A141', 'A142', 'A143', 'A144', 'A145', 'A146', 'A147', 'A148', 'A149', 'A150', 'A151', 'A162', 'A163', 'A164', 'A165', 'A166', 'A167', 'A168', 'A169', 'A170', 'A171', 'A172', 'A173', 'A174', 'A175', 'A176', 'A177', 'A178', 'A179', 'A180', 'A181', 'A182', 'A183', 'A184', 'A185', 'A186', 'A187', 'A188', 'A189', 'A190', 'A191', 'A192', 'A193', 'A194', 'A195', 'A196', 'A197', 'A198', 'A199', 'A200', 'A201', 'A202', 'A203', 'A204', 'A205', 'A206', 'A207', 'A208', 'A209', 'A210', 'A211', 'A212', 'A213', 'A214', 'A215', 'A216', 'A217', 'A218', 'A219', 'A220', 'A221', 'A222', 'A223', 'A224', 'A225', 'A226', 'A227', 'A228', 'A229', 'A230', 'A231', 'A232', 'A233', 'A234', 'A235', 'A236', 'A237', 'A238', 'A239', 'A240', 'A241', 'A242', 'A243', 'A244', 'A245', 'A246', 'A247', 'A248', 'A249', 'A250', 'A251', 'A252', 'A253', 'A254', 'A255', 'A256', 'A257', 'A258', 'A259', 'A260', 'A261', 'A262', 'A263', 'A264', 'A265', 'A266', 'A267', 'A268', 'A269', 'A270', 'A271', 'A272', 'A273', 'A274', 'A275', 'A276', 'A277', 'A278', 'A279', 'A280', 'A281', 'A282', 'A283', 'A284', 'A285', 'A286', 'A287', 'A288', 'A289', 'A290', 'A291', 'A292', 'A293', 'A294', 'A295', 'A296', 'A297', 'A298']
These residues will be fixed:  []
The number of ligand atoms parsed is equal to: 30
Type: N, Coords [ 3.621 27.569  9.661], Mask 1
Type: C, Coords [ 3.978 27.6    8.323], Mask 1
Type: N, Coords [ 3.752 28.549  7.439], Mask 1
Type: C, Coords [ 4.159 28.432  6.191], Mask 1
Type: C, Coords [ 4.822 27.28   5.866], Mask 1
Type: S, Coords [ 4.811 26.436  7.439], Mask 1
Type: C, Coords [ 5.395 26.855  4.571], Mask 1
Type: C, Coords [ 6.224 25.732  4.508], Mask 1
Type: C, Coords [ 6.758 25.335  3.301], Mask 1
Type: C, Coords [ 6.473 26.05   2.147], Mask 1
Type: C, Coords [ 5.646 27.173  2.201], Mask 1
Type: C, Coords [ 5.103 27.572  3.411], Mask 1
Type: O, Coords [ 5.546 27.661  0.94 ], Mask 1
Type: C, Coords [ 6.272 26.894  0.112], Mask 1
Type: O, Coords [ 6.388 27.069 -1.086], Mask 1
Type: N, Coords [ 6.853 25.9    0.813], Mask 1
Type: C, Coords [ 2.24  27.859 10.057], Mask 1
Type: C, Coords [ 1.544 26.559 10.466], Mask 1
Type: N, Coords [ 2.477 25.724 11.233], Mask 1
Type: C, Coords [ 0.323 26.885 11.328], Mask 1
Type: C, Coords [-0.723 28.361  9.598], Mask 1
Type: C, Coords [-1.261 29.57   9.198], Mask 1
Type: C, Coords [-1.339 30.621 10.093], Mask 1
Type: C, Coords [-0.88  30.463 11.387], Mask 1
Type: C, Coords [-0.343 29.254 11.787], Mask 1
Type: C, Coords [-0.263 28.203 10.892], Mask 1
Type: C, Coords [-1.925 31.939  9.656], Mask 1
Type: F, Coords [-0.893 32.807  9.283], Mask 1
Type: F, Coords [-2.778 31.733  8.567], Mask 1
Type: F, Coords [-2.647 32.502 10.714], Mask 1
Designing protein from this path: /home/tedeschg/prj/protein-perturbation/data/cdk2/03.complexes_dude/actives_01_CHEMBL193288_best_CNNaffinity.pdb
These residues will be redesigned:  ['A1', 'A2', 'A3', 'A4', 'A5', 'A6', 'A7', 'A8', 'A9', 'A10', 'A11', 'A12', 'A15', 'A16', 'A17', 'A18', 'A19', 'A20', 'A21', 'A22', 'A23', 'A24', 'A25', 'A26', 'A27', 'A28', 'A29', 'A30', 'A31', 'A32', 'A33', 'A34', 'A35', 'A44', 'A45', 'A46', 'A47', 'A48', 'A49', 'A50', 'A51', 'A52', 'A53', 'A54', 'A55', 'A56', 'A57', 'A58', 'A59', 'A60', 'A61', 'A62', 'A63', 'A64', 'A65', 'A66', 'A67', 'A68', 'A69', 'A70', 'A71', 'A72', 'A73', 'A74', 'A75', 'A76', 'A77', 'A78', 'A79', 'A80', 'A81', 'A82', 'A83', 'A84', 'A85', 'A86', 'A87', 'A88', 'A89', 'A90', 'A91', 'A92', 'A93', 'A94', 'A95', 'A96', 'A97', 'A98', 'A99', 'A100', 'A101', 'A102', 'A103', 'A104', 'A105', 'A106', 'A107', 'A108', 'A109', 'A110', 'A111', 'A112', 'A113', 'A114', 'A115', 'A116', 'A117', 'A118', 'A119', 'A120', 'A121', 'A122', 'A123', 'A124', 'A125', 'A126', 'A127', 'A128', 'A129', 'A130', 'A131', 'A132', 'A133', 'A134', 'A135', 'A136', 'A137', 'A138', 'A139', 'A140', 'A141', 'A142', 'A143', 'A144', 'A145', 'A146', 'A147', 'A148', 'A149', 'A150', 'A151', 'A162', 'A163', 'A164', 'A165', 'A166', 'A167', 'A168', 'A169', 'A170', 'A171', 'A172', 'A173', 'A174', 'A175', 'A176', 'A177', 'A178', 'A179', 'A180', 'A181', 'A182', 'A183', 'A184', 'A185', 'A186', 'A187', 'A188', 'A189', 'A190', 'A191', 'A192', 'A193', 'A194', 'A195', 'A196', 'A197', 'A198', 'A199', 'A200', 'A201', 'A202', 'A203', 'A204', 'A205', 'A206', 'A207', 'A208', 'A209', 'A210', 'A211', 'A212', 'A213', 'A214', 'A215', 'A216', 'A217', 'A218', 'A219', 'A220', 'A221', 'A222', 'A223', 'A224', 'A225', 'A226', 'A227', 'A228', 'A229', 'A230', 'A231', 'A232', 'A233', 'A234', 'A235', 'A236', 'A237', 'A238', 'A239', 'A240', 'A241', 'A242', 'A243', 'A244', 'A245', 'A246', 'A247', 'A248', 'A249', 'A250', 'A251', 'A252', 'A253', 'A254', 'A255', 'A256', 'A257', 'A258', 'A259', 'A260', 'A261', 'A262', 'A263', 'A264', 'A265', 'A266', 'A267', 'A268', 'A269', 'A270', 'A271', 'A272', 'A273', 'A274', 'A275', 'A276', 'A277', 'A278', 'A279', 'A280', 'A281', 'A282', 'A283', 'A284', 'A285', 'A286', 'A287', 'A288', 'A289', 'A290', 'A291', 'A292', 'A293', 'A294', 'A295', 'A296', 'A297', 'A298']
These residues will be fixed:  []
The number of ligand atoms parsed is equal to: 26
Type: C, Coords [-3.163 30.78   9.647], Mask 1
Type: C, Coords [-1.87  30.762 10.466], Mask 1
Type: C, Coords [-1.832 29.519 11.317], Mask 1
Type: C, Coords [-0.971 29.448 12.397], Mask 1
Type: C, Coords [-0.933 28.311 13.178], Mask 1
Type: C, Coords [-1.761 27.236 12.879], Mask 1
Type: C, Coords [-2.624 27.31  11.793], Mask 1
Type: C, Coords [-2.661 28.453 11.019], Mask 1
Type: N, Coords [-1.725 26.082 13.669], Mask 1
Type: C, Coords [-0.541 25.261 13.974], Mask 1
Type: C, Coords [-1.089 24.159 14.858], Mask 1
Type: O, Coords [-0.47  23.243 15.356], Mask 1
Type: N, Coords [-2.408 24.41  14.977], Mask 1
Type: C, Coords [-2.764 25.508 14.302], Mask 1
Type: O, Coords [-3.9   25.939 14.263], Mask 1
Type: C, Coords [-0.685 30.77   9.534], Mask 1
Type: O, Coords [-0.43  31.764  8.887], Mask 1
Type: N, Coords [ 0.09  29.674  9.42 ], Mask 1
Type: C, Coords [ 1.192 29.681  8.554], Mask 1
Type: C, Coords [ 2.411 29.018  8.765], Mask 1
Type: C, Coords [ 3.21  29.272  7.704], Mask 1
Type: N, Coords [ 2.527 30.065  6.851], Mask 1
Type: N, Coords [ 1.261 30.305  7.401], Mask 1
Type: C, Coords [ 4.614 28.761  7.508], Mask 1
Type: C, Coords [ 4.798 27.517  6.636], Mask 1
Type: C, Coords [ 4.975 27.422  8.153], Mask 1
Designing protein from this path: /home/tedeschg/prj/protein-perturbation/data/cdk2/03.complexes_dude/actives_02_CHEMBL1080902_best_CNNaffinity.pdb
These residues will be redesigned:  ['A1', 'A2', 'A3', 'A4', 'A5', 'A6', 'A7', 'A8', 'A9', 'A10', 'A11', 'A12', 'A15', 'A16', 'A17', 'A18', 'A19', 'A20', 'A21', 'A22', 'A23', 'A24', 'A25', 'A26', 'A27', 'A28', 'A29', 'A30', 'A31', 'A32', 'A33', 'A34', 'A35', 'A44', 'A45', 'A46', 'A47', 'A48', 'A49', 'A50', 'A51', 'A52', 'A53', 'A54', 'A55', 'A56', 'A57', 'A58', 'A59', 'A60', 'A61', 'A62', 'A63', 'A64', 'A65', 'A66', 'A67', 'A68', 'A69', 'A70', 'A71', 'A72', 'A73', 'A74', 'A75', 'A76', 'A77', 'A78', 'A79', 'A80', 'A81', 'A82', 'A83', 'A84', 'A85', 'A86', 'A87', 'A88', 'A89', 'A90', 'A91', 'A92', 'A93', 'A94', 'A95', 'A96', 'A97', 'A98', 'A99', 'A100', 'A101', 'A102', 'A103', 'A104', 'A105', 'A106', 'A107', 'A108', 'A109', 'A110', 'A111', 'A112', 'A113', 'A114', 'A115', 'A116', 'A117', 'A118', 'A119', 'A120', 'A121', 'A122', 'A123', 'A124', 'A125', 'A126', 'A127', 'A128', 'A129', 'A130', 'A131', 'A132', 'A133', 'A134', 'A135', 'A136', 'A137', 'A138', 'A139', 'A140', 'A141', 'A142', 'A143', 'A144', 'A145', 'A146', 'A147', 'A148', 'A149', 'A150', 'A151', 'A162', 'A163', 'A164', 'A165', 'A166', 'A167', 'A168', 'A169', 'A170', 'A171', 'A172', 'A173', 'A174', 'A175', 'A176', 'A177', 'A178', 'A179', 'A180', 'A181', 'A182', 'A183', 'A184', 'A185', 'A186', 'A187', 'A188', 'A189', 'A190', 'A191', 'A192', 'A193', 'A194', 'A195', 'A196', 'A197', 'A198', 'A199', 'A200', 'A201', 'A202', 'A203', 'A204', 'A205', 'A206', 'A207', 'A208', 'A209', 'A210', 'A211', 'A212', 'A213', 'A214', 'A215', 'A216', 'A217', 'A218', 'A219', 'A220', 'A221', 'A222', 'A223', 'A224', 'A225', 'A226', 'A227', 'A228', 'A229', 'A230', 'A231', 'A232', 'A233', 'A234', 'A235', 'A236', 'A237', 'A238', 'A239', 'A240', 'A241', 'A242', 'A243', 'A244', 'A245', 'A246', 'A247', 'A248', 'A249', 'A250', 'A251', 'A252', 'A253', 'A254', 'A255', 'A256', 'A257', 'A258', 'A259', 'A260', 'A261', 'A262', 'A263', 'A264', 'A265', 'A266', 'A267', 'A268', 'A269', 'A270', 'A271', 'A272', 'A273', 'A274', 'A275', 'A276', 'A277', 'A278', 'A279', 'A280', 'A281', 'A282', 'A283', 'A284', 'A285', 'A286', 'A287', 'A288', 'A289', 'A290', 'A291', 'A292', 'A293', 'A294', 'A295', 'A296', 'A297', 'A298']
These residues will be fixed:  []
The number of ligand atoms parsed is equal to: 24
Type: C, Coords [-1.375 28.346 11.158], Mask 1
Type: N, Coords [-2.477 29.029 11.316], Mask 1
Type: N, Coords [-2.411 30.257 10.658], Mask 1
Type: C, Coords [-1.22  30.394 10.041], Mask 1
Type: O, Coords [-0.843 31.348  9.382], Mask 1
Type: C, Coords [-0.465 29.164 10.33 ], Mask 1
Type: N, Coords [ 0.755 28.858  9.933], Mask 1
Type: C, Coords [-0.552 24.491 12.752], Mask 1
Type: C, Coords [-0.372 25.62  13.54 ], Mask 1
Type: C, Coords [-0.637 26.871 13.027], Mask 1
Type: C, Coords [-1.088 27.003 11.713], Mask 1
Type: C, Coords [-1.268 25.867 10.924], Mask 1
Type: C, Coords [-0.995 24.619 11.442], Mask 1
Type: C, Coords [-0.295 22.163 12.344], Mask 1
Type: O, Coords [-0.29  23.259 13.261], Mask 1
Type: N, Coords [ 1.425 29.688  9.207], Mask 1
Type: C, Coords [ 2.435 29.221  8.365], Mask 1
Type: C, Coords [ 2.393 29.504  7.004], Mask 1
Type: C, Coords [ 3.393 29.042  6.172], Mask 1
Type: C, Coords [ 4.437 28.297  6.688], Mask 1
Type: C, Coords [ 4.484 28.011  8.045], Mask 1
Type: C, Coords [ 3.486 28.477  8.886], Mask 1
Type: O, Coords [ 5.511 27.278  8.55 ], Mask 1
Type: C, Coords [ 6.207 26.424  7.64 ], Mask 1
Designing protein from this path: /home/tedeschg/prj/protein-perturbation/data/cdk2/03.complexes_dude/actives_03_CHEMBL430653_best_CNNaffinity.pdb
These residues will be redesigned:  ['A1', 'A2', 'A3', 'A4', 'A5', 'A6', 'A7', 'A8', 'A9', 'A10', 'A11', 'A12', 'A15', 'A16', 'A17', 'A18', 'A19', 'A20', 'A21', 'A22', 'A23', 'A24', 'A25', 'A26', 'A27', 'A28', 'A29', 'A30', 'A31', 'A32', 'A33', 'A34', 'A35', 'A44', 'A45', 'A46', 'A47', 'A48', 'A49', 'A50', 'A51', 'A52', 'A53', 'A54', 'A55', 'A56', 'A57', 'A58', 'A59', 'A60', 'A61', 'A62', 'A63', 'A64', 'A65', 'A66', 'A67', 'A68', 'A69', 'A70', 'A71', 'A72', 'A73', 'A74', 'A75', 'A76', 'A77', 'A78', 'A79', 'A80', 'A81', 'A82', 'A83', 'A84', 'A85', 'A86', 'A87', 'A88', 'A89', 'A90', 'A91', 'A92', 'A93', 'A94', 'A95', 'A96', 'A97', 'A98', 'A99', 'A100', 'A101', 'A102', 'A103', 'A104', 'A105', 'A106', 'A107', 'A108', 'A109', 'A110', 'A111', 'A112', 'A113', 'A114', 'A115', 'A116', 'A117', 'A118', 'A119', 'A120', 'A121', 'A122', 'A123', 'A124', 'A125', 'A126', 'A127', 'A128', 'A129', 'A130', 'A131', 'A132', 'A133', 'A134', 'A135', 'A136', 'A137', 'A138', 'A139', 'A140', 'A141', 'A142', 'A143', 'A144', 'A145', 'A146', 'A147', 'A148', 'A149', 'A150', 'A151', 'A162', 'A163', 'A164', 'A165', 'A166', 'A167', 'A168', 'A169', 'A170', 'A171', 'A172', 'A173', 'A174', 'A175', 'A176', 'A177', 'A178', 'A179', 'A180', 'A181', 'A182', 'A183', 'A184', 'A185', 'A186', 'A187', 'A188', 'A189', 'A190', 'A191', 'A192', 'A193', 'A194', 'A195', 'A196', 'A197', 'A198', 'A199', 'A200', 'A201', 'A202', 'A203', 'A204', 'A205', 'A206', 'A207', 'A208', 'A209', 'A210', 'A211', 'A212', 'A213', 'A214', 'A215', 'A216', 'A217', 'A218', 'A219', 'A220', 'A221', 'A222', 'A223', 'A224', 'A225', 'A226', 'A227', 'A228', 'A229', 'A230', 'A231', 'A232', 'A233', 'A234', 'A235', 'A236', 'A237', 'A238', 'A239', 'A240', 'A241', 'A242', 'A243', 'A244', 'A245', 'A246', 'A247', 'A248', 'A249', 'A250', 'A251', 'A252', 'A253', 'A254', 'A255', 'A256', 'A257', 'A258', 'A259', 'A260', 'A261', 'A262', 'A263', 'A264', 'A265', 'A266', 'A267', 'A268', 'A269', 'A270', 'A271', 'A272', 'A273', 'A274', 'A275', 'A276', 'A277', 'A278', 'A279', 'A280', 'A281', 'A282', 'A283', 'A284', 'A285', 'A286', 'A287', 'A288', 'A289', 'A290', 'A291', 'A292', 'A293', 'A294', 'A295', 'A296', 'A297', 'A298']
These residues will be fixed:  []
The number of ligand atoms parsed is equal to: 23
Type: C, Coords [ 0.203 30.196  8.706], Mask 1
Type: C, Coords [ 0.803 30.885  7.697], Mask 1
Type: N, Coords [ 2.068 30.641  7.402], Mask 1
Type: C, Coords [ 2.766 29.739  8.068], Mask 1
Type: S, Coords [ 1.554 29.155  9.245], Mask 1
Type: N, Coords [ 4.091 29.352  7.901], Mask 1
Type: C, Coords [ 4.408 28.316  7.029], Mask 1
Type: C, Coords [ 3.9   28.326  5.734], Mask 1
Type: C, Coords [ 4.224 27.29   4.877], Mask 1
Type: C, Coords [ 5.048 26.275  5.345], Mask 1
Type: C, Coords [ 5.517 26.329  6.642], Mask 1
Type: N, Coords [ 5.196 27.333  7.437], Mask 1
Type: S, Coords [-1.446 30.304  9.317], Mask 1
Type: C, Coords [-1.246 30.312 11.12 ], Mask 1
Type: C, Coords [-1.558 27.072 12.734], Mask 1
Type: C, Coords [-2.751 27.182 12.125], Mask 1
Type: N, Coords [-2.77  28.361 11.477], Mask 1
Type: C, Coords [-1.632 28.964 11.674], Mask 1
Type: O, Coords [-0.864 28.192 12.454], Mask 1
Type: C, Coords [-0.625 26.433 14.941], Mask 1
Type: C, Coords [-1.088 25.915 13.578], Mask 1
Type: C, Coords [ 0.076 25.212 12.877], Mask 1
Type: C, Coords [-2.238 24.925 13.773], Mask 1
Designing protein from this path: /home/tedeschg/prj/protein-perturbation/data/cdk2/03.complexes_dude/actives_04_CHEMBL564470_best_CNNaffinity.pdb
These residues will be redesigned:  ['A1', 'A2', 'A3', 'A4', 'A5', 'A6', 'A7', 'A8', 'A9', 'A10', 'A11', 'A12', 'A15', 'A16', 'A17', 'A18', 'A19', 'A20', 'A21', 'A22', 'A23', 'A24', 'A25', 'A26', 'A27', 'A28', 'A29', 'A30', 'A31', 'A32', 'A33', 'A34', 'A35', 'A44', 'A45', 'A46', 'A47', 'A48', 'A49', 'A50', 'A51', 'A52', 'A53', 'A54', 'A55', 'A56', 'A57', 'A58', 'A59', 'A60', 'A61', 'A62', 'A63', 'A64', 'A65', 'A66', 'A67', 'A68', 'A69', 'A70', 'A71', 'A72', 'A73', 'A74', 'A75', 'A76', 'A77', 'A78', 'A79', 'A80', 'A81', 'A82', 'A83', 'A84', 'A85', 'A86', 'A87', 'A88', 'A89', 'A90', 'A91', 'A92', 'A93', 'A94', 'A95', 'A96', 'A97', 'A98', 'A99', 'A100', 'A101', 'A102', 'A103', 'A104', 'A105', 'A106', 'A107', 'A108', 'A109', 'A110', 'A111', 'A112', 'A113', 'A114', 'A115', 'A116', 'A117', 'A118', 'A119', 'A120', 'A121', 'A122', 'A123', 'A124', 'A125', 'A126', 'A127', 'A128', 'A129', 'A130', 'A131', 'A132', 'A133', 'A134', 'A135', 'A136', 'A137', 'A138', 'A139', 'A140', 'A141', 'A142', 'A143', 'A144', 'A145', 'A146', 'A147', 'A148', 'A149', 'A150', 'A151', 'A162', 'A163', 'A164', 'A165', 'A166', 'A167', 'A168', 'A169', 'A170', 'A171', 'A172', 'A173', 'A174', 'A175', 'A176', 'A177', 'A178', 'A179', 'A180', 'A181', 'A182', 'A183', 'A184', 'A185', 'A186', 'A187', 'A188', 'A189', 'A190', 'A191', 'A192', 'A193', 'A194', 'A195', 'A196', 'A197', 'A198', 'A199', 'A200', 'A201', 'A202', 'A203', 'A204', 'A205', 'A206', 'A207', 'A208', 'A209', 'A210', 'A211', 'A212', 'A213', 'A214', 'A215', 'A216', 'A217', 'A218', 'A219', 'A220', 'A221', 'A222', 'A223', 'A224', 'A225', 'A226', 'A227', 'A228', 'A229', 'A230', 'A231', 'A232', 'A233', 'A234', 'A235', 'A236', 'A237', 'A238', 'A239', 'A240', 'A241', 'A242', 'A243', 'A244', 'A245', 'A246', 'A247', 'A248', 'A249', 'A250', 'A251', 'A252', 'A253', 'A254', 'A255', 'A256', 'A257', 'A258', 'A259', 'A260', 'A261', 'A262', 'A263', 'A264', 'A265', 'A266', 'A267', 'A268', 'A269', 'A270', 'A271', 'A272', 'A273', 'A274', 'A275', 'A276', 'A277', 'A278', 'A279', 'A280', 'A281', 'A282', 'A283', 'A284', 'A285', 'A286', 'A287', 'A288', 'A289', 'A290', 'A291', 'A292', 'A293', 'A294', 'A295', 'A296', 'A297', 'A298']
These residues will be fixed:  []
The number of ligand atoms parsed is equal to: 35
Type: C, Coords [-1.298 29.232 12.469], Mask 1
Type: C, Coords [-0.74  29.009 11.062], Mask 1
Type: C, Coords [ 0.056 30.241 10.629], Mask 1
Type: C, Coords [ 0.911 29.976  9.425], Mask 1
Type: C, Coords [ 1.125 30.96   8.477], Mask 1
Type: N, Coords [ 1.907 30.698  7.441], Mask 1
Type: C, Coords [ 2.491 29.516  7.298], Mask 1
Type: N, Coords [ 2.307 28.539  8.176], Mask 1
Type: C, Coords [ 1.524 28.73   9.227], Mask 1
Type: C, Coords [ 1.216 27.665 10.197], Mask 1
Type: C, Coords [ 0.154 27.804 11.064], Mask 1
Type: C, Coords [ 0.149 26.645 11.842], Mask 1
Type: N, Coords [ 1.145 25.884 11.412], Mask 1
Type: N, Coords [ 1.769 26.461 10.441], Mask 1
Type: C, Coords [ 2.907 25.892  9.714], Mask 1
Type: C, Coords [-1.897 28.783 10.086], Mask 1
Type: C, Coords [-0.788 26.328 12.939], Mask 1
Type: O, Coords [-0.43  26.439 14.096], Mask 1
Type: N, Coords [-2.04  25.915 12.658], Mask 1
Type: C, Coords [-2.969 25.601 13.745], Mask 1
Type: N, Coords [ 3.313 29.297  6.205], Mask 1
Type: C, Coords [ 4.164 28.188  6.181], Mask 1
Type: C, Coords [ 4.971 27.905  7.277], Mask 1
Type: C, Coords [ 5.809 26.809  7.251], Mask 1
Type: C, Coords [ 5.847 25.991  6.135], Mask 1
Type: C, Coords [ 5.046 26.27   5.043], Mask 1
Type: C, Coords [ 4.201 27.362  5.065], Mask 1
Type: C, Coords [ 5.091 25.377  3.83 ], Mask 1
Type: N, Coords [ 5.92  26.003  2.791], Mask 1
Type: C, Coords [ 7.287 25.472  2.87 ], Mask 1
Type: C, Coords [ 8.146 26.11   1.776], Mask 1
Type: N, Coords [ 8.158 27.569  1.955], Mask 1
Type: C, Coords [ 6.793 28.112  1.904], Mask 1
Type: C, Coords [ 5.945 27.457  2.997], Mask 1
Type: C, Coords [ 9.02  28.215  0.956], Mask 1
Designing protein from this path: /home/tedeschg/prj/protein-perturbation/data/cdk2/03.complexes_dude/actives_05_CHEMBL340741_best_CNNaffinity.pdb
These residues will be redesigned:  ['A1', 'A2', 'A3', 'A4', 'A5', 'A6', 'A7', 'A8', 'A9', 'A10', 'A11', 'A12', 'A15', 'A16', 'A17', 'A18', 'A19', 'A20', 'A21', 'A22', 'A23', 'A24', 'A25', 'A26', 'A27', 'A28', 'A29', 'A30', 'A31', 'A32', 'A33', 'A34', 'A35', 'A44', 'A45', 'A46', 'A47', 'A48', 'A49', 'A50', 'A51', 'A52', 'A53', 'A54', 'A55', 'A56', 'A57', 'A58', 'A59', 'A60', 'A61', 'A62', 'A63', 'A64', 'A65', 'A66', 'A67', 'A68', 'A69', 'A70', 'A71', 'A72', 'A73', 'A74', 'A75', 'A76', 'A77', 'A78', 'A79', 'A80', 'A81', 'A82', 'A83', 'A84', 'A85', 'A86', 'A87', 'A88', 'A89', 'A90', 'A91', 'A92', 'A93', 'A94', 'A95', 'A96', 'A97', 'A98', 'A99', 'A100', 'A101', 'A102', 'A103', 'A104', 'A105', 'A106', 'A107', 'A108', 'A109', 'A110', 'A111', 'A112', 'A113', 'A114', 'A115', 'A116', 'A117', 'A118', 'A119', 'A120', 'A121', 'A122', 'A123', 'A124', 'A125', 'A126', 'A127', 'A128', 'A129', 'A130', 'A131', 'A132', 'A133', 'A134', 'A135', 'A136', 'A137', 'A138', 'A139', 'A140', 'A141', 'A142', 'A143', 'A144', 'A145', 'A146', 'A147', 'A148', 'A149', 'A150', 'A151', 'A162', 'A163', 'A164', 'A165', 'A166', 'A167', 'A168', 'A169', 'A170', 'A171', 'A172', 'A173', 'A174', 'A175', 'A176', 'A177', 'A178', 'A179', 'A180', 'A181', 'A182', 'A183', 'A184', 'A185', 'A186', 'A187', 'A188', 'A189', 'A190', 'A191', 'A192', 'A193', 'A194', 'A195', 'A196', 'A197', 'A198', 'A199', 'A200', 'A201', 'A202', 'A203', 'A204', 'A205', 'A206', 'A207', 'A208', 'A209', 'A210', 'A211', 'A212', 'A213', 'A214', 'A215', 'A216', 'A217', 'A218', 'A219', 'A220', 'A221', 'A222', 'A223', 'A224', 'A225', 'A226', 'A227', 'A228', 'A229', 'A230', 'A231', 'A232', 'A233', 'A234', 'A235', 'A236', 'A237', 'A238', 'A239', 'A240', 'A241', 'A242', 'A243', 'A244', 'A245', 'A246', 'A247', 'A248', 'A249', 'A250', 'A251', 'A252', 'A253', 'A254', 'A255', 'A256', 'A257', 'A258', 'A259', 'A260', 'A261', 'A262', 'A263', 'A264', 'A265', 'A266', 'A267', 'A268', 'A269', 'A270', 'A271', 'A272', 'A273', 'A274', 'A275', 'A276', 'A277', 'A278', 'A279', 'A280', 'A281', 'A282', 'A283', 'A284', 'A285', 'A286', 'A287', 'A288', 'A289', 'A290', 'A291', 'A292', 'A293', 'A294', 'A295', 'A296', 'A297', 'A298']
These residues will be fixed:  []
The number of ligand atoms parsed is equal to: 17
Type: C, Coords [-1.185 28.037 12.584], Mask 1
Type: N, Coords [-2.287 27.685 11.948], Mask 1
Type: C, Coords [-2.837 28.471 11.042], Mask 1
Type: C, Coords [-2.261 29.672 10.753], Mask 1
Type: S, Coords [-0.86  29.641 11.864], Mask 1
Type: C, Coords [-0.35  25.914 15.572], Mask 1
Type: C, Coords [-1.125 26.662 14.517], Mask 1
Type: O, Coords [-2.337 26.648 14.531], Mask 1
Type: N, Coords [-0.469 27.346 13.558], Mask 1
Type: S, Coords [-2.761 30.913  9.607], Mask 1
Type: C, Coords [-1.446 32.158  9.708], Mask 1
Type: C, Coords [-0.358 31.821  8.722], Mask 1
Type: C, Coords [-0.1   30.5    8.385], Mask 1
Type: C, Coords [ 0.91  30.237  7.473], Mask 1
Type: C, Coords [ 1.623 31.291  6.934], Mask 1
Type: N, Coords [ 1.35  32.535  7.277], Mask 1
Type: C, Coords [ 0.392 32.823  8.137], Mask 1
Designing protein from this path: /home/tedeschg/prj/protein-perturbation/data/cdk2/03.complexes_dude/actives_06_CHEMBL358281_best_CNNaffinity.pdb
These residues will be redesigned:  ['A1', 'A2', 'A3', 'A4', 'A5', 'A6', 'A7', 'A8', 'A9', 'A10', 'A11', 'A12', 'A15', 'A16', 'A17', 'A18', 'A19', 'A20', 'A21', 'A22', 'A23', 'A24', 'A25', 'A26', 'A27', 'A28', 'A29', 'A30', 'A31', 'A32', 'A33', 'A34', 'A35', 'A44', 'A45', 'A46', 'A47', 'A48', 'A49', 'A50', 'A51', 'A52', 'A53', 'A54', 'A55', 'A56', 'A57', 'A58', 'A59', 'A60', 'A61', 'A62', 'A63', 'A64', 'A65', 'A66', 'A67', 'A68', 'A69', 'A70', 'A71', 'A72', 'A73', 'A74', 'A75', 'A76', 'A77', 'A78', 'A79', 'A80', 'A81', 'A82', 'A83', 'A84', 'A85', 'A86', 'A87', 'A88', 'A89', 'A90', 'A91', 'A92', 'A93', 'A94', 'A95', 'A96', 'A97', 'A98', 'A99', 'A100', 'A101', 'A102', 'A103', 'A104', 'A105', 'A106', 'A107', 'A108', 'A109', 'A110', 'A111', 'A112', 'A113', 'A114', 'A115', 'A116', 'A117', 'A118', 'A119', 'A120', 'A121', 'A122', 'A123', 'A124', 'A125', 'A126', 'A127', 'A128', 'A129', 'A130', 'A131', 'A132', 'A133', 'A134', 'A135', 'A136', 'A137', 'A138', 'A139', 'A140', 'A141', 'A142', 'A143', 'A144', 'A145', 'A146', 'A147', 'A148', 'A149', 'A150', 'A151', 'A162', 'A163', 'A164', 'A165', 'A166', 'A167', 'A168', 'A169', 'A170', 'A171', 'A172', 'A173', 'A174', 'A175', 'A176', 'A177', 'A178', 'A179', 'A180', 'A181', 'A182', 'A183', 'A184', 'A185', 'A186', 'A187', 'A188', 'A189', 'A190', 'A191', 'A192', 'A193', 'A194', 'A195', 'A196', 'A197', 'A198', 'A199', 'A200', 'A201', 'A202', 'A203', 'A204', 'A205', 'A206', 'A207', 'A208', 'A209', 'A210', 'A211', 'A212', 'A213', 'A214', 'A215', 'A216', 'A217', 'A218', 'A219', 'A220', 'A221', 'A222', 'A223', 'A224', 'A225', 'A226', 'A227', 'A228', 'A229', 'A230', 'A231', 'A232', 'A233', 'A234', 'A235', 'A236', 'A237', 'A238', 'A239', 'A240', 'A241', 'A242', 'A243', 'A244', 'A245', 'A246', 'A247', 'A248', 'A249', 'A250', 'A251', 'A252', 'A253', 'A254', 'A255', 'A256', 'A257', 'A258', 'A259', 'A260', 'A261', 'A262', 'A263', 'A264', 'A265', 'A266', 'A267', 'A268', 'A269', 'A270', 'A271', 'A272', 'A273', 'A274', 'A275', 'A276', 'A277', 'A278', 'A279', 'A280', 'A281', 'A282', 'A283', 'A284', 'A285', 'A286', 'A287', 'A288', 'A289', 'A290', 'A291', 'A292', 'A293', 'A294', 'A295', 'A296', 'A297', 'A298']
These residues will be fixed:  []
The number of ligand atoms parsed is equal to: 32
Type: C, Coords [ 2.261 30.044  7.608], Mask 1
Type: C, Coords [ 1.081 29.898  8.325], Mask 1
Type: C, Coords [ 0.357 31.166  8.204], Mask 1
Type: N, Coords [ 1.09  31.963  7.466], Mask 1
Type: N, Coords [ 2.265 31.305  7.092], Mask 1
Type: C, Coords [-0.91  31.032  8.964], Mask 1
Type: C, Coords [-1.955 31.921  9.178], Mask 1
Type: C, Coords [-3.047 31.544  9.942], Mask 1
Type: C, Coords [-3.111 30.283 10.499], Mask 1
Type: C, Coords [-2.075 29.376 10.299], Mask 1
Type: C, Coords [-0.966 29.745  9.528], Mask 1
Type: C, Coords [ 0.257 29.006  9.153], Mask 1
Type: O, Coords [ 0.531 27.865  9.471], Mask 1
Type: C, Coords [ 5.298 27.116  7.13 ], Mask 1
Type: C, Coords [ 4.642 27.621  6.014], Mask 1
Type: C, Coords [ 3.656 28.571  6.165], Mask 1
Type: C, Coords [ 3.316 29.026  7.442], Mask 1
Type: C, Coords [ 3.978 28.515  8.561], Mask 1
Type: C, Coords [ 4.96  27.561  8.402], Mask 1
Type: C, Coords [ 6.121 24.964  7.712], Mask 1
Type: O, Coords [ 6.27  26.18   6.977], Mask 1
Type: N, Coords [-2.142 28.105 10.862], Mask 1
Type: C, Coords [-1.62  27.882 12.085], Mask 1
Type: O, Coords [-1.184 28.809 12.738], Mask 1
Type: N, Coords [-1.583 26.63  12.583], Mask 1
Type: C, Coords [-1.016 26.388 13.912], Mask 1
Type: C, Coords [-0.584 24.948 14.019], Mask 1
Type: C, Coords [-0.876 24.221 15.158], Mask 1
Type: C, Coords [-0.479 22.901 15.256], Mask 1
Type: C, Coords [ 0.209 22.306 14.215], Mask 1
Type: C, Coords [ 0.5   23.033 13.075], Mask 1
Type: C, Coords [ 0.1   24.352 12.976], Mask 1
Designing protein from this path: /home/tedeschg/prj/protein-perturbation/data/cdk2/03.complexes_dude/actives_07_CHEMBL509406_best_CNNaffinity.pdb
These residues will be redesigned:  ['A1', 'A2', 'A3', 'A4', 'A5', 'A6', 'A7', 'A8', 'A9', 'A10', 'A11', 'A12', 'A15', 'A16', 'A17', 'A18', 'A19', 'A20', 'A21', 'A22', 'A23', 'A24', 'A25', 'A26', 'A27', 'A28', 'A29', 'A30', 'A31', 'A32', 'A33', 'A34', 'A35', 'A44', 'A45', 'A46', 'A47', 'A48', 'A49', 'A50', 'A51', 'A52', 'A53', 'A54', 'A55', 'A56', 'A57', 'A58', 'A59', 'A60', 'A61', 'A62', 'A63', 'A64', 'A65', 'A66', 'A67', 'A68', 'A69', 'A70', 'A71', 'A72', 'A73', 'A74', 'A75', 'A76', 'A77', 'A78', 'A79', 'A80', 'A81', 'A82', 'A83', 'A84', 'A85', 'A86', 'A87', 'A88', 'A89', 'A90', 'A91', 'A92', 'A93', 'A94', 'A95', 'A96', 'A97', 'A98', 'A99', 'A100', 'A101', 'A102', 'A103', 'A104', 'A105', 'A106', 'A107', 'A108', 'A109', 'A110', 'A111', 'A112', 'A113', 'A114', 'A115', 'A116', 'A117', 'A118', 'A119', 'A120', 'A121', 'A122', 'A123', 'A124', 'A125', 'A126', 'A127', 'A128', 'A129', 'A130', 'A131', 'A132', 'A133', 'A134', 'A135', 'A136', 'A137', 'A138', 'A139', 'A140', 'A141', 'A142', 'A143', 'A144', 'A145', 'A146', 'A147', 'A148', 'A149', 'A150', 'A151', 'A162', 'A163', 'A164', 'A165', 'A166', 'A167', 'A168', 'A169', 'A170', 'A171', 'A172', 'A173', 'A174', 'A175', 'A176', 'A177', 'A178', 'A179', 'A180', 'A181', 'A182', 'A183', 'A184', 'A185', 'A186', 'A187', 'A188', 'A189', 'A190', 'A191', 'A192', 'A193', 'A194', 'A195', 'A196', 'A197', 'A198', 'A199', 'A200', 'A201', 'A202', 'A203', 'A204', 'A205', 'A206', 'A207', 'A208', 'A209', 'A210', 'A211', 'A212', 'A213', 'A214', 'A215', 'A216', 'A217', 'A218', 'A219', 'A220', 'A221', 'A222', 'A223', 'A224', 'A225', 'A226', 'A227', 'A228', 'A229', 'A230', 'A231', 'A232', 'A233', 'A234', 'A235', 'A236', 'A237', 'A238', 'A239', 'A240', 'A241', 'A242', 'A243', 'A244', 'A245', 'A246', 'A247', 'A248', 'A249', 'A250', 'A251', 'A252', 'A253', 'A254', 'A255', 'A256', 'A257', 'A258', 'A259', 'A260', 'A261', 'A262', 'A263', 'A264', 'A265', 'A266', 'A267', 'A268', 'A269', 'A270', 'A271', 'A272', 'A273', 'A274', 'A275', 'A276', 'A277', 'A278', 'A279', 'A280', 'A281', 'A282', 'A283', 'A284', 'A285', 'A286', 'A287', 'A288', 'A289', 'A290', 'A291', 'A292', 'A293', 'A294', 'A295', 'A296', 'A297', 'A298']
These residues will be fixed:  []
The number of ligand atoms parsed is equal to: 34
Type: C, Coords [ 4.14  28.097  7.483], Mask 1
Type: C, Coords [ 3.782 28.595  6.233], Mask 1
Type: C, Coords [ 4.298 28.038  5.097], Mask 1
Type: C, Coords [ 5.19  26.964  5.185], Mask 1
Type: C, Coords [ 5.552 26.462  6.441], Mask 1
Type: C, Coords [ 5.03  27.033  7.584], Mask 1
Type: F, Coords [ 6.412 25.424  6.534], Mask 1
Type: C, Coords [ 5.746 26.363  3.96 ], Mask 1
Type: O, Coords [ 5.347 25.28   3.579], Mask 1
Type: N, Coords [ 6.698 27.015  3.262], Mask 1
Type: C, Coords [ 7.251 26.417  2.044], Mask 1
Type: C, Coords [ 6.344 26.746  0.855], Mask 1
Type: C, Coords [ 6.884 26.053 -0.398], Mask 1
Type: N, Coords [ 6.909 24.601 -0.187], Mask 1
Type: C, Coords [ 7.832 24.273  0.906], Mask 1
Type: C, Coords [ 7.329 24.897  2.209], Mask 1
Type: C, Coords [ 7.354 23.936 -1.419], Mask 1
Type: N, Coords [ 3.61  28.67   8.636], Mask 1
Type: C, Coords [ 0.24  29.664  9.259], Mask 1
Type: C, Coords [ 0.14  30.793  8.433], Mask 1
Type: C, Coords [ 1.246 31.165  7.691], Mask 1
Type: N, Coords [ 2.358 30.451  7.783], Mask 1
Type: C, Coords [ 2.426 29.389  8.572], Mask 1
Type: N, Coords [ 1.395 28.998  9.303], Mask 1
Type: F, Coords [-1.01  31.498  8.363], Mask 1
Type: C, Coords [-2.883 26.865 12.053], Mask 1
Type: C, Coords [-2.276 28.012 11.288], Mask 1
Type: N, Coords [-2.807 29.198 11.151], Mask 1
Type: C, Coords [-2.    29.967 10.413], Mask 1
Type: C, Coords [-0.911 29.224 10.072], Mask 1
Type: N, Coords [-1.094 27.981 10.638], Mask 1
Type: C, Coords [-0.179 26.84  10.549], Mask 1
Type: C, Coords [ 0.18  26.363 11.958], Mask 1
Type: C, Coords [-0.856 25.703  9.782], Mask 1
Designing protein from this path: /home/tedeschg/prj/protein-perturbation/data/cdk2/03.complexes_dude/actives_08_CHEMBL363077_best_CNNaffinity.pdb
These residues will be redesigned:  ['A1', 'A2', 'A3', 'A4', 'A5', 'A6', 'A7', 'A8', 'A9', 'A10', 'A11', 'A12', 'A15', 'A16', 'A17', 'A18', 'A19', 'A20', 'A21', 'A22', 'A23', 'A24', 'A25', 'A26', 'A27', 'A28', 'A29', 'A30', 'A31', 'A32', 'A33', 'A34', 'A35', 'A44', 'A45', 'A46', 'A47', 'A48', 'A49', 'A50', 'A51', 'A52', 'A53', 'A54', 'A55', 'A56', 'A57', 'A58', 'A59', 'A60', 'A61', 'A62', 'A63', 'A64', 'A65', 'A66', 'A67', 'A68', 'A69', 'A70', 'A71', 'A72', 'A73', 'A74', 'A75', 'A76', 'A77', 'A78', 'A79', 'A80', 'A81', 'A82', 'A83', 'A84', 'A85', 'A86', 'A87', 'A88', 'A89', 'A90', 'A91', 'A92', 'A93', 'A94', 'A95', 'A96', 'A97', 'A98', 'A99', 'A100', 'A101', 'A102', 'A103', 'A104', 'A105', 'A106', 'A107', 'A108', 'A109', 'A110', 'A111', 'A112', 'A113', 'A114', 'A115', 'A116', 'A117', 'A118', 'A119', 'A120', 'A121', 'A122', 'A123', 'A124', 'A125', 'A126', 'A127', 'A128', 'A129', 'A130', 'A131', 'A132', 'A133', 'A134', 'A135', 'A136', 'A137', 'A138', 'A139', 'A140', 'A141', 'A142', 'A143', 'A144', 'A145', 'A146', 'A147', 'A148', 'A149', 'A150', 'A151', 'A162', 'A163', 'A164', 'A165', 'A166', 'A167', 'A168', 'A169', 'A170', 'A171', 'A172', 'A173', 'A174', 'A175', 'A176', 'A177', 'A178', 'A179', 'A180', 'A181', 'A182', 'A183', 'A184', 'A185', 'A186', 'A187', 'A188', 'A189', 'A190', 'A191', 'A192', 'A193', 'A194', 'A195', 'A196', 'A197', 'A198', 'A199', 'A200', 'A201', 'A202', 'A203', 'A204', 'A205', 'A206', 'A207', 'A208', 'A209', 'A210', 'A211', 'A212', 'A213', 'A214', 'A215', 'A216', 'A217', 'A218', 'A219', 'A220', 'A221', 'A222', 'A223', 'A224', 'A225', 'A226', 'A227', 'A228', 'A229', 'A230', 'A231', 'A232', 'A233', 'A234', 'A235', 'A236', 'A237', 'A238', 'A239', 'A240', 'A241', 'A242', 'A243', 'A244', 'A245', 'A246', 'A247', 'A248', 'A249', 'A250', 'A251', 'A252', 'A253', 'A254', 'A255', 'A256', 'A257', 'A258', 'A259', 'A260', 'A261', 'A262', 'A263', 'A264', 'A265', 'A266', 'A267', 'A268', 'A269', 'A270', 'A271', 'A272', 'A273', 'A274', 'A275', 'A276', 'A277', 'A278', 'A279', 'A280', 'A281', 'A282', 'A283', 'A284', 'A285', 'A286', 'A287', 'A288', 'A289', 'A290', 'A291', 'A292', 'A293', 'A294', 'A295', 'A296', 'A297', 'A298']
These residues will be fixed:  []
The number of ligand atoms parsed is equal to: 34
Type: C, Coords [ 2.41  29.959  7.53 ], Mask 1
Type: C, Coords [ 1.263 29.894  8.31 ], Mask 1
Type: C, Coords [ 0.586 31.185  8.167], Mask 1
Type: N, Coords [ 1.312 31.918  7.359], Mask 1
Type: N, Coords [ 2.439 31.195  6.958], Mask 1
Type: C, Coords [-0.646 31.138  8.993], Mask 1
Type: C, Coords [-1.643 32.078  9.217], Mask 1
Type: C, Coords [-2.709 31.781 10.05 ], Mask 1
Type: C, Coords [-2.795 30.549 10.665], Mask 1
Type: C, Coords [-1.808 29.591 10.456], Mask 1
Type: C, Coords [-0.725 29.88   9.616], Mask 1
Type: C, Coords [ 0.446 29.074  9.216], Mask 1
Type: O, Coords [ 0.691 27.937  9.571], Mask 1
Type: C, Coords [ 5.299 26.887  7.037], Mask 1
Type: C, Coords [ 4.646 27.408  5.927], Mask 1
Type: C, Coords [ 3.708 28.404  6.082], Mask 1
Type: C, Coords [ 3.414 28.891  7.359], Mask 1
Type: C, Coords [ 4.073 28.364  8.473], Mask 1
Type: C, Coords [ 5.006 27.364  8.309], Mask 1
Type: C, Coords [ 6.457 25.441  5.548], Mask 1
Type: O, Coords [ 6.223 25.904  6.879], Mask 1
Type: N, Coords [-1.897 28.349 11.079], Mask 1
Type: C, Coords [-3.084 27.913 11.546], Mask 1
Type: O, Coords [-4.094 28.556 11.335], Mask 1
Type: N, Coords [-3.15  26.765 12.249], Mask 1
Type: N, Coords [-1.986 26.025 12.493], Mask 1
Type: C, Coords [-1.421 25.311 11.499], Mask 1
Type: O, Coords [-1.921 25.31  10.392], Mask 1
Type: C, Coords [-0.193 24.529 11.757], Mask 1
Type: C, Coords [-0.272 23.191 12.161], Mask 1
Type: C, Coords [ 0.907 22.504 12.388], Mask 1
Type: C, Coords [ 2.115 23.154 12.211], Mask 1
Type: N, Coords [ 2.159 24.417 11.831], Mask 1
Type: C, Coords [ 1.065 25.111 11.596], Mask 1
Designing protein from this path: /home/tedeschg/prj/protein-perturbation/data/cdk2/03.complexes_dude/actives_09_CHEMBL409892_best_CNNaffinity.pdb
These residues will be redesigned:  ['A1', 'A2', 'A3', 'A4', 'A5', 'A6', 'A7', 'A8', 'A9', 'A10', 'A11', 'A12', 'A15', 'A16', 'A17', 'A18', 'A19', 'A20', 'A21', 'A22', 'A23', 'A24', 'A25', 'A26', 'A27', 'A28', 'A29', 'A30', 'A31', 'A32', 'A33', 'A34', 'A35', 'A44', 'A45', 'A46', 'A47', 'A48', 'A49', 'A50', 'A51', 'A52', 'A53', 'A54', 'A55', 'A56', 'A57', 'A58', 'A59', 'A60', 'A61', 'A62', 'A63', 'A64', 'A65', 'A66', 'A67', 'A68', 'A69', 'A70', 'A71', 'A72', 'A73', 'A74', 'A75', 'A76', 'A77', 'A78', 'A79', 'A80', 'A81', 'A82', 'A83', 'A84', 'A85', 'A86', 'A87', 'A88', 'A89', 'A90', 'A91', 'A92', 'A93', 'A94', 'A95', 'A96', 'A97', 'A98', 'A99', 'A100', 'A101', 'A102', 'A103', 'A104', 'A105', 'A106', 'A107', 'A108', 'A109', 'A110', 'A111', 'A112', 'A113', 'A114', 'A115', 'A116', 'A117', 'A118', 'A119', 'A120', 'A121', 'A122', 'A123', 'A124', 'A125', 'A126', 'A127', 'A128', 'A129', 'A130', 'A131', 'A132', 'A133', 'A134', 'A135', 'A136', 'A137', 'A138', 'A139', 'A140', 'A141', 'A142', 'A143', 'A144', 'A145', 'A146', 'A147', 'A148', 'A149', 'A150', 'A151', 'A162', 'A163', 'A164', 'A165', 'A166', 'A167', 'A168', 'A169', 'A170', 'A171', 'A172', 'A173', 'A174', 'A175', 'A176', 'A177', 'A178', 'A179', 'A180', 'A181', 'A182', 'A183', 'A184', 'A185', 'A186', 'A187', 'A188', 'A189', 'A190', 'A191', 'A192', 'A193', 'A194', 'A195', 'A196', 'A197', 'A198', 'A199', 'A200', 'A201', 'A202', 'A203', 'A204', 'A205', 'A206', 'A207', 'A208', 'A209', 'A210', 'A211', 'A212', 'A213', 'A214', 'A215', 'A216', 'A217', 'A218', 'A219', 'A220', 'A221', 'A222', 'A223', 'A224', 'A225', 'A226', 'A227', 'A228', 'A229', 'A230', 'A231', 'A232', 'A233', 'A234', 'A235', 'A236', 'A237', 'A238', 'A239', 'A240', 'A241', 'A242', 'A243', 'A244', 'A245', 'A246', 'A247', 'A248', 'A249', 'A250', 'A251', 'A252', 'A253', 'A254', 'A255', 'A256', 'A257', 'A258', 'A259', 'A260', 'A261', 'A262', 'A263', 'A264', 'A265', 'A266', 'A267', 'A268', 'A269', 'A270', 'A271', 'A272', 'A273', 'A274', 'A275', 'A276', 'A277', 'A278', 'A279', 'A280', 'A281', 'A282', 'A283', 'A284', 'A285', 'A286', 'A287', 'A288', 'A289', 'A290', 'A291', 'A292', 'A293', 'A294', 'A295', 'A296', 'A297', 'A298']
These residues will be fixed:  []
The number of ligand atoms parsed is equal to: 26
Type: C, Coords [-1.256 27.395 10.599], Mask 1
Type: C, Coords [-0.559 28.329  9.884], Mask 1
Type: C, Coords [-1.091 29.624  9.788], Mask 1
Type: C, Coords [-2.32  29.913 10.431], Mask 1
Type: C, Coords [-2.855 31.21  10.337], Mask 1
Type: C, Coords [-2.205 32.177  9.638], Mask 1
Type: C, Coords [-0.988 31.916  8.994], Mask 1
Type: C, Coords [-0.43  30.643  9.068], Mask 1
Type: C, Coords [ 0.831 30.688  8.3  ], Mask 1
Type: N, Coords [ 1.684 29.705  8.103], Mask 1
Type: C, Coords [ 0.926 32.071  7.803], Mask 1
Type: O, Coords [ 1.824 32.529  7.12 ], Mask 1
Type: N, Coords [-0.159 32.736  8.235], Mask 1
Type: N, Coords [-2.952 28.955 11.116], Mask 1
Type: C, Coords [-2.459 27.743 11.207], Mask 1
Type: N, Coords [ 2.749 29.907  7.403], Mask 1
Type: C, Coords [ 3.611 28.846  7.123], Mask 1
Type: C, Coords [ 3.715 28.356  5.826], Mask 1
Type: C, Coords [ 4.569 27.306  5.553], Mask 1
Type: C, Coords [ 5.321 26.742  6.568], Mask 1
Type: C, Coords [ 5.219 27.226  7.859], Mask 1
Type: C, Coords [ 4.372 28.28   8.139], Mask 1
Type: S, Coords [ 6.409 25.402  6.215], Mask 1
Type: O, Coords [ 6.777 24.837  7.465], Mask 1
Type: O, Coords [ 5.793 24.639  5.186], Mask 1
Type: N, Coords [ 7.787 26.049  5.564], Mask 1
Designing protein from this path: /home/tedeschg/prj/protein-perturbation/data/cdk2/03.complexes_dude/actives_10_CHEMBL137357_best_CNNaffinity.pdb
These residues will be redesigned:  ['A1', 'A2', 'A3', 'A4', 'A5', 'A6', 'A7', 'A8', 'A9', 'A10', 'A11', 'A12', 'A15', 'A16', 'A17', 'A18', 'A19', 'A20', 'A21', 'A22', 'A23', 'A24', 'A25', 'A26', 'A27', 'A28', 'A29', 'A30', 'A31', 'A32', 'A33', 'A34', 'A35', 'A44', 'A45', 'A46', 'A47', 'A48', 'A49', 'A50', 'A51', 'A52', 'A53', 'A54', 'A55', 'A56', 'A57', 'A58', 'A59', 'A60', 'A61', 'A62', 'A63', 'A64', 'A65', 'A66', 'A67', 'A68', 'A69', 'A70', 'A71', 'A72', 'A73', 'A74', 'A75', 'A76', 'A77', 'A78', 'A79', 'A80', 'A81', 'A82', 'A83', 'A84', 'A85', 'A86', 'A87', 'A88', 'A89', 'A90', 'A91', 'A92', 'A93', 'A94', 'A95', 'A96', 'A97', 'A98', 'A99', 'A100', 'A101', 'A102', 'A103', 'A104', 'A105', 'A106', 'A107', 'A108', 'A109', 'A110', 'A111', 'A112', 'A113', 'A114', 'A115', 'A116', 'A117', 'A118', 'A119', 'A120', 'A121', 'A122', 'A123', 'A124', 'A125', 'A126', 'A127', 'A128', 'A129', 'A130', 'A131', 'A132', 'A133', 'A134', 'A135', 'A136', 'A137', 'A138', 'A139', 'A140', 'A141', 'A142', 'A143', 'A144', 'A145', 'A146', 'A147', 'A148', 'A149', 'A150', 'A151', 'A162', 'A163', 'A164', 'A165', 'A166', 'A167', 'A168', 'A169', 'A170', 'A171', 'A172', 'A173', 'A174', 'A175', 'A176', 'A177', 'A178', 'A179', 'A180', 'A181', 'A182', 'A183', 'A184', 'A185', 'A186', 'A187', 'A188', 'A189', 'A190', 'A191', 'A192', 'A193', 'A194', 'A195', 'A196', 'A197', 'A198', 'A199', 'A200', 'A201', 'A202', 'A203', 'A204', 'A205', 'A206', 'A207', 'A208', 'A209', 'A210', 'A211', 'A212', 'A213', 'A214', 'A215', 'A216', 'A217', 'A218', 'A219', 'A220', 'A221', 'A222', 'A223', 'A224', 'A225', 'A226', 'A227', 'A228', 'A229', 'A230', 'A231', 'A232', 'A233', 'A234', 'A235', 'A236', 'A237', 'A238', 'A239', 'A240', 'A241', 'A242', 'A243', 'A244', 'A245', 'A246', 'A247', 'A248', 'A249', 'A250', 'A251', 'A252', 'A253', 'A254', 'A255', 'A256', 'A257', 'A258', 'A259', 'A260', 'A261', 'A262', 'A263', 'A264', 'A265', 'A266', 'A267', 'A268', 'A269', 'A270', 'A271', 'A272', 'A273', 'A274', 'A275', 'A276', 'A277', 'A278', 'A279', 'A280', 'A281', 'A282', 'A283', 'A284', 'A285', 'A286', 'A287', 'A288', 'A289', 'A290', 'A291', 'A292', 'A293', 'A294', 'A295', 'A296', 'A297', 'A298']
These residues will be fixed:  []
The number of ligand atoms parsed is equal to: 33
Type: C, Coords [-1.795 30.262 10.126], Mask 1
Type: C, Coords [-1.46  29.034 10.873], Mask 1
Type: C, Coords [-1.577 27.679 10.592], Mask 1
Type: C, Coords [-1.156 26.745 11.537], Mask 1
Type: C, Coords [-0.622 27.178 12.757], Mask 1
Type: C, Coords [-0.508 28.509 13.033], Mask 1
Type: C, Coords [-0.922 29.458 12.101], Mask 1
Type: N, Coords [-0.926 30.838 12.109], Mask 1
Type: C, Coords [-1.435 31.322 10.944], Mask 1
Type: O, Coords [-1.572 32.631 10.633], Mask 1
Type: C, Coords [-1.275 25.301 11.253], Mask 1
Type: O, Coords [-1.915 24.921 10.292], Mask 1
Type: N, Coords [-0.672 24.404 12.059], Mask 1
Type: C, Coords [-0.79  22.971 11.777], Mask 1
Type: C, Coords [-1.209 22.234 13.05 ], Mask 1
Type: C, Coords [-0.824 23.068 14.273], Mask 1
Type: N, Coords [-1.228 22.363 15.492], Mask 1
Type: C, Coords [-0.41  21.995 16.527], Mask 1
Type: C, Coords [-1.187 21.376 17.436], Mask 1
Type: N, Coords [-2.444 21.365 16.969], Mask 1
Type: C, Coords [-2.477 21.959 15.808], Mask 1
Type: N, Coords [-1.581 30.259  7.851], Mask 1
Type: N, Coords [-2.337 30.338  8.893], Mask 1
Type: C, Coords [ 0.69  30.863  7.383], Mask 1
Type: C, Coords [ 2.039 30.615  7.532], Mask 1
Type: C, Coords [ 2.469 29.535  8.282], Mask 1
Type: C, Coords [ 1.551 28.695  8.889], Mask 1
Type: C, Coords [ 0.199 28.931  8.749], Mask 1
Type: C, Coords [-0.242 30.02   7.993], Mask 1
Type: S, Coords [ 4.194 29.226  8.466], Mask 1
Type: O, Coords [ 4.812 30.488  8.674], Mask 1
Type: O, Coords [ 4.319 28.155  9.391], Mask 1
Type: N, Coords [ 4.748 28.662  7.011], Mask 1
Designing protein from this path: /home/tedeschg/prj/protein-perturbation/data/cdk2/03.complexes_dude/actives_11_CHEMBL137357_best_CNNaffinity.pdb
These residues will be redesigned:  ['A1', 'A2', 'A3', 'A4', 'A5', 'A6', 'A7', 'A8', 'A9', 'A10', 'A11', 'A12', 'A15', 'A16', 'A17', 'A18', 'A19', 'A20', 'A21', 'A22', 'A23', 'A24', 'A25', 'A26', 'A27', 'A28', 'A29', 'A30', 'A31', 'A32', 'A33', 'A34', 'A35', 'A44', 'A45', 'A46', 'A47', 'A48', 'A49', 'A50', 'A51', 'A52', 'A53', 'A54', 'A55', 'A56', 'A57', 'A58', 'A59', 'A60', 'A61', 'A62', 'A63', 'A64', 'A65', 'A66', 'A67', 'A68', 'A69', 'A70', 'A71', 'A72', 'A73', 'A74', 'A75', 'A76', 'A77', 'A78', 'A79', 'A80', 'A81', 'A82', 'A83', 'A84', 'A85', 'A86', 'A87', 'A88', 'A89', 'A90', 'A91', 'A92', 'A93', 'A94', 'A95', 'A96', 'A97', 'A98', 'A99', 'A100', 'A101', 'A102', 'A103', 'A104', 'A105', 'A106', 'A107', 'A108', 'A109', 'A110', 'A111', 'A112', 'A113', 'A114', 'A115', 'A116', 'A117', 'A118', 'A119', 'A120', 'A121', 'A122', 'A123', 'A124', 'A125', 'A126', 'A127', 'A128', 'A129', 'A130', 'A131', 'A132', 'A133', 'A134', 'A135', 'A136', 'A137', 'A138', 'A139', 'A140', 'A141', 'A142', 'A143', 'A144', 'A145', 'A146', 'A147', 'A148', 'A149', 'A150', 'A151', 'A162', 'A163', 'A164', 'A165', 'A166', 'A167', 'A168', 'A169', 'A170', 'A171', 'A172', 'A173', 'A174', 'A175', 'A176', 'A177', 'A178', 'A179', 'A180', 'A181', 'A182', 'A183', 'A184', 'A185', 'A186', 'A187', 'A188', 'A189', 'A190', 'A191', 'A192', 'A193', 'A194', 'A195', 'A196', 'A197', 'A198', 'A199', 'A200', 'A201', 'A202', 'A203', 'A204', 'A205', 'A206', 'A207', 'A208', 'A209', 'A210', 'A211', 'A212', 'A213', 'A214', 'A215', 'A216', 'A217', 'A218', 'A219', 'A220', 'A221', 'A222', 'A223', 'A224', 'A225', 'A226', 'A227', 'A228', 'A229', 'A230', 'A231', 'A232', 'A233', 'A234', 'A235', 'A236', 'A237', 'A238', 'A239', 'A240', 'A241', 'A242', 'A243', 'A244', 'A245', 'A246', 'A247', 'A248', 'A249', 'A250', 'A251', 'A252', 'A253', 'A254', 'A255', 'A256', 'A257', 'A258', 'A259', 'A260', 'A261', 'A262', 'A263', 'A264', 'A265', 'A266', 'A267', 'A268', 'A269', 'A270', 'A271', 'A272', 'A273', 'A274', 'A275', 'A276', 'A277', 'A278', 'A279', 'A280', 'A281', 'A282', 'A283', 'A284', 'A285', 'A286', 'A287', 'A288', 'A289', 'A290', 'A291', 'A292', 'A293', 'A294', 'A295', 'A296', 'A297', 'A298']
These residues will be fixed:  []
The number of ligand atoms parsed is equal to: 33
Type: C, Coords [ 0.789 30.895  8.039], Mask 1
Type: C, Coords [-0.376 30.792  8.939], Mask 1
Type: C, Coords [-0.981 29.736  9.609], Mask 1
Type: C, Coords [-2.099 29.98  10.403], Mask 1
Type: C, Coords [-2.603 31.282 10.52 ], Mask 1
Type: C, Coords [-2.009 32.319  9.861], Mask 1
Type: C, Coords [-0.889 32.095  9.063], Mask 1
Type: N, Coords [-0.103 32.933  8.3  ], Mask 1
Type: C, Coords [ 0.895 32.233  7.695], Mask 1
Type: O, Coords [ 1.84  32.76   6.884], Mask 1
Type: C, Coords [-2.753 28.868 11.121], Mask 1
Type: O, Coords [-3.965 28.833 11.214], Mask 1
Type: N, Coords [-2.006 27.891 11.673], Mask 1
Type: C, Coords [-2.655 26.787 12.385], Mask 1
Type: C, Coords [-1.592 25.805 12.88 ], Mask 1
Type: C, Coords [-1.094 24.958 11.707], Mask 1
Type: N, Coords [ 0.307 25.284 11.43 ], Mask 1
Type: C, Coords [ 0.767 26.133 10.46 ], Mask 1
Type: C, Coords [ 2.111 26.142 10.555], Mask 1
Type: N, Coords [ 2.462 25.32  11.555], Mask 1
Type: C, Coords [ 1.386 24.806 12.087], Mask 1
Type: N, Coords [ 2.825 29.855  8.02 ], Mask 1
Type: N, Coords [ 1.593 29.889  7.637], Mask 1
Type: C, Coords [ 3.672 28.457  6.268], Mask 1
Type: C, Coords [ 4.497 27.428  5.864], Mask 1
Type: C, Coords [ 5.292 26.771  6.786], Mask 1
Type: C, Coords [ 5.266 27.141  8.12 ], Mask 1
Type: C, Coords [ 4.446 28.168  8.538], Mask 1
Type: C, Coords [ 3.64  28.836  7.612], Mask 1
Type: S, Coords [ 6.343 25.458  6.261], Mask 1
Type: O, Coords [ 6.618 24.673  7.413], Mask 1
Type: O, Coords [ 5.754 24.911  5.089], Mask 1
Type: N, Coords [ 7.78  26.137  5.796], Mask 1
Designing protein from this path: /home/tedeschg/prj/protein-perturbation/data/cdk2/03.complexes_dude/actives_12_CHEMBL363077_best_CNNaffinity.pdb
These residues will be redesigned:  ['A1', 'A2', 'A3', 'A4', 'A5', 'A6', 'A7', 'A8', 'A9', 'A10', 'A11', 'A12', 'A15', 'A16', 'A17', 'A18', 'A19', 'A20', 'A21', 'A22', 'A23', 'A24', 'A25', 'A26', 'A27', 'A28', 'A29', 'A30', 'A31', 'A32', 'A33', 'A34', 'A35', 'A44', 'A45', 'A46', 'A47', 'A48', 'A49', 'A50', 'A51', 'A52', 'A53', 'A54', 'A55', 'A56', 'A57', 'A58', 'A59', 'A60', 'A61', 'A62', 'A63', 'A64', 'A65', 'A66', 'A67', 'A68', 'A69', 'A70', 'A71', 'A72', 'A73', 'A74', 'A75', 'A76', 'A77', 'A78', 'A79', 'A80', 'A81', 'A82', 'A83', 'A84', 'A85', 'A86', 'A87', 'A88', 'A89', 'A90', 'A91', 'A92', 'A93', 'A94', 'A95', 'A96', 'A97', 'A98', 'A99', 'A100', 'A101', 'A102', 'A103', 'A104', 'A105', 'A106', 'A107', 'A108', 'A109', 'A110', 'A111', 'A112', 'A113', 'A114', 'A115', 'A116', 'A117', 'A118', 'A119', 'A120', 'A121', 'A122', 'A123', 'A124', 'A125', 'A126', 'A127', 'A128', 'A129', 'A130', 'A131', 'A132', 'A133', 'A134', 'A135', 'A136', 'A137', 'A138', 'A139', 'A140', 'A141', 'A142', 'A143', 'A144', 'A145', 'A146', 'A147', 'A148', 'A149', 'A150', 'A151', 'A162', 'A163', 'A164', 'A165', 'A166', 'A167', 'A168', 'A169', 'A170', 'A171', 'A172', 'A173', 'A174', 'A175', 'A176', 'A177', 'A178', 'A179', 'A180', 'A181', 'A182', 'A183', 'A184', 'A185', 'A186', 'A187', 'A188', 'A189', 'A190', 'A191', 'A192', 'A193', 'A194', 'A195', 'A196', 'A197', 'A198', 'A199', 'A200', 'A201', 'A202', 'A203', 'A204', 'A205', 'A206', 'A207', 'A208', 'A209', 'A210', 'A211', 'A212', 'A213', 'A214', 'A215', 'A216', 'A217', 'A218', 'A219', 'A220', 'A221', 'A222', 'A223', 'A224', 'A225', 'A226', 'A227', 'A228', 'A229', 'A230', 'A231', 'A232', 'A233', 'A234', 'A235', 'A236', 'A237', 'A238', 'A239', 'A240', 'A241', 'A242', 'A243', 'A244', 'A245', 'A246', 'A247', 'A248', 'A249', 'A250', 'A251', 'A252', 'A253', 'A254', 'A255', 'A256', 'A257', 'A258', 'A259', 'A260', 'A261', 'A262', 'A263', 'A264', 'A265', 'A266', 'A267', 'A268', 'A269', 'A270', 'A271', 'A272', 'A273', 'A274', 'A275', 'A276', 'A277', 'A278', 'A279', 'A280', 'A281', 'A282', 'A283', 'A284', 'A285', 'A286', 'A287', 'A288', 'A289', 'A290', 'A291', 'A292', 'A293', 'A294', 'A295', 'A296', 'A297', 'A298']
These residues will be fixed:  []
The number of ligand atoms parsed is equal to: 34
Type: C, Coords [ 2.263 30.19   7.497], Mask 1
Type: C, Coords [ 1.104 30.097  8.305], Mask 1
Type: C, Coords [ 0.441 31.314  8.215], Mask 1
Type: N, Coords [ 1.163 32.105  7.393], Mask 1
Type: N, Coords [ 2.289 31.394  6.964], Mask 1
Type: C, Coords [-0.783 31.255  9.05 ], Mask 1
Type: C, Coords [-1.78  32.186  9.304], Mask 1
Type: C, Coords [-2.838 31.865 10.144], Mask 1
Type: C, Coords [-2.913 30.622 10.732], Mask 1
Type: C, Coords [-1.92 29.67 10.49], Mask 1
Type: C, Coords [-0.854 29.983  9.649], Mask 1
Type: C, Coords [ 0.329 29.215  9.2  ], Mask 1
Type: O, Coords [ 0.609 28.073  9.51 ], Mask 1
Type: C, Coords [ 5.159 27.131  6.912], Mask 1
Type: C, Coords [ 4.476 27.656  5.823], Mask 1
Type: C, Coords [ 3.536 28.648  6.009], Mask 1
Type: C, Coords [ 3.272 29.124  7.293], Mask 1
Type: C, Coords [ 3.959 28.594  8.385], Mask 1
Type: C, Coords [ 4.894 27.599  8.192], Mask 1
Type: C, Coords [ 6.637 25.552  7.897], Mask 1
Type: O, Coords [ 6.083 26.154  6.725], Mask 1
Type: N, Coords [-1.995 28.415 11.085], Mask 1
Type: C, Coords [-3.179 27.95  11.53 ], Mask 1
Type: O, Coords [-4.198 28.58  11.32 ], Mask 1
Type: N, Coords [-3.235 26.787 12.208], Mask 1
Type: N, Coords [-2.061 26.06  12.45 ], Mask 1
Type: C, Coords [-1.488 25.355 11.455], Mask 1
Type: O, Coords [-1.99  25.349 10.348], Mask 1
Type: C, Coords [-0.25  24.588 11.71 ], Mask 1
Type: C, Coords [ 1.    25.219 11.664], Mask 1
Type: C, Coords [ 2.128 24.457 11.91 ], Mask 1
Type: C, Coords [ 1.987 23.11  12.193], Mask 1
Type: N, Coords [ 0.796 22.543 12.23 ], Mask 1
Type: C, Coords [-0.307 23.227 12.008], Mask 1
Designing protein from this path: /home/tedeschg/prj/protein-perturbation/data/cdk2/03.complexes_dude/actives_13_CHEMBL143748_best_CNNaffinity.pdb
These residues will be redesigned:  ['A1', 'A2', 'A3', 'A4', 'A5', 'A6', 'A7', 'A8', 'A9', 'A10', 'A11', 'A12', 'A15', 'A16', 'A17', 'A18', 'A19', 'A20', 'A21', 'A22', 'A23', 'A24', 'A25', 'A26', 'A27', 'A28', 'A29', 'A30', 'A31', 'A32', 'A33', 'A34', 'A35', 'A44', 'A45', 'A46', 'A47', 'A48', 'A49', 'A50', 'A51', 'A52', 'A53', 'A54', 'A55', 'A56', 'A57', 'A58', 'A59', 'A60', 'A61', 'A62', 'A63', 'A64', 'A65', 'A66', 'A67', 'A68', 'A69', 'A70', 'A71', 'A72', 'A73', 'A74', 'A75', 'A76', 'A77', 'A78', 'A79', 'A80', 'A81', 'A82', 'A83', 'A84', 'A85', 'A86', 'A87', 'A88', 'A89', 'A90', 'A91', 'A92', 'A93', 'A94', 'A95', 'A96', 'A97', 'A98', 'A99', 'A100', 'A101', 'A102', 'A103', 'A104', 'A105', 'A106', 'A107', 'A108', 'A109', 'A110', 'A111', 'A112', 'A113', 'A114', 'A115', 'A116', 'A117', 'A118', 'A119', 'A120', 'A121', 'A122', 'A123', 'A124', 'A125', 'A126', 'A127', 'A128', 'A129', 'A130', 'A131', 'A132', 'A133', 'A134', 'A135', 'A136', 'A137', 'A138', 'A139', 'A140', 'A141', 'A142', 'A143', 'A144', 'A145', 'A146', 'A147', 'A148', 'A149', 'A150', 'A151', 'A162', 'A163', 'A164', 'A165', 'A166', 'A167', 'A168', 'A169', 'A170', 'A171', 'A172', 'A173', 'A174', 'A175', 'A176', 'A177', 'A178', 'A179', 'A180', 'A181', 'A182', 'A183', 'A184', 'A185', 'A186', 'A187', 'A188', 'A189', 'A190', 'A191', 'A192', 'A193', 'A194', 'A195', 'A196', 'A197', 'A198', 'A199', 'A200', 'A201', 'A202', 'A203', 'A204', 'A205', 'A206', 'A207', 'A208', 'A209', 'A210', 'A211', 'A212', 'A213', 'A214', 'A215', 'A216', 'A217', 'A218', 'A219', 'A220', 'A221', 'A222', 'A223', 'A224', 'A225', 'A226', 'A227', 'A228', 'A229', 'A230', 'A231', 'A232', 'A233', 'A234', 'A235', 'A236', 'A237', 'A238', 'A239', 'A240', 'A241', 'A242', 'A243', 'A244', 'A245', 'A246', 'A247', 'A248', 'A249', 'A250', 'A251', 'A252', 'A253', 'A254', 'A255', 'A256', 'A257', 'A258', 'A259', 'A260', 'A261', 'A262', 'A263', 'A264', 'A265', 'A266', 'A267', 'A268', 'A269', 'A270', 'A271', 'A272', 'A273', 'A274', 'A275', 'A276', 'A277', 'A278', 'A279', 'A280', 'A281', 'A282', 'A283', 'A284', 'A285', 'A286', 'A287', 'A288', 'A289', 'A290', 'A291', 'A292', 'A293', 'A294', 'A295', 'A296', 'A297', 'A298']
These residues will be fixed:  []
The number of ligand atoms parsed is equal to: 34
Type: C, Coords [ 5.501 26.581  7.73 ], Mask 1
Type: C, Coords [ 5.36  26.199  6.386], Mask 1
Type: C, Coords [ 6.589 25.895  5.91 ], Mask 1
Type: N, Coords [ 7.476 26.076  6.911], Mask 1
Type: N, Coords [ 6.774 26.512  8.041], Mask 1
Type: N, Coords [ 2.693 28.409  9.093], Mask 1
Type: C, Coords [ 3.69  28.031  8.269], Mask 1
Type: O, Coords [ 3.892 28.643  7.238], Mask 1
Type: N, Coords [ 4.464 26.974  8.587], Mask 1
Type: C, Coords [ 1.38  31.432  7.453], Mask 1
Type: C, Coords [ 0.09  31.467  7.943], Mask 1
Type: C, Coords [-0.347 30.483  8.829], Mask 1
Type: C, Coords [ 0.524 29.452  9.197], Mask 1
Type: C, Coords [ 1.816 29.43   8.709], Mask 1
Type: C, Coords [ 2.245 30.424  7.835], Mask 1
Type: C, Coords [-0.263 28.542 10.094], Mask 1
Type: C, Coords [ 0.407 28.335 11.461], Mask 1
Type: C, Coords [-0.767 28.342 12.47 ], Mask 1
Type: C, Coords [-2.029 28.591 11.608], Mask 1
Type: N, Coords [-1.519 29.268 10.397], Mask 1
Type: C, Coords [-1.636 30.269  9.522], Mask 1
Type: O, Coords [-2.65  30.91   9.325], Mask 1
Type: C, Coords [ 6.909 25.434  4.512], Mask 1
Type: N, Coords [ 6.785 26.565  3.583], Mask 1
Type: C, Coords [ 7.966 26.616  2.711], Mask 1
Type: C, Coords [ 7.698 25.878  1.381], Mask 1
Type: C, Coords [ 8.448 26.67   0.332], Mask 1
Type: C, Coords [ 8.828 26.32  -0.954], Mask 1
Type: C, Coords [ 9.517 27.22  -1.744], Mask 1
Type: C, Coords [ 9.829 28.474 -1.25 ], Mask 1
Type: C, Coords [ 9.45  28.824  0.032], Mask 1
Type: C, Coords [ 8.759 27.923  0.825], Mask 1
Type: C, Coords [ 8.242 28.061  2.244], Mask 1
Type: CL, Coords [10.694 29.607 -2.241], Mask 1
Designing protein from this path: /home/tedeschg/prj/protein-perturbation/data/cdk2/03.complexes_dude/actives_14_CHEMBL483590_best_CNNaffinity.pdb
These residues will be redesigned:  ['A1', 'A2', 'A3', 'A4', 'A5', 'A6', 'A7', 'A8', 'A9', 'A10', 'A11', 'A12', 'A15', 'A16', 'A17', 'A18', 'A19', 'A20', 'A21', 'A22', 'A23', 'A24', 'A25', 'A26', 'A27', 'A28', 'A29', 'A30', 'A31', 'A32', 'A33', 'A34', 'A35', 'A44', 'A45', 'A46', 'A47', 'A48', 'A49', 'A50', 'A51', 'A52', 'A53', 'A54', 'A55', 'A56', 'A57', 'A58', 'A59', 'A60', 'A61', 'A62', 'A63', 'A64', 'A65', 'A66', 'A67', 'A68', 'A69', 'A70', 'A71', 'A72', 'A73', 'A74', 'A75', 'A76', 'A77', 'A78', 'A79', 'A80', 'A81', 'A82', 'A83', 'A84', 'A85', 'A86', 'A87', 'A88', 'A89', 'A90', 'A91', 'A92', 'A93', 'A94', 'A95', 'A96', 'A97', 'A98', 'A99', 'A100', 'A101', 'A102', 'A103', 'A104', 'A105', 'A106', 'A107', 'A108', 'A109', 'A110', 'A111', 'A112', 'A113', 'A114', 'A115', 'A116', 'A117', 'A118', 'A119', 'A120', 'A121', 'A122', 'A123', 'A124', 'A125', 'A126', 'A127', 'A128', 'A129', 'A130', 'A131', 'A132', 'A133', 'A134', 'A135', 'A136', 'A137', 'A138', 'A139', 'A140', 'A141', 'A142', 'A143', 'A144', 'A145', 'A146', 'A147', 'A148', 'A149', 'A150', 'A151', 'A162', 'A163', 'A164', 'A165', 'A166', 'A167', 'A168', 'A169', 'A170', 'A171', 'A172', 'A173', 'A174', 'A175', 'A176', 'A177', 'A178', 'A179', 'A180', 'A181', 'A182', 'A183', 'A184', 'A185', 'A186', 'A187', 'A188', 'A189', 'A190', 'A191', 'A192', 'A193', 'A194', 'A195', 'A196', 'A197', 'A198', 'A199', 'A200', 'A201', 'A202', 'A203', 'A204', 'A205', 'A206', 'A207', 'A208', 'A209', 'A210', 'A211', 'A212', 'A213', 'A214', 'A215', 'A216', 'A217', 'A218', 'A219', 'A220', 'A221', 'A222', 'A223', 'A224', 'A225', 'A226', 'A227', 'A228', 'A229', 'A230', 'A231', 'A232', 'A233', 'A234', 'A235', 'A236', 'A237', 'A238', 'A239', 'A240', 'A241', 'A242', 'A243', 'A244', 'A245', 'A246', 'A247', 'A248', 'A249', 'A250', 'A251', 'A252', 'A253', 'A254', 'A255', 'A256', 'A257', 'A258', 'A259', 'A260', 'A261', 'A262', 'A263', 'A264', 'A265', 'A266', 'A267', 'A268', 'A269', 'A270', 'A271', 'A272', 'A273', 'A274', 'A275', 'A276', 'A277', 'A278', 'A279', 'A280', 'A281', 'A282', 'A283', 'A284', 'A285', 'A286', 'A287', 'A288', 'A289', 'A290', 'A291', 'A292', 'A293', 'A294', 'A295', 'A296', 'A297', 'A298']
These residues will be fixed:  []
The number of ligand atoms parsed is equal to: 31
Type: N, Coords [-2.768 29.16  11.346], Mask 1
Type: C, Coords [-0.371 30.746  9.233], Mask 1
Type: C, Coords [-0.818 32.073  9.276], Mask 1
Type: C, Coords [-1.934 32.367 10.036], Mask 1
Type: N, Coords [-2.544 31.394 10.696], Mask 1
Type: C, Coords [-2.1   30.147 10.639], Mask 1
Type: N, Coords [-1.038 29.818  9.92 ], Mask 1
Type: C, Coords [ 3.933 28.602  7.724], Mask 1
Type: C, Coords [ 2.689 29.451  7.772], Mask 1
Type: N, Coords [ 2.298 30.277  6.838], Mask 1
Type: C, Coords [ 1.155 30.863  7.208], Mask 1
Type: C, Coords [ 0.816 30.38   8.436], Mask 1
Type: N, Coords [ 1.797 29.477  8.784], Mask 1
Type: C, Coords [ 1.861 28.694 10.02 ], Mask 1
Type: C, Coords [ 2.845 27.523 10.066], Mask 1
Type: C, Coords [ 1.342 27.255  9.974], Mask 1
Type: C, Coords [-2.145 27.933 11.591], Mask 1
Type: C, Coords [-2.375 26.854 10.746], Mask 1
Type: C, Coords [-1.758 25.643 10.991], Mask 1
Type: C, Coords [-0.911 25.503 12.075], Mask 1
Type: C, Coords [-0.68  26.575 12.918], Mask 1
Type: C, Coords [-1.29  27.79  12.676], Mask 1
Type: S, Coords [-0.126 23.957 12.383], Mask 1
Type: O, Coords [-0.559 23.07  11.361], Mask 1
Type: O, Coords [ 1.247 24.238 12.617], Mask 1
Type: N, Coords [-0.738 23.372 13.807], Mask 1
Type: C, Coords [ 0.059 22.455 14.625], Mask 1
Type: C, Coords [-2.077 23.772 14.247], Mask 1
Type: C, Coords [-2.622 22.732 15.228], Mask 1
Type: O, Coords [-3.481 23.373 16.174], Mask 1
Type: C, Coords [-4.781 23.678 15.665], Mask 1
Designing protein from this path: /home/tedeschg/prj/protein-perturbation/data/cdk2/03.complexes_dude/actives_15_CHEMBL75952_best_CNNaffinity.pdb
These residues will be redesigned:  ['A1', 'A2', 'A3', 'A4', 'A5', 'A6', 'A7', 'A8', 'A9', 'A10', 'A11', 'A12', 'A15', 'A16', 'A17', 'A18', 'A19', 'A20', 'A21', 'A22', 'A23', 'A24', 'A25', 'A26', 'A27', 'A28', 'A29', 'A30', 'A31', 'A32', 'A33', 'A34', 'A35', 'A44', 'A45', 'A46', 'A47', 'A48', 'A49', 'A50', 'A51', 'A52', 'A53', 'A54', 'A55', 'A56', 'A57', 'A58', 'A59', 'A60', 'A61', 'A62', 'A63', 'A64', 'A65', 'A66', 'A67', 'A68', 'A69', 'A70', 'A71', 'A72', 'A73', 'A74', 'A75', 'A76', 'A77', 'A78', 'A79', 'A80', 'A81', 'A82', 'A83', 'A84', 'A85', 'A86', 'A87', 'A88', 'A89', 'A90', 'A91', 'A92', 'A93', 'A94', 'A95', 'A96', 'A97', 'A98', 'A99', 'A100', 'A101', 'A102', 'A103', 'A104', 'A105', 'A106', 'A107', 'A108', 'A109', 'A110', 'A111', 'A112', 'A113', 'A114', 'A115', 'A116', 'A117', 'A118', 'A119', 'A120', 'A121', 'A122', 'A123', 'A124', 'A125', 'A126', 'A127', 'A128', 'A129', 'A130', 'A131', 'A132', 'A133', 'A134', 'A135', 'A136', 'A137', 'A138', 'A139', 'A140', 'A141', 'A142', 'A143', 'A144', 'A145', 'A146', 'A147', 'A148', 'A149', 'A150', 'A151', 'A162', 'A163', 'A164', 'A165', 'A166', 'A167', 'A168', 'A169', 'A170', 'A171', 'A172', 'A173', 'A174', 'A175', 'A176', 'A177', 'A178', 'A179', 'A180', 'A181', 'A182', 'A183', 'A184', 'A185', 'A186', 'A187', 'A188', 'A189', 'A190', 'A191', 'A192', 'A193', 'A194', 'A195', 'A196', 'A197', 'A198', 'A199', 'A200', 'A201', 'A202', 'A203', 'A204', 'A205', 'A206', 'A207', 'A208', 'A209', 'A210', 'A211', 'A212', 'A213', 'A214', 'A215', 'A216', 'A217', 'A218', 'A219', 'A220', 'A221', 'A222', 'A223', 'A224', 'A225', 'A226', 'A227', 'A228', 'A229', 'A230', 'A231', 'A232', 'A233', 'A234', 'A235', 'A236', 'A237', 'A238', 'A239', 'A240', 'A241', 'A242', 'A243', 'A244', 'A245', 'A246', 'A247', 'A248', 'A249', 'A250', 'A251', 'A252', 'A253', 'A254', 'A255', 'A256', 'A257', 'A258', 'A259', 'A260', 'A261', 'A262', 'A263', 'A264', 'A265', 'A266', 'A267', 'A268', 'A269', 'A270', 'A271', 'A272', 'A273', 'A274', 'A275', 'A276', 'A277', 'A278', 'A279', 'A280', 'A281', 'A282', 'A283', 'A284', 'A285', 'A286', 'A287', 'A288', 'A289', 'A290', 'A291', 'A292', 'A293', 'A294', 'A295', 'A296', 'A297', 'A298']
These residues will be fixed:  []
The number of ligand atoms parsed is equal to: 37
Type: C, Coords [-8.026 16.247  5.722], Mask 1
Type: N, Coords [-7.625 16.941  6.949], Mask 1
Type: C, Coords [-6.734 16.421  7.848], Mask 1
Type: C, Coords [-6.657 17.222  8.92 ], Mask 1
Type: C, Coords [-7.568 18.339  8.676], Mask 1
Type: C, Coords [-8.078 18.159  7.379], Mask 1
Type: C, Coords [-8.855 19.197  6.828], Mask 1
Type: C, Coords [-9.478 20.117  7.72 ], Mask 1
Type: C, Coords [-8.948 20.272  9.012], Mask 1
Type: C, Coords [-7.993 19.421  9.466], Mask 1
Type: C, Coords [-10.604  20.853   7.29 ], Mask 1
Type: C, Coords [-10.863  20.92    5.909], Mask 1
Type: C, Coords [-12.04   21.79    5.738], Mask 1
Type: C, Coords [-12.742  22.234   4.619], Mask 1
Type: C, Coords [-13.822  23.073   4.785], Mask 1
Type: C, Coords [-14.21   23.474   6.061], Mask 1
Type: C, Coords [-13.522  23.027   7.178], Mask 1
Type: C, Coords [-12.433  22.177   7.025], Mask 1
Type: N, Coords [-11.583  21.569   7.936], Mask 1
Type: C, Coords [-10.058  20.229   4.992], Mask 1
Type: C, Coords [-9.012 19.411  5.446], Mask 1
Type: C, Coords [-8.259 19.048  4.235], Mask 1
Type: O, Coords [-7.159 18.534  4.202], Mask 1
Type: N, Coords [-8.973 19.42   3.151], Mask 1
Type: C, Coords [-10.061  20.116   3.518], Mask 1
Type: O, Coords [-10.906  20.575   2.775], Mask 1
Type: O, Coords [-15.263  24.319   6.204], Mask 1
Type: C, Coords [-15.549  25.192   5.11 ], Mask 1
Type: C, Coords [-11.762  21.678   9.386], Mask 1
Type: C, Coords [-12.845  20.698   9.842], Mask 1
Type: N, Coords [-13.037  20.821  11.293], Mask 1
Type: C, Coords [-13.823  19.671  11.79 ], Mask 1
Type: C, Coords [-14.718  20.258  12.91 ], Mask 1
Type: C, Coords [-15.072  21.653  12.33 ], Mask 1
Type: C, Coords [-13.779  22.06   11.592], Mask 1
Type: C, Coords [-12.934  22.97   12.486], Mask 1
Type: O, Coords [-12.919  24.291  11.942], Mask 1
Designing protein from this path: /home/tedeschg/prj/protein-perturbation/data/cdk2/03.complexes_dude/actives_16_CHEMBL192440_best_CNNaffinity.pdb
These residues will be redesigned:  ['A1', 'A2', 'A3', 'A4', 'A5', 'A6', 'A7', 'A8', 'A9', 'A10', 'A11', 'A12', 'A15', 'A16', 'A17', 'A18', 'A19', 'A20', 'A21', 'A22', 'A23', 'A24', 'A25', 'A26', 'A27', 'A28', 'A29', 'A30', 'A31', 'A32', 'A33', 'A34', 'A35', 'A44', 'A45', 'A46', 'A47', 'A48', 'A49', 'A50', 'A51', 'A52', 'A53', 'A54', 'A55', 'A56', 'A57', 'A58', 'A59', 'A60', 'A61', 'A62', 'A63', 'A64', 'A65', 'A66', 'A67', 'A68', 'A69', 'A70', 'A71', 'A72', 'A73', 'A74', 'A75', 'A76', 'A77', 'A78', 'A79', 'A80', 'A81', 'A82', 'A83', 'A84', 'A85', 'A86', 'A87', 'A88', 'A89', 'A90', 'A91', 'A92', 'A93', 'A94', 'A95', 'A96', 'A97', 'A98', 'A99', 'A100', 'A101', 'A102', 'A103', 'A104', 'A105', 'A106', 'A107', 'A108', 'A109', 'A110', 'A111', 'A112', 'A113', 'A114', 'A115', 'A116', 'A117', 'A118', 'A119', 'A120', 'A121', 'A122', 'A123', 'A124', 'A125', 'A126', 'A127', 'A128', 'A129', 'A130', 'A131', 'A132', 'A133', 'A134', 'A135', 'A136', 'A137', 'A138', 'A139', 'A140', 'A141', 'A142', 'A143', 'A144', 'A145', 'A146', 'A147', 'A148', 'A149', 'A150', 'A151', 'A162', 'A163', 'A164', 'A165', 'A166', 'A167', 'A168', 'A169', 'A170', 'A171', 'A172', 'A173', 'A174', 'A175', 'A176', 'A177', 'A178', 'A179', 'A180', 'A181', 'A182', 'A183', 'A184', 'A185', 'A186', 'A187', 'A188', 'A189', 'A190', 'A191', 'A192', 'A193', 'A194', 'A195', 'A196', 'A197', 'A198', 'A199', 'A200', 'A201', 'A202', 'A203', 'A204', 'A205', 'A206', 'A207', 'A208', 'A209', 'A210', 'A211', 'A212', 'A213', 'A214', 'A215', 'A216', 'A217', 'A218', 'A219', 'A220', 'A221', 'A222', 'A223', 'A224', 'A225', 'A226', 'A227', 'A228', 'A229', 'A230', 'A231', 'A232', 'A233', 'A234', 'A235', 'A236', 'A237', 'A238', 'A239', 'A240', 'A241', 'A242', 'A243', 'A244', 'A245', 'A246', 'A247', 'A248', 'A249', 'A250', 'A251', 'A252', 'A253', 'A254', 'A255', 'A256', 'A257', 'A258', 'A259', 'A260', 'A261', 'A262', 'A263', 'A264', 'A265', 'A266', 'A267', 'A268', 'A269', 'A270', 'A271', 'A272', 'A273', 'A274', 'A275', 'A276', 'A277', 'A278', 'A279', 'A280', 'A281', 'A282', 'A283', 'A284', 'A285', 'A286', 'A287', 'A288', 'A289', 'A290', 'A291', 'A292', 'A293', 'A294', 'A295', 'A296', 'A297', 'A298']
These residues will be fixed:  []
The number of ligand atoms parsed is equal to: 31
Type: C, Coords [-1.869 29.533 11.09 ], Mask 1
Type: C, Coords [-1.057 29.559 12.209], Mask 1
Type: C, Coords [-1.006 28.466 13.052], Mask 1
Type: C, Coords [-1.771 27.341 12.775], Mask 1
Type: C, Coords [-2.586 27.318 11.651], Mask 1
Type: C, Coords [-2.636 28.416 10.814], Mask 1
Type: N, Coords [-1.721 26.232 13.627], Mask 1
Type: C, Coords [-0.501 25.474 13.93 ], Mask 1
Type: C, Coords [-0.985 24.134 14.526], Mask 1
Type: C, Coords [-2.368 24.525 15.098], Mask 1
Type: C, Coords [-2.783 25.728 14.279], Mask 1
Type: O, Coords [-3.91  26.171 14.218], Mask 1
Type: C, Coords [ 0.287 25.229 12.668], Mask 1
Type: C, Coords [ 0.565 23.936 12.267], Mask 1
Type: C, Coords [ 1.287 23.711 11.11 ], Mask 1
Type: C, Coords [ 1.731 24.78  10.354], Mask 1
Type: C, Coords [ 1.452 26.073 10.754], Mask 1
Type: C, Coords [ 0.726 26.298 11.909], Mask 1
Type: C, Coords [-1.977 32.009 11.005], Mask 1
Type: C, Coords [-1.923 30.727 10.172], Mask 1
Type: C, Coords [-0.694 30.746  9.3  ], Mask 1
Type: O, Coords [-0.429 31.733  8.646], Mask 1
Type: N, Coords [ 0.112 29.666  9.247], Mask 1
Type: C, Coords [ 1.254 29.684  8.436], Mask 1
Type: C, Coords [ 2.439 28.966  8.665], Mask 1
Type: C, Coords [ 3.298 29.252  7.66 ], Mask 1
Type: N, Coords [ 2.685 30.116  6.824], Mask 1
Type: N, Coords [ 1.402 30.37   7.327], Mask 1
Type: C, Coords [ 4.692 28.702  7.501], Mask 1
Type: C, Coords [ 4.864 27.446  6.644], Mask 1
Type: C, Coords [ 5.002 27.359  8.166], Mask 1
Designing protein from this path: /home/tedeschg/prj/protein-perturbation/data/cdk2/03.complexes_dude/actives_17_CHEMBL325023_best_CNNaffinity.pdb
These residues will be redesigned:  ['A1', 'A2', 'A3', 'A4', 'A5', 'A6', 'A7', 'A8', 'A9', 'A10', 'A11', 'A12', 'A15', 'A16', 'A17', 'A18', 'A19', 'A20', 'A21', 'A22', 'A23', 'A24', 'A25', 'A26', 'A27', 'A28', 'A29', 'A30', 'A31', 'A32', 'A33', 'A34', 'A35', 'A44', 'A45', 'A46', 'A47', 'A48', 'A49', 'A50', 'A51', 'A52', 'A53', 'A54', 'A55', 'A56', 'A57', 'A58', 'A59', 'A60', 'A61', 'A62', 'A63', 'A64', 'A65', 'A66', 'A67', 'A68', 'A69', 'A70', 'A71', 'A72', 'A73', 'A74', 'A75', 'A76', 'A77', 'A78', 'A79', 'A80', 'A81', 'A82', 'A83', 'A84', 'A85', 'A86', 'A87', 'A88', 'A89', 'A90', 'A91', 'A92', 'A93', 'A94', 'A95', 'A96', 'A97', 'A98', 'A99', 'A100', 'A101', 'A102', 'A103', 'A104', 'A105', 'A106', 'A107', 'A108', 'A109', 'A110', 'A111', 'A112', 'A113', 'A114', 'A115', 'A116', 'A117', 'A118', 'A119', 'A120', 'A121', 'A122', 'A123', 'A124', 'A125', 'A126', 'A127', 'A128', 'A129', 'A130', 'A131', 'A132', 'A133', 'A134', 'A135', 'A136', 'A137', 'A138', 'A139', 'A140', 'A141', 'A142', 'A143', 'A144', 'A145', 'A146', 'A147', 'A148', 'A149', 'A150', 'A151', 'A162', 'A163', 'A164', 'A165', 'A166', 'A167', 'A168', 'A169', 'A170', 'A171', 'A172', 'A173', 'A174', 'A175', 'A176', 'A177', 'A178', 'A179', 'A180', 'A181', 'A182', 'A183', 'A184', 'A185', 'A186', 'A187', 'A188', 'A189', 'A190', 'A191', 'A192', 'A193', 'A194', 'A195', 'A196', 'A197', 'A198', 'A199', 'A200', 'A201', 'A202', 'A203', 'A204', 'A205', 'A206', 'A207', 'A208', 'A209', 'A210', 'A211', 'A212', 'A213', 'A214', 'A215', 'A216', 'A217', 'A218', 'A219', 'A220', 'A221', 'A222', 'A223', 'A224', 'A225', 'A226', 'A227', 'A228', 'A229', 'A230', 'A231', 'A232', 'A233', 'A234', 'A235', 'A236', 'A237', 'A238', 'A239', 'A240', 'A241', 'A242', 'A243', 'A244', 'A245', 'A246', 'A247', 'A248', 'A249', 'A250', 'A251', 'A252', 'A253', 'A254', 'A255', 'A256', 'A257', 'A258', 'A259', 'A260', 'A261', 'A262', 'A263', 'A264', 'A265', 'A266', 'A267', 'A268', 'A269', 'A270', 'A271', 'A272', 'A273', 'A274', 'A275', 'A276', 'A277', 'A278', 'A279', 'A280', 'A281', 'A282', 'A283', 'A284', 'A285', 'A286', 'A287', 'A288', 'A289', 'A290', 'A291', 'A292', 'A293', 'A294', 'A295', 'A296', 'A297', 'A298']
These residues will be fixed:  []
The number of ligand atoms parsed is equal to: 31
Type: C, Coords [ 2.537 29.849  7.563], Mask 1
Type: C, Coords [ 1.319 29.768  8.283], Mask 1
Type: C, Coords [ 0.636 30.96   8.072], Mask 1
Type: N, Coords [ 1.403 31.725  7.266], Mask 1
Type: N, Coords [ 2.576 31.024  6.966], Mask 1
Type: C, Coords [-0.648 30.914  8.812], Mask 1
Type: C, Coords [-1.682 31.83   8.934], Mask 1
Type: C, Coords [-2.796 31.526  9.707], Mask 1
Type: C, Coords [-2.888 30.316 10.358], Mask 1
Type: C, Coords [-1.857 29.38  10.248], Mask 1
Type: C, Coords [-0.736 29.675  9.475], Mask 1
Type: C, Coords [ 0.497 28.916  9.164], Mask 1
Type: O, Coords [ 0.778 27.802  9.559], Mask 1
Type: C, Coords [ 3.641 28.458  5.008], Mask 1
Type: C, Coords [ 4.106 28.157  6.409], Mask 1
Type: C, Coords [ 3.579 28.805  7.499], Mask 1
Type: S, Coords [ 4.506 28.035  8.817], Mask 1
Type: C, Coords [ 5.439 27.001  7.871], Mask 1
Type: N, Coords [ 5.032 27.257  6.651], Mask 1
Type: C, Coords [ 6.485 26.014  8.319], Mask 1
Type: N, Coords [-1.95  28.158 10.907], Mask 1
Type: C, Coords [-3.088 27.821 11.545], Mask 1
Type: O, Coords [-4.061 28.546 11.476], Mask 1
Type: N, Coords [-3.148 26.679 12.259], Mask 1
Type: N, Coords [-2.054 25.864 12.336], Mask 1
Type: C, Coords [-0.989 26.487 13.134], Mask 1
Type: C, Coords [ 0.184 25.512 13.262], Mask 1
Type: N, Coords [ 0.672 25.157 11.922], Mask 1
Type: C, Coords [-0.394 24.534 11.125], Mask 1
Type: C, Coords [-1.567 25.509 10.996], Mask 1
Type: C, Coords [ 1.848 24.28  12.005], Mask 1
Designing protein from this path: /home/tedeschg/prj/protein-perturbation/data/cdk2/03.complexes_dude/actives_18_CHEMBL319103_best_CNNaffinity.pdb
These residues will be redesigned:  ['A1', 'A2', 'A3', 'A4', 'A5', 'A6', 'A7', 'A8', 'A9', 'A10', 'A11', 'A12', 'A15', 'A16', 'A17', 'A18', 'A19', 'A20', 'A21', 'A22', 'A23', 'A24', 'A25', 'A26', 'A27', 'A28', 'A29', 'A30', 'A31', 'A32', 'A33', 'A34', 'A35', 'A44', 'A45', 'A46', 'A47', 'A48', 'A49', 'A50', 'A51', 'A52', 'A53', 'A54', 'A55', 'A56', 'A57', 'A58', 'A59', 'A60', 'A61', 'A62', 'A63', 'A64', 'A65', 'A66', 'A67', 'A68', 'A69', 'A70', 'A71', 'A72', 'A73', 'A74', 'A75', 'A76', 'A77', 'A78', 'A79', 'A80', 'A81', 'A82', 'A83', 'A84', 'A85', 'A86', 'A87', 'A88', 'A89', 'A90', 'A91', 'A92', 'A93', 'A94', 'A95', 'A96', 'A97', 'A98', 'A99', 'A100', 'A101', 'A102', 'A103', 'A104', 'A105', 'A106', 'A107', 'A108', 'A109', 'A110', 'A111', 'A112', 'A113', 'A114', 'A115', 'A116', 'A117', 'A118', 'A119', 'A120', 'A121', 'A122', 'A123', 'A124', 'A125', 'A126', 'A127', 'A128', 'A129', 'A130', 'A131', 'A132', 'A133', 'A134', 'A135', 'A136', 'A137', 'A138', 'A139', 'A140', 'A141', 'A142', 'A143', 'A144', 'A145', 'A146', 'A147', 'A148', 'A149', 'A150', 'A151', 'A162', 'A163', 'A164', 'A165', 'A166', 'A167', 'A168', 'A169', 'A170', 'A171', 'A172', 'A173', 'A174', 'A175', 'A176', 'A177', 'A178', 'A179', 'A180', 'A181', 'A182', 'A183', 'A184', 'A185', 'A186', 'A187', 'A188', 'A189', 'A190', 'A191', 'A192', 'A193', 'A194', 'A195', 'A196', 'A197', 'A198', 'A199', 'A200', 'A201', 'A202', 'A203', 'A204', 'A205', 'A206', 'A207', 'A208', 'A209', 'A210', 'A211', 'A212', 'A213', 'A214', 'A215', 'A216', 'A217', 'A218', 'A219', 'A220', 'A221', 'A222', 'A223', 'A224', 'A225', 'A226', 'A227', 'A228', 'A229', 'A230', 'A231', 'A232', 'A233', 'A234', 'A235', 'A236', 'A237', 'A238', 'A239', 'A240', 'A241', 'A242', 'A243', 'A244', 'A245', 'A246', 'A247', 'A248', 'A249', 'A250', 'A251', 'A252', 'A253', 'A254', 'A255', 'A256', 'A257', 'A258', 'A259', 'A260', 'A261', 'A262', 'A263', 'A264', 'A265', 'A266', 'A267', 'A268', 'A269', 'A270', 'A271', 'A272', 'A273', 'A274', 'A275', 'A276', 'A277', 'A278', 'A279', 'A280', 'A281', 'A282', 'A283', 'A284', 'A285', 'A286', 'A287', 'A288', 'A289', 'A290', 'A291', 'A292', 'A293', 'A294', 'A295', 'A296', 'A297', 'A298']
These residues will be fixed:  []
The number of ligand atoms parsed is equal to: 32
Type: C, Coords [ 0.584 30.206  8.498], Mask 1
Type: C, Coords [ 1.764 29.508  8.814], Mask 1
Type: C, Coords [ 2.738 29.932  7.966], Mask 1
Type: N, Coords [ 2.192 30.866  7.143], Mask 1
Type: N, Coords [ 0.844 31.015  7.492], Mask 1
Type: C, Coords [-2.136 28.913 10.756], Mask 1
Type: C, Coords [-3.18  29.774 10.438], Mask 1
Type: C, Coords [-2.999 30.768  9.496], Mask 1
Type: C, Coords [-1.779 30.912  8.864], Mask 1
Type: C, Coords [-0.727 30.053  9.176], Mask 1
Type: C, Coords [-0.907 29.055 10.13 ], Mask 1
Type: N, Coords [-2.324 27.909 11.709], Mask 1
Type: S, Coords [-1.179 27.653 12.877], Mask 1
Type: O, Coords [-1.881 27.355 14.076], Mask 1
Type: O, Coords [-0.255 28.728 12.783], Mask 1
Type: C, Coords [ 1.084 23.902 11.736], Mask 1
Type: C, Coords [ 1.105 25.003 10.901], Mask 1
Type: C, Coords [ 0.414 26.148 11.249], Mask 1
Type: C, Coords [-0.298 26.192 12.433], Mask 1
Type: C, Coords [-0.32  25.091 13.268], Mask 1
Type: C, Coords [ 0.373 23.947 12.921], Mask 1
Type: N, Coords [ 4.058 29.489  7.944], Mask 1
Type: C, Coords [ 4.422 28.416  7.127], Mask 1
Type: C, Coords [ 5.21  27.39   7.634], Mask 1
Type: C, Coords [ 5.567 26.331  6.824], Mask 1
Type: C, Coords [ 5.143 26.29   5.508], Mask 1
Type: C, Coords [ 4.359 27.31   5.   ], Mask 1
Type: C, Coords [ 3.993 28.37   5.806], Mask 1
Type: S, Coords [ 5.602 24.937  4.478], Mask 1
Type: O, Coords [ 5.016 23.775  5.048], Mask 1
Type: O, Coords [ 5.346 25.341  3.139], Mask 1
Type: N, Coords [ 7.242 24.754  4.612], Mask 1
Designing protein from this path: /home/tedeschg/prj/protein-perturbation/data/cdk2/03.complexes_dude/actives_19_CHEMBL321517_best_CNNaffinity.pdb
These residues will be redesigned:  ['A1', 'A2', 'A3', 'A4', 'A5', 'A6', 'A7', 'A8', 'A9', 'A10', 'A11', 'A12', 'A15', 'A16', 'A17', 'A18', 'A19', 'A20', 'A21', 'A22', 'A23', 'A24', 'A25', 'A26', 'A27', 'A28', 'A29', 'A30', 'A31', 'A32', 'A33', 'A34', 'A35', 'A44', 'A45', 'A46', 'A47', 'A48', 'A49', 'A50', 'A51', 'A52', 'A53', 'A54', 'A55', 'A56', 'A57', 'A58', 'A59', 'A60', 'A61', 'A62', 'A63', 'A64', 'A65', 'A66', 'A67', 'A68', 'A69', 'A70', 'A71', 'A72', 'A73', 'A74', 'A75', 'A76', 'A77', 'A78', 'A79', 'A80', 'A81', 'A82', 'A83', 'A84', 'A85', 'A86', 'A87', 'A88', 'A89', 'A90', 'A91', 'A92', 'A93', 'A94', 'A95', 'A96', 'A97', 'A98', 'A99', 'A100', 'A101', 'A102', 'A103', 'A104', 'A105', 'A106', 'A107', 'A108', 'A109', 'A110', 'A111', 'A112', 'A113', 'A114', 'A115', 'A116', 'A117', 'A118', 'A119', 'A120', 'A121', 'A122', 'A123', 'A124', 'A125', 'A126', 'A127', 'A128', 'A129', 'A130', 'A131', 'A132', 'A133', 'A134', 'A135', 'A136', 'A137', 'A138', 'A139', 'A140', 'A141', 'A142', 'A143', 'A144', 'A145', 'A146', 'A147', 'A148', 'A149', 'A150', 'A151', 'A162', 'A163', 'A164', 'A165', 'A166', 'A167', 'A168', 'A169', 'A170', 'A171', 'A172', 'A173', 'A174', 'A175', 'A176', 'A177', 'A178', 'A179', 'A180', 'A181', 'A182', 'A183', 'A184', 'A185', 'A186', 'A187', 'A188', 'A189', 'A190', 'A191', 'A192', 'A193', 'A194', 'A195', 'A196', 'A197', 'A198', 'A199', 'A200', 'A201', 'A202', 'A203', 'A204', 'A205', 'A206', 'A207', 'A208', 'A209', 'A210', 'A211', 'A212', 'A213', 'A214', 'A215', 'A216', 'A217', 'A218', 'A219', 'A220', 'A221', 'A222', 'A223', 'A224', 'A225', 'A226', 'A227', 'A228', 'A229', 'A230', 'A231', 'A232', 'A233', 'A234', 'A235', 'A236', 'A237', 'A238', 'A239', 'A240', 'A241', 'A242', 'A243', 'A244', 'A245', 'A246', 'A247', 'A248', 'A249', 'A250', 'A251', 'A252', 'A253', 'A254', 'A255', 'A256', 'A257', 'A258', 'A259', 'A260', 'A261', 'A262', 'A263', 'A264', 'A265', 'A266', 'A267', 'A268', 'A269', 'A270', 'A271', 'A272', 'A273', 'A274', 'A275', 'A276', 'A277', 'A278', 'A279', 'A280', 'A281', 'A282', 'A283', 'A284', 'A285', 'A286', 'A287', 'A288', 'A289', 'A290', 'A291', 'A292', 'A293', 'A294', 'A295', 'A296', 'A297', 'A298']
These residues will be fixed:  []
The number of ligand atoms parsed is equal to: 23
Type: C, Coords [ 0.752 29.84   8.611], Mask 1
Type: C, Coords [ 2.006 29.234  8.814], Mask 1
Type: C, Coords [ 2.886 29.802  7.947], Mask 1
Type: N, Coords [ 2.212 30.733  7.223], Mask 1
Type: N, Coords [ 0.878 30.734  7.653], Mask 1
Type: C, Coords [-0.6   28.335 10.068], Mask 1
Type: C, Coords [-1.761 28.042 10.75 ], Mask 1
Type: C, Coords [-2.831 28.93  10.717], Mask 1
Type: C, Coords [-2.731 30.114  9.996], Mask 1
Type: C, Coords [-1.571 30.411  9.313], Mask 1
Type: C, Coords [-0.498 29.523  9.345], Mask 1
Type: N, Coords [-4.007 28.631 11.408], Mask 1
Type: N, Coords [ 4.237 29.486  7.824], Mask 1
Type: C, Coords [ 4.625 28.335  7.133], Mask 1
Type: C, Coords [ 4.257 28.165  5.804], Mask 1
Type: C, Coords [ 4.642 27.026  5.123], Mask 1
Type: C, Coords [ 5.394 26.057  5.763], Mask 1
Type: C, Coords [ 5.762 26.224  7.086], Mask 1
Type: C, Coords [ 5.385 27.363  7.77 ], Mask 1
Type: S, Coords [ 5.883 24.606  4.891], Mask 1
Type: O, Coords [ 7.283 24.468  5.087], Mask 1
Type: O, Coords [ 4.959 23.587  5.248], Mask 1
Type: N, Coords [ 5.657 24.905  3.278], Mask 1
Designing protein from this path: /home/tedeschg/prj/protein-perturbation/data/cdk2/03.complexes_dude/actives_20_CHEMBL570111_best_CNNaffinity.pdb
These residues will be redesigned:  ['A1', 'A2', 'A3', 'A4', 'A5', 'A6', 'A7', 'A8', 'A9', 'A10', 'A11', 'A12', 'A15', 'A16', 'A17', 'A18', 'A19', 'A20', 'A21', 'A22', 'A23', 'A24', 'A25', 'A26', 'A27', 'A28', 'A29', 'A30', 'A31', 'A32', 'A33', 'A34', 'A35', 'A44', 'A45', 'A46', 'A47', 'A48', 'A49', 'A50', 'A51', 'A52', 'A53', 'A54', 'A55', 'A56', 'A57', 'A58', 'A59', 'A60', 'A61', 'A62', 'A63', 'A64', 'A65', 'A66', 'A67', 'A68', 'A69', 'A70', 'A71', 'A72', 'A73', 'A74', 'A75', 'A76', 'A77', 'A78', 'A79', 'A80', 'A81', 'A82', 'A83', 'A84', 'A85', 'A86', 'A87', 'A88', 'A89', 'A90', 'A91', 'A92', 'A93', 'A94', 'A95', 'A96', 'A97', 'A98', 'A99', 'A100', 'A101', 'A102', 'A103', 'A104', 'A105', 'A106', 'A107', 'A108', 'A109', 'A110', 'A111', 'A112', 'A113', 'A114', 'A115', 'A116', 'A117', 'A118', 'A119', 'A120', 'A121', 'A122', 'A123', 'A124', 'A125', 'A126', 'A127', 'A128', 'A129', 'A130', 'A131', 'A132', 'A133', 'A134', 'A135', 'A136', 'A137', 'A138', 'A139', 'A140', 'A141', 'A142', 'A143', 'A144', 'A145', 'A146', 'A147', 'A148', 'A149', 'A150', 'A151', 'A162', 'A163', 'A164', 'A165', 'A166', 'A167', 'A168', 'A169', 'A170', 'A171', 'A172', 'A173', 'A174', 'A175', 'A176', 'A177', 'A178', 'A179', 'A180', 'A181', 'A182', 'A183', 'A184', 'A185', 'A186', 'A187', 'A188', 'A189', 'A190', 'A191', 'A192', 'A193', 'A194', 'A195', 'A196', 'A197', 'A198', 'A199', 'A200', 'A201', 'A202', 'A203', 'A204', 'A205', 'A206', 'A207', 'A208', 'A209', 'A210', 'A211', 'A212', 'A213', 'A214', 'A215', 'A216', 'A217', 'A218', 'A219', 'A220', 'A221', 'A222', 'A223', 'A224', 'A225', 'A226', 'A227', 'A228', 'A229', 'A230', 'A231', 'A232', 'A233', 'A234', 'A235', 'A236', 'A237', 'A238', 'A239', 'A240', 'A241', 'A242', 'A243', 'A244', 'A245', 'A246', 'A247', 'A248', 'A249', 'A250', 'A251', 'A252', 'A253', 'A254', 'A255', 'A256', 'A257', 'A258', 'A259', 'A260', 'A261', 'A262', 'A263', 'A264', 'A265', 'A266', 'A267', 'A268', 'A269', 'A270', 'A271', 'A272', 'A273', 'A274', 'A275', 'A276', 'A277', 'A278', 'A279', 'A280', 'A281', 'A282', 'A283', 'A284', 'A285', 'A286', 'A287', 'A288', 'A289', 'A290', 'A291', 'A292', 'A293', 'A294', 'A295', 'A296', 'A297', 'A298']
These residues will be fixed:  []
The number of ligand atoms parsed is equal to: 36
Type: C, Coords [-1.043 30.035  9.506], Mask 1
Type: C, Coords [-0.785 28.93  10.342], Mask 1
Type: C, Coords [-1.953 28.631 10.983], Mask 1
Type: N, Coords [-2.915 29.522 10.562], Mask 1
Type: C, Coords [-2.368 30.374  9.674], Mask 1
Type: C, Coords [-0.967 32.952  9.359], Mask 1
Type: C, Coords [-2.6000e-02  3.2106e+01  8.5400e+00], Mask 1
Type: C, Coords [ 0.903 32.692  7.7  ], Mask 1
Type: N, Coords [ 1.715 31.92   6.994], Mask 1
Type: C, Coords [ 1.649 30.599  7.081], Mask 1
Type: N, Coords [ 0.774 29.998  7.872], Mask 1
Type: C, Coords [-0.069 30.711  8.616], Mask 1
Type: N, Coords [ 2.517 29.829  6.325], Mask 1
Type: C, Coords [ 3.402 28.949  6.957], Mask 1
Type: C, Coords [ 3.588 29.026  8.329], Mask 1
Type: C, Coords [ 4.463 28.157  8.95 ], Mask 1
Type: C, Coords [ 5.148 27.221  8.202], Mask 1
Type: C, Coords [ 4.966 27.14   6.827], Mask 1
Type: C, Coords [ 4.087 27.996  6.204], Mask 1
Type: C, Coords [ 3.824 27.951  4.721], Mask 1
Type: C, Coords [ 4.932 27.183  4.002], Mask 1
Type: C, Coords [ 5.122 25.835  4.706], Mask 1
Type: C, Coords [ 5.754 26.099  6.075], Mask 1
Type: C, Coords [-2.149 27.548 11.954], Mask 1
Type: O, Coords [-3.247 27.041 12.085], Mask 1
Type: N, Coords [-1.113 27.115 12.699], Mask 1
Type: C, Coords [-1.309 26.033 13.667], Mask 1
Type: C, Coords [-0.416 24.872 13.311], Mask 1
Type: C, Coords [-0.481 23.701 14.043], Mask 1
Type: C, Coords [ 0.338 22.636 13.716], Mask 1
Type: C, Coords [ 1.222 22.741 12.659], Mask 1
Type: C, Coords [ 1.287 23.913 11.927], Mask 1
Type: C, Coords [ 0.463 24.977 12.25 ], Mask 1
Type: CL, Coords [ 2.396 24.047 10.598], Mask 1
Type: C, Coords [-0.958 26.534 15.07 ], Mask 1
Type: O, Coords [-2.04  27.317 15.58 ], Mask 1
Designing protein from this path: /home/tedeschg/prj/protein-perturbation/data/cdk2/03.complexes_dude/actives_21_CHEMBL192440_best_CNNaffinity.pdb
These residues will be redesigned:  ['A1', 'A2', 'A3', 'A4', 'A5', 'A6', 'A7', 'A8', 'A9', 'A10', 'A11', 'A12', 'A15', 'A16', 'A17', 'A18', 'A19', 'A20', 'A21', 'A22', 'A23', 'A24', 'A25', 'A26', 'A27', 'A28', 'A29', 'A30', 'A31', 'A32', 'A33', 'A34', 'A35', 'A44', 'A45', 'A46', 'A47', 'A48', 'A49', 'A50', 'A51', 'A52', 'A53', 'A54', 'A55', 'A56', 'A57', 'A58', 'A59', 'A60', 'A61', 'A62', 'A63', 'A64', 'A65', 'A66', 'A67', 'A68', 'A69', 'A70', 'A71', 'A72', 'A73', 'A74', 'A75', 'A76', 'A77', 'A78', 'A79', 'A80', 'A81', 'A82', 'A83', 'A84', 'A85', 'A86', 'A87', 'A88', 'A89', 'A90', 'A91', 'A92', 'A93', 'A94', 'A95', 'A96', 'A97', 'A98', 'A99', 'A100', 'A101', 'A102', 'A103', 'A104', 'A105', 'A106', 'A107', 'A108', 'A109', 'A110', 'A111', 'A112', 'A113', 'A114', 'A115', 'A116', 'A117', 'A118', 'A119', 'A120', 'A121', 'A122', 'A123', 'A124', 'A125', 'A126', 'A127', 'A128', 'A129', 'A130', 'A131', 'A132', 'A133', 'A134', 'A135', 'A136', 'A137', 'A138', 'A139', 'A140', 'A141', 'A142', 'A143', 'A144', 'A145', 'A146', 'A147', 'A148', 'A149', 'A150', 'A151', 'A162', 'A163', 'A164', 'A165', 'A166', 'A167', 'A168', 'A169', 'A170', 'A171', 'A172', 'A173', 'A174', 'A175', 'A176', 'A177', 'A178', 'A179', 'A180', 'A181', 'A182', 'A183', 'A184', 'A185', 'A186', 'A187', 'A188', 'A189', 'A190', 'A191', 'A192', 'A193', 'A194', 'A195', 'A196', 'A197', 'A198', 'A199', 'A200', 'A201', 'A202', 'A203', 'A204', 'A205', 'A206', 'A207', 'A208', 'A209', 'A210', 'A211', 'A212', 'A213', 'A214', 'A215', 'A216', 'A217', 'A218', 'A219', 'A220', 'A221', 'A222', 'A223', 'A224', 'A225', 'A226', 'A227', 'A228', 'A229', 'A230', 'A231', 'A232', 'A233', 'A234', 'A235', 'A236', 'A237', 'A238', 'A239', 'A240', 'A241', 'A242', 'A243', 'A244', 'A245', 'A246', 'A247', 'A248', 'A249', 'A250', 'A251', 'A252', 'A253', 'A254', 'A255', 'A256', 'A257', 'A258', 'A259', 'A260', 'A261', 'A262', 'A263', 'A264', 'A265', 'A266', 'A267', 'A268', 'A269', 'A270', 'A271', 'A272', 'A273', 'A274', 'A275', 'A276', 'A277', 'A278', 'A279', 'A280', 'A281', 'A282', 'A283', 'A284', 'A285', 'A286', 'A287', 'A288', 'A289', 'A290', 'A291', 'A292', 'A293', 'A294', 'A295', 'A296', 'A297', 'A298']
These residues will be fixed:  []
The number of ligand atoms parsed is equal to: 31
Type: C, Coords [ 3.289 26.263  8.903], Mask 1
Type: C, Coords [ 2.715 26.94   9.964], Mask 1
Type: C, Coords [ 1.952 26.255 10.89 ], Mask 1
Type: C, Coords [ 1.761 24.887 10.754], Mask 1
Type: C, Coords [ 2.338 24.21   9.687], Mask 1
Type: C, Coords [ 3.096 24.901  8.762], Mask 1
Type: N, Coords [ 0.989 24.19  11.69 ], Mask 1
Type: C, Coords [-0.454 24.381 11.88 ], Mask 1
Type: C, Coords [-0.774 23.76  13.258], Mask 1
Type: C, Coords [ 0.364 22.723 13.408], Mask 1
Type: C, Coords [ 1.472 23.256 12.527], Mask 1
Type: O, Coords [ 2.63  22.895 12.572], Mask 1
Type: C, Coords [-0.789 25.851 11.881], Mask 1
Type: C, Coords [-0.545 26.615 13.006], Mask 1
Type: C, Coords [-0.853 27.963 13.006], Mask 1
Type: C, Coords [-1.405 28.546 11.881], Mask 1
Type: C, Coords [-1.648 27.781 10.755], Mask 1
Type: C, Coords [-1.336 26.435 10.754], Mask 1
Type: C, Coords [ 5.52  27.253  8.465], Mask 1
Type: C, Coords [ 4.121 27.013  7.894], Mask 1
Type: C, Coords [ 3.469 28.337  7.59 ], Mask 1
Type: O, Coords [ 3.823 28.98   6.625], Mask 1
Type: N, Coords [ 2.491 28.806  8.391], Mask 1
Type: C, Coords [ 1.887 30.032  8.109], Mask 1
Type: C, Coords [ 0.754 30.52   8.682], Mask 1
Type: C, Coords [ 0.495 31.773  8.12 ], Mask 1
Type: N, Coords [ 1.432 32.032  7.244], Mask 1
Type: N, Coords [ 2.325 30.953  7.221], Mask 1
Type: C, Coords [-0.664 32.672  8.463], Mask 1
Type: C, Coords [-1.002 32.855  9.944], Mask 1
Type: C, Coords [-1.917 32.017  9.049], Mask 1
Designing protein from this path: /home/tedeschg/prj/protein-perturbation/data/cdk2/03.complexes_dude/actives_22_CHEMBL311464_best_CNNaffinity.pdb
These residues will be redesigned:  ['A1', 'A2', 'A3', 'A4', 'A5', 'A6', 'A7', 'A8', 'A9', 'A10', 'A11', 'A12', 'A15', 'A16', 'A17', 'A18', 'A19', 'A20', 'A21', 'A22', 'A23', 'A24', 'A25', 'A26', 'A27', 'A28', 'A29', 'A30', 'A31', 'A32', 'A33', 'A34', 'A35', 'A44', 'A45', 'A46', 'A47', 'A48', 'A49', 'A50', 'A51', 'A52', 'A53', 'A54', 'A55', 'A56', 'A57', 'A58', 'A59', 'A60', 'A61', 'A62', 'A63', 'A64', 'A65', 'A66', 'A67', 'A68', 'A69', 'A70', 'A71', 'A72', 'A73', 'A74', 'A75', 'A76', 'A77', 'A78', 'A79', 'A80', 'A81', 'A82', 'A83', 'A84', 'A85', 'A86', 'A87', 'A88', 'A89', 'A90', 'A91', 'A92', 'A93', 'A94', 'A95', 'A96', 'A97', 'A98', 'A99', 'A100', 'A101', 'A102', 'A103', 'A104', 'A105', 'A106', 'A107', 'A108', 'A109', 'A110', 'A111', 'A112', 'A113', 'A114', 'A115', 'A116', 'A117', 'A118', 'A119', 'A120', 'A121', 'A122', 'A123', 'A124', 'A125', 'A126', 'A127', 'A128', 'A129', 'A130', 'A131', 'A132', 'A133', 'A134', 'A135', 'A136', 'A137', 'A138', 'A139', 'A140', 'A141', 'A142', 'A143', 'A144', 'A145', 'A146', 'A147', 'A148', 'A149', 'A150', 'A151', 'A162', 'A163', 'A164', 'A165', 'A166', 'A167', 'A168', 'A169', 'A170', 'A171', 'A172', 'A173', 'A174', 'A175', 'A176', 'A177', 'A178', 'A179', 'A180', 'A181', 'A182', 'A183', 'A184', 'A185', 'A186', 'A187', 'A188', 'A189', 'A190', 'A191', 'A192', 'A193', 'A194', 'A195', 'A196', 'A197', 'A198', 'A199', 'A200', 'A201', 'A202', 'A203', 'A204', 'A205', 'A206', 'A207', 'A208', 'A209', 'A210', 'A211', 'A212', 'A213', 'A214', 'A215', 'A216', 'A217', 'A218', 'A219', 'A220', 'A221', 'A222', 'A223', 'A224', 'A225', 'A226', 'A227', 'A228', 'A229', 'A230', 'A231', 'A232', 'A233', 'A234', 'A235', 'A236', 'A237', 'A238', 'A239', 'A240', 'A241', 'A242', 'A243', 'A244', 'A245', 'A246', 'A247', 'A248', 'A249', 'A250', 'A251', 'A252', 'A253', 'A254', 'A255', 'A256', 'A257', 'A258', 'A259', 'A260', 'A261', 'A262', 'A263', 'A264', 'A265', 'A266', 'A267', 'A268', 'A269', 'A270', 'A271', 'A272', 'A273', 'A274', 'A275', 'A276', 'A277', 'A278', 'A279', 'A280', 'A281', 'A282', 'A283', 'A284', 'A285', 'A286', 'A287', 'A288', 'A289', 'A290', 'A291', 'A292', 'A293', 'A294', 'A295', 'A296', 'A297', 'A298']
These residues will be fixed:  []
The number of ligand atoms parsed is equal to: 23
Type: C, Coords [ 1.398 28.633  9.367], Mask 1
Type: C, Coords [ 0.839 27.695 10.247], Mask 1
Type: C, Coords [-0.456 27.804 10.733], Mask 1
Type: C, Coords [-1.262 28.944 10.307], Mask 1
Type: C, Coords [-2.581 29.203 10.703], Mask 1
Type: C, Coords [-3.206 30.333 10.205], Mask 1
Type: C, Coords [-2.584 31.22   9.332], Mask 1
Type: C, Coords [-1.281 30.99   8.922], Mask 1
Type: C, Coords [-0.667 29.851  9.432], Mask 1
Type: C, Coords [ 0.646 29.741  8.946], Mask 1
Type: C, Coords [ 0.812 30.908  8.088], Mask 1
Type: O, Coords [ 1.816 31.197  7.46 ], Mask 1
Type: N, Coords [-0.352 31.61   8.097], Mask 1
Type: F, Coords [-3.226 28.37  11.548], Mask 1
Type: C, Coords [ 4.723 28.748  7.835], Mask 1
Type: C, Coords [ 3.439 29.279  8.017], Mask 1
Type: C, Coords [ 2.78  28.459  8.889], Mask 1
Type: N, Coords [ 3.636 27.444  9.24 ], Mask 1
Type: C, Coords [ 4.818 27.63   8.592], Mask 1
Type: S, Coords [-1.111 26.596 11.836], Mask 1
Type: C, Coords [-0.791 27.287 13.483], Mask 1
Type: C, Coords [-1.265 26.299 14.551], Mask 1
Type: N, Coords [-2.207 26.97  15.456], Mask 1
Designing protein from this path: /home/tedeschg/prj/protein-perturbation/data/cdk2/03.complexes_dude/actives_23_CHEMBL443198_best_CNNaffinity.pdb
These residues will be redesigned:  ['A1', 'A2', 'A3', 'A4', 'A5', 'A6', 'A7', 'A8', 'A9', 'A10', 'A11', 'A12', 'A15', 'A16', 'A17', 'A18', 'A19', 'A20', 'A21', 'A22', 'A23', 'A24', 'A25', 'A26', 'A27', 'A28', 'A29', 'A30', 'A31', 'A32', 'A33', 'A34', 'A35', 'A44', 'A45', 'A46', 'A47', 'A48', 'A49', 'A50', 'A51', 'A52', 'A53', 'A54', 'A55', 'A56', 'A57', 'A58', 'A59', 'A60', 'A61', 'A62', 'A63', 'A64', 'A65', 'A66', 'A67', 'A68', 'A69', 'A70', 'A71', 'A72', 'A73', 'A74', 'A75', 'A76', 'A77', 'A78', 'A79', 'A80', 'A81', 'A82', 'A83', 'A84', 'A85', 'A86', 'A87', 'A88', 'A89', 'A90', 'A91', 'A92', 'A93', 'A94', 'A95', 'A96', 'A97', 'A98', 'A99', 'A100', 'A101', 'A102', 'A103', 'A104', 'A105', 'A106', 'A107', 'A108', 'A109', 'A110', 'A111', 'A112', 'A113', 'A114', 'A115', 'A116', 'A117', 'A118', 'A119', 'A120', 'A121', 'A122', 'A123', 'A124', 'A125', 'A126', 'A127', 'A128', 'A129', 'A130', 'A131', 'A132', 'A133', 'A134', 'A135', 'A136', 'A137', 'A138', 'A139', 'A140', 'A141', 'A142', 'A143', 'A144', 'A145', 'A146', 'A147', 'A148', 'A149', 'A150', 'A151', 'A162', 'A163', 'A164', 'A165', 'A166', 'A167', 'A168', 'A169', 'A170', 'A171', 'A172', 'A173', 'A174', 'A175', 'A176', 'A177', 'A178', 'A179', 'A180', 'A181', 'A182', 'A183', 'A184', 'A185', 'A186', 'A187', 'A188', 'A189', 'A190', 'A191', 'A192', 'A193', 'A194', 'A195', 'A196', 'A197', 'A198', 'A199', 'A200', 'A201', 'A202', 'A203', 'A204', 'A205', 'A206', 'A207', 'A208', 'A209', 'A210', 'A211', 'A212', 'A213', 'A214', 'A215', 'A216', 'A217', 'A218', 'A219', 'A220', 'A221', 'A222', 'A223', 'A224', 'A225', 'A226', 'A227', 'A228', 'A229', 'A230', 'A231', 'A232', 'A233', 'A234', 'A235', 'A236', 'A237', 'A238', 'A239', 'A240', 'A241', 'A242', 'A243', 'A244', 'A245', 'A246', 'A247', 'A248', 'A249', 'A250', 'A251', 'A252', 'A253', 'A254', 'A255', 'A256', 'A257', 'A258', 'A259', 'A260', 'A261', 'A262', 'A263', 'A264', 'A265', 'A266', 'A267', 'A268', 'A269', 'A270', 'A271', 'A272', 'A273', 'A274', 'A275', 'A276', 'A277', 'A278', 'A279', 'A280', 'A281', 'A282', 'A283', 'A284', 'A285', 'A286', 'A287', 'A288', 'A289', 'A290', 'A291', 'A292', 'A293', 'A294', 'A295', 'A296', 'A297', 'A298']
These residues will be fixed:  []
The number of ligand atoms parsed is equal to: 20
Type: C, Coords [-0.223 30.379  9.288], Mask 1
Type: C, Coords [-1.31  30.055 10.094], Mask 1
Type: C, Coords [-2.147 31.181 10.053], Mask 1
Type: N, Coords [-1.581 32.074  9.285], Mask 1
Type: N, Coords [-0.46  31.649  8.826], Mask 1
Type: N, Coords [ 1.918 29.995  8.188], Mask 1
Type: C, Coords [ 0.941 29.538  8.997], Mask 1
Type: O, Coords [ 1.027 28.427  9.485], Mask 1
Type: C, Coords [ 3.743 28.537  8.799], Mask 1
Type: C, Coords [ 4.785 27.707  8.435], Mask 1
Type: C, Coords [ 5.063 27.489  7.096], Mask 1
Type: C, Coords [ 4.297 28.104  6.119], Mask 1
Type: C, Coords [ 3.255 28.935  6.479], Mask 1
Type: C, Coords [ 2.974 29.154  7.821], Mask 1
Type: F, Coords [ 6.083 26.677  6.742], Mask 1
Type: N, Coords [-1.522 28.864 10.793], Mask 1
Type: C, Coords [-2.763 28.539 11.209], Mask 1
Type: O, Coords [-3.694 29.28  10.977], Mask 1
Type: C, Coords [-2.992 27.255 11.963], Mask 1
Type: O, Coords [-4.36  27.177 12.368], Mask 1
Designing protein from this path: /home/tedeschg/prj/protein-perturbation/data/cdk2/03.complexes_dude/actives_24_CHEMBL424469_best_CNNaffinity.pdb
These residues will be redesigned:  ['A1', 'A2', 'A3', 'A4', 'A5', 'A6', 'A7', 'A8', 'A9', 'A10', 'A11', 'A12', 'A15', 'A16', 'A17', 'A18', 'A19', 'A20', 'A21', 'A22', 'A23', 'A24', 'A25', 'A26', 'A27', 'A28', 'A29', 'A30', 'A31', 'A32', 'A33', 'A34', 'A35', 'A44', 'A45', 'A46', 'A47', 'A48', 'A49', 'A50', 'A51', 'A52', 'A53', 'A54', 'A55', 'A56', 'A57', 'A58', 'A59', 'A60', 'A61', 'A62', 'A63', 'A64', 'A65', 'A66', 'A67', 'A68', 'A69', 'A70', 'A71', 'A72', 'A73', 'A74', 'A75', 'A76', 'A77', 'A78', 'A79', 'A80', 'A81', 'A82', 'A83', 'A84', 'A85', 'A86', 'A87', 'A88', 'A89', 'A90', 'A91', 'A92', 'A93', 'A94', 'A95', 'A96', 'A97', 'A98', 'A99', 'A100', 'A101', 'A102', 'A103', 'A104', 'A105', 'A106', 'A107', 'A108', 'A109', 'A110', 'A111', 'A112', 'A113', 'A114', 'A115', 'A116', 'A117', 'A118', 'A119', 'A120', 'A121', 'A122', 'A123', 'A124', 'A125', 'A126', 'A127', 'A128', 'A129', 'A130', 'A131', 'A132', 'A133', 'A134', 'A135', 'A136', 'A137', 'A138', 'A139', 'A140', 'A141', 'A142', 'A143', 'A144', 'A145', 'A146', 'A147', 'A148', 'A149', 'A150', 'A151', 'A162', 'A163', 'A164', 'A165', 'A166', 'A167', 'A168', 'A169', 'A170', 'A171', 'A172', 'A173', 'A174', 'A175', 'A176', 'A177', 'A178', 'A179', 'A180', 'A181', 'A182', 'A183', 'A184', 'A185', 'A186', 'A187', 'A188', 'A189', 'A190', 'A191', 'A192', 'A193', 'A194', 'A195', 'A196', 'A197', 'A198', 'A199', 'A200', 'A201', 'A202', 'A203', 'A204', 'A205', 'A206', 'A207', 'A208', 'A209', 'A210', 'A211', 'A212', 'A213', 'A214', 'A215', 'A216', 'A217', 'A218', 'A219', 'A220', 'A221', 'A222', 'A223', 'A224', 'A225', 'A226', 'A227', 'A228', 'A229', 'A230', 'A231', 'A232', 'A233', 'A234', 'A235', 'A236', 'A237', 'A238', 'A239', 'A240', 'A241', 'A242', 'A243', 'A244', 'A245', 'A246', 'A247', 'A248', 'A249', 'A250', 'A251', 'A252', 'A253', 'A254', 'A255', 'A256', 'A257', 'A258', 'A259', 'A260', 'A261', 'A262', 'A263', 'A264', 'A265', 'A266', 'A267', 'A268', 'A269', 'A270', 'A271', 'A272', 'A273', 'A274', 'A275', 'A276', 'A277', 'A278', 'A279', 'A280', 'A281', 'A282', 'A283', 'A284', 'A285', 'A286', 'A287', 'A288', 'A289', 'A290', 'A291', 'A292', 'A293', 'A294', 'A295', 'A296', 'A297', 'A298']
These residues will be fixed:  []
The number of ligand atoms parsed is equal to: 25
Type: C, Coords [-1.492 28.747  9.545], Mask 1
Type: C, Coords [-1.254 30.198  9.497], Mask 1
Type: C, Coords [-2.159 30.775 10.393], Mask 1
Type: C, Coords [-2.173 32.16  10.569], Mask 1
Type: C, Coords [-1.313 32.958  9.873], Mask 1
Type: C, Coords [-0.402 32.406  8.973], Mask 1
Type: C, Coords [-0.362 31.017  8.774], Mask 1
Type: N, Coords [ 0.597 30.762  7.865], Mask 1
Type: N, Coords [ 1.155 31.855  7.482], Mask 1
Type: N, Coords [ 0.563 32.937  8.15 ], Mask 1
Type: N, Coords [-2.905 29.754 10.959], Mask 1
Type: C, Coords [-2.519 28.551 10.457], Mask 1
Type: O, Coords [-3.05  27.354 10.795], Mask 1
Type: N, Coords [-0.334 26.778  9.446], Mask 1
Type: N, Coords [-0.843 27.796  8.84 ], Mask 1
Type: C, Coords [ 0.059 27.524 11.689], Mask 1
Type: C, Coords [-0.13  27.36  13.045], Mask 1
Type: C, Coords [-0.889 26.304 13.518], Mask 1
Type: C, Coords [-1.463 25.405 12.636], Mask 1
Type: C, Coords [-1.282 25.557 11.277], Mask 1
Type: C, Coords [-0.517 26.621 10.792], Mask 1
Type: S, Coords [-1.125 26.102 15.253], Mask 1
Type: O, Coords [-1.712 24.821 15.436], Mask 1
Type: O, Coords [ 0.096 26.477 15.876], Mask 1
Type: N, Coords [-2.258 27.214 15.725], Mask 1
Designing protein from this path: /home/tedeschg/prj/protein-perturbation/data/cdk2/03.complexes_dude/actives_25_CHEMBL48796_best_CNNaffinity.pdb
These residues will be redesigned:  ['A1', 'A2', 'A3', 'A4', 'A5', 'A6', 'A7', 'A8', 'A9', 'A10', 'A11', 'A12', 'A15', 'A16', 'A17', 'A18', 'A19', 'A20', 'A21', 'A22', 'A23', 'A24', 'A25', 'A26', 'A27', 'A28', 'A29', 'A30', 'A31', 'A32', 'A33', 'A34', 'A35', 'A44', 'A45', 'A46', 'A47', 'A48', 'A49', 'A50', 'A51', 'A52', 'A53', 'A54', 'A55', 'A56', 'A57', 'A58', 'A59', 'A60', 'A61', 'A62', 'A63', 'A64', 'A65', 'A66', 'A67', 'A68', 'A69', 'A70', 'A71', 'A72', 'A73', 'A74', 'A75', 'A76', 'A77', 'A78', 'A79', 'A80', 'A81', 'A82', 'A83', 'A84', 'A85', 'A86', 'A87', 'A88', 'A89', 'A90', 'A91', 'A92', 'A93', 'A94', 'A95', 'A96', 'A97', 'A98', 'A99', 'A100', 'A101', 'A102', 'A103', 'A104', 'A105', 'A106', 'A107', 'A108', 'A109', 'A110', 'A111', 'A112', 'A113', 'A114', 'A115', 'A116', 'A117', 'A118', 'A119', 'A120', 'A121', 'A122', 'A123', 'A124', 'A125', 'A126', 'A127', 'A128', 'A129', 'A130', 'A131', 'A132', 'A133', 'A134', 'A135', 'A136', 'A137', 'A138', 'A139', 'A140', 'A141', 'A142', 'A143', 'A144', 'A145', 'A146', 'A147', 'A148', 'A149', 'A150', 'A151', 'A162', 'A163', 'A164', 'A165', 'A166', 'A167', 'A168', 'A169', 'A170', 'A171', 'A172', 'A173', 'A174', 'A175', 'A176', 'A177', 'A178', 'A179', 'A180', 'A181', 'A182', 'A183', 'A184', 'A185', 'A186', 'A187', 'A188', 'A189', 'A190', 'A191', 'A192', 'A193', 'A194', 'A195', 'A196', 'A197', 'A198', 'A199', 'A200', 'A201', 'A202', 'A203', 'A204', 'A205', 'A206', 'A207', 'A208', 'A209', 'A210', 'A211', 'A212', 'A213', 'A214', 'A215', 'A216', 'A217', 'A218', 'A219', 'A220', 'A221', 'A222', 'A223', 'A224', 'A225', 'A226', 'A227', 'A228', 'A229', 'A230', 'A231', 'A232', 'A233', 'A234', 'A235', 'A236', 'A237', 'A238', 'A239', 'A240', 'A241', 'A242', 'A243', 'A244', 'A245', 'A246', 'A247', 'A248', 'A249', 'A250', 'A251', 'A252', 'A253', 'A254', 'A255', 'A256', 'A257', 'A258', 'A259', 'A260', 'A261', 'A262', 'A263', 'A264', 'A265', 'A266', 'A267', 'A268', 'A269', 'A270', 'A271', 'A272', 'A273', 'A274', 'A275', 'A276', 'A277', 'A278', 'A279', 'A280', 'A281', 'A282', 'A283', 'A284', 'A285', 'A286', 'A287', 'A288', 'A289', 'A290', 'A291', 'A292', 'A293', 'A294', 'A295', 'A296', 'A297', 'A298']
These residues will be fixed:  []
The number of ligand atoms parsed is equal to: 25
Type: C, Coords [ 0.158 31.744  8.35 ], Mask 1
Type: C, Coords [ 1.081 32.341  7.544], Mask 1
Type: N, Coords [ 2.008 31.606  6.959], Mask 1
Type: C, Coords [ 2.061 30.299  7.137], Mask 1
Type: S, Coords [ 0.683 30.038  8.245], Mask 1
Type: N, Coords [ 2.955 29.373  6.609], Mask 1
Type: C, Coords [ 3.694 28.604  7.433], Mask 1
Type: O, Coords [ 3.579 28.719  8.638], Mask 1
Type: C, Coords [ 4.644 27.62   6.872], Mask 1
Type: C, Coords [ 5.604 27.026  7.692], Mask 1
Type: C, Coords [ 6.488 26.108  7.162], Mask 1
Type: C, Coords [ 6.423 25.777  5.821], Mask 1
Type: C, Coords [ 5.474 26.362  5.002], Mask 1
Type: C, Coords [ 4.581 27.277  5.52 ], Mask 1
Type: S, Coords [-1.177 32.457  9.251], Mask 1
Type: C, Coords [-2.406 31.125  9.342], Mask 1
Type: C, Coords [-1.545 28.227 11.357], Mask 1
Type: C, Coords [-1.23  29.233 12.189], Mask 1
Type: N, Coords [-1.505 30.387 11.555], Mask 1
Type: C, Coords [-1.974 30.113 10.372], Mask 1
Type: O, Coords [-2.005 28.782 10.219], Mask 1
Type: C, Coords [7.0000e-03 2.6467e+01 1.2159e+01], Mask 1
Type: C, Coords [-1.404 26.753 11.64 ], Mask 1
Type: C, Coords [-1.645 25.961 10.354], Mask 1
Type: C, Coords [-2.43  26.337 12.697], Mask 1
Designing protein from this path: /home/tedeschg/prj/protein-perturbation/data/cdk2/03.complexes_dude/actives_26_CHEMBL574738_best_CNNaffinity.pdb
These residues will be redesigned:  ['A1', 'A2', 'A3', 'A4', 'A5', 'A6', 'A7', 'A8', 'A9', 'A10', 'A11', 'A12', 'A15', 'A16', 'A17', 'A18', 'A19', 'A20', 'A21', 'A22', 'A23', 'A24', 'A25', 'A26', 'A27', 'A28', 'A29', 'A30', 'A31', 'A32', 'A33', 'A34', 'A35', 'A44', 'A45', 'A46', 'A47', 'A48', 'A49', 'A50', 'A51', 'A52', 'A53', 'A54', 'A55', 'A56', 'A57', 'A58', 'A59', 'A60', 'A61', 'A62', 'A63', 'A64', 'A65', 'A66', 'A67', 'A68', 'A69', 'A70', 'A71', 'A72', 'A73', 'A74', 'A75', 'A76', 'A77', 'A78', 'A79', 'A80', 'A81', 'A82', 'A83', 'A84', 'A85', 'A86', 'A87', 'A88', 'A89', 'A90', 'A91', 'A92', 'A93', 'A94', 'A95', 'A96', 'A97', 'A98', 'A99', 'A100', 'A101', 'A102', 'A103', 'A104', 'A105', 'A106', 'A107', 'A108', 'A109', 'A110', 'A111', 'A112', 'A113', 'A114', 'A115', 'A116', 'A117', 'A118', 'A119', 'A120', 'A121', 'A122', 'A123', 'A124', 'A125', 'A126', 'A127', 'A128', 'A129', 'A130', 'A131', 'A132', 'A133', 'A134', 'A135', 'A136', 'A137', 'A138', 'A139', 'A140', 'A141', 'A142', 'A143', 'A144', 'A145', 'A146', 'A147', 'A148', 'A149', 'A150', 'A151', 'A162', 'A163', 'A164', 'A165', 'A166', 'A167', 'A168', 'A169', 'A170', 'A171', 'A172', 'A173', 'A174', 'A175', 'A176', 'A177', 'A178', 'A179', 'A180', 'A181', 'A182', 'A183', 'A184', 'A185', 'A186', 'A187', 'A188', 'A189', 'A190', 'A191', 'A192', 'A193', 'A194', 'A195', 'A196', 'A197', 'A198', 'A199', 'A200', 'A201', 'A202', 'A203', 'A204', 'A205', 'A206', 'A207', 'A208', 'A209', 'A210', 'A211', 'A212', 'A213', 'A214', 'A215', 'A216', 'A217', 'A218', 'A219', 'A220', 'A221', 'A222', 'A223', 'A224', 'A225', 'A226', 'A227', 'A228', 'A229', 'A230', 'A231', 'A232', 'A233', 'A234', 'A235', 'A236', 'A237', 'A238', 'A239', 'A240', 'A241', 'A242', 'A243', 'A244', 'A245', 'A246', 'A247', 'A248', 'A249', 'A250', 'A251', 'A252', 'A253', 'A254', 'A255', 'A256', 'A257', 'A258', 'A259', 'A260', 'A261', 'A262', 'A263', 'A264', 'A265', 'A266', 'A267', 'A268', 'A269', 'A270', 'A271', 'A272', 'A273', 'A274', 'A275', 'A276', 'A277', 'A278', 'A279', 'A280', 'A281', 'A282', 'A283', 'A284', 'A285', 'A286', 'A287', 'A288', 'A289', 'A290', 'A291', 'A292', 'A293', 'A294', 'A295', 'A296', 'A297', 'A298']
These residues will be fixed:  []
The number of ligand atoms parsed is equal to: 38
Type: N, Coords [ 2.749 29.81   7.53 ], Mask 1
Type: C, Coords [ 3.474 28.674  7.549], Mask 1
Type: O, Coords [ 3.151 27.759  8.282], Mask 1
Type: N, Coords [ 4.556 28.552  6.756], Mask 1
Type: C, Coords [-0.399 30.317 10.212], Mask 1
Type: C, Coords [ 0.458 29.241 10.349], Mask 1
Type: C, Coords [ 1.502 29.07   9.462], Mask 1
Type: C, Coords [ 1.691 29.98   8.431], Mask 1
Type: C, Coords [ 0.829 31.06   8.295], Mask 1
Type: C, Coords [-0.217 31.223  9.183], Mask 1
Type: C, Coords [-1.157 32.391  9.033], Mask 1
Type: F, Coords [-1.248 33.075 10.249], Mask 1
Type: F, Coords [-0.672 33.256  8.046], Mask 1
Type: F, Coords [-2.424 31.926  8.663], Mask 1
Type: C, Coords [-1.538 30.5   11.181], Mask 1
Type: N, Coords [-1.303 26.488 12.49 ], Mask 1
Type: C, Coords [-1.05  27.55  13.472], Mask 1
Type: C, Coords [-0.699 28.848 12.741], Mask 1
Type: N, Coords [-1.813 29.227 11.86 ], Mask 1
Type: C, Coords [-2.094 28.162 10.887], Mask 1
Type: C, Coords [-2.433 26.87  11.633], Mask 1
Type: C, Coords [-1.251 25.375 14.671], Mask 1
Type: C, Coords [-1.622 25.238 13.193], Mask 1
Type: C, Coords [ 5.247 27.335  6.695], Mask 1
Type: C, Coords [ 5.939 26.873  7.807], Mask 1
Type: C, Coords [ 6.62  25.673  7.746], Mask 1
Type: C, Coords [ 6.613 24.93   6.575], Mask 1
Type: C, Coords [ 5.922 25.391  5.464], Mask 1
Type: C, Coords [ 5.236 26.587  5.525], Mask 1
Type: O, Coords [ 7.284 23.748  6.516], Mask 1
Type: C, Coords [ 6.686 22.65   7.04 ], Mask 1
Type: C, Coords [ 5.301 22.57   7.114], Mask 1
Type: C, Coords [ 4.735 21.421  7.66 ], Mask 1
Type: N, Coords [ 5.535 20.447  8.087], Mask 1
Type: C, Coords [ 6.845 20.562  7.998], Mask 1
Type: N, Coords [ 7.417 21.631  7.484], Mask 1
Type: N, Coords [ 3.358 21.294  7.757], Mask 1
Type: C, Coords [ 2.765 20.61   8.909], Mask 1
Designing protein from this path: /home/tedeschg/prj/protein-perturbation/data/cdk2/03.complexes_dude/actives_27_CHEMBL482193_best_CNNaffinity.pdb
These residues will be redesigned:  ['A1', 'A2', 'A3', 'A4', 'A5', 'A6', 'A7', 'A8', 'A9', 'A10', 'A11', 'A12', 'A15', 'A16', 'A17', 'A18', 'A19', 'A20', 'A21', 'A22', 'A23', 'A24', 'A25', 'A26', 'A27', 'A28', 'A29', 'A30', 'A31', 'A32', 'A33', 'A34', 'A35', 'A44', 'A45', 'A46', 'A47', 'A48', 'A49', 'A50', 'A51', 'A52', 'A53', 'A54', 'A55', 'A56', 'A57', 'A58', 'A59', 'A60', 'A61', 'A62', 'A63', 'A64', 'A65', 'A66', 'A67', 'A68', 'A69', 'A70', 'A71', 'A72', 'A73', 'A74', 'A75', 'A76', 'A77', 'A78', 'A79', 'A80', 'A81', 'A82', 'A83', 'A84', 'A85', 'A86', 'A87', 'A88', 'A89', 'A90', 'A91', 'A92', 'A93', 'A94', 'A95', 'A96', 'A97', 'A98', 'A99', 'A100', 'A101', 'A102', 'A103', 'A104', 'A105', 'A106', 'A107', 'A108', 'A109', 'A110', 'A111', 'A112', 'A113', 'A114', 'A115', 'A116', 'A117', 'A118', 'A119', 'A120', 'A121', 'A122', 'A123', 'A124', 'A125', 'A126', 'A127', 'A128', 'A129', 'A130', 'A131', 'A132', 'A133', 'A134', 'A135', 'A136', 'A137', 'A138', 'A139', 'A140', 'A141', 'A142', 'A143', 'A144', 'A145', 'A146', 'A147', 'A148', 'A149', 'A150', 'A151', 'A162', 'A163', 'A164', 'A165', 'A166', 'A167', 'A168', 'A169', 'A170', 'A171', 'A172', 'A173', 'A174', 'A175', 'A176', 'A177', 'A178', 'A179', 'A180', 'A181', 'A182', 'A183', 'A184', 'A185', 'A186', 'A187', 'A188', 'A189', 'A190', 'A191', 'A192', 'A193', 'A194', 'A195', 'A196', 'A197', 'A198', 'A199', 'A200', 'A201', 'A202', 'A203', 'A204', 'A205', 'A206', 'A207', 'A208', 'A209', 'A210', 'A211', 'A212', 'A213', 'A214', 'A215', 'A216', 'A217', 'A218', 'A219', 'A220', 'A221', 'A222', 'A223', 'A224', 'A225', 'A226', 'A227', 'A228', 'A229', 'A230', 'A231', 'A232', 'A233', 'A234', 'A235', 'A236', 'A237', 'A238', 'A239', 'A240', 'A241', 'A242', 'A243', 'A244', 'A245', 'A246', 'A247', 'A248', 'A249', 'A250', 'A251', 'A252', 'A253', 'A254', 'A255', 'A256', 'A257', 'A258', 'A259', 'A260', 'A261', 'A262', 'A263', 'A264', 'A265', 'A266', 'A267', 'A268', 'A269', 'A270', 'A271', 'A272', 'A273', 'A274', 'A275', 'A276', 'A277', 'A278', 'A279', 'A280', 'A281', 'A282', 'A283', 'A284', 'A285', 'A286', 'A287', 'A288', 'A289', 'A290', 'A291', 'A292', 'A293', 'A294', 'A295', 'A296', 'A297', 'A298']
These residues will be fixed:  []
The number of ligand atoms parsed is equal to: 26
Type: C, Coords [ 1.258 28.125 10.438], Mask 1
Type: N, Coords [ 0.221 28.94  10.518], Mask 1
Type: C, Coords [ 0.121 29.984  9.678], Mask 1
Type: C, Coords [-0.814 30.989  9.514], Mask 1
Type: C, Coords [-0.381 31.8    8.47 ], Mask 1
Type: N, Coords [ 0.755 31.332  8.009], Mask 1
Type: N, Coords [ 1.104 30.193  8.741], Mask 1
Type: C, Coords [ 2.164 29.329  8.686], Mask 1
Type: N, Coords [ 2.224 28.32   9.534], Mask 1
Type: C, Coords [-2.074 31.173 10.319], Mask 1
Type: C, Coords [-2.238 32.651 10.681], Mask 1
Type: C, Coords [-3.278 30.714  9.494], Mask 1
Type: N, Coords [ 1.349 27.055 11.307], Mask 1
Type: C, Coords [ 0.881 25.731 10.89 ], Mask 1
Type: C, Coords [ 1.665 24.653 11.642], Mask 1
Type: O, Coords [ 2.973 25.141 11.948], Mask 1
Type: C, Coords [-1.416 25.677  9.909], Mask 1
Type: C, Coords [-0.609 25.592 11.206], Mask 1
Type: N, Coords [ 3.158 29.514  7.761], Mask 1
Type: C, Coords [ 4.366 28.686  7.809], Mask 1
Type: C, Coords [ 4.353 27.712  6.659], Mask 1
Type: C, Coords [ 4.136 28.166  5.371], Mask 1
Type: C, Coords [ 4.124 27.272  4.316], Mask 1
Type: C, Coords [ 4.329 25.925  4.549], Mask 1
Type: C, Coords [ 4.546 25.471  5.837], Mask 1
Type: C, Coords [ 4.562 26.366  6.891], Mask 1
Designing protein from this path: /home/tedeschg/prj/protein-perturbation/data/cdk2/03.complexes_dude/actives_28_CHEMBL148580_best_CNNaffinity.pdb
These residues will be redesigned:  ['A1', 'A2', 'A3', 'A4', 'A5', 'A6', 'A7', 'A8', 'A9', 'A10', 'A11', 'A12', 'A15', 'A16', 'A17', 'A18', 'A19', 'A20', 'A21', 'A22', 'A23', 'A24', 'A25', 'A26', 'A27', 'A28', 'A29', 'A30', 'A31', 'A32', 'A33', 'A34', 'A35', 'A44', 'A45', 'A46', 'A47', 'A48', 'A49', 'A50', 'A51', 'A52', 'A53', 'A54', 'A55', 'A56', 'A57', 'A58', 'A59', 'A60', 'A61', 'A62', 'A63', 'A64', 'A65', 'A66', 'A67', 'A68', 'A69', 'A70', 'A71', 'A72', 'A73', 'A74', 'A75', 'A76', 'A77', 'A78', 'A79', 'A80', 'A81', 'A82', 'A83', 'A84', 'A85', 'A86', 'A87', 'A88', 'A89', 'A90', 'A91', 'A92', 'A93', 'A94', 'A95', 'A96', 'A97', 'A98', 'A99', 'A100', 'A101', 'A102', 'A103', 'A104', 'A105', 'A106', 'A107', 'A108', 'A109', 'A110', 'A111', 'A112', 'A113', 'A114', 'A115', 'A116', 'A117', 'A118', 'A119', 'A120', 'A121', 'A122', 'A123', 'A124', 'A125', 'A126', 'A127', 'A128', 'A129', 'A130', 'A131', 'A132', 'A133', 'A134', 'A135', 'A136', 'A137', 'A138', 'A139', 'A140', 'A141', 'A142', 'A143', 'A144', 'A145', 'A146', 'A147', 'A148', 'A149', 'A150', 'A151', 'A162', 'A163', 'A164', 'A165', 'A166', 'A167', 'A168', 'A169', 'A170', 'A171', 'A172', 'A173', 'A174', 'A175', 'A176', 'A177', 'A178', 'A179', 'A180', 'A181', 'A182', 'A183', 'A184', 'A185', 'A186', 'A187', 'A188', 'A189', 'A190', 'A191', 'A192', 'A193', 'A194', 'A195', 'A196', 'A197', 'A198', 'A199', 'A200', 'A201', 'A202', 'A203', 'A204', 'A205', 'A206', 'A207', 'A208', 'A209', 'A210', 'A211', 'A212', 'A213', 'A214', 'A215', 'A216', 'A217', 'A218', 'A219', 'A220', 'A221', 'A222', 'A223', 'A224', 'A225', 'A226', 'A227', 'A228', 'A229', 'A230', 'A231', 'A232', 'A233', 'A234', 'A235', 'A236', 'A237', 'A238', 'A239', 'A240', 'A241', 'A242', 'A243', 'A244', 'A245', 'A246', 'A247', 'A248', 'A249', 'A250', 'A251', 'A252', 'A253', 'A254', 'A255', 'A256', 'A257', 'A258', 'A259', 'A260', 'A261', 'A262', 'A263', 'A264', 'A265', 'A266', 'A267', 'A268', 'A269', 'A270', 'A271', 'A272', 'A273', 'A274', 'A275', 'A276', 'A277', 'A278', 'A279', 'A280', 'A281', 'A282', 'A283', 'A284', 'A285', 'A286', 'A287', 'A288', 'A289', 'A290', 'A291', 'A292', 'A293', 'A294', 'A295', 'A296', 'A297', 'A298']
These residues will be fixed:  []
The number of ligand atoms parsed is equal to: 34
Type: C, Coords [ 2.321 30.1    7.478], Mask 1
Type: C, Coords [ 1.23  30.133  8.378], Mask 1
Type: C, Coords [ 0.582 31.348  8.198], Mask 1
Type: N, Coords [ 1.249 32.018  7.234], Mask 1
Type: N, Coords [ 2.324 31.233  6.805], Mask 1
Type: C, Coords [-0.571 31.419  9.127], Mask 1
Type: C, Coords [-1.528 32.399  9.346], Mask 1
Type: C, Coords [-2.521 32.206 10.298], Mask 1
Type: C, Coords [-2.568 31.043 11.034], Mask 1
Type: C, Coords [-1.615 30.043 10.829], Mask 1
Type: C, Coords [-0.614 30.229  9.876], Mask 1
Type: C, Coords [ 0.516 29.382  9.431], Mask 1
Type: O, Coords [ 0.801 28.278  9.851], Mask 1
Type: C, Coords [ 5.106 26.918  7.033], Mask 1
Type: C, Coords [ 4.862 27.455  8.29 ], Mask 1
Type: C, Coords [ 3.96  28.487  8.438], Mask 1
Type: C, Coords [ 3.292 28.991  7.323], Mask 1
Type: C, Coords [ 3.539 28.45   6.061], Mask 1
Type: C, Coords [ 4.446 27.421  5.92 ], Mask 1
Type: C, Coords [ 6.225 25.42   5.565], Mask 1
Type: O, Coords [ 5.996 25.901  6.891], Mask 1
Type: N, Coords [-1.663 28.869 11.573], Mask 1
Type: C, Coords [-2.816 28.178 11.668], Mask 1
Type: O, Coords [-3.787 28.529 11.032], Mask 1
Type: C, Coords [-2.899 26.97  12.565], Mask 1
Type: N, Coords [-1.866 26.001 12.178], Mask 1
Type: C, Coords [-0.706 26.082 13.075], Mask 1
Type: C, Coords [ 0.265 24.941 12.753], Mask 1
Type: N, Coords [ 0.584 24.989 11.318], Mask 1
Type: C, Coords [-0.53  25.049 10.36 ], Mask 1
Type: C, Coords [-1.469 26.186 10.776], Mask 1
Type: C, Coords [ 1.882 24.978 10.886], Mask 1
Type: N, Coords [ 2.152 24.824  9.591], Mask 1
Type: N, Coords [ 2.876 25.121 11.761], Mask 1
Designing protein from this path: /home/tedeschg/prj/protein-perturbation/data/cdk2/03.complexes_dude/actives_29_CHEMBL380946_best_CNNaffinity.pdb
These residues will be redesigned:  ['A1', 'A2', 'A3', 'A4', 'A5', 'A6', 'A7', 'A8', 'A9', 'A10', 'A11', 'A12', 'A15', 'A16', 'A17', 'A18', 'A19', 'A20', 'A21', 'A22', 'A23', 'A24', 'A25', 'A26', 'A27', 'A28', 'A29', 'A30', 'A31', 'A32', 'A33', 'A34', 'A35', 'A44', 'A45', 'A46', 'A47', 'A48', 'A49', 'A50', 'A51', 'A52', 'A53', 'A54', 'A55', 'A56', 'A57', 'A58', 'A59', 'A60', 'A61', 'A62', 'A63', 'A64', 'A65', 'A66', 'A67', 'A68', 'A69', 'A70', 'A71', 'A72', 'A73', 'A74', 'A75', 'A76', 'A77', 'A78', 'A79', 'A80', 'A81', 'A82', 'A83', 'A84', 'A85', 'A86', 'A87', 'A88', 'A89', 'A90', 'A91', 'A92', 'A93', 'A94', 'A95', 'A96', 'A97', 'A98', 'A99', 'A100', 'A101', 'A102', 'A103', 'A104', 'A105', 'A106', 'A107', 'A108', 'A109', 'A110', 'A111', 'A112', 'A113', 'A114', 'A115', 'A116', 'A117', 'A118', 'A119', 'A120', 'A121', 'A122', 'A123', 'A124', 'A125', 'A126', 'A127', 'A128', 'A129', 'A130', 'A131', 'A132', 'A133', 'A134', 'A135', 'A136', 'A137', 'A138', 'A139', 'A140', 'A141', 'A142', 'A143', 'A144', 'A145', 'A146', 'A147', 'A148', 'A149', 'A150', 'A151', 'A162', 'A163', 'A164', 'A165', 'A166', 'A167', 'A168', 'A169', 'A170', 'A171', 'A172', 'A173', 'A174', 'A175', 'A176', 'A177', 'A178', 'A179', 'A180', 'A181', 'A182', 'A183', 'A184', 'A185', 'A186', 'A187', 'A188', 'A189', 'A190', 'A191', 'A192', 'A193', 'A194', 'A195', 'A196', 'A197', 'A198', 'A199', 'A200', 'A201', 'A202', 'A203', 'A204', 'A205', 'A206', 'A207', 'A208', 'A209', 'A210', 'A211', 'A212', 'A213', 'A214', 'A215', 'A216', 'A217', 'A218', 'A219', 'A220', 'A221', 'A222', 'A223', 'A224', 'A225', 'A226', 'A227', 'A228', 'A229', 'A230', 'A231', 'A232', 'A233', 'A234', 'A235', 'A236', 'A237', 'A238', 'A239', 'A240', 'A241', 'A242', 'A243', 'A244', 'A245', 'A246', 'A247', 'A248', 'A249', 'A250', 'A251', 'A252', 'A253', 'A254', 'A255', 'A256', 'A257', 'A258', 'A259', 'A260', 'A261', 'A262', 'A263', 'A264', 'A265', 'A266', 'A267', 'A268', 'A269', 'A270', 'A271', 'A272', 'A273', 'A274', 'A275', 'A276', 'A277', 'A278', 'A279', 'A280', 'A281', 'A282', 'A283', 'A284', 'A285', 'A286', 'A287', 'A288', 'A289', 'A290', 'A291', 'A292', 'A293', 'A294', 'A295', 'A296', 'A297', 'A298']
These residues will be fixed:  []
The number of ligand atoms parsed is equal to: 30
Type: N, Coords [ 6.025 26.625  6.603], Mask 1
Type: C, Coords [ 5.093 26.684  7.575], Mask 1
Type: O, Coords [ 5.058 25.828  8.438], Mask 1
Type: N, Coords [ 4.199 27.693  7.59 ], Mask 1
Type: C, Coords [ 3.131 27.907  8.572], Mask 1
Type: C, Coords [ 2.393 29.161  8.174], Mask 1
Type: C, Coords [ 2.95  29.671  7.056], Mask 1
Type: N, Coords [ 2.268 30.791  6.726], Mask 1
Type: N, Coords [ 1.255 30.977  7.675], Mask 1
Type: C, Coords [ 1.327 30.     8.547], Mask 1
Type: C, Coords [ 4.104 28.799  6.63 ], Mask 1
Type: N, Coords [ 0.488 29.822  9.655], Mask 1
Type: C, Coords [-0.84  30.013  9.533], Mask 1
Type: O, Coords [-1.31  30.339  8.463], Mask 1
Type: C, Coords [-1.742 29.822 10.725], Mask 1
Type: C, Coords [-3.199 30.021 10.299], Mask 1
Type: C, Coords [-1.565 28.428 11.271], Mask 1
Type: C, Coords [-1.667 27.336 10.411], Mask 1
Type: C, Coords [-1.512 26.065 10.871], Mask 1
Type: C, Coords [-1.245 25.846 12.234], Mask 1
Type: C, Coords [-1.078 24.548 12.746], Mask 1
Type: C, Coords [-0.82  24.375 14.071], Mask 1
Type: C, Coords [-0.718 25.468 14.931], Mask 1
Type: C, Coords [-0.873 26.739 14.47 ], Mask 1
Type: C, Coords [-1.141 26.957 13.108], Mask 1
Type: C, Coords [-1.302 28.256 12.595], Mask 1
Type: C, Coords [ 6.997 25.529  6.587], Mask 1
Type: C, Coords [ 6.507 24.426  5.646], Mask 1
Type: C, Coords [ 7.577 22.369  6.576], Mask 1
Type: C, Coords [ 6.264 23.144  6.445], Mask 1
Designing protein from this path: /home/tedeschg/prj/protein-perturbation/data/cdk2/03.complexes_dude/actives_30_CHEMBL429142_best_CNNaffinity.pdb
These residues will be redesigned:  ['A1', 'A2', 'A3', 'A4', 'A5', 'A6', 'A7', 'A8', 'A9', 'A10', 'A11', 'A12', 'A15', 'A16', 'A17', 'A18', 'A19', 'A20', 'A21', 'A22', 'A23', 'A24', 'A25', 'A26', 'A27', 'A28', 'A29', 'A30', 'A31', 'A32', 'A33', 'A34', 'A35', 'A44', 'A45', 'A46', 'A47', 'A48', 'A49', 'A50', 'A51', 'A52', 'A53', 'A54', 'A55', 'A56', 'A57', 'A58', 'A59', 'A60', 'A61', 'A62', 'A63', 'A64', 'A65', 'A66', 'A67', 'A68', 'A69', 'A70', 'A71', 'A72', 'A73', 'A74', 'A75', 'A76', 'A77', 'A78', 'A79', 'A80', 'A81', 'A82', 'A83', 'A84', 'A85', 'A86', 'A87', 'A88', 'A89', 'A90', 'A91', 'A92', 'A93', 'A94', 'A95', 'A96', 'A97', 'A98', 'A99', 'A100', 'A101', 'A102', 'A103', 'A104', 'A105', 'A106', 'A107', 'A108', 'A109', 'A110', 'A111', 'A112', 'A113', 'A114', 'A115', 'A116', 'A117', 'A118', 'A119', 'A120', 'A121', 'A122', 'A123', 'A124', 'A125', 'A126', 'A127', 'A128', 'A129', 'A130', 'A131', 'A132', 'A133', 'A134', 'A135', 'A136', 'A137', 'A138', 'A139', 'A140', 'A141', 'A142', 'A143', 'A144', 'A145', 'A146', 'A147', 'A148', 'A149', 'A150', 'A151', 'A162', 'A163', 'A164', 'A165', 'A166', 'A167', 'A168', 'A169', 'A170', 'A171', 'A172', 'A173', 'A174', 'A175', 'A176', 'A177', 'A178', 'A179', 'A180', 'A181', 'A182', 'A183', 'A184', 'A185', 'A186', 'A187', 'A188', 'A189', 'A190', 'A191', 'A192', 'A193', 'A194', 'A195', 'A196', 'A197', 'A198', 'A199', 'A200', 'A201', 'A202', 'A203', 'A204', 'A205', 'A206', 'A207', 'A208', 'A209', 'A210', 'A211', 'A212', 'A213', 'A214', 'A215', 'A216', 'A217', 'A218', 'A219', 'A220', 'A221', 'A222', 'A223', 'A224', 'A225', 'A226', 'A227', 'A228', 'A229', 'A230', 'A231', 'A232', 'A233', 'A234', 'A235', 'A236', 'A237', 'A238', 'A239', 'A240', 'A241', 'A242', 'A243', 'A244', 'A245', 'A246', 'A247', 'A248', 'A249', 'A250', 'A251', 'A252', 'A253', 'A254', 'A255', 'A256', 'A257', 'A258', 'A259', 'A260', 'A261', 'A262', 'A263', 'A264', 'A265', 'A266', 'A267', 'A268', 'A269', 'A270', 'A271', 'A272', 'A273', 'A274', 'A275', 'A276', 'A277', 'A278', 'A279', 'A280', 'A281', 'A282', 'A283', 'A284', 'A285', 'A286', 'A287', 'A288', 'A289', 'A290', 'A291', 'A292', 'A293', 'A294', 'A295', 'A296', 'A297', 'A298']
These residues will be fixed:  []
The number of ligand atoms parsed is equal to: 28
Type: C, Coords [-2.145 29.633 10.381], Mask 1
Type: C, Coords [-2.806 30.835 10.089], Mask 1
Type: C, Coords [-2.201 31.792  9.329], Mask 1
Type: C, Coords [-0.915 31.59   8.829], Mask 1
Type: C, Coords [-0.246 30.39   9.116], Mask 1
Type: C, Coords [-0.853 29.416  9.893], Mask 1
Type: C, Coords [ 1.076 30.481  8.452], Mask 1
Type: C, Coords [ 2.073 29.548  8.452], Mask 1
Type: C, Coords [ 1.08  31.793  7.794], Mask 1
Type: O, Coords [ 1.991 32.26   7.134], Mask 1
Type: N, Coords [-0.098 32.389  8.047], Mask 1
Type: C, Coords [-2.805 28.609 11.201], Mask 1
Type: O, Coords [-4.011 28.623 11.334], Mask 1
Type: C, Coords [-1.985 27.541 11.878], Mask 1
Type: C, Coords [ 0.287 26.573 11.498], Mask 1
Type: C, Coords [-1.066 26.877 10.851], Mask 1
Type: C, Coords [-1.703 25.573 10.365], Mask 1
Type: N, Coords [ 3.235 29.794  7.786], Mask 1
Type: C, Coords [ 3.965 28.734  7.241], Mask 1
Type: C, Coords [ 4.885 28.047  8.023], Mask 1
Type: C, Coords [ 5.604 27.001  7.481], Mask 1
Type: C, Coords [ 5.41  26.636  6.161], Mask 1
Type: C, Coords [ 4.495 27.317  5.38 ], Mask 1
Type: C, Coords [ 3.768 28.361  5.917], Mask 1
Type: S, Coords [ 6.332 25.301  5.474], Mask 1
Type: O, Coords [ 6.905 24.597  6.567], Mask 1
Type: O, Coords [ 5.485 24.671  4.522], Mask 1
Type: N, Coords [ 7.591 25.961  4.624], Mask 1
Designing protein from this path: /home/tedeschg/prj/protein-perturbation/data/cdk2/03.complexes_dude/actives_31_CHEMBL150859_best_CNNaffinity.pdb
These residues will be redesigned:  ['A1', 'A2', 'A3', 'A4', 'A5', 'A6', 'A7', 'A8', 'A9', 'A10', 'A11', 'A12', 'A15', 'A16', 'A17', 'A18', 'A19', 'A20', 'A21', 'A22', 'A23', 'A24', 'A25', 'A26', 'A27', 'A28', 'A29', 'A30', 'A31', 'A32', 'A33', 'A34', 'A35', 'A44', 'A45', 'A46', 'A47', 'A48', 'A49', 'A50', 'A51', 'A52', 'A53', 'A54', 'A55', 'A56', 'A57', 'A58', 'A59', 'A60', 'A61', 'A62', 'A63', 'A64', 'A65', 'A66', 'A67', 'A68', 'A69', 'A70', 'A71', 'A72', 'A73', 'A74', 'A75', 'A76', 'A77', 'A78', 'A79', 'A80', 'A81', 'A82', 'A83', 'A84', 'A85', 'A86', 'A87', 'A88', 'A89', 'A90', 'A91', 'A92', 'A93', 'A94', 'A95', 'A96', 'A97', 'A98', 'A99', 'A100', 'A101', 'A102', 'A103', 'A104', 'A105', 'A106', 'A107', 'A108', 'A109', 'A110', 'A111', 'A112', 'A113', 'A114', 'A115', 'A116', 'A117', 'A118', 'A119', 'A120', 'A121', 'A122', 'A123', 'A124', 'A125', 'A126', 'A127', 'A128', 'A129', 'A130', 'A131', 'A132', 'A133', 'A134', 'A135', 'A136', 'A137', 'A138', 'A139', 'A140', 'A141', 'A142', 'A143', 'A144', 'A145', 'A146', 'A147', 'A148', 'A149', 'A150', 'A151', 'A162', 'A163', 'A164', 'A165', 'A166', 'A167', 'A168', 'A169', 'A170', 'A171', 'A172', 'A173', 'A174', 'A175', 'A176', 'A177', 'A178', 'A179', 'A180', 'A181', 'A182', 'A183', 'A184', 'A185', 'A186', 'A187', 'A188', 'A189', 'A190', 'A191', 'A192', 'A193', 'A194', 'A195', 'A196', 'A197', 'A198', 'A199', 'A200', 'A201', 'A202', 'A203', 'A204', 'A205', 'A206', 'A207', 'A208', 'A209', 'A210', 'A211', 'A212', 'A213', 'A214', 'A215', 'A216', 'A217', 'A218', 'A219', 'A220', 'A221', 'A222', 'A223', 'A224', 'A225', 'A226', 'A227', 'A228', 'A229', 'A230', 'A231', 'A232', 'A233', 'A234', 'A235', 'A236', 'A237', 'A238', 'A239', 'A240', 'A241', 'A242', 'A243', 'A244', 'A245', 'A246', 'A247', 'A248', 'A249', 'A250', 'A251', 'A252', 'A253', 'A254', 'A255', 'A256', 'A257', 'A258', 'A259', 'A260', 'A261', 'A262', 'A263', 'A264', 'A265', 'A266', 'A267', 'A268', 'A269', 'A270', 'A271', 'A272', 'A273', 'A274', 'A275', 'A276', 'A277', 'A278', 'A279', 'A280', 'A281', 'A282', 'A283', 'A284', 'A285', 'A286', 'A287', 'A288', 'A289', 'A290', 'A291', 'A292', 'A293', 'A294', 'A295', 'A296', 'A297', 'A298']
These residues will be fixed:  []
The number of ligand atoms parsed is equal to: 24
Type: C, Coords [-2.287 26.744 12.073], Mask 1
Type: C, Coords [-1.731 27.812 11.329], Mask 1
Type: C, Coords [-2.756 28.716 11.078], Mask 1
Type: N, Coords [-3.877 28.22  11.643], Mask 1
Type: N, Coords [-3.568 26.997 12.249], Mask 1
Type: C, Coords [-2.212 29.853 10.297], Mask 1
Type: C, Coords [-2.803 31.004  9.797], Mask 1
Type: C, Coords [-2.045 31.925  9.085], Mask 1
Type: C, Coords [-0.703 31.709  8.866], Mask 1
Type: C, Coords [-0.088 30.556  9.361], Mask 1
Type: C, Coords [-0.84  29.626 10.078], Mask 1
Type: C, Coords [-0.494 28.337 10.719], Mask 1
Type: O, Coords [ 0.601 27.811 10.738], Mask 1
Type: C, Coords [ 0.234 22.389 11.401], Mask 1
Type: C, Coords [-0.395 23.532 12.156], Mask 1
Type: C, Coords [-1.054 24.608 11.671], Mask 1
Type: C, Coords [-1.558 25.551 12.563], Mask 1
Type: C, Coords [-1.365 25.349 13.902], Mask 1
Type: S, Coords [-0.466 23.807 13.918], Mask 1
Type: C, Coords [-1.802 26.204 15.064], Mask 1
Type: N, Coords [ 1.268 30.337  9.139], Mask 1
Type: C, Coords [ 1.718 30.111  7.889], Mask 1
Type: O, Coords [ 0.959 30.2    6.944], Mask 1
Type: N, Coords [ 3.011 29.787  7.688], Mask 1
Designing protein from this path: /home/tedeschg/prj/protein-perturbation/data/cdk2/03.complexes_dude/actives_32_CHEMBL147290_best_CNNaffinity.pdb
These residues will be redesigned:  ['A1', 'A2', 'A3', 'A4', 'A5', 'A6', 'A7', 'A8', 'A9', 'A10', 'A11', 'A12', 'A15', 'A16', 'A17', 'A18', 'A19', 'A20', 'A21', 'A22', 'A23', 'A24', 'A25', 'A26', 'A27', 'A28', 'A29', 'A30', 'A31', 'A32', 'A33', 'A34', 'A35', 'A44', 'A45', 'A46', 'A47', 'A48', 'A49', 'A50', 'A51', 'A52', 'A53', 'A54', 'A55', 'A56', 'A57', 'A58', 'A59', 'A60', 'A61', 'A62', 'A63', 'A64', 'A65', 'A66', 'A67', 'A68', 'A69', 'A70', 'A71', 'A72', 'A73', 'A74', 'A75', 'A76', 'A77', 'A78', 'A79', 'A80', 'A81', 'A82', 'A83', 'A84', 'A85', 'A86', 'A87', 'A88', 'A89', 'A90', 'A91', 'A92', 'A93', 'A94', 'A95', 'A96', 'A97', 'A98', 'A99', 'A100', 'A101', 'A102', 'A103', 'A104', 'A105', 'A106', 'A107', 'A108', 'A109', 'A110', 'A111', 'A112', 'A113', 'A114', 'A115', 'A116', 'A117', 'A118', 'A119', 'A120', 'A121', 'A122', 'A123', 'A124', 'A125', 'A126', 'A127', 'A128', 'A129', 'A130', 'A131', 'A132', 'A133', 'A134', 'A135', 'A136', 'A137', 'A138', 'A139', 'A140', 'A141', 'A142', 'A143', 'A144', 'A145', 'A146', 'A147', 'A148', 'A149', 'A150', 'A151', 'A162', 'A163', 'A164', 'A165', 'A166', 'A167', 'A168', 'A169', 'A170', 'A171', 'A172', 'A173', 'A174', 'A175', 'A176', 'A177', 'A178', 'A179', 'A180', 'A181', 'A182', 'A183', 'A184', 'A185', 'A186', 'A187', 'A188', 'A189', 'A190', 'A191', 'A192', 'A193', 'A194', 'A195', 'A196', 'A197', 'A198', 'A199', 'A200', 'A201', 'A202', 'A203', 'A204', 'A205', 'A206', 'A207', 'A208', 'A209', 'A210', 'A211', 'A212', 'A213', 'A214', 'A215', 'A216', 'A217', 'A218', 'A219', 'A220', 'A221', 'A222', 'A223', 'A224', 'A225', 'A226', 'A227', 'A228', 'A229', 'A230', 'A231', 'A232', 'A233', 'A234', 'A235', 'A236', 'A237', 'A238', 'A239', 'A240', 'A241', 'A242', 'A243', 'A244', 'A245', 'A246', 'A247', 'A248', 'A249', 'A250', 'A251', 'A252', 'A253', 'A254', 'A255', 'A256', 'A257', 'A258', 'A259', 'A260', 'A261', 'A262', 'A263', 'A264', 'A265', 'A266', 'A267', 'A268', 'A269', 'A270', 'A271', 'A272', 'A273', 'A274', 'A275', 'A276', 'A277', 'A278', 'A279', 'A280', 'A281', 'A282', 'A283', 'A284', 'A285', 'A286', 'A287', 'A288', 'A289', 'A290', 'A291', 'A292', 'A293', 'A294', 'A295', 'A296', 'A297', 'A298']
These residues will be fixed:  []
The number of ligand atoms parsed is equal to: 32
Type: C, Coords [ 2.246 30.017  7.601], Mask 1
Type: C, Coords [ 1.073 29.866  8.327], Mask 1
Type: C, Coords [ 0.328 31.12   8.187], Mask 1
Type: N, Coords [ 1.044 31.915  7.431], Mask 1
Type: N, Coords [ 2.227 31.269  7.061], Mask 1
Type: C, Coords [-0.932 30.98   8.957], Mask 1
Type: C, Coords [-1.99  31.857  9.162], Mask 1
Type: C, Coords [-3.072 31.476  9.939], Mask 1
Type: C, Coords [-3.112 30.225 10.519], Mask 1
Type: C, Coords [-2.064 29.331 10.329], Mask 1
Type: C, Coords [-0.965 29.703  9.545], Mask 1
Type: C, Coords [ 0.267 28.977  9.176], Mask 1
Type: O, Coords [ 0.562 27.846  9.513], Mask 1
Type: C, Coords [ 5.326 27.129  7.157], Mask 1
Type: C, Coords [ 4.668 27.617  6.035], Mask 1
Type: C, Coords [ 3.667 28.554  6.174], Mask 1
Type: C, Coords [ 3.316 29.014  7.446], Mask 1
Type: C, Coords [ 3.981 28.52   8.572], Mask 1
Type: C, Coords [ 4.976 27.579  8.424], Mask 1
Type: C, Coords [ 6.149 24.971  7.715], Mask 1
Type: O, Coords [ 6.312 26.206  7.014], Mask 1
Type: N, Coords [-2.107 28.069 10.916], Mask 1
Type: C, Coords [-1.584 27.879 12.144], Mask 1
Type: O, Coords [-1.167 28.827 12.78 ], Mask 1
Type: N, Coords [-1.523 26.638 12.665], Mask 1
Type: C, Coords [-0.955 26.431 14.   ], Mask 1
Type: C, Coords [-1.559 25.197 14.617], Mask 1
Type: C, Coords [-0.776 24.087 14.899], Mask 1
Type: C, Coords [-1.366 22.973 15.465], Mask 1
Type: N, Coords [-2.656 22.957 15.738], Mask 1
Type: C, Coords [-3.431 23.994 15.484], Mask 1
Type: C, Coords [-2.911 25.145 14.923], Mask 1
Designing protein from this path: /home/tedeschg/prj/protein-perturbation/data/cdk2/03.complexes_dude/actives_33_CHEMBL310840_best_CNNaffinity.pdb
These residues will be redesigned:  ['A1', 'A2', 'A3', 'A4', 'A5', 'A6', 'A7', 'A8', 'A9', 'A10', 'A11', 'A12', 'A15', 'A16', 'A17', 'A18', 'A19', 'A20', 'A21', 'A22', 'A23', 'A24', 'A25', 'A26', 'A27', 'A28', 'A29', 'A30', 'A31', 'A32', 'A33', 'A34', 'A35', 'A44', 'A45', 'A46', 'A47', 'A48', 'A49', 'A50', 'A51', 'A52', 'A53', 'A54', 'A55', 'A56', 'A57', 'A58', 'A59', 'A60', 'A61', 'A62', 'A63', 'A64', 'A65', 'A66', 'A67', 'A68', 'A69', 'A70', 'A71', 'A72', 'A73', 'A74', 'A75', 'A76', 'A77', 'A78', 'A79', 'A80', 'A81', 'A82', 'A83', 'A84', 'A85', 'A86', 'A87', 'A88', 'A89', 'A90', 'A91', 'A92', 'A93', 'A94', 'A95', 'A96', 'A97', 'A98', 'A99', 'A100', 'A101', 'A102', 'A103', 'A104', 'A105', 'A106', 'A107', 'A108', 'A109', 'A110', 'A111', 'A112', 'A113', 'A114', 'A115', 'A116', 'A117', 'A118', 'A119', 'A120', 'A121', 'A122', 'A123', 'A124', 'A125', 'A126', 'A127', 'A128', 'A129', 'A130', 'A131', 'A132', 'A133', 'A134', 'A135', 'A136', 'A137', 'A138', 'A139', 'A140', 'A141', 'A142', 'A143', 'A144', 'A145', 'A146', 'A147', 'A148', 'A149', 'A150', 'A151', 'A162', 'A163', 'A164', 'A165', 'A166', 'A167', 'A168', 'A169', 'A170', 'A171', 'A172', 'A173', 'A174', 'A175', 'A176', 'A177', 'A178', 'A179', 'A180', 'A181', 'A182', 'A183', 'A184', 'A185', 'A186', 'A187', 'A188', 'A189', 'A190', 'A191', 'A192', 'A193', 'A194', 'A195', 'A196', 'A197', 'A198', 'A199', 'A200', 'A201', 'A202', 'A203', 'A204', 'A205', 'A206', 'A207', 'A208', 'A209', 'A210', 'A211', 'A212', 'A213', 'A214', 'A215', 'A216', 'A217', 'A218', 'A219', 'A220', 'A221', 'A222', 'A223', 'A224', 'A225', 'A226', 'A227', 'A228', 'A229', 'A230', 'A231', 'A232', 'A233', 'A234', 'A235', 'A236', 'A237', 'A238', 'A239', 'A240', 'A241', 'A242', 'A243', 'A244', 'A245', 'A246', 'A247', 'A248', 'A249', 'A250', 'A251', 'A252', 'A253', 'A254', 'A255', 'A256', 'A257', 'A258', 'A259', 'A260', 'A261', 'A262', 'A263', 'A264', 'A265', 'A266', 'A267', 'A268', 'A269', 'A270', 'A271', 'A272', 'A273', 'A274', 'A275', 'A276', 'A277', 'A278', 'A279', 'A280', 'A281', 'A282', 'A283', 'A284', 'A285', 'A286', 'A287', 'A288', 'A289', 'A290', 'A291', 'A292', 'A293', 'A294', 'A295', 'A296', 'A297', 'A298']
These residues will be fixed:  []
The number of ligand atoms parsed is equal to: 25
Type: C, Coords [-0.608 29.749  8.906], Mask 1
Type: C, Coords [-1.527 30.456  9.693], Mask 1
Type: C, Coords [-1.509 31.863  9.704], Mask 1
Type: N, Coords [-0.658 32.557  8.999], Mask 1
Type: C, Coords [ 0.262 31.966  8.214], Mask 1
Type: N, Coords [ 1.214 32.416  7.42 ], Mask 1
Type: N, Coords [ 1.878 31.33   6.84 ], Mask 1
Type: C, Coords [ 1.342 30.183  7.271], Mask 1
Type: C, Coords [ 0.319 30.498  8.146], Mask 1
Type: C, Coords [-2.51  29.727 10.508], Mask 1
Type: O, Coords [-3.7   29.863 10.292], Mask 1
Type: C, Coords [-2.054 28.831 11.588], Mask 1
Type: C, Coords [-2.681 27.596 11.789], Mask 1
Type: C, Coords [-2.247 26.762 12.802], Mask 1
Type: C, Coords [-1.196 27.146 13.617], Mask 1
Type: C, Coords [-0.571 28.364 13.425], Mask 1
Type: C, Coords [-0.988 29.208 12.413], Mask 1
Type: F, Coords [-0.372 30.395 12.223], Mask 1
Type: C, Coords [-0.731 26.23  14.72 ], Mask 1
Type: F, Coords [-3.707 27.22  10.995], Mask 1
Type: O, Coords [-0.605 28.398  8.879], Mask 1
Type: C, Coords [ 0.229 27.732  9.829], Mask 1
Type: C, Coords [ 1.584 28.439  9.902], Mask 1
Type: C, Coords [ 3.849 27.976  8.954], Mask 1
Type: C, Coords [ 2.706 27.404  9.795], Mask 1
Designing protein from this path: /home/tedeschg/prj/protein-perturbation/data/cdk2/03.complexes_dude/actives_34_CHEMBL460102_best_CNNaffinity.pdb
These residues will be redesigned:  ['A1', 'A2', 'A3', 'A4', 'A5', 'A6', 'A7', 'A8', 'A9', 'A10', 'A11', 'A12', 'A15', 'A16', 'A17', 'A18', 'A19', 'A20', 'A21', 'A22', 'A23', 'A24', 'A25', 'A26', 'A27', 'A28', 'A29', 'A30', 'A31', 'A32', 'A33', 'A34', 'A35', 'A44', 'A45', 'A46', 'A47', 'A48', 'A49', 'A50', 'A51', 'A52', 'A53', 'A54', 'A55', 'A56', 'A57', 'A58', 'A59', 'A60', 'A61', 'A62', 'A63', 'A64', 'A65', 'A66', 'A67', 'A68', 'A69', 'A70', 'A71', 'A72', 'A73', 'A74', 'A75', 'A76', 'A77', 'A78', 'A79', 'A80', 'A81', 'A82', 'A83', 'A84', 'A85', 'A86', 'A87', 'A88', 'A89', 'A90', 'A91', 'A92', 'A93', 'A94', 'A95', 'A96', 'A97', 'A98', 'A99', 'A100', 'A101', 'A102', 'A103', 'A104', 'A105', 'A106', 'A107', 'A108', 'A109', 'A110', 'A111', 'A112', 'A113', 'A114', 'A115', 'A116', 'A117', 'A118', 'A119', 'A120', 'A121', 'A122', 'A123', 'A124', 'A125', 'A126', 'A127', 'A128', 'A129', 'A130', 'A131', 'A132', 'A133', 'A134', 'A135', 'A136', 'A137', 'A138', 'A139', 'A140', 'A141', 'A142', 'A143', 'A144', 'A145', 'A146', 'A147', 'A148', 'A149', 'A150', 'A151', 'A162', 'A163', 'A164', 'A165', 'A166', 'A167', 'A168', 'A169', 'A170', 'A171', 'A172', 'A173', 'A174', 'A175', 'A176', 'A177', 'A178', 'A179', 'A180', 'A181', 'A182', 'A183', 'A184', 'A185', 'A186', 'A187', 'A188', 'A189', 'A190', 'A191', 'A192', 'A193', 'A194', 'A195', 'A196', 'A197', 'A198', 'A199', 'A200', 'A201', 'A202', 'A203', 'A204', 'A205', 'A206', 'A207', 'A208', 'A209', 'A210', 'A211', 'A212', 'A213', 'A214', 'A215', 'A216', 'A217', 'A218', 'A219', 'A220', 'A221', 'A222', 'A223', 'A224', 'A225', 'A226', 'A227', 'A228', 'A229', 'A230', 'A231', 'A232', 'A233', 'A234', 'A235', 'A236', 'A237', 'A238', 'A239', 'A240', 'A241', 'A242', 'A243', 'A244', 'A245', 'A246', 'A247', 'A248', 'A249', 'A250', 'A251', 'A252', 'A253', 'A254', 'A255', 'A256', 'A257', 'A258', 'A259', 'A260', 'A261', 'A262', 'A263', 'A264', 'A265', 'A266', 'A267', 'A268', 'A269', 'A270', 'A271', 'A272', 'A273', 'A274', 'A275', 'A276', 'A277', 'A278', 'A279', 'A280', 'A281', 'A282', 'A283', 'A284', 'A285', 'A286', 'A287', 'A288', 'A289', 'A290', 'A291', 'A292', 'A293', 'A294', 'A295', 'A296', 'A297', 'A298']
These residues will be fixed:  []
The number of ligand atoms parsed is equal to: 33
Type: N, Coords [-3.034 29.121 11.025], Mask 1
Type: C, Coords [-0.459 30.806  9.218], Mask 1
Type: C, Coords [-0.857 32.142  9.374], Mask 1
Type: C, Coords [-2.004 32.407 10.102], Mask 1
Type: N, Coords [-2.686 31.398 10.624], Mask 1
Type: C, Coords [-2.288 30.146 10.461], Mask 1
Type: N, Coords [-1.201 29.845  9.769], Mask 1
Type: F, Coords [-0.136 33.147  8.829], Mask 1
Type: C, Coords [ 3.769 28.554  7.654], Mask 1
Type: C, Coords [ 2.598 29.495  7.765], Mask 1
Type: N, Coords [ 2.353 30.5    6.965], Mask 1
Type: C, Coords [ 1.235 31.12   7.354], Mask 1
Type: C, Coords [ 0.757 30.47   8.452], Mask 1
Type: N, Coords [ 1.629 29.433  8.702], Mask 1
Type: C, Coords [ 1.526 28.45   9.783], Mask 1
Type: C, Coords [ 2.745 27.527  9.752], Mask 1
Type: C, Coords [ 1.471 29.177 11.129], Mask 1
Type: C, Coords [-2.391 28.035 11.613], Mask 1
Type: C, Coords [-1.55  28.233 12.704], Mask 1
Type: C, Coords [-0.913 27.162 13.288], Mask 1
Type: C, Coords [-1.112 25.873 12.783], Mask 1
Type: C, Coords [-1.958 25.678 11.688], Mask 1
Type: C, Coords [-2.595 26.753 11.112], Mask 1
Type: C, Coords [-0.43  24.722 13.406], Mask 1
Type: O, Coords [-0.575 24.499 14.592], Mask 1
Type: N, Coords [ 0.353 23.918 12.66 ], Mask 1
Type: C, Coords [ 0.721 24.145 11.254], Mask 1
Type: C, Coords [ 1.647 22.985 10.831], Mask 1
Type: C, Coords [ 2.204 22.473 12.185], Mask 1
Type: C, Coords [ 0.987 22.669 13.119], Mask 1
Type: N, Coords [ 2.581 21.056 12.097], Mask 1
Type: C, Coords [ 3.123 20.612 13.388], Mask 1
Type: C, Coords [ 1.397 20.254 11.761], Mask 1
Designing protein from this path: /home/tedeschg/prj/protein-perturbation/data/cdk2/03.complexes_dude/actives_35_CHEMBL458421_best_CNNaffinity.pdb
These residues will be redesigned:  ['A1', 'A2', 'A3', 'A4', 'A5', 'A6', 'A7', 'A8', 'A9', 'A10', 'A11', 'A12', 'A15', 'A16', 'A17', 'A18', 'A19', 'A20', 'A21', 'A22', 'A23', 'A24', 'A25', 'A26', 'A27', 'A28', 'A29', 'A30', 'A31', 'A32', 'A33', 'A34', 'A35', 'A44', 'A45', 'A46', 'A47', 'A48', 'A49', 'A50', 'A51', 'A52', 'A53', 'A54', 'A55', 'A56', 'A57', 'A58', 'A59', 'A60', 'A61', 'A62', 'A63', 'A64', 'A65', 'A66', 'A67', 'A68', 'A69', 'A70', 'A71', 'A72', 'A73', 'A74', 'A75', 'A76', 'A77', 'A78', 'A79', 'A80', 'A81', 'A82', 'A83', 'A84', 'A85', 'A86', 'A87', 'A88', 'A89', 'A90', 'A91', 'A92', 'A93', 'A94', 'A95', 'A96', 'A97', 'A98', 'A99', 'A100', 'A101', 'A102', 'A103', 'A104', 'A105', 'A106', 'A107', 'A108', 'A109', 'A110', 'A111', 'A112', 'A113', 'A114', 'A115', 'A116', 'A117', 'A118', 'A119', 'A120', 'A121', 'A122', 'A123', 'A124', 'A125', 'A126', 'A127', 'A128', 'A129', 'A130', 'A131', 'A132', 'A133', 'A134', 'A135', 'A136', 'A137', 'A138', 'A139', 'A140', 'A141', 'A142', 'A143', 'A144', 'A145', 'A146', 'A147', 'A148', 'A149', 'A150', 'A151', 'A162', 'A163', 'A164', 'A165', 'A166', 'A167', 'A168', 'A169', 'A170', 'A171', 'A172', 'A173', 'A174', 'A175', 'A176', 'A177', 'A178', 'A179', 'A180', 'A181', 'A182', 'A183', 'A184', 'A185', 'A186', 'A187', 'A188', 'A189', 'A190', 'A191', 'A192', 'A193', 'A194', 'A195', 'A196', 'A197', 'A198', 'A199', 'A200', 'A201', 'A202', 'A203', 'A204', 'A205', 'A206', 'A207', 'A208', 'A209', 'A210', 'A211', 'A212', 'A213', 'A214', 'A215', 'A216', 'A217', 'A218', 'A219', 'A220', 'A221', 'A222', 'A223', 'A224', 'A225', 'A226', 'A227', 'A228', 'A229', 'A230', 'A231', 'A232', 'A233', 'A234', 'A235', 'A236', 'A237', 'A238', 'A239', 'A240', 'A241', 'A242', 'A243', 'A244', 'A245', 'A246', 'A247', 'A248', 'A249', 'A250', 'A251', 'A252', 'A253', 'A254', 'A255', 'A256', 'A257', 'A258', 'A259', 'A260', 'A261', 'A262', 'A263', 'A264', 'A265', 'A266', 'A267', 'A268', 'A269', 'A270', 'A271', 'A272', 'A273', 'A274', 'A275', 'A276', 'A277', 'A278', 'A279', 'A280', 'A281', 'A282', 'A283', 'A284', 'A285', 'A286', 'A287', 'A288', 'A289', 'A290', 'A291', 'A292', 'A293', 'A294', 'A295', 'A296', 'A297', 'A298']
These residues will be fixed:  []
The number of ligand atoms parsed is equal to: 33
Type: C, Coords [ 1.889 29.681  8.569], Mask 1
Type: C, Coords [ 1.002 30.761  8.501], Mask 1
Type: N, Coords [ 1.099 31.313  7.319], Mask 1
Type: N, Coords [ 2.054 30.615  6.568], Mask 1
Type: C, Coords [ 2.546 29.605  7.352], Mask 1
Type: C, Coords [ 3.574 28.625  6.972], Mask 1
Type: N, Coords [ 4.47  28.046  7.834], Mask 1
Type: C, Coords [ 5.258 27.189  7.088], Mask 1
Type: C, Coords [ 6.313 26.342  7.394], Mask 1
Type: C, Coords [ 6.904 25.597  6.394], Mask 1
Type: C, Coords [ 6.45  25.689  5.086], Mask 1
Type: C, Coords [ 5.412 26.517  4.766], Mask 1
Type: C, Coords [ 4.797 27.282  5.763], Mask 1
Type: N, Coords [ 3.77  28.166  5.756], Mask 1
Type: C, Coords [ 7.109 24.868  4.008], Mask 1
Type: N, Coords [ 7.422 25.729  2.86 ], Mask 1
Type: C, Coords [ 7.671 24.927  1.653], Mask 1
Type: C, Coords [ 7.934 25.864  0.47 ], Mask 1
Type: O, Coords [ 9.032 26.724  0.785], Mask 1
Type: C, Coords [ 8.824 27.52   1.954], Mask 1
Type: C, Coords [ 8.57  26.601  3.152], Mask 1
Type: N, Coords [ 1.211 27.438 11.322], Mask 1
Type: C, Coords [ 1.024 28.251 10.264], Mask 1
Type: O, Coords [-0.099 28.458  9.846], Mask 1
Type: N, Coords [ 2.083 28.836  9.669], Mask 1
Type: C, Coords [-2.024 25.379 12.966], Mask 1
Type: C, Coords [-1.214 24.759 12.032], Mask 1
Type: C, Coords [-0.141 25.438 11.485], Mask 1
Type: C, Coords [ 0.123 26.746 11.875], Mask 1
Type: C, Coords [-0.693 27.366 12.814], Mask 1
Type: C, Coords [-1.764 26.679 13.357], Mask 1
Type: F, Coords [-0.439 28.636 13.196], Mask 1
Type: F, Coords [ 0.65  24.832 10.572], Mask 1
Designing protein from this path: /home/tedeschg/prj/protein-perturbation/data/cdk2/03.complexes_dude/actives_36_CHEMBL192556_best_CNNaffinity.pdb
These residues will be redesigned:  ['A1', 'A2', 'A3', 'A4', 'A5', 'A6', 'A7', 'A8', 'A9', 'A10', 'A11', 'A12', 'A15', 'A16', 'A17', 'A18', 'A19', 'A20', 'A21', 'A22', 'A23', 'A24', 'A25', 'A26', 'A27', 'A28', 'A29', 'A30', 'A31', 'A32', 'A33', 'A34', 'A35', 'A44', 'A45', 'A46', 'A47', 'A48', 'A49', 'A50', 'A51', 'A52', 'A53', 'A54', 'A55', 'A56', 'A57', 'A58', 'A59', 'A60', 'A61', 'A62', 'A63', 'A64', 'A65', 'A66', 'A67', 'A68', 'A69', 'A70', 'A71', 'A72', 'A73', 'A74', 'A75', 'A76', 'A77', 'A78', 'A79', 'A80', 'A81', 'A82', 'A83', 'A84', 'A85', 'A86', 'A87', 'A88', 'A89', 'A90', 'A91', 'A92', 'A93', 'A94', 'A95', 'A96', 'A97', 'A98', 'A99', 'A100', 'A101', 'A102', 'A103', 'A104', 'A105', 'A106', 'A107', 'A108', 'A109', 'A110', 'A111', 'A112', 'A113', 'A114', 'A115', 'A116', 'A117', 'A118', 'A119', 'A120', 'A121', 'A122', 'A123', 'A124', 'A125', 'A126', 'A127', 'A128', 'A129', 'A130', 'A131', 'A132', 'A133', 'A134', 'A135', 'A136', 'A137', 'A138', 'A139', 'A140', 'A141', 'A142', 'A143', 'A144', 'A145', 'A146', 'A147', 'A148', 'A149', 'A150', 'A151', 'A162', 'A163', 'A164', 'A165', 'A166', 'A167', 'A168', 'A169', 'A170', 'A171', 'A172', 'A173', 'A174', 'A175', 'A176', 'A177', 'A178', 'A179', 'A180', 'A181', 'A182', 'A183', 'A184', 'A185', 'A186', 'A187', 'A188', 'A189', 'A190', 'A191', 'A192', 'A193', 'A194', 'A195', 'A196', 'A197', 'A198', 'A199', 'A200', 'A201', 'A202', 'A203', 'A204', 'A205', 'A206', 'A207', 'A208', 'A209', 'A210', 'A211', 'A212', 'A213', 'A214', 'A215', 'A216', 'A217', 'A218', 'A219', 'A220', 'A221', 'A222', 'A223', 'A224', 'A225', 'A226', 'A227', 'A228', 'A229', 'A230', 'A231', 'A232', 'A233', 'A234', 'A235', 'A236', 'A237', 'A238', 'A239', 'A240', 'A241', 'A242', 'A243', 'A244', 'A245', 'A246', 'A247', 'A248', 'A249', 'A250', 'A251', 'A252', 'A253', 'A254', 'A255', 'A256', 'A257', 'A258', 'A259', 'A260', 'A261', 'A262', 'A263', 'A264', 'A265', 'A266', 'A267', 'A268', 'A269', 'A270', 'A271', 'A272', 'A273', 'A274', 'A275', 'A276', 'A277', 'A278', 'A279', 'A280', 'A281', 'A282', 'A283', 'A284', 'A285', 'A286', 'A287', 'A288', 'A289', 'A290', 'A291', 'A292', 'A293', 'A294', 'A295', 'A296', 'A297', 'A298']
These residues will be fixed:  []
The number of ligand atoms parsed is equal to: 28
Type: C, Coords [-0.501 30.731  8.761], Mask 1
Type: C, Coords [ 0.379 31.471  7.993], Mask 1
Type: C, Coords [ 1.567 30.91   7.566], Mask 1
Type: C, Coords [ 1.877 29.6    7.91 ], Mask 1
Type: C, Coords [ 0.991 28.86   8.682], Mask 1
Type: C, Coords [-0.193 29.429  9.11 ], Mask 1
Type: N, Coords [ 3.079 29.028  7.479], Mask 1
Type: C, Coords [ 3.485 28.915  6.074], Mask 1
Type: C, Coords [ 4.617 27.864  6.055], Mask 1
Type: C, Coords [ 5.171 27.972  7.495], Mask 1
Type: C, Coords [ 4.012 28.516  8.3  ], Mask 1
Type: O, Coords [ 3.935 28.493  9.511], Mask 1
Type: C, Coords [ 5.581 26.614  8.005], Mask 1
Type: O, Coords [ 6.754 26.365  8.19 ], Mask 1
Type: N, Coords [ 4.646 25.678  8.257], Mask 1
Type: C, Coords [-1.497 32.585 10.073], Mask 1
Type: C, Coords [-1.796 31.348  9.225], Mask 1
Type: C, Coords [-2.562 30.346 10.05 ], Mask 1
Type: O, Coords [-3.764 30.449 10.166], Mask 1
Type: N, Coords [-1.91  29.335 10.659], Mask 1
Type: C, Coords [-2.622 28.404 11.426], Mask 1
Type: C, Coords [-2.066 27.473 12.319], Mask 1
Type: C, Coords [-3.08 26.76 12.86], Mask 1
Type: N, Coords [-4.235 27.218 12.333], Mask 1
Type: N, Coords [-3.925 28.252 11.441], Mask 1
Type: C, Coords [-2.944 25.651 13.871], Mask 1
Type: C, Coords [-1.696 25.651 14.755], Mask 1
Type: C, Coords [-1.842 24.615 13.639], Mask 1
Designing protein from this path: /home/tedeschg/prj/protein-perturbation/data/cdk2/03.complexes_dude/actives_37_CHEMBL147232_best_CNNaffinity.pdb
These residues will be redesigned:  ['A1', 'A2', 'A3', 'A4', 'A5', 'A6', 'A7', 'A8', 'A9', 'A10', 'A11', 'A12', 'A15', 'A16', 'A17', 'A18', 'A19', 'A20', 'A21', 'A22', 'A23', 'A24', 'A25', 'A26', 'A27', 'A28', 'A29', 'A30', 'A31', 'A32', 'A33', 'A34', 'A35', 'A44', 'A45', 'A46', 'A47', 'A48', 'A49', 'A50', 'A51', 'A52', 'A53', 'A54', 'A55', 'A56', 'A57', 'A58', 'A59', 'A60', 'A61', 'A62', 'A63', 'A64', 'A65', 'A66', 'A67', 'A68', 'A69', 'A70', 'A71', 'A72', 'A73', 'A74', 'A75', 'A76', 'A77', 'A78', 'A79', 'A80', 'A81', 'A82', 'A83', 'A84', 'A85', 'A86', 'A87', 'A88', 'A89', 'A90', 'A91', 'A92', 'A93', 'A94', 'A95', 'A96', 'A97', 'A98', 'A99', 'A100', 'A101', 'A102', 'A103', 'A104', 'A105', 'A106', 'A107', 'A108', 'A109', 'A110', 'A111', 'A112', 'A113', 'A114', 'A115', 'A116', 'A117', 'A118', 'A119', 'A120', 'A121', 'A122', 'A123', 'A124', 'A125', 'A126', 'A127', 'A128', 'A129', 'A130', 'A131', 'A132', 'A133', 'A134', 'A135', 'A136', 'A137', 'A138', 'A139', 'A140', 'A141', 'A142', 'A143', 'A144', 'A145', 'A146', 'A147', 'A148', 'A149', 'A150', 'A151', 'A162', 'A163', 'A164', 'A165', 'A166', 'A167', 'A168', 'A169', 'A170', 'A171', 'A172', 'A173', 'A174', 'A175', 'A176', 'A177', 'A178', 'A179', 'A180', 'A181', 'A182', 'A183', 'A184', 'A185', 'A186', 'A187', 'A188', 'A189', 'A190', 'A191', 'A192', 'A193', 'A194', 'A195', 'A196', 'A197', 'A198', 'A199', 'A200', 'A201', 'A202', 'A203', 'A204', 'A205', 'A206', 'A207', 'A208', 'A209', 'A210', 'A211', 'A212', 'A213', 'A214', 'A215', 'A216', 'A217', 'A218', 'A219', 'A220', 'A221', 'A222', 'A223', 'A224', 'A225', 'A226', 'A227', 'A228', 'A229', 'A230', 'A231', 'A232', 'A233', 'A234', 'A235', 'A236', 'A237', 'A238', 'A239', 'A240', 'A241', 'A242', 'A243', 'A244', 'A245', 'A246', 'A247', 'A248', 'A249', 'A250', 'A251', 'A252', 'A253', 'A254', 'A255', 'A256', 'A257', 'A258', 'A259', 'A260', 'A261', 'A262', 'A263', 'A264', 'A265', 'A266', 'A267', 'A268', 'A269', 'A270', 'A271', 'A272', 'A273', 'A274', 'A275', 'A276', 'A277', 'A278', 'A279', 'A280', 'A281', 'A282', 'A283', 'A284', 'A285', 'A286', 'A287', 'A288', 'A289', 'A290', 'A291', 'A292', 'A293', 'A294', 'A295', 'A296', 'A297', 'A298']
These residues will be fixed:  []
The number of ligand atoms parsed is equal to: 32
Type: C, Coords [-2.179 32.712 10.35 ], Mask 1
Type: C, Coords [-1.168 32.794  9.405], Mask 1
Type: C, Coords [-0.423 31.669  9.078], Mask 1
Type: C, Coords [-0.699 30.444  9.711], Mask 1
Type: C, Coords [-1.723 30.374 10.664], Mask 1
Type: C, Coords [-2.457 31.514 10.976], Mask 1
Type: C, Coords [ 0.226 29.417  9.19 ], Mask 1
Type: O, Coords [ 0.261 28.248  9.522], Mask 1
Type: C, Coords [ 1.099 30.066  8.194], Mask 1
Type: C, Coords [ 0.695 31.473  8.123], Mask 1
Type: N, Coords [ 1.471 32.049  7.238], Mask 1
Type: N, Coords [ 2.359 31.096  6.727], Mask 1
Type: C, Coords [ 2.125 29.905  7.311], Mask 1
Type: C, Coords [ 2.866 28.622  7.038], Mask 1
Type: C, Coords [ 3.749 28.277  8.239], Mask 1
Type: C, Coords [ 4.502 26.975  7.961], Mask 1
Type: C, Coords [ 5.377 27.146  6.717], Mask 1
Type: C, Coords [ 4.493 27.491  5.516], Mask 1
Type: C, Coords [ 3.74  28.793  5.794], Mask 1
Type: N, Coords [-2.006 29.167 11.297], Mask 1
Type: C, Coords [-1.286 28.784 12.37 ], Mask 1
Type: O, Coords [-0.447 29.527 12.834], Mask 1
Type: C, Coords [-1.524 27.433 12.994], Mask 1
Type: N, Coords [-0.377 26.557 12.716], Mask 1
Type: C, Coords [-0.046 26.625 11.287], Mask 1
Type: C, Coords [ 1.197 25.778 11.007], Mask 1
Type: C, Coords [ 0.916 24.325 11.399], Mask 1
Type: C, Coords [ 0.5   24.274 12.871], Mask 1
Type: C, Coords [-0.718 25.177 13.083], Mask 1
Type: C, Coords [ 2.162 23.5   11.199], Mask 1
Type: O, Coords [ 2.477 22.669 12.024], Mask 1
Type: N, Coords [ 2.924 23.685 10.103], Mask 1
Designing protein from this path: /home/tedeschg/prj/protein-perturbation/data/cdk2/03.complexes_dude/actives_38_CHEMBL358057_best_CNNaffinity.pdb
These residues will be redesigned:  ['A1', 'A2', 'A3', 'A4', 'A5', 'A6', 'A7', 'A8', 'A9', 'A10', 'A11', 'A12', 'A15', 'A16', 'A17', 'A18', 'A19', 'A20', 'A21', 'A22', 'A23', 'A24', 'A25', 'A26', 'A27', 'A28', 'A29', 'A30', 'A31', 'A32', 'A33', 'A34', 'A35', 'A44', 'A45', 'A46', 'A47', 'A48', 'A49', 'A50', 'A51', 'A52', 'A53', 'A54', 'A55', 'A56', 'A57', 'A58', 'A59', 'A60', 'A61', 'A62', 'A63', 'A64', 'A65', 'A66', 'A67', 'A68', 'A69', 'A70', 'A71', 'A72', 'A73', 'A74', 'A75', 'A76', 'A77', 'A78', 'A79', 'A80', 'A81', 'A82', 'A83', 'A84', 'A85', 'A86', 'A87', 'A88', 'A89', 'A90', 'A91', 'A92', 'A93', 'A94', 'A95', 'A96', 'A97', 'A98', 'A99', 'A100', 'A101', 'A102', 'A103', 'A104', 'A105', 'A106', 'A107', 'A108', 'A109', 'A110', 'A111', 'A112', 'A113', 'A114', 'A115', 'A116', 'A117', 'A118', 'A119', 'A120', 'A121', 'A122', 'A123', 'A124', 'A125', 'A126', 'A127', 'A128', 'A129', 'A130', 'A131', 'A132', 'A133', 'A134', 'A135', 'A136', 'A137', 'A138', 'A139', 'A140', 'A141', 'A142', 'A143', 'A144', 'A145', 'A146', 'A147', 'A148', 'A149', 'A150', 'A151', 'A162', 'A163', 'A164', 'A165', 'A166', 'A167', 'A168', 'A169', 'A170', 'A171', 'A172', 'A173', 'A174', 'A175', 'A176', 'A177', 'A178', 'A179', 'A180', 'A181', 'A182', 'A183', 'A184', 'A185', 'A186', 'A187', 'A188', 'A189', 'A190', 'A191', 'A192', 'A193', 'A194', 'A195', 'A196', 'A197', 'A198', 'A199', 'A200', 'A201', 'A202', 'A203', 'A204', 'A205', 'A206', 'A207', 'A208', 'A209', 'A210', 'A211', 'A212', 'A213', 'A214', 'A215', 'A216', 'A217', 'A218', 'A219', 'A220', 'A221', 'A222', 'A223', 'A224', 'A225', 'A226', 'A227', 'A228', 'A229', 'A230', 'A231', 'A232', 'A233', 'A234', 'A235', 'A236', 'A237', 'A238', 'A239', 'A240', 'A241', 'A242', 'A243', 'A244', 'A245', 'A246', 'A247', 'A248', 'A249', 'A250', 'A251', 'A252', 'A253', 'A254', 'A255', 'A256', 'A257', 'A258', 'A259', 'A260', 'A261', 'A262', 'A263', 'A264', 'A265', 'A266', 'A267', 'A268', 'A269', 'A270', 'A271', 'A272', 'A273', 'A274', 'A275', 'A276', 'A277', 'A278', 'A279', 'A280', 'A281', 'A282', 'A283', 'A284', 'A285', 'A286', 'A287', 'A288', 'A289', 'A290', 'A291', 'A292', 'A293', 'A294', 'A295', 'A296', 'A297', 'A298']
These residues will be fixed:  []
The number of ligand atoms parsed is equal to: 30
Type: N, Coords [ 3.719 29.431  8.127], Mask 1
Type: C, Coords [ 2.429 29.908  8.243], Mask 1
Type: N, Coords [ 2.045 30.912  7.461], Mask 1
Type: C, Coords [ 0.822 31.405  7.532], Mask 1
Type: C, Coords [-0.07  30.846  8.455], Mask 1
Type: C, Coords [-1.439 31.331  8.598], Mask 1
Type: C, Coords [-2.241 30.733  9.519], Mask 1
Type: C, Coords [-1.747 29.674 10.307], Mask 1
Type: O, Coords [-2.484 29.152 11.126], Mask 1
Type: N, Coords [-0.487 29.223 10.179], Mask 1
Type: C, Coords [ 0.373 29.782  9.27 ], Mask 1
Type: N, Coords [ 1.618 29.345  9.127], Mask 1
Type: C, Coords [-2.6000e-02  2.8119e+01  1.1025e+01], Mask 1
Type: C, Coords [-0.992 26.922 10.902], Mask 1
Type: C, Coords [-1.045 26.329 12.332], Mask 1
Type: C, Coords [-1.013 27.593 13.228], Mask 1
Type: C, Coords [-0.04  28.545 12.503], Mask 1
Type: C, Coords [ 4.541 26.244  5.566], Mask 1
Type: C, Coords [ 4.181 27.479  5.044], Mask 1
Type: C, Coords [ 3.908 28.534  5.892], Mask 1
Type: C, Coords [ 3.995 28.36   7.267], Mask 1
Type: C, Coords [ 4.356 27.125  7.789], Mask 1
Type: C, Coords [ 4.622 26.068  6.941], Mask 1
Type: C, Coords [ 5.926 21.205  3.985], Mask 1
Type: N, Coords [ 5.52  22.61   3.846], Mask 1
Type: C, Coords [ 6.545 23.475  4.445], Mask 1
Type: C, Coords [ 6.179 24.943  4.201], Mask 1
Type: N, Coords [ 4.817 25.175  4.706], Mask 1
Type: C, Coords [ 3.754 24.25   4.284], Mask 1
Type: C, Coords [ 4.234 22.815  4.524], Mask 1
Designing protein from this path: /home/tedeschg/prj/protein-perturbation/data/cdk2/03.complexes_dude/actives_39_CHEMBL495557_best_CNNaffinity.pdb
These residues will be redesigned:  ['A1', 'A2', 'A3', 'A4', 'A5', 'A6', 'A7', 'A8', 'A9', 'A10', 'A11', 'A12', 'A15', 'A16', 'A17', 'A18', 'A19', 'A20', 'A21', 'A22', 'A23', 'A24', 'A25', 'A26', 'A27', 'A28', 'A29', 'A30', 'A31', 'A32', 'A33', 'A34', 'A35', 'A44', 'A45', 'A46', 'A47', 'A48', 'A49', 'A50', 'A51', 'A52', 'A53', 'A54', 'A55', 'A56', 'A57', 'A58', 'A59', 'A60', 'A61', 'A62', 'A63', 'A64', 'A65', 'A66', 'A67', 'A68', 'A69', 'A70', 'A71', 'A72', 'A73', 'A74', 'A75', 'A76', 'A77', 'A78', 'A79', 'A80', 'A81', 'A82', 'A83', 'A84', 'A85', 'A86', 'A87', 'A88', 'A89', 'A90', 'A91', 'A92', 'A93', 'A94', 'A95', 'A96', 'A97', 'A98', 'A99', 'A100', 'A101', 'A102', 'A103', 'A104', 'A105', 'A106', 'A107', 'A108', 'A109', 'A110', 'A111', 'A112', 'A113', 'A114', 'A115', 'A116', 'A117', 'A118', 'A119', 'A120', 'A121', 'A122', 'A123', 'A124', 'A125', 'A126', 'A127', 'A128', 'A129', 'A130', 'A131', 'A132', 'A133', 'A134', 'A135', 'A136', 'A137', 'A138', 'A139', 'A140', 'A141', 'A142', 'A143', 'A144', 'A145', 'A146', 'A147', 'A148', 'A149', 'A150', 'A151', 'A162', 'A163', 'A164', 'A165', 'A166', 'A167', 'A168', 'A169', 'A170', 'A171', 'A172', 'A173', 'A174', 'A175', 'A176', 'A177', 'A178', 'A179', 'A180', 'A181', 'A182', 'A183', 'A184', 'A185', 'A186', 'A187', 'A188', 'A189', 'A190', 'A191', 'A192', 'A193', 'A194', 'A195', 'A196', 'A197', 'A198', 'A199', 'A200', 'A201', 'A202', 'A203', 'A204', 'A205', 'A206', 'A207', 'A208', 'A209', 'A210', 'A211', 'A212', 'A213', 'A214', 'A215', 'A216', 'A217', 'A218', 'A219', 'A220', 'A221', 'A222', 'A223', 'A224', 'A225', 'A226', 'A227', 'A228', 'A229', 'A230', 'A231', 'A232', 'A233', 'A234', 'A235', 'A236', 'A237', 'A238', 'A239', 'A240', 'A241', 'A242', 'A243', 'A244', 'A245', 'A246', 'A247', 'A248', 'A249', 'A250', 'A251', 'A252', 'A253', 'A254', 'A255', 'A256', 'A257', 'A258', 'A259', 'A260', 'A261', 'A262', 'A263', 'A264', 'A265', 'A266', 'A267', 'A268', 'A269', 'A270', 'A271', 'A272', 'A273', 'A274', 'A275', 'A276', 'A277', 'A278', 'A279', 'A280', 'A281', 'A282', 'A283', 'A284', 'A285', 'A286', 'A287', 'A288', 'A289', 'A290', 'A291', 'A292', 'A293', 'A294', 'A295', 'A296', 'A297', 'A298']
These residues will be fixed:  []
The number of ligand atoms parsed is equal to: 24
Type: C, Coords [ 0.338 30.075  8.59 ], Mask 1
Type: C, Coords [ 0.933 30.727  7.554], Mask 1
Type: N, Coords [ 2.22  30.537  7.317], Mask 1
Type: C, Coords [ 2.943 29.726  8.067], Mask 1
Type: S, Coords [ 1.725 29.155  9.244], Mask 1
Type: N, Coords [ 4.292 29.406  7.97 ], Mask 1
Type: C, Coords [ 4.714 28.24   7.191], Mask 1
Type: C, Coords [ 4.043 28.274  5.816], Mask 1
Type: C, Coords [ 4.484 27.056  5.003], Mask 1
Type: C, Coords [ 4.076 25.777  5.737], Mask 1
Type: C, Coords [ 4.747 25.743  7.112], Mask 1
Type: C, Coords [ 4.306 26.961  7.926], Mask 1
Type: O, Coords [ 4.488 24.64   4.977], Mask 1
Type: S, Coords [-1.336 30.129  9.139], Mask 1
Type: C, Coords [-1.201 30.258 10.944], Mask 1
Type: C, Coords [-1.531 27.087 12.686], Mask 1
Type: C, Coords [-2.763 27.24  12.174], Mask 1
Type: N, Coords [-2.781 28.398 11.49 ], Mask 1
Type: C, Coords [-1.603 28.949 11.572], Mask 1
Type: O, Coords [-0.81  28.162 12.312], Mask 1
Type: C, Coords [-0.61  26.451 14.899], Mask 1
Type: C, Coords [-1.047 25.934 13.527], Mask 1
Type: C, Coords [ 0.139 25.26  12.834], Mask 1
Type: C, Coords [-2.18  24.92  13.701], Mask 1
Designing protein from this path: /home/tedeschg/prj/protein-perturbation/data/cdk2/03.complexes_dude/actives_40_CHEMBL75680_best_CNNaffinity.pdb
These residues will be redesigned:  ['A1', 'A2', 'A3', 'A4', 'A5', 'A6', 'A7', 'A8', 'A9', 'A10', 'A11', 'A12', 'A15', 'A16', 'A17', 'A18', 'A19', 'A20', 'A21', 'A22', 'A23', 'A24', 'A25', 'A26', 'A27', 'A28', 'A29', 'A30', 'A31', 'A32', 'A33', 'A34', 'A35', 'A44', 'A45', 'A46', 'A47', 'A48', 'A49', 'A50', 'A51', 'A52', 'A53', 'A54', 'A55', 'A56', 'A57', 'A58', 'A59', 'A60', 'A61', 'A62', 'A63', 'A64', 'A65', 'A66', 'A67', 'A68', 'A69', 'A70', 'A71', 'A72', 'A73', 'A74', 'A75', 'A76', 'A77', 'A78', 'A79', 'A80', 'A81', 'A82', 'A83', 'A84', 'A85', 'A86', 'A87', 'A88', 'A89', 'A90', 'A91', 'A92', 'A93', 'A94', 'A95', 'A96', 'A97', 'A98', 'A99', 'A100', 'A101', 'A102', 'A103', 'A104', 'A105', 'A106', 'A107', 'A108', 'A109', 'A110', 'A111', 'A112', 'A113', 'A114', 'A115', 'A116', 'A117', 'A118', 'A119', 'A120', 'A121', 'A122', 'A123', 'A124', 'A125', 'A126', 'A127', 'A128', 'A129', 'A130', 'A131', 'A132', 'A133', 'A134', 'A135', 'A136', 'A137', 'A138', 'A139', 'A140', 'A141', 'A142', 'A143', 'A144', 'A145', 'A146', 'A147', 'A148', 'A149', 'A150', 'A151', 'A162', 'A163', 'A164', 'A165', 'A166', 'A167', 'A168', 'A169', 'A170', 'A171', 'A172', 'A173', 'A174', 'A175', 'A176', 'A177', 'A178', 'A179', 'A180', 'A181', 'A182', 'A183', 'A184', 'A185', 'A186', 'A187', 'A188', 'A189', 'A190', 'A191', 'A192', 'A193', 'A194', 'A195', 'A196', 'A197', 'A198', 'A199', 'A200', 'A201', 'A202', 'A203', 'A204', 'A205', 'A206', 'A207', 'A208', 'A209', 'A210', 'A211', 'A212', 'A213', 'A214', 'A215', 'A216', 'A217', 'A218', 'A219', 'A220', 'A221', 'A222', 'A223', 'A224', 'A225', 'A226', 'A227', 'A228', 'A229', 'A230', 'A231', 'A232', 'A233', 'A234', 'A235', 'A236', 'A237', 'A238', 'A239', 'A240', 'A241', 'A242', 'A243', 'A244', 'A245', 'A246', 'A247', 'A248', 'A249', 'A250', 'A251', 'A252', 'A253', 'A254', 'A255', 'A256', 'A257', 'A258', 'A259', 'A260', 'A261', 'A262', 'A263', 'A264', 'A265', 'A266', 'A267', 'A268', 'A269', 'A270', 'A271', 'A272', 'A273', 'A274', 'A275', 'A276', 'A277', 'A278', 'A279', 'A280', 'A281', 'A282', 'A283', 'A284', 'A285', 'A286', 'A287', 'A288', 'A289', 'A290', 'A291', 'A292', 'A293', 'A294', 'A295', 'A296', 'A297', 'A298']
These residues will be fixed:  []
The number of ligand atoms parsed is equal to: 20
Type: C, Coords [-0.572 29.43   9.771], Mask 1
Type: C, Coords [-0.956 30.791  9.854], Mask 1
Type: C, Coords [-1.879 30.892 10.918], Mask 1
Type: N, Coords [-2.034 29.63  11.444], Mask 1
Type: C, Coords [-1.242 28.753 10.737], Mask 1
Type: N, Coords [-2.405 32.07  11.218], Mask 1
Type: C, Coords [-2.064 33.14  10.523], Mask 1
Type: C, Coords [-1.158 33.044  9.479], Mask 1
Type: N, Coords [-0.623 31.881  9.163], Mask 1
Type: C, Coords [-1.134 27.301 10.994], Mask 1
Type: C, Coords [-1.33  26.802 12.283], Mask 1
Type: C, Coords [-1.229 25.448 12.518], Mask 1
Type: C, Coords [-0.933 24.58  11.475], Mask 1
Type: C, Coords [-0.737 25.073 10.192], Mask 1
Type: C, Coords [-0.842 26.425  9.947], Mask 1
Type: O, Coords [-0.834 23.246 11.711], Mask 1
Type: C, Coords [ 0.4   28.84   8.783], Mask 1
Type: C, Coords [ 1.829 29.199  9.196], Mask 1
Type: C, Coords [ 3.94  27.898  8.898], Mask 1
Type: C, Coords [ 2.579 27.927  9.596], Mask 1
Designing protein from this path: /home/tedeschg/prj/protein-perturbation/data/cdk2/03.complexes_dude/actives_41_CHEMBL1094400_best_CNNaffinity.pdb
These residues will be redesigned:  ['A1', 'A2', 'A3', 'A4', 'A5', 'A6', 'A7', 'A8', 'A9', 'A10', 'A11', 'A12', 'A15', 'A16', 'A17', 'A18', 'A19', 'A20', 'A21', 'A22', 'A23', 'A24', 'A25', 'A26', 'A27', 'A28', 'A29', 'A30', 'A31', 'A32', 'A33', 'A34', 'A35', 'A44', 'A45', 'A46', 'A47', 'A48', 'A49', 'A50', 'A51', 'A52', 'A53', 'A54', 'A55', 'A56', 'A57', 'A58', 'A59', 'A60', 'A61', 'A62', 'A63', 'A64', 'A65', 'A66', 'A67', 'A68', 'A69', 'A70', 'A71', 'A72', 'A73', 'A74', 'A75', 'A76', 'A77', 'A78', 'A79', 'A80', 'A81', 'A82', 'A83', 'A84', 'A85', 'A86', 'A87', 'A88', 'A89', 'A90', 'A91', 'A92', 'A93', 'A94', 'A95', 'A96', 'A97', 'A98', 'A99', 'A100', 'A101', 'A102', 'A103', 'A104', 'A105', 'A106', 'A107', 'A108', 'A109', 'A110', 'A111', 'A112', 'A113', 'A114', 'A115', 'A116', 'A117', 'A118', 'A119', 'A120', 'A121', 'A122', 'A123', 'A124', 'A125', 'A126', 'A127', 'A128', 'A129', 'A130', 'A131', 'A132', 'A133', 'A134', 'A135', 'A136', 'A137', 'A138', 'A139', 'A140', 'A141', 'A142', 'A143', 'A144', 'A145', 'A146', 'A147', 'A148', 'A149', 'A150', 'A151', 'A162', 'A163', 'A164', 'A165', 'A166', 'A167', 'A168', 'A169', 'A170', 'A171', 'A172', 'A173', 'A174', 'A175', 'A176', 'A177', 'A178', 'A179', 'A180', 'A181', 'A182', 'A183', 'A184', 'A185', 'A186', 'A187', 'A188', 'A189', 'A190', 'A191', 'A192', 'A193', 'A194', 'A195', 'A196', 'A197', 'A198', 'A199', 'A200', 'A201', 'A202', 'A203', 'A204', 'A205', 'A206', 'A207', 'A208', 'A209', 'A210', 'A211', 'A212', 'A213', 'A214', 'A215', 'A216', 'A217', 'A218', 'A219', 'A220', 'A221', 'A222', 'A223', 'A224', 'A225', 'A226', 'A227', 'A228', 'A229', 'A230', 'A231', 'A232', 'A233', 'A234', 'A235', 'A236', 'A237', 'A238', 'A239', 'A240', 'A241', 'A242', 'A243', 'A244', 'A245', 'A246', 'A247', 'A248', 'A249', 'A250', 'A251', 'A252', 'A253', 'A254', 'A255', 'A256', 'A257', 'A258', 'A259', 'A260', 'A261', 'A262', 'A263', 'A264', 'A265', 'A266', 'A267', 'A268', 'A269', 'A270', 'A271', 'A272', 'A273', 'A274', 'A275', 'A276', 'A277', 'A278', 'A279', 'A280', 'A281', 'A282', 'A283', 'A284', 'A285', 'A286', 'A287', 'A288', 'A289', 'A290', 'A291', 'A292', 'A293', 'A294', 'A295', 'A296', 'A297', 'A298']
These residues will be fixed:  []
The number of ligand atoms parsed is equal to: 29
Type: C, Coords [ 1.025 25.763 11.765], Mask 1
Type: N, Coords [-0.144 25.479 12.321], Mask 1
Type: C, Coords [-1.212 26.233 12.107], Mask 1
Type: C, Coords [-1.098 27.345 11.293], Mask 1
Type: C, Coords [ 0.161 27.63  10.745], Mask 1
Type: N, Coords [ 1.185 26.825 10.988], Mask 1
Type: C, Coords [ 0.287 28.864  9.951], Mask 1
Type: C, Coords [-0.703 29.822  9.995], Mask 1
Type: C, Coords [-0.283 30.837  9.135], Mask 1
Type: N, Coords [ 0.897 30.477  8.652], Mask 1
Type: N, Coords [ 1.251 29.331  9.13 ], Mask 1
Type: C, Coords [-1.927 29.681 10.852], Mask 1
Type: C, Coords [-2.292 28.203 10.992], Mask 1
Type: C, Coords [ 2.453 28.674  8.841], Mask 1
Type: C, Coords [ 3.538 29.39   8.351], Mask 1
Type: C, Coords [ 4.722 28.738  8.067], Mask 1
Type: C, Coords [ 4.828 27.374  8.27 ], Mask 1
Type: C, Coords [ 3.75  26.658  8.757], Mask 1
Type: C, Coords [ 2.565 27.305  9.048], Mask 1
Type: C, Coords [-1.018 32.08   8.821], Mask 1
Type: O, Coords [-2.231 32.103  8.888], Mask 1
Type: N, Coords [-0.342 33.189  8.459], Mask 1
Type: N, Coords [ 2.107 24.932 12.006], Mask 1
Type: C, Coords [ 1.979 20.945 10.81 ], Mask 1
Type: C, Coords [ 1.786 21.273 12.139], Mask 1
Type: C, Coords [ 1.828 22.594 12.54 ], Mask 1
Type: C, Coords [ 2.065 23.594 11.605], Mask 1
Type: C, Coords [ 2.258 23.261 10.27 ], Mask 1
Type: C, Coords [ 2.214 21.938  9.877], Mask 1
Designing protein from this path: /home/tedeschg/prj/protein-perturbation/data/cdk2/03.complexes_dude/actives_42_CHEMBL79498_best_CNNaffinity.pdb
These residues will be redesigned:  ['A1', 'A2', 'A3', 'A4', 'A5', 'A6', 'A7', 'A8', 'A9', 'A10', 'A11', 'A12', 'A15', 'A16', 'A17', 'A18', 'A19', 'A20', 'A21', 'A22', 'A23', 'A24', 'A25', 'A26', 'A27', 'A28', 'A29', 'A30', 'A31', 'A32', 'A33', 'A34', 'A35', 'A44', 'A45', 'A46', 'A47', 'A48', 'A49', 'A50', 'A51', 'A52', 'A53', 'A54', 'A55', 'A56', 'A57', 'A58', 'A59', 'A60', 'A61', 'A62', 'A63', 'A64', 'A65', 'A66', 'A67', 'A68', 'A69', 'A70', 'A71', 'A72', 'A73', 'A74', 'A75', 'A76', 'A77', 'A78', 'A79', 'A80', 'A81', 'A82', 'A83', 'A84', 'A85', 'A86', 'A87', 'A88', 'A89', 'A90', 'A91', 'A92', 'A93', 'A94', 'A95', 'A96', 'A97', 'A98', 'A99', 'A100', 'A101', 'A102', 'A103', 'A104', 'A105', 'A106', 'A107', 'A108', 'A109', 'A110', 'A111', 'A112', 'A113', 'A114', 'A115', 'A116', 'A117', 'A118', 'A119', 'A120', 'A121', 'A122', 'A123', 'A124', 'A125', 'A126', 'A127', 'A128', 'A129', 'A130', 'A131', 'A132', 'A133', 'A134', 'A135', 'A136', 'A137', 'A138', 'A139', 'A140', 'A141', 'A142', 'A143', 'A144', 'A145', 'A146', 'A147', 'A148', 'A149', 'A150', 'A151', 'A162', 'A163', 'A164', 'A165', 'A166', 'A167', 'A168', 'A169', 'A170', 'A171', 'A172', 'A173', 'A174', 'A175', 'A176', 'A177', 'A178', 'A179', 'A180', 'A181', 'A182', 'A183', 'A184', 'A185', 'A186', 'A187', 'A188', 'A189', 'A190', 'A191', 'A192', 'A193', 'A194', 'A195', 'A196', 'A197', 'A198', 'A199', 'A200', 'A201', 'A202', 'A203', 'A204', 'A205', 'A206', 'A207', 'A208', 'A209', 'A210', 'A211', 'A212', 'A213', 'A214', 'A215', 'A216', 'A217', 'A218', 'A219', 'A220', 'A221', 'A222', 'A223', 'A224', 'A225', 'A226', 'A227', 'A228', 'A229', 'A230', 'A231', 'A232', 'A233', 'A234', 'A235', 'A236', 'A237', 'A238', 'A239', 'A240', 'A241', 'A242', 'A243', 'A244', 'A245', 'A246', 'A247', 'A248', 'A249', 'A250', 'A251', 'A252', 'A253', 'A254', 'A255', 'A256', 'A257', 'A258', 'A259', 'A260', 'A261', 'A262', 'A263', 'A264', 'A265', 'A266', 'A267', 'A268', 'A269', 'A270', 'A271', 'A272', 'A273', 'A274', 'A275', 'A276', 'A277', 'A278', 'A279', 'A280', 'A281', 'A282', 'A283', 'A284', 'A285', 'A286', 'A287', 'A288', 'A289', 'A290', 'A291', 'A292', 'A293', 'A294', 'A295', 'A296', 'A297', 'A298']
These residues will be fixed:  []
The number of ligand atoms parsed is equal to: 25
Type: C, Coords [ 1.297 28.932  9.028], Mask 1
Type: C, Coords [ 0.601 27.938  9.729], Mask 1
Type: C, Coords [-0.698 28.112 10.185], Mask 1
Type: C, Coords [-1.359 29.387  9.919], Mask 1
Type: C, Coords [-2.661 29.727 10.309], Mask 1
Type: C, Coords [-3.139 30.982  9.977], Mask 1
Type: C, Coords [-2.385 31.919  9.276], Mask 1
Type: C, Coords [-1.096 31.611  8.877], Mask 1
Type: C, Coords [-0.63  30.347  9.219], Mask 1
Type: C, Coords [ 0.686 30.168  8.764], Mask 1
Type: C, Coords [ 1.015 31.427  8.108], Mask 1
Type: O, Coords [ 2.073 31.696  7.566], Mask 1
Type: N, Coords [-0.068 32.244  8.19 ], Mask 1
Type: F, Coords [-3.43  28.85  10.991], Mask 1
Type: C, Coords [ 4.783 27.969  8.45 ], Mask 1
Type: C, Coords [ 3.622 27.953  9.234], Mask 1
Type: C, Coords [ 2.675 28.681  8.572], Mask 1
Type: N, Coords [ 3.237 29.138  7.405], Mask 1
Type: C, Coords [ 4.522 28.698  7.341], Mask 1
Type: S, Coords [-1.529 26.829 11.061], Mask 1
Type: C, Coords [-0.531 26.603 12.559], Mask 1
Type: C, Coords [-1.214 27.272 13.78 ], Mask 1
Type: C, Coords [-0.645 26.437 14.954], Mask 1
Type: N, Coords [-0.568 25.056 14.432], Mask 1
Type: C, Coords [-0.477 25.113 12.958], Mask 1
Designing protein from this path: /home/tedeschg/prj/protein-perturbation/data/cdk2/03.complexes_dude/actives_43_CHEMBL269827_best_CNNaffinity.pdb
These residues will be redesigned:  ['A1', 'A2', 'A3', 'A4', 'A5', 'A6', 'A7', 'A8', 'A9', 'A10', 'A11', 'A12', 'A15', 'A16', 'A17', 'A18', 'A19', 'A20', 'A21', 'A22', 'A23', 'A24', 'A25', 'A26', 'A27', 'A28', 'A29', 'A30', 'A31', 'A32', 'A33', 'A34', 'A35', 'A44', 'A45', 'A46', 'A47', 'A48', 'A49', 'A50', 'A51', 'A52', 'A53', 'A54', 'A55', 'A56', 'A57', 'A58', 'A59', 'A60', 'A61', 'A62', 'A63', 'A64', 'A65', 'A66', 'A67', 'A68', 'A69', 'A70', 'A71', 'A72', 'A73', 'A74', 'A75', 'A76', 'A77', 'A78', 'A79', 'A80', 'A81', 'A82', 'A83', 'A84', 'A85', 'A86', 'A87', 'A88', 'A89', 'A90', 'A91', 'A92', 'A93', 'A94', 'A95', 'A96', 'A97', 'A98', 'A99', 'A100', 'A101', 'A102', 'A103', 'A104', 'A105', 'A106', 'A107', 'A108', 'A109', 'A110', 'A111', 'A112', 'A113', 'A114', 'A115', 'A116', 'A117', 'A118', 'A119', 'A120', 'A121', 'A122', 'A123', 'A124', 'A125', 'A126', 'A127', 'A128', 'A129', 'A130', 'A131', 'A132', 'A133', 'A134', 'A135', 'A136', 'A137', 'A138', 'A139', 'A140', 'A141', 'A142', 'A143', 'A144', 'A145', 'A146', 'A147', 'A148', 'A149', 'A150', 'A151', 'A162', 'A163', 'A164', 'A165', 'A166', 'A167', 'A168', 'A169', 'A170', 'A171', 'A172', 'A173', 'A174', 'A175', 'A176', 'A177', 'A178', 'A179', 'A180', 'A181', 'A182', 'A183', 'A184', 'A185', 'A186', 'A187', 'A188', 'A189', 'A190', 'A191', 'A192', 'A193', 'A194', 'A195', 'A196', 'A197', 'A198', 'A199', 'A200', 'A201', 'A202', 'A203', 'A204', 'A205', 'A206', 'A207', 'A208', 'A209', 'A210', 'A211', 'A212', 'A213', 'A214', 'A215', 'A216', 'A217', 'A218', 'A219', 'A220', 'A221', 'A222', 'A223', 'A224', 'A225', 'A226', 'A227', 'A228', 'A229', 'A230', 'A231', 'A232', 'A233', 'A234', 'A235', 'A236', 'A237', 'A238', 'A239', 'A240', 'A241', 'A242', 'A243', 'A244', 'A245', 'A246', 'A247', 'A248', 'A249', 'A250', 'A251', 'A252', 'A253', 'A254', 'A255', 'A256', 'A257', 'A258', 'A259', 'A260', 'A261', 'A262', 'A263', 'A264', 'A265', 'A266', 'A267', 'A268', 'A269', 'A270', 'A271', 'A272', 'A273', 'A274', 'A275', 'A276', 'A277', 'A278', 'A279', 'A280', 'A281', 'A282', 'A283', 'A284', 'A285', 'A286', 'A287', 'A288', 'A289', 'A290', 'A291', 'A292', 'A293', 'A294', 'A295', 'A296', 'A297', 'A298']
These residues will be fixed:  []
The number of ligand atoms parsed is equal to: 27
Type: N, Coords [ 2.05  29.513  8.336], Mask 1
Type: C, Coords [ 1.105 30.424  8.39 ], Mask 1
Type: C, Coords [-0.207 30.325  9.073], Mask 1
Type: C, Coords [-0.817 29.322  9.815], Mask 1
Type: C, Coords [-2.09  29.533 10.341], Mask 1
Type: C, Coords [-2.741 30.749 10.117], Mask 1
Type: C, Coords [-2.134 31.741  9.381], Mask 1
Type: C, Coords [-0.862 31.544  8.85 ], Mask 1
Type: N, Coords [-0.045 32.369  8.086], Mask 1
Type: C, Coords [ 1.121 31.769  7.791], Mask 1
Type: O, Coords [ 2.03  32.252  7.141], Mask 1
Type: C, Coords [-2.75  28.473 11.132], Mask 1
Type: C, Coords [-2.143 27.428 11.751], Mask 1
Type: N, Coords [-3.098 26.706 12.355], Mask 1
Type: C, Coords [-4.255 27.264 12.132], Mask 1
Type: O, Coords [-4.073 28.361 11.383], Mask 1
Type: N, Coords [ 3.146 29.757  7.701], Mask 1
Type: C, Coords [ 4.751 27.993  8.067], Mask 1
Type: C, Coords [ 5.513 26.95   7.578], Mask 1
Type: C, Coords [ 5.447 26.612  6.239], Mask 1
Type: C, Coords [ 4.619 27.316  5.384], Mask 1
Type: C, Coords [ 3.854 28.36   5.865], Mask 1
Type: C, Coords [ 3.917 28.703  7.211], Mask 1
Type: S, Coords [ 6.422 25.281  5.62 ], Mask 1
Type: O, Coords [ 6.938 24.594  6.752], Mask 1
Type: O, Coords [ 5.639 24.632  4.627], Mask 1
Type: N, Coords [ 7.721 25.947  4.838], Mask 1
Designing protein from this path: /home/tedeschg/prj/protein-perturbation/data/cdk2/03.complexes_dude/actives_44_CHEMBL115319_best_CNNaffinity.pdb
These residues will be redesigned:  ['A1', 'A2', 'A3', 'A4', 'A5', 'A6', 'A7', 'A8', 'A9', 'A10', 'A11', 'A12', 'A15', 'A16', 'A17', 'A18', 'A19', 'A20', 'A21', 'A22', 'A23', 'A24', 'A25', 'A26', 'A27', 'A28', 'A29', 'A30', 'A31', 'A32', 'A33', 'A34', 'A35', 'A44', 'A45', 'A46', 'A47', 'A48', 'A49', 'A50', 'A51', 'A52', 'A53', 'A54', 'A55', 'A56', 'A57', 'A58', 'A59', 'A60', 'A61', 'A62', 'A63', 'A64', 'A65', 'A66', 'A67', 'A68', 'A69', 'A70', 'A71', 'A72', 'A73', 'A74', 'A75', 'A76', 'A77', 'A78', 'A79', 'A80', 'A81', 'A82', 'A83', 'A84', 'A85', 'A86', 'A87', 'A88', 'A89', 'A90', 'A91', 'A92', 'A93', 'A94', 'A95', 'A96', 'A97', 'A98', 'A99', 'A100', 'A101', 'A102', 'A103', 'A104', 'A105', 'A106', 'A107', 'A108', 'A109', 'A110', 'A111', 'A112', 'A113', 'A114', 'A115', 'A116', 'A117', 'A118', 'A119', 'A120', 'A121', 'A122', 'A123', 'A124', 'A125', 'A126', 'A127', 'A128', 'A129', 'A130', 'A131', 'A132', 'A133', 'A134', 'A135', 'A136', 'A137', 'A138', 'A139', 'A140', 'A141', 'A142', 'A143', 'A144', 'A145', 'A146', 'A147', 'A148', 'A149', 'A150', 'A151', 'A162', 'A163', 'A164', 'A165', 'A166', 'A167', 'A168', 'A169', 'A170', 'A171', 'A172', 'A173', 'A174', 'A175', 'A176', 'A177', 'A178', 'A179', 'A180', 'A181', 'A182', 'A183', 'A184', 'A185', 'A186', 'A187', 'A188', 'A189', 'A190', 'A191', 'A192', 'A193', 'A194', 'A195', 'A196', 'A197', 'A198', 'A199', 'A200', 'A201', 'A202', 'A203', 'A204', 'A205', 'A206', 'A207', 'A208', 'A209', 'A210', 'A211', 'A212', 'A213', 'A214', 'A215', 'A216', 'A217', 'A218', 'A219', 'A220', 'A221', 'A222', 'A223', 'A224', 'A225', 'A226', 'A227', 'A228', 'A229', 'A230', 'A231', 'A232', 'A233', 'A234', 'A235', 'A236', 'A237', 'A238', 'A239', 'A240', 'A241', 'A242', 'A243', 'A244', 'A245', 'A246', 'A247', 'A248', 'A249', 'A250', 'A251', 'A252', 'A253', 'A254', 'A255', 'A256', 'A257', 'A258', 'A259', 'A260', 'A261', 'A262', 'A263', 'A264', 'A265', 'A266', 'A267', 'A268', 'A269', 'A270', 'A271', 'A272', 'A273', 'A274', 'A275', 'A276', 'A277', 'A278', 'A279', 'A280', 'A281', 'A282', 'A283', 'A284', 'A285', 'A286', 'A287', 'A288', 'A289', 'A290', 'A291', 'A292', 'A293', 'A294', 'A295', 'A296', 'A297', 'A298']
These residues will be fixed:  []
The number of ligand atoms parsed is equal to: 18
Type: C, Coords [ 3.663 29.193  7.519], Mask 1
Type: O, Coords [ 4.079 29.907  8.411], Mask 1
Type: N, Coords [ 2.505 29.495  6.898], Mask 1
Type: C, Coords [ 4.356 27.526  5.803], Mask 1
Type: C, Coords [ 5.071 26.406  5.433], Mask 1
Type: C, Coords [ 5.857 25.745  6.362], Mask 1
Type: C, Coords [ 5.93  26.203  7.667], Mask 1
Type: C, Coords [ 5.22  27.322  8.049], Mask 1
Type: C, Coords [ 4.426 27.993  7.117], Mask 1
Type: BR, Coords [ 6.835 24.211  5.847], Mask 1
Type: C, Coords [ 1.785 30.626  7.277], Mask 1
Type: C, Coords [ 0.606 30.64   7.958], Mask 1
Type: C, Coords [ 0.228 31.973  8.134], Mask 1
Type: N, Coords [ 1.137 32.737  7.584], Mask 1
Type: N, Coords [ 2.134 31.917  7.041], Mask 1
Type: C, Coords [-1.016 32.451  8.837], Mask 1
Type: C, Coords [-1.256 31.954 10.264], Mask 1
Type: C, Coords [-2.111 31.419  9.114], Mask 1
Designing protein from this path: /home/tedeschg/prj/protein-perturbation/data/cdk2/03.complexes_dude/actives_45_CHEMBL310840_best_CNNaffinity.pdb
These residues will be redesigned:  ['A1', 'A2', 'A3', 'A4', 'A5', 'A6', 'A7', 'A8', 'A9', 'A10', 'A11', 'A12', 'A15', 'A16', 'A17', 'A18', 'A19', 'A20', 'A21', 'A22', 'A23', 'A24', 'A25', 'A26', 'A27', 'A28', 'A29', 'A30', 'A31', 'A32', 'A33', 'A34', 'A35', 'A44', 'A45', 'A46', 'A47', 'A48', 'A49', 'A50', 'A51', 'A52', 'A53', 'A54', 'A55', 'A56', 'A57', 'A58', 'A59', 'A60', 'A61', 'A62', 'A63', 'A64', 'A65', 'A66', 'A67', 'A68', 'A69', 'A70', 'A71', 'A72', 'A73', 'A74', 'A75', 'A76', 'A77', 'A78', 'A79', 'A80', 'A81', 'A82', 'A83', 'A84', 'A85', 'A86', 'A87', 'A88', 'A89', 'A90', 'A91', 'A92', 'A93', 'A94', 'A95', 'A96', 'A97', 'A98', 'A99', 'A100', 'A101', 'A102', 'A103', 'A104', 'A105', 'A106', 'A107', 'A108', 'A109', 'A110', 'A111', 'A112', 'A113', 'A114', 'A115', 'A116', 'A117', 'A118', 'A119', 'A120', 'A121', 'A122', 'A123', 'A124', 'A125', 'A126', 'A127', 'A128', 'A129', 'A130', 'A131', 'A132', 'A133', 'A134', 'A135', 'A136', 'A137', 'A138', 'A139', 'A140', 'A141', 'A142', 'A143', 'A144', 'A145', 'A146', 'A147', 'A148', 'A149', 'A150', 'A151', 'A162', 'A163', 'A164', 'A165', 'A166', 'A167', 'A168', 'A169', 'A170', 'A171', 'A172', 'A173', 'A174', 'A175', 'A176', 'A177', 'A178', 'A179', 'A180', 'A181', 'A182', 'A183', 'A184', 'A185', 'A186', 'A187', 'A188', 'A189', 'A190', 'A191', 'A192', 'A193', 'A194', 'A195', 'A196', 'A197', 'A198', 'A199', 'A200', 'A201', 'A202', 'A203', 'A204', 'A205', 'A206', 'A207', 'A208', 'A209', 'A210', 'A211', 'A212', 'A213', 'A214', 'A215', 'A216', 'A217', 'A218', 'A219', 'A220', 'A221', 'A222', 'A223', 'A224', 'A225', 'A226', 'A227', 'A228', 'A229', 'A230', 'A231', 'A232', 'A233', 'A234', 'A235', 'A236', 'A237', 'A238', 'A239', 'A240', 'A241', 'A242', 'A243', 'A244', 'A245', 'A246', 'A247', 'A248', 'A249', 'A250', 'A251', 'A252', 'A253', 'A254', 'A255', 'A256', 'A257', 'A258', 'A259', 'A260', 'A261', 'A262', 'A263', 'A264', 'A265', 'A266', 'A267', 'A268', 'A269', 'A270', 'A271', 'A272', 'A273', 'A274', 'A275', 'A276', 'A277', 'A278', 'A279', 'A280', 'A281', 'A282', 'A283', 'A284', 'A285', 'A286', 'A287', 'A288', 'A289', 'A290', 'A291', 'A292', 'A293', 'A294', 'A295', 'A296', 'A297', 'A298']
These residues will be fixed:  []
The number of ligand atoms parsed is equal to: 25
Type: C, Coords [-0.754 30.085  8.919], Mask 1
Type: C, Coords [-1.722 30.634  9.778], Mask 1
Type: C, Coords [-1.799 32.027  9.914], Mask 1
Type: N, Coords [-0.989 32.824  9.259], Mask 1
Type: C, Coords [-0.054 32.358  8.433], Mask 1
Type: N, Coords [ 0.889 32.965  7.653], Mask 1
Type: N, Coords [ 1.623 31.988  6.973], Mask 1
Type: C, Coords [ 1.188 30.802  7.288], Mask 1
Type: C, Coords [ 0.097 30.972  8.241], Mask 1
Type: C, Coords [-2.642 29.759 10.523], Mask 1
Type: O, Coords [-3.834 29.783 10.283], Mask 1
Type: C, Coords [-2.117 28.852 11.562], Mask 1
Type: C, Coords [-2.718 27.606 11.778], Mask 1
Type: C, Coords [-2.221 26.763 12.753], Mask 1
Type: C, Coords [-1.132 27.147 13.515], Mask 1
Type: C, Coords [-0.532 28.376 13.309], Mask 1
Type: C, Coords [-1.013 29.23  12.334], Mask 1
Type: F, Coords [-0.421 30.427 12.13 ], Mask 1
Type: C, Coords [-0.597 26.221 14.577], Mask 1
Type: F, Coords [-3.782 27.229 11.035], Mask 1
Type: O, Coords [-0.642 28.747  8.757], Mask 1
Type: C, Coords [ 0.207 28.051  9.672], Mask 1
Type: C, Coords [ 1.609 28.662  9.633], Mask 1
Type: C, Coords [ 3.905 27.939  8.964], Mask 1
Type: C, Coords [ 2.653 27.551  9.755], Mask 1
Designing protein from this path: /home/tedeschg/prj/protein-perturbation/data/cdk2/03.complexes_dude/actives_46_CHEMBL210765_best_CNNaffinity.pdb
These residues will be redesigned:  ['A1', 'A2', 'A3', 'A4', 'A5', 'A6', 'A7', 'A8', 'A9', 'A10', 'A11', 'A12', 'A15', 'A16', 'A17', 'A18', 'A19', 'A20', 'A21', 'A22', 'A23', 'A24', 'A25', 'A26', 'A27', 'A28', 'A29', 'A30', 'A31', 'A32', 'A33', 'A34', 'A35', 'A44', 'A45', 'A46', 'A47', 'A48', 'A49', 'A50', 'A51', 'A52', 'A53', 'A54', 'A55', 'A56', 'A57', 'A58', 'A59', 'A60', 'A61', 'A62', 'A63', 'A64', 'A65', 'A66', 'A67', 'A68', 'A69', 'A70', 'A71', 'A72', 'A73', 'A74', 'A75', 'A76', 'A77', 'A78', 'A79', 'A80', 'A81', 'A82', 'A83', 'A84', 'A85', 'A86', 'A87', 'A88', 'A89', 'A90', 'A91', 'A92', 'A93', 'A94', 'A95', 'A96', 'A97', 'A98', 'A99', 'A100', 'A101', 'A102', 'A103', 'A104', 'A105', 'A106', 'A107', 'A108', 'A109', 'A110', 'A111', 'A112', 'A113', 'A114', 'A115', 'A116', 'A117', 'A118', 'A119', 'A120', 'A121', 'A122', 'A123', 'A124', 'A125', 'A126', 'A127', 'A128', 'A129', 'A130', 'A131', 'A132', 'A133', 'A134', 'A135', 'A136', 'A137', 'A138', 'A139', 'A140', 'A141', 'A142', 'A143', 'A144', 'A145', 'A146', 'A147', 'A148', 'A149', 'A150', 'A151', 'A162', 'A163', 'A164', 'A165', 'A166', 'A167', 'A168', 'A169', 'A170', 'A171', 'A172', 'A173', 'A174', 'A175', 'A176', 'A177', 'A178', 'A179', 'A180', 'A181', 'A182', 'A183', 'A184', 'A185', 'A186', 'A187', 'A188', 'A189', 'A190', 'A191', 'A192', 'A193', 'A194', 'A195', 'A196', 'A197', 'A198', 'A199', 'A200', 'A201', 'A202', 'A203', 'A204', 'A205', 'A206', 'A207', 'A208', 'A209', 'A210', 'A211', 'A212', 'A213', 'A214', 'A215', 'A216', 'A217', 'A218', 'A219', 'A220', 'A221', 'A222', 'A223', 'A224', 'A225', 'A226', 'A227', 'A228', 'A229', 'A230', 'A231', 'A232', 'A233', 'A234', 'A235', 'A236', 'A237', 'A238', 'A239', 'A240', 'A241', 'A242', 'A243', 'A244', 'A245', 'A246', 'A247', 'A248', 'A249', 'A250', 'A251', 'A252', 'A253', 'A254', 'A255', 'A256', 'A257', 'A258', 'A259', 'A260', 'A261', 'A262', 'A263', 'A264', 'A265', 'A266', 'A267', 'A268', 'A269', 'A270', 'A271', 'A272', 'A273', 'A274', 'A275', 'A276', 'A277', 'A278', 'A279', 'A280', 'A281', 'A282', 'A283', 'A284', 'A285', 'A286', 'A287', 'A288', 'A289', 'A290', 'A291', 'A292', 'A293', 'A294', 'A295', 'A296', 'A297', 'A298']
These residues will be fixed:  []
The number of ligand atoms parsed is equal to: 38
Type: C, Coords [ 4.487 25.971  5.337], Mask 1
Type: C, Coords [ 4.62  25.798  6.702], Mask 1
Type: C, Coords [ 4.457 26.872  7.555], Mask 1
Type: C, Coords [ 4.16  28.127  7.04 ], Mask 1
Type: C, Coords [ 4.027 28.297  5.667], Mask 1
Type: C, Coords [ 4.196 27.22   4.82 ], Mask 1
Type: S, Coords [ 4.695 24.598  4.253], Mask 1
Type: O, Coords [ 3.41  24.3    3.723], Mask 1
Type: O, Coords [ 5.469 23.637  4.958], Mask 1
Type: C, Coords [ 6.887 25.316  3.147], Mask 1
Type: O, Coords [ 7.452 25.108  4.354], Mask 1
Type: N, Coords [ 5.623 25.113  2.982], Mask 1
Type: C, Coords [ 7.732 25.786  1.991], Mask 1
Type: C, Coords [ 9.211 25.708  2.375], Mask 1
Type: C, Coords [10.641 21.333 -0.875], Mask 1
Type: N, Coords [9.9990e+00 2.2318e+01 6.0000e-03], Mask 1
Type: C, Coords [ 9.847 23.612 -0.673], Mask 1
Type: C, Coords [ 9.123 24.59   0.255], Mask 1
Type: N, Coords [ 9.897 24.755  1.492], Mask 1
Type: C, Coords [10.02  23.459  2.172], Mask 1
Type: C, Coords [10.751 22.472  1.26 ], Mask 1
Type: N, Coords [ 3.995 29.216  7.899], Mask 1
Type: C, Coords [ 2.715 29.666  8.216], Mask 1
Type: N, Coords [ 2.147 30.784  7.745], Mask 1
Type: C, Coords [ 0.936 30.91   8.242], Mask 1
Type: N, Coords [ 0.709 29.843  9.06 ], Mask 1
Type: N, Coords [ 1.873 29.059  9.017], Mask 1
Type: C, Coords [-0.411 29.59   9.767], Mask 1
Type: O, Coords [-1.385 30.306  9.639], Mask 1
Type: N, Coords [ 0.054 31.939  7.983], Mask 1
Type: C, Coords [-0.454 28.446 10.694], Mask 1
Type: C, Coords [-0.815 27.176 10.229], Mask 1
Type: C, Coords [-0.853 26.108 11.106], Mask 1
Type: C, Coords [-0.536 26.292 12.44 ], Mask 1
Type: C, Coords [-0.178 27.544 12.908], Mask 1
Type: C, Coords [-0.129 28.621 12.045], Mask 1
Type: F, Coords [ 0.226 29.841 12.503], Mask 1
Type: F, Coords [-1.126 26.994  8.927], Mask 1
Designing protein from this path: /home/tedeschg/prj/protein-perturbation/data/cdk2/03.complexes_dude/actives_47_CHEMBL411224_best_CNNaffinity.pdb
These residues will be redesigned:  ['A1', 'A2', 'A3', 'A4', 'A5', 'A6', 'A7', 'A8', 'A9', 'A10', 'A11', 'A12', 'A15', 'A16', 'A17', 'A18', 'A19', 'A20', 'A21', 'A22', 'A23', 'A24', 'A25', 'A26', 'A27', 'A28', 'A29', 'A30', 'A31', 'A32', 'A33', 'A34', 'A35', 'A44', 'A45', 'A46', 'A47', 'A48', 'A49', 'A50', 'A51', 'A52', 'A53', 'A54', 'A55', 'A56', 'A57', 'A58', 'A59', 'A60', 'A61', 'A62', 'A63', 'A64', 'A65', 'A66', 'A67', 'A68', 'A69', 'A70', 'A71', 'A72', 'A73', 'A74', 'A75', 'A76', 'A77', 'A78', 'A79', 'A80', 'A81', 'A82', 'A83', 'A84', 'A85', 'A86', 'A87', 'A88', 'A89', 'A90', 'A91', 'A92', 'A93', 'A94', 'A95', 'A96', 'A97', 'A98', 'A99', 'A100', 'A101', 'A102', 'A103', 'A104', 'A105', 'A106', 'A107', 'A108', 'A109', 'A110', 'A111', 'A112', 'A113', 'A114', 'A115', 'A116', 'A117', 'A118', 'A119', 'A120', 'A121', 'A122', 'A123', 'A124', 'A125', 'A126', 'A127', 'A128', 'A129', 'A130', 'A131', 'A132', 'A133', 'A134', 'A135', 'A136', 'A137', 'A138', 'A139', 'A140', 'A141', 'A142', 'A143', 'A144', 'A145', 'A146', 'A147', 'A148', 'A149', 'A150', 'A151', 'A162', 'A163', 'A164', 'A165', 'A166', 'A167', 'A168', 'A169', 'A170', 'A171', 'A172', 'A173', 'A174', 'A175', 'A176', 'A177', 'A178', 'A179', 'A180', 'A181', 'A182', 'A183', 'A184', 'A185', 'A186', 'A187', 'A188', 'A189', 'A190', 'A191', 'A192', 'A193', 'A194', 'A195', 'A196', 'A197', 'A198', 'A199', 'A200', 'A201', 'A202', 'A203', 'A204', 'A205', 'A206', 'A207', 'A208', 'A209', 'A210', 'A211', 'A212', 'A213', 'A214', 'A215', 'A216', 'A217', 'A218', 'A219', 'A220', 'A221', 'A222', 'A223', 'A224', 'A225', 'A226', 'A227', 'A228', 'A229', 'A230', 'A231', 'A232', 'A233', 'A234', 'A235', 'A236', 'A237', 'A238', 'A239', 'A240', 'A241', 'A242', 'A243', 'A244', 'A245', 'A246', 'A247', 'A248', 'A249', 'A250', 'A251', 'A252', 'A253', 'A254', 'A255', 'A256', 'A257', 'A258', 'A259', 'A260', 'A261', 'A262', 'A263', 'A264', 'A265', 'A266', 'A267', 'A268', 'A269', 'A270', 'A271', 'A272', 'A273', 'A274', 'A275', 'A276', 'A277', 'A278', 'A279', 'A280', 'A281', 'A282', 'A283', 'A284', 'A285', 'A286', 'A287', 'A288', 'A289', 'A290', 'A291', 'A292', 'A293', 'A294', 'A295', 'A296', 'A297', 'A298']
These residues will be fixed:  []
The number of ligand atoms parsed is equal to: 26
Type: C, Coords [-1.332 30.007  9.716], Mask 1
Type: C, Coords [-2.403 30.405 10.491], Mask 1
Type: C, Coords [-2.732 31.746 10.583], Mask 1
Type: C, Coords [-1.998 32.699  9.905], Mask 1
Type: C, Coords [-0.916 32.317  9.12 ], Mask 1
Type: C, Coords [-0.583 30.958  9.033], Mask 1
Type: C, Coords [ 0.598 30.873  8.144], Mask 1
Type: N, Coords [ 1.247 29.791  7.777], Mask 1
Type: C, Coords [ 0.887 32.266  7.759], Mask 1
Type: O, Coords [ 1.789 32.634  7.029], Mask 1
Type: N, Coords [-2.7000e-02  3.3056e+01  8.3480e+00], Mask 1
Type: N, Coords [ 2.265 29.885  6.99 ], Mask 1
Type: C, Coords [ 3.291 28.942  7.061], Mask 1
Type: C, Coords [ 3.75  28.324  5.904], Mask 1
Type: C, Coords [ 4.765 27.391  5.977], Mask 1
Type: C, Coords [ 5.324 27.07   7.201], Mask 1
Type: C, Coords [ 4.87  27.682  8.355], Mask 1
Type: C, Coords [ 3.86  28.621  8.288], Mask 1
Type: S, Coords [ 6.619 25.878  7.29 ], Mask 1
Type: O, Coords [ 7.398 26.209  8.432], Mask 1
Type: O, Coords [ 6.011 24.605  7.126], Mask 1
Type: N, Coords [ 7.591 26.112  5.97 ], Mask 1
Type: C, Coords [-0.972 28.547  9.615], Mask 1
Type: C, Coords [ 1.065 27.324 10.387], Mask 1
Type: C, Coords [-0.148 28.139 10.838], Mask 1
Type: C, Coords [ 0.325 29.393 11.576], Mask 1
Designing protein from this path: /home/tedeschg/prj/protein-perturbation/data/cdk2/03.complexes_dude/actives_48_CHEMBL315486_best_CNNaffinity.pdb
These residues will be redesigned:  ['A1', 'A2', 'A3', 'A4', 'A5', 'A6', 'A7', 'A8', 'A9', 'A10', 'A11', 'A12', 'A15', 'A16', 'A17', 'A18', 'A19', 'A20', 'A21', 'A22', 'A23', 'A24', 'A25', 'A26', 'A27', 'A28', 'A29', 'A30', 'A31', 'A32', 'A33', 'A34', 'A35', 'A44', 'A45', 'A46', 'A47', 'A48', 'A49', 'A50', 'A51', 'A52', 'A53', 'A54', 'A55', 'A56', 'A57', 'A58', 'A59', 'A60', 'A61', 'A62', 'A63', 'A64', 'A65', 'A66', 'A67', 'A68', 'A69', 'A70', 'A71', 'A72', 'A73', 'A74', 'A75', 'A76', 'A77', 'A78', 'A79', 'A80', 'A81', 'A82', 'A83', 'A84', 'A85', 'A86', 'A87', 'A88', 'A89', 'A90', 'A91', 'A92', 'A93', 'A94', 'A95', 'A96', 'A97', 'A98', 'A99', 'A100', 'A101', 'A102', 'A103', 'A104', 'A105', 'A106', 'A107', 'A108', 'A109', 'A110', 'A111', 'A112', 'A113', 'A114', 'A115', 'A116', 'A117', 'A118', 'A119', 'A120', 'A121', 'A122', 'A123', 'A124', 'A125', 'A126', 'A127', 'A128', 'A129', 'A130', 'A131', 'A132', 'A133', 'A134', 'A135', 'A136', 'A137', 'A138', 'A139', 'A140', 'A141', 'A142', 'A143', 'A144', 'A145', 'A146', 'A147', 'A148', 'A149', 'A150', 'A151', 'A162', 'A163', 'A164', 'A165', 'A166', 'A167', 'A168', 'A169', 'A170', 'A171', 'A172', 'A173', 'A174', 'A175', 'A176', 'A177', 'A178', 'A179', 'A180', 'A181', 'A182', 'A183', 'A184', 'A185', 'A186', 'A187', 'A188', 'A189', 'A190', 'A191', 'A192', 'A193', 'A194', 'A195', 'A196', 'A197', 'A198', 'A199', 'A200', 'A201', 'A202', 'A203', 'A204', 'A205', 'A206', 'A207', 'A208', 'A209', 'A210', 'A211', 'A212', 'A213', 'A214', 'A215', 'A216', 'A217', 'A218', 'A219', 'A220', 'A221', 'A222', 'A223', 'A224', 'A225', 'A226', 'A227', 'A228', 'A229', 'A230', 'A231', 'A232', 'A233', 'A234', 'A235', 'A236', 'A237', 'A238', 'A239', 'A240', 'A241', 'A242', 'A243', 'A244', 'A245', 'A246', 'A247', 'A248', 'A249', 'A250', 'A251', 'A252', 'A253', 'A254', 'A255', 'A256', 'A257', 'A258', 'A259', 'A260', 'A261', 'A262', 'A263', 'A264', 'A265', 'A266', 'A267', 'A268', 'A269', 'A270', 'A271', 'A272', 'A273', 'A274', 'A275', 'A276', 'A277', 'A278', 'A279', 'A280', 'A281', 'A282', 'A283', 'A284', 'A285', 'A286', 'A287', 'A288', 'A289', 'A290', 'A291', 'A292', 'A293', 'A294', 'A295', 'A296', 'A297', 'A298']
These residues will be fixed:  []
The number of ligand atoms parsed is equal to: 30
Type: C, Coords [ 3.499 29.128  7.736], Mask 1
Type: C, Coords [ 2.257 29.613  7.354], Mask 1
Type: C, Coords [ 1.167 29.462  8.184], Mask 1
Type: C, Coords [ 1.318 28.819  9.411], Mask 1
Type: C, Coords [ 2.575 28.328  9.799], Mask 1
Type: C, Coords [ 3.662 28.49   8.947], Mask 1
Type: N, Coords [ 2.435 27.744 11.045], Mask 1
Type: C, Coords [ 1.147 27.84  11.473], Mask 1
Type: C, Coords [ 0.393 28.495 10.512], Mask 1
Type: O, Coords [ 0.677 27.369 12.651], Mask 1
Type: N, Coords [-0.924 28.779 10.573], Mask 1
Type: N, Coords [-1.778 27.838 10.796], Mask 1
Type: C, Coords [-1.346 26.553 10.978], Mask 1
Type: C, Coords [-1.627 25.88  12.17 ], Mask 1
Type: C, Coords [-1.189 24.584 12.346], Mask 1
Type: C, Coords [-0.473 23.95  11.345], Mask 1
Type: C, Coords [-0.191 24.61  10.163], Mask 1
Type: C, Coords [-0.628 25.904  9.97 ], Mask 1
Type: S, Coords [ 0.082 22.294 11.579], Mask 1
Type: O, Coords [-1.068 21.521 11.894], Mask 1
Type: O, Coords [ 0.927 21.99  10.478], Mask 1
Type: N, Coords [ 1.042 22.286 12.928], Mask 1
Type: C, Coords [-0.181 29.991  7.767], Mask 1
Type: C, Coords [-0.239 31.498  8.021], Mask 1
Type: C, Coords [-1.284 31.791  9.067], Mask 1
Type: C, Coords [-2.434 31.023  9.155], Mask 1
Type: C, Coords [-3.371 31.321 10.127], Mask 1
Type: N, Coords [-3.18  32.323 10.963], Mask 1
Type: C, Coords [-2.098 33.075 10.908], Mask 1
Type: C, Coords [-1.115 32.833  9.967], Mask 1
Designing protein from this path: /home/tedeschg/prj/protein-perturbation/data/cdk2/03.complexes_dude/actives_49_CHEMBL455467_best_CNNaffinity.pdb
These residues will be redesigned:  ['A1', 'A2', 'A3', 'A4', 'A5', 'A6', 'A7', 'A8', 'A9', 'A10', 'A11', 'A12', 'A15', 'A16', 'A17', 'A18', 'A19', 'A20', 'A21', 'A22', 'A23', 'A24', 'A25', 'A26', 'A27', 'A28', 'A29', 'A30', 'A31', 'A32', 'A33', 'A34', 'A35', 'A44', 'A45', 'A46', 'A47', 'A48', 'A49', 'A50', 'A51', 'A52', 'A53', 'A54', 'A55', 'A56', 'A57', 'A58', 'A59', 'A60', 'A61', 'A62', 'A63', 'A64', 'A65', 'A66', 'A67', 'A68', 'A69', 'A70', 'A71', 'A72', 'A73', 'A74', 'A75', 'A76', 'A77', 'A78', 'A79', 'A80', 'A81', 'A82', 'A83', 'A84', 'A85', 'A86', 'A87', 'A88', 'A89', 'A90', 'A91', 'A92', 'A93', 'A94', 'A95', 'A96', 'A97', 'A98', 'A99', 'A100', 'A101', 'A102', 'A103', 'A104', 'A105', 'A106', 'A107', 'A108', 'A109', 'A110', 'A111', 'A112', 'A113', 'A114', 'A115', 'A116', 'A117', 'A118', 'A119', 'A120', 'A121', 'A122', 'A123', 'A124', 'A125', 'A126', 'A127', 'A128', 'A129', 'A130', 'A131', 'A132', 'A133', 'A134', 'A135', 'A136', 'A137', 'A138', 'A139', 'A140', 'A141', 'A142', 'A143', 'A144', 'A145', 'A146', 'A147', 'A148', 'A149', 'A150', 'A151', 'A162', 'A163', 'A164', 'A165', 'A166', 'A167', 'A168', 'A169', 'A170', 'A171', 'A172', 'A173', 'A174', 'A175', 'A176', 'A177', 'A178', 'A179', 'A180', 'A181', 'A182', 'A183', 'A184', 'A185', 'A186', 'A187', 'A188', 'A189', 'A190', 'A191', 'A192', 'A193', 'A194', 'A195', 'A196', 'A197', 'A198', 'A199', 'A200', 'A201', 'A202', 'A203', 'A204', 'A205', 'A206', 'A207', 'A208', 'A209', 'A210', 'A211', 'A212', 'A213', 'A214', 'A215', 'A216', 'A217', 'A218', 'A219', 'A220', 'A221', 'A222', 'A223', 'A224', 'A225', 'A226', 'A227', 'A228', 'A229', 'A230', 'A231', 'A232', 'A233', 'A234', 'A235', 'A236', 'A237', 'A238', 'A239', 'A240', 'A241', 'A242', 'A243', 'A244', 'A245', 'A246', 'A247', 'A248', 'A249', 'A250', 'A251', 'A252', 'A253', 'A254', 'A255', 'A256', 'A257', 'A258', 'A259', 'A260', 'A261', 'A262', 'A263', 'A264', 'A265', 'A266', 'A267', 'A268', 'A269', 'A270', 'A271', 'A272', 'A273', 'A274', 'A275', 'A276', 'A277', 'A278', 'A279', 'A280', 'A281', 'A282', 'A283', 'A284', 'A285', 'A286', 'A287', 'A288', 'A289', 'A290', 'A291', 'A292', 'A293', 'A294', 'A295', 'A296', 'A297', 'A298']
These residues will be fixed:  []
The number of ligand atoms parsed is equal to: 31
Type: N, Coords [-3.119 28.773 11.037], Mask 1
Type: C, Coords [-0.61  30.65   9.334], Mask 1
Type: C, Coords [-1.104 31.952  9.485], Mask 1
Type: C, Coords [-2.29  32.129 10.172], Mask 1
Type: N, Coords [-2.919 31.072 10.664], Mask 1
Type: C, Coords [-2.429 29.851 10.507], Mask 1
Type: N, Coords [-1.3   29.633  9.851], Mask 1
Type: C, Coords [ 3.792 28.682  7.868], Mask 1
Type: C, Coords [ 2.569 29.557  7.964], Mask 1
Type: N, Coords [ 2.304 30.578  7.193], Mask 1
Type: C, Coords [ 1.139 31.123  7.556], Mask 1
Type: C, Coords [ 0.652 30.407  8.607], Mask 1
Type: N, Coords [ 1.569 29.408  8.856], Mask 1
Type: C, Coords [ 1.475 28.38   9.896], Mask 1
Type: C, Coords [ 2.728 27.503  9.861], Mask 1
Type: C, Coords [ 1.359 29.05  11.267], Mask 1
Type: C, Coords [-2.461 27.566 11.26 ], Mask 1
Type: C, Coords [-2.545 26.95  12.506], Mask 1
Type: C, Coords [-1.895 25.757 12.729], Mask 1
Type: C, Coords [-1.151 25.165 11.704], Mask 1
Type: C, Coords [-1.07  25.786 10.455], Mask 1
Type: C, Coords [-1.727 26.976 10.236], Mask 1
Type: C, Coords [-0.454 23.887 11.941], Mask 1
Type: O, Coords [-0.201 23.15  11.007], Mask 1
Type: N, Coords [-0.096 23.536 13.192], Mask 1
Type: C, Coords [-0.51  24.343 14.35 ], Mask 1
Type: C, Coords [-1.154 23.414 15.385], Mask 1
Type: N, Coords [-0.231 22.314 15.693], Mask 1
Type: C, Coords [ 0.027 21.486 14.507], Mask 1
Type: C, Coords [ 0.714 22.333 13.436], Mask 1
Type: C, Coords [-0.736 21.497 16.805], Mask 1
Designing protein from this path: /home/tedeschg/prj/protein-perturbation/data/cdk2/03.complexes_dude/actives_50_CHEMBL186240_best_CNNaffinity.pdb
These residues will be redesigned:  ['A1', 'A2', 'A3', 'A4', 'A5', 'A6', 'A7', 'A8', 'A9', 'A10', 'A11', 'A12', 'A15', 'A16', 'A17', 'A18', 'A19', 'A20', 'A21', 'A22', 'A23', 'A24', 'A25', 'A26', 'A27', 'A28', 'A29', 'A30', 'A31', 'A32', 'A33', 'A34', 'A35', 'A44', 'A45', 'A46', 'A47', 'A48', 'A49', 'A50', 'A51', 'A52', 'A53', 'A54', 'A55', 'A56', 'A57', 'A58', 'A59', 'A60', 'A61', 'A62', 'A63', 'A64', 'A65', 'A66', 'A67', 'A68', 'A69', 'A70', 'A71', 'A72', 'A73', 'A74', 'A75', 'A76', 'A77', 'A78', 'A79', 'A80', 'A81', 'A82', 'A83', 'A84', 'A85', 'A86', 'A87', 'A88', 'A89', 'A90', 'A91', 'A92', 'A93', 'A94', 'A95', 'A96', 'A97', 'A98', 'A99', 'A100', 'A101', 'A102', 'A103', 'A104', 'A105', 'A106', 'A107', 'A108', 'A109', 'A110', 'A111', 'A112', 'A113', 'A114', 'A115', 'A116', 'A117', 'A118', 'A119', 'A120', 'A121', 'A122', 'A123', 'A124', 'A125', 'A126', 'A127', 'A128', 'A129', 'A130', 'A131', 'A132', 'A133', 'A134', 'A135', 'A136', 'A137', 'A138', 'A139', 'A140', 'A141', 'A142', 'A143', 'A144', 'A145', 'A146', 'A147', 'A148', 'A149', 'A150', 'A151', 'A162', 'A163', 'A164', 'A165', 'A166', 'A167', 'A168', 'A169', 'A170', 'A171', 'A172', 'A173', 'A174', 'A175', 'A176', 'A177', 'A178', 'A179', 'A180', 'A181', 'A182', 'A183', 'A184', 'A185', 'A186', 'A187', 'A188', 'A189', 'A190', 'A191', 'A192', 'A193', 'A194', 'A195', 'A196', 'A197', 'A198', 'A199', 'A200', 'A201', 'A202', 'A203', 'A204', 'A205', 'A206', 'A207', 'A208', 'A209', 'A210', 'A211', 'A212', 'A213', 'A214', 'A215', 'A216', 'A217', 'A218', 'A219', 'A220', 'A221', 'A222', 'A223', 'A224', 'A225', 'A226', 'A227', 'A228', 'A229', 'A230', 'A231', 'A232', 'A233', 'A234', 'A235', 'A236', 'A237', 'A238', 'A239', 'A240', 'A241', 'A242', 'A243', 'A244', 'A245', 'A246', 'A247', 'A248', 'A249', 'A250', 'A251', 'A252', 'A253', 'A254', 'A255', 'A256', 'A257', 'A258', 'A259', 'A260', 'A261', 'A262', 'A263', 'A264', 'A265', 'A266', 'A267', 'A268', 'A269', 'A270', 'A271', 'A272', 'A273', 'A274', 'A275', 'A276', 'A277', 'A278', 'A279', 'A280', 'A281', 'A282', 'A283', 'A284', 'A285', 'A286', 'A287', 'A288', 'A289', 'A290', 'A291', 'A292', 'A293', 'A294', 'A295', 'A296', 'A297', 'A298']
These residues will be fixed:  []
The number of ligand atoms parsed is equal to: 22
Type: C, Coords [ 3.612 28.462  8.522], Mask 1
Type: O, Coords [ 2.796 28.17   9.371], Mask 1
Type: N, Coords [ 3.408 29.533  7.73 ], Mask 1
Type: C, Coords [ 2.261 30.303  7.886], Mask 1
Type: N, Coords [ 1.971 31.458  7.328], Mask 1
Type: C, Coords [ 0.828 32.07   7.581], Mask 1
Type: C, Coords [-2.4000e-02  3.1454e+01  8.4360e+00], Mask 1
Type: S, Coords [ 0.905 29.981  8.829], Mask 1
Type: C, Coords [-1.383 31.891  8.919], Mask 1
Type: C, Coords [-1.331 32.972 10.011], Mask 1
Type: C, Coords [-2.488 32.224 10.695], Mask 1
Type: C, Coords [-1.989 30.958  9.981], Mask 1
Type: C, Coords [ 4.855 27.626  8.353], Mask 1
Type: C, Coords [ 4.142 27.22   3.738], Mask 1
Type: C, Coords [ 3.893 25.913  3.342], Mask 1
Type: C, Coords [ 3.872 24.891  4.266], Mask 1
Type: C, Coords [ 4.103 25.169  5.609], Mask 1
Type: C, Coords [ 4.355 26.495  6.005], Mask 1
Type: C, Coords [ 4.371 27.515  5.052], Mask 1
Type: C, Coords [ 4.554 26.453  7.456], Mask 1
Type: C, Coords [ 4.418 25.173  7.834], Mask 1
Type: N, Coords [ 4.148 24.391  6.744], Mask 1
Designing protein from this path: /home/tedeschg/prj/protein-perturbation/data/cdk2/03.complexes_dude/actives_51_CHEMBL446409_best_CNNaffinity.pdb
These residues will be redesigned:  ['A1', 'A2', 'A3', 'A4', 'A5', 'A6', 'A7', 'A8', 'A9', 'A10', 'A11', 'A12', 'A15', 'A16', 'A17', 'A18', 'A19', 'A20', 'A21', 'A22', 'A23', 'A24', 'A25', 'A26', 'A27', 'A28', 'A29', 'A30', 'A31', 'A32', 'A33', 'A34', 'A35', 'A44', 'A45', 'A46', 'A47', 'A48', 'A49', 'A50', 'A51', 'A52', 'A53', 'A54', 'A55', 'A56', 'A57', 'A58', 'A59', 'A60', 'A61', 'A62', 'A63', 'A64', 'A65', 'A66', 'A67', 'A68', 'A69', 'A70', 'A71', 'A72', 'A73', 'A74', 'A75', 'A76', 'A77', 'A78', 'A79', 'A80', 'A81', 'A82', 'A83', 'A84', 'A85', 'A86', 'A87', 'A88', 'A89', 'A90', 'A91', 'A92', 'A93', 'A94', 'A95', 'A96', 'A97', 'A98', 'A99', 'A100', 'A101', 'A102', 'A103', 'A104', 'A105', 'A106', 'A107', 'A108', 'A109', 'A110', 'A111', 'A112', 'A113', 'A114', 'A115', 'A116', 'A117', 'A118', 'A119', 'A120', 'A121', 'A122', 'A123', 'A124', 'A125', 'A126', 'A127', 'A128', 'A129', 'A130', 'A131', 'A132', 'A133', 'A134', 'A135', 'A136', 'A137', 'A138', 'A139', 'A140', 'A141', 'A142', 'A143', 'A144', 'A145', 'A146', 'A147', 'A148', 'A149', 'A150', 'A151', 'A162', 'A163', 'A164', 'A165', 'A166', 'A167', 'A168', 'A169', 'A170', 'A171', 'A172', 'A173', 'A174', 'A175', 'A176', 'A177', 'A178', 'A179', 'A180', 'A181', 'A182', 'A183', 'A184', 'A185', 'A186', 'A187', 'A188', 'A189', 'A190', 'A191', 'A192', 'A193', 'A194', 'A195', 'A196', 'A197', 'A198', 'A199', 'A200', 'A201', 'A202', 'A203', 'A204', 'A205', 'A206', 'A207', 'A208', 'A209', 'A210', 'A211', 'A212', 'A213', 'A214', 'A215', 'A216', 'A217', 'A218', 'A219', 'A220', 'A221', 'A222', 'A223', 'A224', 'A225', 'A226', 'A227', 'A228', 'A229', 'A230', 'A231', 'A232', 'A233', 'A234', 'A235', 'A236', 'A237', 'A238', 'A239', 'A240', 'A241', 'A242', 'A243', 'A244', 'A245', 'A246', 'A247', 'A248', 'A249', 'A250', 'A251', 'A252', 'A253', 'A254', 'A255', 'A256', 'A257', 'A258', 'A259', 'A260', 'A261', 'A262', 'A263', 'A264', 'A265', 'A266', 'A267', 'A268', 'A269', 'A270', 'A271', 'A272', 'A273', 'A274', 'A275', 'A276', 'A277', 'A278', 'A279', 'A280', 'A281', 'A282', 'A283', 'A284', 'A285', 'A286', 'A287', 'A288', 'A289', 'A290', 'A291', 'A292', 'A293', 'A294', 'A295', 'A296', 'A297', 'A298']
These residues will be fixed:  []
The number of ligand atoms parsed is equal to: 27
Type: C, Coords [-2.002 32.415  9.837], Mask 1
Type: C, Coords [-2.142 31.388 10.753], Mask 1
Type: C, Coords [-1.266 30.305 10.728], Mask 1
Type: C, Coords [-0.244 30.268  9.766], Mask 1
Type: C, Coords [-0.111 31.315  8.842], Mask 1
Type: C, Coords [-0.999 32.384  8.889], Mask 1
Type: N, Coords [ 0.965 31.023  8.023], Mask 1
Type: C, Coords [ 1.527 29.837  8.381], Mask 1
Type: C, Coords [ 0.83  29.308  9.458], Mask 1
Type: O, Coords [ 2.595 29.264  7.782], Mask 1
Type: C, Coords [-1.412 29.206 11.705], Mask 1
Type: C, Coords [-0.646 29.008 12.833], Mask 1
Type: C, Coords [-1.119 27.86  13.469], Mask 1
Type: N, Coords [-2.117 27.377 12.774], Mask 1
Type: N, Coords [-2.332 28.201 11.662], Mask 1
Type: N, Coords [ 1.085 28.147 10.095], Mask 1
Type: N, Coords [ 0.313 27.129  9.914], Mask 1
Type: C, Coords [ 0.571 25.951 10.56 ], Mask 1
Type: C, Coords [ 1.854 25.684 11.046], Mask 1
Type: C, Coords [ 2.107 24.494 11.697], Mask 1
Type: C, Coords [ 1.095 23.567 11.868], Mask 1
Type: C, Coords [-0.178 23.825 11.389], Mask 1
Type: C, Coords [-0.447 25.013 10.743], Mask 1
Type: S, Coords [ 1.428 22.049 12.7  ], Mask 1
Type: O, Coords [ 2.831 21.842 12.62 ], Mask 1
Type: O, Coords [ 0.735 22.106 13.94 ], Mask 1
Type: N, Coords [ 0.719 20.841 11.817], Mask 1
Designing protein from this path: /home/tedeschg/prj/protein-perturbation/data/cdk2/03.complexes_dude/actives_52_CHEMBL570002_best_CNNaffinity.pdb
These residues will be redesigned:  ['A1', 'A2', 'A3', 'A4', 'A5', 'A6', 'A7', 'A8', 'A9', 'A10', 'A11', 'A12', 'A15', 'A16', 'A17', 'A18', 'A19', 'A20', 'A21', 'A22', 'A23', 'A24', 'A25', 'A26', 'A27', 'A28', 'A29', 'A30', 'A31', 'A32', 'A33', 'A34', 'A35', 'A44', 'A45', 'A46', 'A47', 'A48', 'A49', 'A50', 'A51', 'A52', 'A53', 'A54', 'A55', 'A56', 'A57', 'A58', 'A59', 'A60', 'A61', 'A62', 'A63', 'A64', 'A65', 'A66', 'A67', 'A68', 'A69', 'A70', 'A71', 'A72', 'A73', 'A74', 'A75', 'A76', 'A77', 'A78', 'A79', 'A80', 'A81', 'A82', 'A83', 'A84', 'A85', 'A86', 'A87', 'A88', 'A89', 'A90', 'A91', 'A92', 'A93', 'A94', 'A95', 'A96', 'A97', 'A98', 'A99', 'A100', 'A101', 'A102', 'A103', 'A104', 'A105', 'A106', 'A107', 'A108', 'A109', 'A110', 'A111', 'A112', 'A113', 'A114', 'A115', 'A116', 'A117', 'A118', 'A119', 'A120', 'A121', 'A122', 'A123', 'A124', 'A125', 'A126', 'A127', 'A128', 'A129', 'A130', 'A131', 'A132', 'A133', 'A134', 'A135', 'A136', 'A137', 'A138', 'A139', 'A140', 'A141', 'A142', 'A143', 'A144', 'A145', 'A146', 'A147', 'A148', 'A149', 'A150', 'A151', 'A162', 'A163', 'A164', 'A165', 'A166', 'A167', 'A168', 'A169', 'A170', 'A171', 'A172', 'A173', 'A174', 'A175', 'A176', 'A177', 'A178', 'A179', 'A180', 'A181', 'A182', 'A183', 'A184', 'A185', 'A186', 'A187', 'A188', 'A189', 'A190', 'A191', 'A192', 'A193', 'A194', 'A195', 'A196', 'A197', 'A198', 'A199', 'A200', 'A201', 'A202', 'A203', 'A204', 'A205', 'A206', 'A207', 'A208', 'A209', 'A210', 'A211', 'A212', 'A213', 'A214', 'A215', 'A216', 'A217', 'A218', 'A219', 'A220', 'A221', 'A222', 'A223', 'A224', 'A225', 'A226', 'A227', 'A228', 'A229', 'A230', 'A231', 'A232', 'A233', 'A234', 'A235', 'A236', 'A237', 'A238', 'A239', 'A240', 'A241', 'A242', 'A243', 'A244', 'A245', 'A246', 'A247', 'A248', 'A249', 'A250', 'A251', 'A252', 'A253', 'A254', 'A255', 'A256', 'A257', 'A258', 'A259', 'A260', 'A261', 'A262', 'A263', 'A264', 'A265', 'A266', 'A267', 'A268', 'A269', 'A270', 'A271', 'A272', 'A273', 'A274', 'A275', 'A276', 'A277', 'A278', 'A279', 'A280', 'A281', 'A282', 'A283', 'A284', 'A285', 'A286', 'A287', 'A288', 'A289', 'A290', 'A291', 'A292', 'A293', 'A294', 'A295', 'A296', 'A297', 'A298']
These residues will be fixed:  []
The number of ligand atoms parsed is equal to: 25
Type: C, Coords [ 2.064 26.343 10.546], Mask 1
Type: C, Coords [ 2.028 25.318 11.495], Mask 1
Type: N, Coords [ 0.928 25.087 12.179], Mask 1
Type: C, Coords [-0.157 25.831 11.97 ], Mask 1
Type: C, Coords [-0.124 26.863 11.016], Mask 1
Type: N, Coords [ 0.99  27.093 10.332], Mask 1
Type: N, Coords [ 3.226 26.58   9.829], Mask 1
Type: C, Coords [ 2.19  30.861  7.473], Mask 1
Type: C, Coords [ 2.923 29.697  8.088], Mask 1
Type: C, Coords [ 2.357 28.641  8.715], Mask 1
Type: C, Coords [ 3.388 27.788  9.139], Mask 1
Type: N, Coords [ 4.532 28.32   8.775], Mask 1
Type: N, Coords [ 4.261 29.521  8.107], Mask 1
Type: N, Coords [-1.248 27.638 10.793], Mask 1
Type: C, Coords [-1.494 28.826 11.615], Mask 1
Type: C, Coords [-0.416 28.929 12.696], Mask 1
Type: C, Coords [-1.453 30.056 10.745], Mask 1
Type: N, Coords [-1.927 31.191 11.218], Mask 1
Type: C, Coords [-1.908 32.292 10.485], Mask 1
Type: C, Coords [-1.38  32.239  9.202], Mask 1
Type: C, Coords [-0.89  31.025  8.74 ], Mask 1
Type: N, Coords [-0.939 29.968  9.535], Mask 1
Type: F, Coords [-1.343 33.342  8.423], Mask 1
Type: C, Coords [-1.354 25.58  12.714], Mask 1
Type: N, Coords [-2.304 25.38  13.305], Mask 1
Designing protein from this path: /home/tedeschg/prj/protein-perturbation/data/cdk2/03.complexes_dude/actives_53_CHEMBL1164262_best_CNNaffinity.pdb
These residues will be redesigned:  ['A1', 'A2', 'A3', 'A4', 'A5', 'A6', 'A7', 'A8', 'A9', 'A10', 'A11', 'A12', 'A15', 'A16', 'A17', 'A18', 'A19', 'A20', 'A21', 'A22', 'A23', 'A24', 'A25', 'A26', 'A27', 'A28', 'A29', 'A30', 'A31', 'A32', 'A33', 'A34', 'A35', 'A44', 'A45', 'A46', 'A47', 'A48', 'A49', 'A50', 'A51', 'A52', 'A53', 'A54', 'A55', 'A56', 'A57', 'A58', 'A59', 'A60', 'A61', 'A62', 'A63', 'A64', 'A65', 'A66', 'A67', 'A68', 'A69', 'A70', 'A71', 'A72', 'A73', 'A74', 'A75', 'A76', 'A77', 'A78', 'A79', 'A80', 'A81', 'A82', 'A83', 'A84', 'A85', 'A86', 'A87', 'A88', 'A89', 'A90', 'A91', 'A92', 'A93', 'A94', 'A95', 'A96', 'A97', 'A98', 'A99', 'A100', 'A101', 'A102', 'A103', 'A104', 'A105', 'A106', 'A107', 'A108', 'A109', 'A110', 'A111', 'A112', 'A113', 'A114', 'A115', 'A116', 'A117', 'A118', 'A119', 'A120', 'A121', 'A122', 'A123', 'A124', 'A125', 'A126', 'A127', 'A128', 'A129', 'A130', 'A131', 'A132', 'A133', 'A134', 'A135', 'A136', 'A137', 'A138', 'A139', 'A140', 'A141', 'A142', 'A143', 'A144', 'A145', 'A146', 'A147', 'A148', 'A149', 'A150', 'A151', 'A162', 'A163', 'A164', 'A165', 'A166', 'A167', 'A168', 'A169', 'A170', 'A171', 'A172', 'A173', 'A174', 'A175', 'A176', 'A177', 'A178', 'A179', 'A180', 'A181', 'A182', 'A183', 'A184', 'A185', 'A186', 'A187', 'A188', 'A189', 'A190', 'A191', 'A192', 'A193', 'A194', 'A195', 'A196', 'A197', 'A198', 'A199', 'A200', 'A201', 'A202', 'A203', 'A204', 'A205', 'A206', 'A207', 'A208', 'A209', 'A210', 'A211', 'A212', 'A213', 'A214', 'A215', 'A216', 'A217', 'A218', 'A219', 'A220', 'A221', 'A222', 'A223', 'A224', 'A225', 'A226', 'A227', 'A228', 'A229', 'A230', 'A231', 'A232', 'A233', 'A234', 'A235', 'A236', 'A237', 'A238', 'A239', 'A240', 'A241', 'A242', 'A243', 'A244', 'A245', 'A246', 'A247', 'A248', 'A249', 'A250', 'A251', 'A252', 'A253', 'A254', 'A255', 'A256', 'A257', 'A258', 'A259', 'A260', 'A261', 'A262', 'A263', 'A264', 'A265', 'A266', 'A267', 'A268', 'A269', 'A270', 'A271', 'A272', 'A273', 'A274', 'A275', 'A276', 'A277', 'A278', 'A279', 'A280', 'A281', 'A282', 'A283', 'A284', 'A285', 'A286', 'A287', 'A288', 'A289', 'A290', 'A291', 'A292', 'A293', 'A294', 'A295', 'A296', 'A297', 'A298']
These residues will be fixed:  []
The number of ligand atoms parsed is equal to: 30
Type: C, Coords [ 0.289 25.51  11.586], Mask 1
Type: C, Coords [ 1.674 25.34  11.445], Mask 1
Type: C, Coords [ 2.409 26.233 10.729], Mask 1
Type: C, Coords [ 1.782 27.333 10.124], Mask 1
Type: C, Coords [ 2.26  28.407  9.337], Mask 1
Type: C, Coords [ 1.196 29.194  9.017], Mask 1
Type: N, Coords [ 0.054 28.661  9.572], Mask 1
Type: C, Coords [ 0.39  27.512 10.26 ], Mask 1
Type: C, Coords [-0.351 26.594 10.988], Mask 1
Type: C, Coords [ 1.257 30.42   8.207], Mask 1
Type: C, Coords [ 0.328 31.456  8.201], Mask 1
Type: C, Coords [ 0.783 32.418  7.284], Mask 1
Type: N, Coords [ 1.908 32.002  6.766], Mask 1
Type: N, Coords [ 2.238 30.761  7.322], Mask 1
Type: C, Coords [-0.911 31.529  9.011], Mask 1
Type: C, Coords [-1.962 30.647  8.764], Mask 1
Type: C, Coords [-3.113 30.72   9.522], Mask 1
Type: C, Coords [-3.226 31.667 10.524], Mask 1
Type: C, Coords [-2.187 32.546 10.773], Mask 1
Type: C, Coords [-1.028 32.478 10.026], Mask 1
Type: N, Coords [-0.522 24.612 13.712], Mask 1
Type: C, Coords [-0.495 24.534 12.366], Mask 1
Type: O, Coords [-1.118 23.659 11.796], Mask 1
Type: C, Coords [-1.301 23.643 14.486], Mask 1
Type: C, Coords [-1.798 26.582 15.337], Mask 1
Type: N, Coords [-2.823 25.54  15.247], Mask 1
Type: C, Coords [-2.62  24.257 14.879], Mask 1
Type: C, Coords [-3.814 23.622 14.924], Mask 1
Type: C, Coords [-4.779 24.548 15.334], Mask 1
Type: N, Coords [-4.185 25.696 15.534], Mask 1
Designing protein from this path: /home/tedeschg/prj/protein-perturbation/data/cdk2/03.complexes_dude/actives_54_CHEMBL75953_best_CNNaffinity.pdb
These residues will be redesigned:  ['A1', 'A2', 'A3', 'A4', 'A5', 'A6', 'A7', 'A8', 'A9', 'A10', 'A11', 'A12', 'A15', 'A16', 'A17', 'A18', 'A19', 'A20', 'A21', 'A22', 'A23', 'A24', 'A25', 'A26', 'A27', 'A28', 'A29', 'A30', 'A31', 'A32', 'A33', 'A34', 'A35', 'A44', 'A45', 'A46', 'A47', 'A48', 'A49', 'A50', 'A51', 'A52', 'A53', 'A54', 'A55', 'A56', 'A57', 'A58', 'A59', 'A60', 'A61', 'A62', 'A63', 'A64', 'A65', 'A66', 'A67', 'A68', 'A69', 'A70', 'A71', 'A72', 'A73', 'A74', 'A75', 'A76', 'A77', 'A78', 'A79', 'A80', 'A81', 'A82', 'A83', 'A84', 'A85', 'A86', 'A87', 'A88', 'A89', 'A90', 'A91', 'A92', 'A93', 'A94', 'A95', 'A96', 'A97', 'A98', 'A99', 'A100', 'A101', 'A102', 'A103', 'A104', 'A105', 'A106', 'A107', 'A108', 'A109', 'A110', 'A111', 'A112', 'A113', 'A114', 'A115', 'A116', 'A117', 'A118', 'A119', 'A120', 'A121', 'A122', 'A123', 'A124', 'A125', 'A126', 'A127', 'A128', 'A129', 'A130', 'A131', 'A132', 'A133', 'A134', 'A135', 'A136', 'A137', 'A138', 'A139', 'A140', 'A141', 'A142', 'A143', 'A144', 'A145', 'A146', 'A147', 'A148', 'A149', 'A150', 'A151', 'A162', 'A163', 'A164', 'A165', 'A166', 'A167', 'A168', 'A169', 'A170', 'A171', 'A172', 'A173', 'A174', 'A175', 'A176', 'A177', 'A178', 'A179', 'A180', 'A181', 'A182', 'A183', 'A184', 'A185', 'A186', 'A187', 'A188', 'A189', 'A190', 'A191', 'A192', 'A193', 'A194', 'A195', 'A196', 'A197', 'A198', 'A199', 'A200', 'A201', 'A202', 'A203', 'A204', 'A205', 'A206', 'A207', 'A208', 'A209', 'A210', 'A211', 'A212', 'A213', 'A214', 'A215', 'A216', 'A217', 'A218', 'A219', 'A220', 'A221', 'A222', 'A223', 'A224', 'A225', 'A226', 'A227', 'A228', 'A229', 'A230', 'A231', 'A232', 'A233', 'A234', 'A235', 'A236', 'A237', 'A238', 'A239', 'A240', 'A241', 'A242', 'A243', 'A244', 'A245', 'A246', 'A247', 'A248', 'A249', 'A250', 'A251', 'A252', 'A253', 'A254', 'A255', 'A256', 'A257', 'A258', 'A259', 'A260', 'A261', 'A262', 'A263', 'A264', 'A265', 'A266', 'A267', 'A268', 'A269', 'A270', 'A271', 'A272', 'A273', 'A274', 'A275', 'A276', 'A277', 'A278', 'A279', 'A280', 'A281', 'A282', 'A283', 'A284', 'A285', 'A286', 'A287', 'A288', 'A289', 'A290', 'A291', 'A292', 'A293', 'A294', 'A295', 'A296', 'A297', 'A298']
These residues will be fixed:  []
The number of ligand atoms parsed is equal to: 34
Type: C, Coords [ 4.285 40.773  4.109], Mask 1
Type: N, Coords [ 5.333 39.799  4.431], Mask 1
Type: C, Coords [ 5.949 39.737  5.652], Mask 1
Type: C, Coords [ 6.962 38.857  5.601], Mask 1
Type: C, Coords [ 6.973 38.306  4.247], Mask 1
Type: C, Coords [ 5.854 38.85   3.593], Mask 1
Type: C, Coords [ 5.502 38.307  2.343], Mask 1
Type: C, Coords [ 6.491 37.599  1.611], Mask 1
Type: C, Coords [ 7.639 37.121  2.269], Mask 1
Type: C, Coords [ 7.857 37.447  3.568], Mask 1
Type: C, Coords [ 6.308 37.385  0.228], Mask 1
Type: C, Coords [ 5.068 37.672 -0.366], Mask 1
Type: C, Coords [ 5.212 37.342 -1.795], Mask 1
Type: C, Coords [ 4.356 37.41  -2.896], Mask 1
Type: C, Coords [ 4.793 37.    -4.136], Mask 1
Type: C, Coords [ 6.09  36.522 -4.303], Mask 1
Type: C, Coords [ 6.952 36.46  -3.223], Mask 1
Type: C, Coords [ 6.522 36.865 -1.965], Mask 1
Type: N, Coords [ 7.157 36.899 -0.738], Mask 1
Type: C, Coords [ 4.012 38.146  0.426], Mask 1
Type: C, Coords [ 4.208 38.383  1.798], Mask 1
Type: C, Coords [ 2.858 38.578  2.353], Mask 1
Type: O, Coords [ 2.552 38.535  3.525], Mask 1
Type: N, Coords [ 2.007 38.781  1.331], Mask 1
Type: C, Coords [ 2.612 38.531  0.155], Mask 1
Type: O, Coords [ 2.088 38.611 -0.936], Mask 1
Type: O, Coords [ 6.51  36.111 -5.529], Mask 1
Type: C, Coords [ 7.609 36.817 -6.109], Mask 1
Type: C, Coords [ 7.136 38.153 -6.619], Mask 1
Type: C, Coords [ 7.694 39.318 -6.126], Mask 1
Type: C, Coords [ 7.26  40.544 -6.594], Mask 1
Type: C, Coords [ 6.268 40.606 -7.555], Mask 1
Type: C, Coords [ 5.711 39.441 -8.049], Mask 1
Type: C, Coords [ 6.149 38.215 -7.584], Mask 1
Designing protein from this path: /home/tedeschg/prj/protein-perturbation/data/cdk2/03.complexes_dude/actives_55_CHEMBL484990_best_CNNaffinity.pdb
These residues will be redesigned:  ['A1', 'A2', 'A3', 'A4', 'A5', 'A6', 'A7', 'A8', 'A9', 'A10', 'A11', 'A12', 'A15', 'A16', 'A17', 'A18', 'A19', 'A20', 'A21', 'A22', 'A23', 'A24', 'A25', 'A26', 'A27', 'A28', 'A29', 'A30', 'A31', 'A32', 'A33', 'A34', 'A35', 'A44', 'A45', 'A46', 'A47', 'A48', 'A49', 'A50', 'A51', 'A52', 'A53', 'A54', 'A55', 'A56', 'A57', 'A58', 'A59', 'A60', 'A61', 'A62', 'A63', 'A64', 'A65', 'A66', 'A67', 'A68', 'A69', 'A70', 'A71', 'A72', 'A73', 'A74', 'A75', 'A76', 'A77', 'A78', 'A79', 'A80', 'A81', 'A82', 'A83', 'A84', 'A85', 'A86', 'A87', 'A88', 'A89', 'A90', 'A91', 'A92', 'A93', 'A94', 'A95', 'A96', 'A97', 'A98', 'A99', 'A100', 'A101', 'A102', 'A103', 'A104', 'A105', 'A106', 'A107', 'A108', 'A109', 'A110', 'A111', 'A112', 'A113', 'A114', 'A115', 'A116', 'A117', 'A118', 'A119', 'A120', 'A121', 'A122', 'A123', 'A124', 'A125', 'A126', 'A127', 'A128', 'A129', 'A130', 'A131', 'A132', 'A133', 'A134', 'A135', 'A136', 'A137', 'A138', 'A139', 'A140', 'A141', 'A142', 'A143', 'A144', 'A145', 'A146', 'A147', 'A148', 'A149', 'A150', 'A151', 'A162', 'A163', 'A164', 'A165', 'A166', 'A167', 'A168', 'A169', 'A170', 'A171', 'A172', 'A173', 'A174', 'A175', 'A176', 'A177', 'A178', 'A179', 'A180', 'A181', 'A182', 'A183', 'A184', 'A185', 'A186', 'A187', 'A188', 'A189', 'A190', 'A191', 'A192', 'A193', 'A194', 'A195', 'A196', 'A197', 'A198', 'A199', 'A200', 'A201', 'A202', 'A203', 'A204', 'A205', 'A206', 'A207', 'A208', 'A209', 'A210', 'A211', 'A212', 'A213', 'A214', 'A215', 'A216', 'A217', 'A218', 'A219', 'A220', 'A221', 'A222', 'A223', 'A224', 'A225', 'A226', 'A227', 'A228', 'A229', 'A230', 'A231', 'A232', 'A233', 'A234', 'A235', 'A236', 'A237', 'A238', 'A239', 'A240', 'A241', 'A242', 'A243', 'A244', 'A245', 'A246', 'A247', 'A248', 'A249', 'A250', 'A251', 'A252', 'A253', 'A254', 'A255', 'A256', 'A257', 'A258', 'A259', 'A260', 'A261', 'A262', 'A263', 'A264', 'A265', 'A266', 'A267', 'A268', 'A269', 'A270', 'A271', 'A272', 'A273', 'A274', 'A275', 'A276', 'A277', 'A278', 'A279', 'A280', 'A281', 'A282', 'A283', 'A284', 'A285', 'A286', 'A287', 'A288', 'A289', 'A290', 'A291', 'A292', 'A293', 'A294', 'A295', 'A296', 'A297', 'A298']
These residues will be fixed:  []
The number of ligand atoms parsed is equal to: 24
Type: C, Coords [ 2.872 29.145  8.266], Mask 1
Type: N, Coords [ 2.881 30.36   7.742], Mask 1
Type: C, Coords [ 1.845 31.168  7.819], Mask 1
Type: O, Coords [ 1.865 32.287  7.33 ], Mask 1
Type: C, Coords [ 0.657 30.649  8.527], Mask 1
Type: C, Coords [-0.545 31.242  8.764], Mask 1
Type: S, Coords [ 1.239 29.019  8.979], Mask 1
Type: C, Coords [-1.584 30.522  9.499], Mask 1
Type: C, Coords [-2.934 30.596  9.294], Mask 1
Type: N, Coords [-3.574 29.781 10.171], Mask 1
Type: C, Coords [-2.668 29.14  10.987], Mask 1
Type: C, Coords [-1.385 29.566 10.603], Mask 1
Type: C, Coords [-0.267 29.065 11.265], Mask 1
Type: C, Coords [-0.469 28.153 12.287], Mask 1
Type: C, Coords [-1.762 27.774 12.611], Mask 1
Type: N, Coords [-2.804 28.267 11.976], Mask 1
Type: N, Coords [ 3.873 28.207  8.259], Mask 1
Type: C, Coords [ 4.919 28.261  7.236], Mask 1
Type: C, Coords [ 3.907 25.627  4.029], Mask 1
Type: C, Coords [ 4.187 25.114  5.282], Mask 1
Type: C, Coords [ 4.515 25.967  6.319], Mask 1
Type: C, Coords [ 4.563 27.331  6.104], Mask 1
Type: C, Coords [ 4.284 27.843  4.851], Mask 1
Type: C, Coords [ 3.955 26.991  3.813], Mask 1
Designing protein from this path: /home/tedeschg/prj/protein-perturbation/data/cdk2/03.complexes_dude/actives_56_CHEMBL358102_best_CNNaffinity.pdb
These residues will be redesigned:  ['A1', 'A2', 'A3', 'A4', 'A5', 'A6', 'A7', 'A8', 'A9', 'A10', 'A11', 'A12', 'A15', 'A16', 'A17', 'A18', 'A19', 'A20', 'A21', 'A22', 'A23', 'A24', 'A25', 'A26', 'A27', 'A28', 'A29', 'A30', 'A31', 'A32', 'A33', 'A34', 'A35', 'A44', 'A45', 'A46', 'A47', 'A48', 'A49', 'A50', 'A51', 'A52', 'A53', 'A54', 'A55', 'A56', 'A57', 'A58', 'A59', 'A60', 'A61', 'A62', 'A63', 'A64', 'A65', 'A66', 'A67', 'A68', 'A69', 'A70', 'A71', 'A72', 'A73', 'A74', 'A75', 'A76', 'A77', 'A78', 'A79', 'A80', 'A81', 'A82', 'A83', 'A84', 'A85', 'A86', 'A87', 'A88', 'A89', 'A90', 'A91', 'A92', 'A93', 'A94', 'A95', 'A96', 'A97', 'A98', 'A99', 'A100', 'A101', 'A102', 'A103', 'A104', 'A105', 'A106', 'A107', 'A108', 'A109', 'A110', 'A111', 'A112', 'A113', 'A114', 'A115', 'A116', 'A117', 'A118', 'A119', 'A120', 'A121', 'A122', 'A123', 'A124', 'A125', 'A126', 'A127', 'A128', 'A129', 'A130', 'A131', 'A132', 'A133', 'A134', 'A135', 'A136', 'A137', 'A138', 'A139', 'A140', 'A141', 'A142', 'A143', 'A144', 'A145', 'A146', 'A147', 'A148', 'A149', 'A150', 'A151', 'A162', 'A163', 'A164', 'A165', 'A166', 'A167', 'A168', 'A169', 'A170', 'A171', 'A172', 'A173', 'A174', 'A175', 'A176', 'A177', 'A178', 'A179', 'A180', 'A181', 'A182', 'A183', 'A184', 'A185', 'A186', 'A187', 'A188', 'A189', 'A190', 'A191', 'A192', 'A193', 'A194', 'A195', 'A196', 'A197', 'A198', 'A199', 'A200', 'A201', 'A202', 'A203', 'A204', 'A205', 'A206', 'A207', 'A208', 'A209', 'A210', 'A211', 'A212', 'A213', 'A214', 'A215', 'A216', 'A217', 'A218', 'A219', 'A220', 'A221', 'A222', 'A223', 'A224', 'A225', 'A226', 'A227', 'A228', 'A229', 'A230', 'A231', 'A232', 'A233', 'A234', 'A235', 'A236', 'A237', 'A238', 'A239', 'A240', 'A241', 'A242', 'A243', 'A244', 'A245', 'A246', 'A247', 'A248', 'A249', 'A250', 'A251', 'A252', 'A253', 'A254', 'A255', 'A256', 'A257', 'A258', 'A259', 'A260', 'A261', 'A262', 'A263', 'A264', 'A265', 'A266', 'A267', 'A268', 'A269', 'A270', 'A271', 'A272', 'A273', 'A274', 'A275', 'A276', 'A277', 'A278', 'A279', 'A280', 'A281', 'A282', 'A283', 'A284', 'A285', 'A286', 'A287', 'A288', 'A289', 'A290', 'A291', 'A292', 'A293', 'A294', 'A295', 'A296', 'A297', 'A298']
These residues will be fixed:  []
The number of ligand atoms parsed is equal to: 28
Type: C, Coords [-1.809 29.752 10.586], Mask 1
Type: C, Coords [-2.804 30.713 10.786], Mask 1
Type: C, Coords [-2.754 31.91  10.11 ], Mask 1
Type: C, Coords [-1.719 32.179  9.223], Mask 1
Type: C, Coords [-0.722 31.239  9.01 ], Mask 1
Type: C, Coords [-0.764 30.014  9.703], Mask 1
Type: C, Coords [ 0.418 29.226  9.285], Mask 1
Type: O, Coords [ 0.716 28.113  9.669], Mask 1
Type: C, Coords [ 1.165 30.05   8.313], Mask 1
Type: C, Coords [ 0.481 31.246  8.143], Mask 1
Type: N, Coords [ 1.176 31.982  7.249], Mask 1
Type: N, Coords [ 2.294 31.247  6.839], Mask 1
Type: C, Coords [ 2.307 30.096  7.478], Mask 1
Type: N, Coords [-3.101 26.785 12.176], Mask 1
Type: C, Coords [-3.05  28.    11.595], Mask 1
Type: O, Coords [-4.077 28.607 11.363], Mask 1
Type: N, Coords [-1.859 28.541 11.27 ], Mask 1
Type: C, Coords [-1.306 25.657 11.191], Mask 1
Type: N, Coords [-1.947 26.103 12.436], Mask 1
Type: C, Coords [-1.025 26.916 13.241], Mask 1
Type: C, Coords [ 3.322 29.027  7.329], Mask 1
Type: C, Coords [ 3.625 28.522  6.064], Mask 1
Type: C, Coords [ 4.57  27.528  5.929], Mask 1
Type: C, Coords [ 5.22  27.028  7.05 ], Mask 1
Type: C, Coords [ 4.921 27.529  8.31 ], Mask 1
Type: C, Coords [ 3.982 28.527  8.452], Mask 1
Type: O, Coords [ 6.151 26.048  6.913], Mask 1
Type: C, Coords [ 6.415 25.584  5.588], Mask 1
Designing protein from this path: /home/tedeschg/prj/protein-perturbation/data/cdk2/03.complexes_dude/actives_57_CHEMBL256558_best_CNNaffinity.pdb
These residues will be redesigned:  ['A1', 'A2', 'A3', 'A4', 'A5', 'A6', 'A7', 'A8', 'A9', 'A10', 'A11', 'A12', 'A15', 'A16', 'A17', 'A18', 'A19', 'A20', 'A21', 'A22', 'A23', 'A24', 'A25', 'A26', 'A27', 'A28', 'A29', 'A30', 'A31', 'A32', 'A33', 'A34', 'A35', 'A44', 'A45', 'A46', 'A47', 'A48', 'A49', 'A50', 'A51', 'A52', 'A53', 'A54', 'A55', 'A56', 'A57', 'A58', 'A59', 'A60', 'A61', 'A62', 'A63', 'A64', 'A65', 'A66', 'A67', 'A68', 'A69', 'A70', 'A71', 'A72', 'A73', 'A74', 'A75', 'A76', 'A77', 'A78', 'A79', 'A80', 'A81', 'A82', 'A83', 'A84', 'A85', 'A86', 'A87', 'A88', 'A89', 'A90', 'A91', 'A92', 'A93', 'A94', 'A95', 'A96', 'A97', 'A98', 'A99', 'A100', 'A101', 'A102', 'A103', 'A104', 'A105', 'A106', 'A107', 'A108', 'A109', 'A110', 'A111', 'A112', 'A113', 'A114', 'A115', 'A116', 'A117', 'A118', 'A119', 'A120', 'A121', 'A122', 'A123', 'A124', 'A125', 'A126', 'A127', 'A128', 'A129', 'A130', 'A131', 'A132', 'A133', 'A134', 'A135', 'A136', 'A137', 'A138', 'A139', 'A140', 'A141', 'A142', 'A143', 'A144', 'A145', 'A146', 'A147', 'A148', 'A149', 'A150', 'A151', 'A162', 'A163', 'A164', 'A165', 'A166', 'A167', 'A168', 'A169', 'A170', 'A171', 'A172', 'A173', 'A174', 'A175', 'A176', 'A177', 'A178', 'A179', 'A180', 'A181', 'A182', 'A183', 'A184', 'A185', 'A186', 'A187', 'A188', 'A189', 'A190', 'A191', 'A192', 'A193', 'A194', 'A195', 'A196', 'A197', 'A198', 'A199', 'A200', 'A201', 'A202', 'A203', 'A204', 'A205', 'A206', 'A207', 'A208', 'A209', 'A210', 'A211', 'A212', 'A213', 'A214', 'A215', 'A216', 'A217', 'A218', 'A219', 'A220', 'A221', 'A222', 'A223', 'A224', 'A225', 'A226', 'A227', 'A228', 'A229', 'A230', 'A231', 'A232', 'A233', 'A234', 'A235', 'A236', 'A237', 'A238', 'A239', 'A240', 'A241', 'A242', 'A243', 'A244', 'A245', 'A246', 'A247', 'A248', 'A249', 'A250', 'A251', 'A252', 'A253', 'A254', 'A255', 'A256', 'A257', 'A258', 'A259', 'A260', 'A261', 'A262', 'A263', 'A264', 'A265', 'A266', 'A267', 'A268', 'A269', 'A270', 'A271', 'A272', 'A273', 'A274', 'A275', 'A276', 'A277', 'A278', 'A279', 'A280', 'A281', 'A282', 'A283', 'A284', 'A285', 'A286', 'A287', 'A288', 'A289', 'A290', 'A291', 'A292', 'A293', 'A294', 'A295', 'A296', 'A297', 'A298']
These residues will be fixed:  []
The number of ligand atoms parsed is equal to: 27
Type: C, Coords [ 1.861 30.713  7.52 ], Mask 1
Type: C, Coords [ 0.736 30.201  8.303], Mask 1
Type: C, Coords [ 0.45  28.968  8.899], Mask 1
Type: C, Coords [-0.736 28.804  9.586], Mask 1
Type: C, Coords [-1.644 29.86   9.686], Mask 1
Type: C, Coords [-1.376 31.067  9.109], Mask 1
Type: C, Coords [-0.186 31.258  8.409], Mask 1
Type: N, Coords [ 0.355 32.326  7.737], Mask 1
Type: N, Coords [ 1.6   31.957  7.217], Mask 1
Type: N, Coords [-1.03  27.574 10.185], Mask 1
Type: C, Coords [-1.046 26.251  9.535], Mask 1
Type: C, Coords [-0.693 25.141 10.543], Mask 1
Type: C, Coords [-1.535 25.466 11.814], Mask 1
Type: S, Coords [-1.428 27.302 11.791], Mask 1
Type: O, Coords [-0.308 27.752 12.541], Mask 1
Type: O, Coords [-2.714 27.881 11.966], Mask 1
Type: C, Coords [ 3.725 29.358  8.113], Mask 1
Type: O, Coords [ 3.367 29.395  9.271], Mask 1
Type: N, Coords [ 3.013 30.002  7.167], Mask 1
Type: C, Coords [ 4.965 28.591  7.732], Mask 1
Type: C, Coords [ 3.579 24.445  3.953], Mask 1
Type: C, Coords [ 3.941 25.526  4.939], Mask 1
Type: C, Coords [ 4.137 25.21   6.27 ], Mask 1
Type: C, Coords [ 4.468 26.202  7.174], Mask 1
Type: C, Coords [ 4.604 27.51   6.747], Mask 1
Type: C, Coords [ 4.409 27.826  5.415], Mask 1
Type: C, Coords [ 4.082 26.833  4.51 ], Mask 1
Designing protein from this path: /home/tedeschg/prj/protein-perturbation/data/cdk2/03.complexes_dude/actives_58_CHEMBL82243_best_CNNaffinity.pdb
These residues will be redesigned:  ['A1', 'A2', 'A3', 'A4', 'A5', 'A6', 'A7', 'A8', 'A9', 'A10', 'A11', 'A12', 'A15', 'A16', 'A17', 'A18', 'A19', 'A20', 'A21', 'A22', 'A23', 'A24', 'A25', 'A26', 'A27', 'A28', 'A29', 'A30', 'A31', 'A32', 'A33', 'A34', 'A35', 'A44', 'A45', 'A46', 'A47', 'A48', 'A49', 'A50', 'A51', 'A52', 'A53', 'A54', 'A55', 'A56', 'A57', 'A58', 'A59', 'A60', 'A61', 'A62', 'A63', 'A64', 'A65', 'A66', 'A67', 'A68', 'A69', 'A70', 'A71', 'A72', 'A73', 'A74', 'A75', 'A76', 'A77', 'A78', 'A79', 'A80', 'A81', 'A82', 'A83', 'A84', 'A85', 'A86', 'A87', 'A88', 'A89', 'A90', 'A91', 'A92', 'A93', 'A94', 'A95', 'A96', 'A97', 'A98', 'A99', 'A100', 'A101', 'A102', 'A103', 'A104', 'A105', 'A106', 'A107', 'A108', 'A109', 'A110', 'A111', 'A112', 'A113', 'A114', 'A115', 'A116', 'A117', 'A118', 'A119', 'A120', 'A121', 'A122', 'A123', 'A124', 'A125', 'A126', 'A127', 'A128', 'A129', 'A130', 'A131', 'A132', 'A133', 'A134', 'A135', 'A136', 'A137', 'A138', 'A139', 'A140', 'A141', 'A142', 'A143', 'A144', 'A145', 'A146', 'A147', 'A148', 'A149', 'A150', 'A151', 'A162', 'A163', 'A164', 'A165', 'A166', 'A167', 'A168', 'A169', 'A170', 'A171', 'A172', 'A173', 'A174', 'A175', 'A176', 'A177', 'A178', 'A179', 'A180', 'A181', 'A182', 'A183', 'A184', 'A185', 'A186', 'A187', 'A188', 'A189', 'A190', 'A191', 'A192', 'A193', 'A194', 'A195', 'A196', 'A197', 'A198', 'A199', 'A200', 'A201', 'A202', 'A203', 'A204', 'A205', 'A206', 'A207', 'A208', 'A209', 'A210', 'A211', 'A212', 'A213', 'A214', 'A215', 'A216', 'A217', 'A218', 'A219', 'A220', 'A221', 'A222', 'A223', 'A224', 'A225', 'A226', 'A227', 'A228', 'A229', 'A230', 'A231', 'A232', 'A233', 'A234', 'A235', 'A236', 'A237', 'A238', 'A239', 'A240', 'A241', 'A242', 'A243', 'A244', 'A245', 'A246', 'A247', 'A248', 'A249', 'A250', 'A251', 'A252', 'A253', 'A254', 'A255', 'A256', 'A257', 'A258', 'A259', 'A260', 'A261', 'A262', 'A263', 'A264', 'A265', 'A266', 'A267', 'A268', 'A269', 'A270', 'A271', 'A272', 'A273', 'A274', 'A275', 'A276', 'A277', 'A278', 'A279', 'A280', 'A281', 'A282', 'A283', 'A284', 'A285', 'A286', 'A287', 'A288', 'A289', 'A290', 'A291', 'A292', 'A293', 'A294', 'A295', 'A296', 'A297', 'A298']
These residues will be fixed:  []
The number of ligand atoms parsed is equal to: 21
Type: C, Coords [-0.56  29.879  8.806], Mask 1
Type: C, Coords [-1.496 30.587  9.57 ], Mask 1
Type: C, Coords [-1.472 31.993  9.585], Mask 1
Type: N, Coords [-0.599 32.686  8.906], Mask 1
Type: C, Coords [ 0.339 32.094  8.144], Mask 1
Type: N, Coords [ 1.313 32.541  7.376], Mask 1
Type: N, Coords [ 1.988 31.454  6.811], Mask 1
Type: C, Coords [ 1.435 30.308  7.224], Mask 1
Type: C, Coords [ 0.391 30.625  8.073], Mask 1
Type: C, Coords [-2.504 29.859 10.357], Mask 1
Type: O, Coords [-3.69  30.019 10.124], Mask 1
Type: C, Coords [-2.083 28.943 11.42 ], Mask 1
Type: C, Coords [-2.572 27.682 11.733], Mask 1
Type: C, Coords [-1.969 27.056 12.798], Mask 1
Type: C, Coords [-0.966 27.691 13.454], Mask 1
Type: S, Coords [-0.804 29.154 12.644], Mask 1
Type: O, Coords [-0.563 28.527  8.774], Mask 1
Type: C, Coords [ 0.252 27.854  9.735], Mask 1
Type: C, Coords [ 1.628 28.521  9.793], Mask 1
Type: C, Coords [ 3.904 27.98   8.916], Mask 1
Type: C, Coords [ 2.718 27.449  9.724], Mask 1
Designing protein from this path: /home/tedeschg/prj/protein-perturbation/data/cdk2/03.complexes_dude/actives_59_CHEMBL393929_best_CNNaffinity.pdb
These residues will be redesigned:  ['A1', 'A2', 'A3', 'A4', 'A5', 'A6', 'A7', 'A8', 'A9', 'A10', 'A11', 'A12', 'A15', 'A16', 'A17', 'A18', 'A19', 'A20', 'A21', 'A22', 'A23', 'A24', 'A25', 'A26', 'A27', 'A28', 'A29', 'A30', 'A31', 'A32', 'A33', 'A34', 'A35', 'A44', 'A45', 'A46', 'A47', 'A48', 'A49', 'A50', 'A51', 'A52', 'A53', 'A54', 'A55', 'A56', 'A57', 'A58', 'A59', 'A60', 'A61', 'A62', 'A63', 'A64', 'A65', 'A66', 'A67', 'A68', 'A69', 'A70', 'A71', 'A72', 'A73', 'A74', 'A75', 'A76', 'A77', 'A78', 'A79', 'A80', 'A81', 'A82', 'A83', 'A84', 'A85', 'A86', 'A87', 'A88', 'A89', 'A90', 'A91', 'A92', 'A93', 'A94', 'A95', 'A96', 'A97', 'A98', 'A99', 'A100', 'A101', 'A102', 'A103', 'A104', 'A105', 'A106', 'A107', 'A108', 'A109', 'A110', 'A111', 'A112', 'A113', 'A114', 'A115', 'A116', 'A117', 'A118', 'A119', 'A120', 'A121', 'A122', 'A123', 'A124', 'A125', 'A126', 'A127', 'A128', 'A129', 'A130', 'A131', 'A132', 'A133', 'A134', 'A135', 'A136', 'A137', 'A138', 'A139', 'A140', 'A141', 'A142', 'A143', 'A144', 'A145', 'A146', 'A147', 'A148', 'A149', 'A150', 'A151', 'A162', 'A163', 'A164', 'A165', 'A166', 'A167', 'A168', 'A169', 'A170', 'A171', 'A172', 'A173', 'A174', 'A175', 'A176', 'A177', 'A178', 'A179', 'A180', 'A181', 'A182', 'A183', 'A184', 'A185', 'A186', 'A187', 'A188', 'A189', 'A190', 'A191', 'A192', 'A193', 'A194', 'A195', 'A196', 'A197', 'A198', 'A199', 'A200', 'A201', 'A202', 'A203', 'A204', 'A205', 'A206', 'A207', 'A208', 'A209', 'A210', 'A211', 'A212', 'A213', 'A214', 'A215', 'A216', 'A217', 'A218', 'A219', 'A220', 'A221', 'A222', 'A223', 'A224', 'A225', 'A226', 'A227', 'A228', 'A229', 'A230', 'A231', 'A232', 'A233', 'A234', 'A235', 'A236', 'A237', 'A238', 'A239', 'A240', 'A241', 'A242', 'A243', 'A244', 'A245', 'A246', 'A247', 'A248', 'A249', 'A250', 'A251', 'A252', 'A253', 'A254', 'A255', 'A256', 'A257', 'A258', 'A259', 'A260', 'A261', 'A262', 'A263', 'A264', 'A265', 'A266', 'A267', 'A268', 'A269', 'A270', 'A271', 'A272', 'A273', 'A274', 'A275', 'A276', 'A277', 'A278', 'A279', 'A280', 'A281', 'A282', 'A283', 'A284', 'A285', 'A286', 'A287', 'A288', 'A289', 'A290', 'A291', 'A292', 'A293', 'A294', 'A295', 'A296', 'A297', 'A298']
These residues will be fixed:  []
The number of ligand atoms parsed is equal to: 24
Type: C, Coords [-1.259 30.385  8.955], Mask 1
Type: C, Coords [-1.886 29.581  9.85 ], Mask 1
Type: C, Coords [-3.202 29.744 10.514], Mask 1
Type: O, Coords [-3.917 30.709 10.3  ], Mask 1
Type: N, Coords [-3.555 28.79  11.347], Mask 1
Type: C, Coords [-2.79  27.737 11.588], Mask 1
Type: S, Coords [-1.362 28.023 10.553], Mask 1
Type: C, Coords [ 4.224 27.675  9.052], Mask 1
Type: C, Coords [ 2.948 27.888  9.491], Mask 1
Type: C, Coords [ 2.17  28.858  8.829], Mask 1
Type: C, Coords [ 0.854 29.128  9.226], Mask 1
Type: C, Coords [ 0.122 30.094  8.547], Mask 1
Type: C, Coords [ 0.697 30.794  7.467], Mask 1
Type: C, Coords [ 1.969 30.542  7.072], Mask 1
Type: C, Coords [ 2.738 29.57   7.741], Mask 1
Type: N, Coords [ 3.993 29.312  7.363], Mask 1
Type: C, Coords [ 4.72  28.409  7.977], Mask 1
Type: N, Coords [-3.035 26.681 12.424], Mask 1
Type: C, Coords [-2.138 26.415 13.551], Mask 1
Type: C, Coords [-2.258 24.969 13.958], Mask 1
Type: C, Coords [-1.513 23.907 13.564], Mask 1
Type: C, Coords [-1.806 22.657 14.075], Mask 1
Type: C, Coords [-2.83  22.529 14.954], Mask 1
Type: S, Coords [-3.413 24.211 15.089], Mask 1
Designing protein from this path: /home/tedeschg/prj/protein-perturbation/data/cdk2/03.complexes_dude/actives_60_CHEMBL203707_best_CNNaffinity.pdb
These residues will be redesigned:  ['A1', 'A2', 'A3', 'A4', 'A5', 'A6', 'A7', 'A8', 'A9', 'A10', 'A11', 'A12', 'A15', 'A16', 'A17', 'A18', 'A19', 'A20', 'A21', 'A22', 'A23', 'A24', 'A25', 'A26', 'A27', 'A28', 'A29', 'A30', 'A31', 'A32', 'A33', 'A34', 'A35', 'A44', 'A45', 'A46', 'A47', 'A48', 'A49', 'A50', 'A51', 'A52', 'A53', 'A54', 'A55', 'A56', 'A57', 'A58', 'A59', 'A60', 'A61', 'A62', 'A63', 'A64', 'A65', 'A66', 'A67', 'A68', 'A69', 'A70', 'A71', 'A72', 'A73', 'A74', 'A75', 'A76', 'A77', 'A78', 'A79', 'A80', 'A81', 'A82', 'A83', 'A84', 'A85', 'A86', 'A87', 'A88', 'A89', 'A90', 'A91', 'A92', 'A93', 'A94', 'A95', 'A96', 'A97', 'A98', 'A99', 'A100', 'A101', 'A102', 'A103', 'A104', 'A105', 'A106', 'A107', 'A108', 'A109', 'A110', 'A111', 'A112', 'A113', 'A114', 'A115', 'A116', 'A117', 'A118', 'A119', 'A120', 'A121', 'A122', 'A123', 'A124', 'A125', 'A126', 'A127', 'A128', 'A129', 'A130', 'A131', 'A132', 'A133', 'A134', 'A135', 'A136', 'A137', 'A138', 'A139', 'A140', 'A141', 'A142', 'A143', 'A144', 'A145', 'A146', 'A147', 'A148', 'A149', 'A150', 'A151', 'A162', 'A163', 'A164', 'A165', 'A166', 'A167', 'A168', 'A169', 'A170', 'A171', 'A172', 'A173', 'A174', 'A175', 'A176', 'A177', 'A178', 'A179', 'A180', 'A181', 'A182', 'A183', 'A184', 'A185', 'A186', 'A187', 'A188', 'A189', 'A190', 'A191', 'A192', 'A193', 'A194', 'A195', 'A196', 'A197', 'A198', 'A199', 'A200', 'A201', 'A202', 'A203', 'A204', 'A205', 'A206', 'A207', 'A208', 'A209', 'A210', 'A211', 'A212', 'A213', 'A214', 'A215', 'A216', 'A217', 'A218', 'A219', 'A220', 'A221', 'A222', 'A223', 'A224', 'A225', 'A226', 'A227', 'A228', 'A229', 'A230', 'A231', 'A232', 'A233', 'A234', 'A235', 'A236', 'A237', 'A238', 'A239', 'A240', 'A241', 'A242', 'A243', 'A244', 'A245', 'A246', 'A247', 'A248', 'A249', 'A250', 'A251', 'A252', 'A253', 'A254', 'A255', 'A256', 'A257', 'A258', 'A259', 'A260', 'A261', 'A262', 'A263', 'A264', 'A265', 'A266', 'A267', 'A268', 'A269', 'A270', 'A271', 'A272', 'A273', 'A274', 'A275', 'A276', 'A277', 'A278', 'A279', 'A280', 'A281', 'A282', 'A283', 'A284', 'A285', 'A286', 'A287', 'A288', 'A289', 'A290', 'A291', 'A292', 'A293', 'A294', 'A295', 'A296', 'A297', 'A298']
These residues will be fixed:  []
The number of ligand atoms parsed is equal to: 27
Type: C, Coords [ 3.827 28.882  7.377], Mask 1
Type: C, Coords [ 4.335 27.922  6.555], Mask 1
Type: C, Coords [ 5.19  27.118  7.311], Mask 1
Type: N, Coords [ 5.199 27.572  8.54 ], Mask 1
Type: N, Coords [ 4.353 28.685  8.607], Mask 1
Type: C, Coords [ 5.762 26.049  6.415], Mask 1
Type: N, Coords [ 5.208 26.247  5.072], Mask 1
Type: C, Coords [ 4.317 27.409  5.138], Mask 1
Type: C, Coords [ 5.469 25.5    3.981], Mask 1
Type: O, Coords [ 4.943 25.77   2.919], Mask 1
Type: N, Coords [ 6.314 24.453  4.067], Mask 1
Type: C, Coords [ 6.511 23.62   2.96 ], Mask 1
Type: C, Coords [ 7.375 24.006  1.944], Mask 1
Type: C, Coords [ 7.568 23.181  0.853], Mask 1
Type: C, Coords [ 6.902 21.972  0.772], Mask 1
Type: C, Coords [ 6.04  21.585  1.782], Mask 1
Type: C, Coords [ 5.848 22.403  2.879], Mask 1
Type: C, Coords [ 1.932 30.233  7.851], Mask 1
Type: O, Coords [ 1.811 29.669  8.917], Mask 1
Type: N, Coords [ 2.931 29.888  7.015], Mask 1
Type: C, Coords [ 0.964 31.32   7.459], Mask 1
Type: C, Coords [-2.322 31.354 10.189], Mask 1
Type: C, Coords [-1.581 32.503  9.985], Mask 1
Type: C, Coords [-0.517 32.492  9.102], Mask 1
Type: C, Coords [-0.195 31.332  8.423], Mask 1
Type: C, Coords [-0.935 30.183  8.627], Mask 1
Type: C, Coords [-1.999 30.194  9.509], Mask 1
Designing protein from this path: /home/tedeschg/prj/protein-perturbation/data/cdk2/03.complexes_dude/actives_61_CHEMBL504155_best_CNNaffinity.pdb
These residues will be redesigned:  ['A1', 'A2', 'A3', 'A4', 'A5', 'A6', 'A7', 'A8', 'A9', 'A10', 'A11', 'A12', 'A15', 'A16', 'A17', 'A18', 'A19', 'A20', 'A21', 'A22', 'A23', 'A24', 'A25', 'A26', 'A27', 'A28', 'A29', 'A30', 'A31', 'A32', 'A33', 'A34', 'A35', 'A44', 'A45', 'A46', 'A47', 'A48', 'A49', 'A50', 'A51', 'A52', 'A53', 'A54', 'A55', 'A56', 'A57', 'A58', 'A59', 'A60', 'A61', 'A62', 'A63', 'A64', 'A65', 'A66', 'A67', 'A68', 'A69', 'A70', 'A71', 'A72', 'A73', 'A74', 'A75', 'A76', 'A77', 'A78', 'A79', 'A80', 'A81', 'A82', 'A83', 'A84', 'A85', 'A86', 'A87', 'A88', 'A89', 'A90', 'A91', 'A92', 'A93', 'A94', 'A95', 'A96', 'A97', 'A98', 'A99', 'A100', 'A101', 'A102', 'A103', 'A104', 'A105', 'A106', 'A107', 'A108', 'A109', 'A110', 'A111', 'A112', 'A113', 'A114', 'A115', 'A116', 'A117', 'A118', 'A119', 'A120', 'A121', 'A122', 'A123', 'A124', 'A125', 'A126', 'A127', 'A128', 'A129', 'A130', 'A131', 'A132', 'A133', 'A134', 'A135', 'A136', 'A137', 'A138', 'A139', 'A140', 'A141', 'A142', 'A143', 'A144', 'A145', 'A146', 'A147', 'A148', 'A149', 'A150', 'A151', 'A162', 'A163', 'A164', 'A165', 'A166', 'A167', 'A168', 'A169', 'A170', 'A171', 'A172', 'A173', 'A174', 'A175', 'A176', 'A177', 'A178', 'A179', 'A180', 'A181', 'A182', 'A183', 'A184', 'A185', 'A186', 'A187', 'A188', 'A189', 'A190', 'A191', 'A192', 'A193', 'A194', 'A195', 'A196', 'A197', 'A198', 'A199', 'A200', 'A201', 'A202', 'A203', 'A204', 'A205', 'A206', 'A207', 'A208', 'A209', 'A210', 'A211', 'A212', 'A213', 'A214', 'A215', 'A216', 'A217', 'A218', 'A219', 'A220', 'A221', 'A222', 'A223', 'A224', 'A225', 'A226', 'A227', 'A228', 'A229', 'A230', 'A231', 'A232', 'A233', 'A234', 'A235', 'A236', 'A237', 'A238', 'A239', 'A240', 'A241', 'A242', 'A243', 'A244', 'A245', 'A246', 'A247', 'A248', 'A249', 'A250', 'A251', 'A252', 'A253', 'A254', 'A255', 'A256', 'A257', 'A258', 'A259', 'A260', 'A261', 'A262', 'A263', 'A264', 'A265', 'A266', 'A267', 'A268', 'A269', 'A270', 'A271', 'A272', 'A273', 'A274', 'A275', 'A276', 'A277', 'A278', 'A279', 'A280', 'A281', 'A282', 'A283', 'A284', 'A285', 'A286', 'A287', 'A288', 'A289', 'A290', 'A291', 'A292', 'A293', 'A294', 'A295', 'A296', 'A297', 'A298']
These residues will be fixed:  []
The number of ligand atoms parsed is equal to: 18
Type: C, Coords [-2.092 27.543 11.31 ], Mask 1
Type: C, Coords [-3.182 27.117 11.994], Mask 1
Type: N, Coords [-4.159 28.05  11.845], Mask 1
Type: N, Coords [-3.656 29.084 11.044], Mask 1
Type: C, Coords [-2.412 28.79  10.723], Mask 1
Type: C, Coords [-1.51  29.615  9.893], Mask 1
Type: N, Coords [-1.54  30.982  9.818], Mask 1
Type: C, Coords [-0.545 31.365  8.94 ], Mask 1
Type: C, Coords [-0.096 32.59   8.467], Mask 1
Type: C, Coords [ 0.95  32.635  7.57 ], Mask 1
Type: C, Coords [ 1.557 31.465  7.137], Mask 1
Type: C, Coords [ 1.13  30.249  7.591], Mask 1
Type: C, Coords [ 0.07  30.179  8.502], Mask 1
Type: N, Coords [-0.558 29.149  9.121], Mask 1
Type: C, Coords [ 0.568 25.073 10.291], Mask 1
Type: C, Coords [-0.75  25.795 10.401], Mask 1
Type: O, Coords [-1.708 25.41   9.765], Mask 1
Type: N, Coords [-0.864 26.87  11.207], Mask 1
Designing protein from this path: /home/tedeschg/prj/protein-perturbation/data/cdk2/03.complexes_dude/actives_62_CHEMBL143748_best_CNNaffinity.pdb
These residues will be redesigned:  ['A1', 'A2', 'A3', 'A4', 'A5', 'A6', 'A7', 'A8', 'A9', 'A10', 'A11', 'A12', 'A15', 'A16', 'A17', 'A18', 'A19', 'A20', 'A21', 'A22', 'A23', 'A24', 'A25', 'A26', 'A27', 'A28', 'A29', 'A30', 'A31', 'A32', 'A33', 'A34', 'A35', 'A44', 'A45', 'A46', 'A47', 'A48', 'A49', 'A50', 'A51', 'A52', 'A53', 'A54', 'A55', 'A56', 'A57', 'A58', 'A59', 'A60', 'A61', 'A62', 'A63', 'A64', 'A65', 'A66', 'A67', 'A68', 'A69', 'A70', 'A71', 'A72', 'A73', 'A74', 'A75', 'A76', 'A77', 'A78', 'A79', 'A80', 'A81', 'A82', 'A83', 'A84', 'A85', 'A86', 'A87', 'A88', 'A89', 'A90', 'A91', 'A92', 'A93', 'A94', 'A95', 'A96', 'A97', 'A98', 'A99', 'A100', 'A101', 'A102', 'A103', 'A104', 'A105', 'A106', 'A107', 'A108', 'A109', 'A110', 'A111', 'A112', 'A113', 'A114', 'A115', 'A116', 'A117', 'A118', 'A119', 'A120', 'A121', 'A122', 'A123', 'A124', 'A125', 'A126', 'A127', 'A128', 'A129', 'A130', 'A131', 'A132', 'A133', 'A134', 'A135', 'A136', 'A137', 'A138', 'A139', 'A140', 'A141', 'A142', 'A143', 'A144', 'A145', 'A146', 'A147', 'A148', 'A149', 'A150', 'A151', 'A162', 'A163', 'A164', 'A165', 'A166', 'A167', 'A168', 'A169', 'A170', 'A171', 'A172', 'A173', 'A174', 'A175', 'A176', 'A177', 'A178', 'A179', 'A180', 'A181', 'A182', 'A183', 'A184', 'A185', 'A186', 'A187', 'A188', 'A189', 'A190', 'A191', 'A192', 'A193', 'A194', 'A195', 'A196', 'A197', 'A198', 'A199', 'A200', 'A201', 'A202', 'A203', 'A204', 'A205', 'A206', 'A207', 'A208', 'A209', 'A210', 'A211', 'A212', 'A213', 'A214', 'A215', 'A216', 'A217', 'A218', 'A219', 'A220', 'A221', 'A222', 'A223', 'A224', 'A225', 'A226', 'A227', 'A228', 'A229', 'A230', 'A231', 'A232', 'A233', 'A234', 'A235', 'A236', 'A237', 'A238', 'A239', 'A240', 'A241', 'A242', 'A243', 'A244', 'A245', 'A246', 'A247', 'A248', 'A249', 'A250', 'A251', 'A252', 'A253', 'A254', 'A255', 'A256', 'A257', 'A258', 'A259', 'A260', 'A261', 'A262', 'A263', 'A264', 'A265', 'A266', 'A267', 'A268', 'A269', 'A270', 'A271', 'A272', 'A273', 'A274', 'A275', 'A276', 'A277', 'A278', 'A279', 'A280', 'A281', 'A282', 'A283', 'A284', 'A285', 'A286', 'A287', 'A288', 'A289', 'A290', 'A291', 'A292', 'A293', 'A294', 'A295', 'A296', 'A297', 'A298']
These residues will be fixed:  []
The number of ligand atoms parsed is equal to: 34
Type: N, Coords [ 1.406 30.287  6.796], Mask 1
Type: C, Coords [ 2.446 29.562  7.254], Mask 1
Type: O, Coords [ 2.799 29.671  8.413], Mask 1
Type: N, Coords [ 3.095 28.718  6.429], Mask 1
Type: C, Coords [ 0.648 33.522  8.381], Mask 1
Type: C, Coords [-0.365 33.168  9.248], Mask 1
Type: C, Coords [-0.799 31.844  9.312], Mask 1
Type: C, Coords [-0.214 30.887  8.476], Mask 1
Type: C, Coords [ 0.807 31.249  7.618], Mask 1
Type: C, Coords [ 1.239 32.57   7.571], Mask 1
Type: C, Coords [-0.938 29.6    8.744], Mask 1
Type: C, Coords [9.0000e-03 2.8462e+01 9.1550e+00], Mask 1
Type: C, Coords [-0.755 27.709 10.27 ], Mask 1
Type: C, Coords [-2.077 28.495 10.446], Mask 1
Type: N, Coords [-1.767 29.852  9.946], Mask 1
Type: C, Coords [-1.827 31.172 10.135], Mask 1
Type: O, Coords [-2.611 31.736 10.873], Mask 1
Type: C, Coords [ 4.172 27.968  6.903], Mask 1
Type: C, Coords [ 4.5   26.703  6.524], Mask 1
Type: C, Coords [ 5.641 26.325  7.236], Mask 1
Type: N, Coords [ 5.989 27.319  8.013], Mask 1
Type: N, Coords [ 5.083 28.369  7.819], Mask 1
Type: C, Coords [ 6.35  25.     7.128], Mask 1
Type: N, Coords [ 7.333 25.057  6.038], Mask 1
Type: C, Coords [ 6.679 24.899  4.732], Mask 1
Type: C, Coords [ 7.062 26.055  3.784], Mask 1
Type: C, Coords [ 7.144 25.428  2.408], Mask 1
Type: C, Coords [ 7.136 26.015  1.153], Mask 1
Type: C, Coords [7.2230e+00 2.5231e+01 1.9000e-02], Mask 1
Type: C, Coords [ 7.32  23.856  0.136], Mask 1
Type: C, Coords [ 7.329 23.27   1.388], Mask 1
Type: C, Coords [ 7.241 24.055  2.526], Mask 1
Type: C, Coords [ 7.227 23.661  3.99 ], Mask 1
Type: CL, Coords [ 7.431 22.868 -1.287], Mask 1
Designing protein from this path: /home/tedeschg/prj/protein-perturbation/data/cdk2/03.complexes_dude/actives_63_CHEMBL186163_best_CNNaffinity.pdb
These residues will be redesigned:  ['A1', 'A2', 'A3', 'A4', 'A5', 'A6', 'A7', 'A8', 'A9', 'A10', 'A11', 'A12', 'A15', 'A16', 'A17', 'A18', 'A19', 'A20', 'A21', 'A22', 'A23', 'A24', 'A25', 'A26', 'A27', 'A28', 'A29', 'A30', 'A31', 'A32', 'A33', 'A34', 'A35', 'A44', 'A45', 'A46', 'A47', 'A48', 'A49', 'A50', 'A51', 'A52', 'A53', 'A54', 'A55', 'A56', 'A57', 'A58', 'A59', 'A60', 'A61', 'A62', 'A63', 'A64', 'A65', 'A66', 'A67', 'A68', 'A69', 'A70', 'A71', 'A72', 'A73', 'A74', 'A75', 'A76', 'A77', 'A78', 'A79', 'A80', 'A81', 'A82', 'A83', 'A84', 'A85', 'A86', 'A87', 'A88', 'A89', 'A90', 'A91', 'A92', 'A93', 'A94', 'A95', 'A96', 'A97', 'A98', 'A99', 'A100', 'A101', 'A102', 'A103', 'A104', 'A105', 'A106', 'A107', 'A108', 'A109', 'A110', 'A111', 'A112', 'A113', 'A114', 'A115', 'A116', 'A117', 'A118', 'A119', 'A120', 'A121', 'A122', 'A123', 'A124', 'A125', 'A126', 'A127', 'A128', 'A129', 'A130', 'A131', 'A132', 'A133', 'A134', 'A135', 'A136', 'A137', 'A138', 'A139', 'A140', 'A141', 'A142', 'A143', 'A144', 'A145', 'A146', 'A147', 'A148', 'A149', 'A150', 'A151', 'A162', 'A163', 'A164', 'A165', 'A166', 'A167', 'A168', 'A169', 'A170', 'A171', 'A172', 'A173', 'A174', 'A175', 'A176', 'A177', 'A178', 'A179', 'A180', 'A181', 'A182', 'A183', 'A184', 'A185', 'A186', 'A187', 'A188', 'A189', 'A190', 'A191', 'A192', 'A193', 'A194', 'A195', 'A196', 'A197', 'A198', 'A199', 'A200', 'A201', 'A202', 'A203', 'A204', 'A205', 'A206', 'A207', 'A208', 'A209', 'A210', 'A211', 'A212', 'A213', 'A214', 'A215', 'A216', 'A217', 'A218', 'A219', 'A220', 'A221', 'A222', 'A223', 'A224', 'A225', 'A226', 'A227', 'A228', 'A229', 'A230', 'A231', 'A232', 'A233', 'A234', 'A235', 'A236', 'A237', 'A238', 'A239', 'A240', 'A241', 'A242', 'A243', 'A244', 'A245', 'A246', 'A247', 'A248', 'A249', 'A250', 'A251', 'A252', 'A253', 'A254', 'A255', 'A256', 'A257', 'A258', 'A259', 'A260', 'A261', 'A262', 'A263', 'A264', 'A265', 'A266', 'A267', 'A268', 'A269', 'A270', 'A271', 'A272', 'A273', 'A274', 'A275', 'A276', 'A277', 'A278', 'A279', 'A280', 'A281', 'A282', 'A283', 'A284', 'A285', 'A286', 'A287', 'A288', 'A289', 'A290', 'A291', 'A292', 'A293', 'A294', 'A295', 'A296', 'A297', 'A298']
These residues will be fixed:  []
The number of ligand atoms parsed is equal to: 30
Type: C, Coords [-0.561 30.352  9.07 ], Mask 1
Type: C, Coords [-1.636 31.272  9.068], Mask 1
Type: C, Coords [-2.792 30.951  9.706], Mask 1
Type: C, Coords [-2.907 29.708 10.361], Mask 1
Type: N, Coords [-3.912 29.165 11.044], Mask 1
Type: C, Coords [-3.562 27.962 11.486], Mask 1
Type: C, Coords [-2.254 27.711 11.065], Mask 1
Type: N, Coords [-1.856 28.833 10.352], Mask 1
Type: C, Coords [-0.701 29.14   9.714], Mask 1
Type: N, Coords [-4.356 27.105 12.235], Mask 1
Type: C, Coords [ 0.701 30.685  8.383], Mask 1
Type: O, Coords [ 0.828 31.763  7.833], Mask 1
Type: C, Coords [ 3.891 27.88   8.323], Mask 1
Type: C, Coords [ 3.182 28.09   9.492], Mask 1
Type: C, Coords [ 2.143 29.     9.52 ], Mask 1
Type: C, Coords [ 1.809 29.712  8.362], Mask 1
Type: C, Coords [ 2.533 29.494  7.184], Mask 1
Type: C, Coords [ 3.569 28.579  7.173], Mask 1
Type: F, Coords [ 2.219 30.175  6.06 ], Mask 1
Type: F, Coords [ 1.45  29.202 10.663], Mask 1
Type: C, Coords [-1.492 26.552 11.315], Mask 1
Type: S, Coords [-0.87  25.638 10.007], Mask 1
Type: C, Coords [-1.229 26.125 12.704], Mask 1
Type: C, Coords [-0.904 27.072 13.681], Mask 1
Type: C, Coords [-0.66  26.665 14.979], Mask 1
Type: C, Coords [-0.737 25.326 15.313], Mask 1
Type: C, Coords [-1.058 24.383 14.354], Mask 1
Type: C, Coords [-1.31  24.773 13.052], Mask 1
Type: F, Coords [-1.629 23.851 12.118], Mask 1
Type: F, Coords [-0.828 28.381 13.355], Mask 1
Designing protein from this path: /home/tedeschg/prj/protein-perturbation/data/cdk2/03.complexes_dude/actives_64_CHEMBL188010_best_CNNaffinity.pdb
These residues will be redesigned:  ['A1', 'A2', 'A3', 'A4', 'A5', 'A6', 'A7', 'A8', 'A9', 'A10', 'A11', 'A12', 'A15', 'A16', 'A17', 'A18', 'A19', 'A20', 'A21', 'A22', 'A23', 'A24', 'A25', 'A26', 'A27', 'A28', 'A29', 'A30', 'A31', 'A32', 'A33', 'A34', 'A35', 'A44', 'A45', 'A46', 'A47', 'A48', 'A49', 'A50', 'A51', 'A52', 'A53', 'A54', 'A55', 'A56', 'A57', 'A58', 'A59', 'A60', 'A61', 'A62', 'A63', 'A64', 'A65', 'A66', 'A67', 'A68', 'A69', 'A70', 'A71', 'A72', 'A73', 'A74', 'A75', 'A76', 'A77', 'A78', 'A79', 'A80', 'A81', 'A82', 'A83', 'A84', 'A85', 'A86', 'A87', 'A88', 'A89', 'A90', 'A91', 'A92', 'A93', 'A94', 'A95', 'A96', 'A97', 'A98', 'A99', 'A100', 'A101', 'A102', 'A103', 'A104', 'A105', 'A106', 'A107', 'A108', 'A109', 'A110', 'A111', 'A112', 'A113', 'A114', 'A115', 'A116', 'A117', 'A118', 'A119', 'A120', 'A121', 'A122', 'A123', 'A124', 'A125', 'A126', 'A127', 'A128', 'A129', 'A130', 'A131', 'A132', 'A133', 'A134', 'A135', 'A136', 'A137', 'A138', 'A139', 'A140', 'A141', 'A142', 'A143', 'A144', 'A145', 'A146', 'A147', 'A148', 'A149', 'A150', 'A151', 'A162', 'A163', 'A164', 'A165', 'A166', 'A167', 'A168', 'A169', 'A170', 'A171', 'A172', 'A173', 'A174', 'A175', 'A176', 'A177', 'A178', 'A179', 'A180', 'A181', 'A182', 'A183', 'A184', 'A185', 'A186', 'A187', 'A188', 'A189', 'A190', 'A191', 'A192', 'A193', 'A194', 'A195', 'A196', 'A197', 'A198', 'A199', 'A200', 'A201', 'A202', 'A203', 'A204', 'A205', 'A206', 'A207', 'A208', 'A209', 'A210', 'A211', 'A212', 'A213', 'A214', 'A215', 'A216', 'A217', 'A218', 'A219', 'A220', 'A221', 'A222', 'A223', 'A224', 'A225', 'A226', 'A227', 'A228', 'A229', 'A230', 'A231', 'A232', 'A233', 'A234', 'A235', 'A236', 'A237', 'A238', 'A239', 'A240', 'A241', 'A242', 'A243', 'A244', 'A245', 'A246', 'A247', 'A248', 'A249', 'A250', 'A251', 'A252', 'A253', 'A254', 'A255', 'A256', 'A257', 'A258', 'A259', 'A260', 'A261', 'A262', 'A263', 'A264', 'A265', 'A266', 'A267', 'A268', 'A269', 'A270', 'A271', 'A272', 'A273', 'A274', 'A275', 'A276', 'A277', 'A278', 'A279', 'A280', 'A281', 'A282', 'A283', 'A284', 'A285', 'A286', 'A287', 'A288', 'A289', 'A290', 'A291', 'A292', 'A293', 'A294', 'A295', 'A296', 'A297', 'A298']
These residues will be fixed:  []
The number of ligand atoms parsed is equal to: 34
Type: C, Coords [ 2.377 29.984  7.513], Mask 1
Type: C, Coords [ 1.228 29.909  8.289], Mask 1
Type: C, Coords [ 0.536 31.191  8.136], Mask 1
Type: N, Coords [ 1.255 31.928  7.326], Mask 1
Type: N, Coords [ 2.392 31.217  6.933], Mask 1
Type: C, Coords [-0.698 31.134  8.959], Mask 1
Type: C, Coords [-1.707 32.064  9.174], Mask 1
Type: C, Coords [-2.772 31.758 10.005], Mask 1
Type: C, Coords [-2.845 30.529 10.629], Mask 1
Type: C, Coords [-1.846 29.582 10.428], Mask 1
Type: C, Coords [-0.763 29.879  9.589], Mask 1
Type: C, Coords [ 0.419 29.086  9.197], Mask 1
Type: O, Coords [ 0.676 27.953  9.561], Mask 1
Type: C, Coords [ 5.305 26.945  7.047], Mask 1
Type: C, Coords [ 4.636 27.438  5.934], Mask 1
Type: C, Coords [ 3.685 28.424  6.08 ], Mask 1
Type: C, Coords [ 3.394 28.928  7.351], Mask 1
Type: C, Coords [ 4.07  28.429  8.468], Mask 1
Type: C, Coords [ 5.015 27.439  8.313], Mask 1
Type: C, Coords [ 5.986 24.722  7.54 ], Mask 1
Type: O, Coords [ 6.242 25.973  6.898], Mask 1
Type: N, Coords [-1.921 28.343 11.058], Mask 1
Type: C, Coords [-3.102 27.899 11.533], Mask 1
Type: O, Coords [-4.119 28.532 11.321], Mask 1
Type: N, Coords [-3.155 26.755 12.242], Mask 1
Type: N, Coords [-1.984 26.026 12.486], Mask 1
Type: C, Coords [-1.405 25.328 11.489], Mask 1
Type: O, Coords [-1.898 25.331 10.379], Mask 1
Type: C, Coords [-0.166 24.558 11.747], Mask 1
Type: C, Coords [ 1.085 25.182 11.731], Mask 1
Type: C, Coords [ 2.214 24.425 11.978], Mask 1
Type: N, Coords [ 2.123 23.134 12.225], Mask 1
Type: C, Coords [ 0.964 22.506 12.249], Mask 1
Type: C, Coords [-0.216 23.187 12.019], Mask 1
Designing protein from this path: /home/tedeschg/prj/protein-perturbation/data/cdk2/03.complexes_dude/actives_65_CHEMBL364805_best_CNNaffinity.pdb
These residues will be redesigned:  ['A1', 'A2', 'A3', 'A4', 'A5', 'A6', 'A7', 'A8', 'A9', 'A10', 'A11', 'A12', 'A15', 'A16', 'A17', 'A18', 'A19', 'A20', 'A21', 'A22', 'A23', 'A24', 'A25', 'A26', 'A27', 'A28', 'A29', 'A30', 'A31', 'A32', 'A33', 'A34', 'A35', 'A44', 'A45', 'A46', 'A47', 'A48', 'A49', 'A50', 'A51', 'A52', 'A53', 'A54', 'A55', 'A56', 'A57', 'A58', 'A59', 'A60', 'A61', 'A62', 'A63', 'A64', 'A65', 'A66', 'A67', 'A68', 'A69', 'A70', 'A71', 'A72', 'A73', 'A74', 'A75', 'A76', 'A77', 'A78', 'A79', 'A80', 'A81', 'A82', 'A83', 'A84', 'A85', 'A86', 'A87', 'A88', 'A89', 'A90', 'A91', 'A92', 'A93', 'A94', 'A95', 'A96', 'A97', 'A98', 'A99', 'A100', 'A101', 'A102', 'A103', 'A104', 'A105', 'A106', 'A107', 'A108', 'A109', 'A110', 'A111', 'A112', 'A113', 'A114', 'A115', 'A116', 'A117', 'A118', 'A119', 'A120', 'A121', 'A122', 'A123', 'A124', 'A125', 'A126', 'A127', 'A128', 'A129', 'A130', 'A131', 'A132', 'A133', 'A134', 'A135', 'A136', 'A137', 'A138', 'A139', 'A140', 'A141', 'A142', 'A143', 'A144', 'A145', 'A146', 'A147', 'A148', 'A149', 'A150', 'A151', 'A162', 'A163', 'A164', 'A165', 'A166', 'A167', 'A168', 'A169', 'A170', 'A171', 'A172', 'A173', 'A174', 'A175', 'A176', 'A177', 'A178', 'A179', 'A180', 'A181', 'A182', 'A183', 'A184', 'A185', 'A186', 'A187', 'A188', 'A189', 'A190', 'A191', 'A192', 'A193', 'A194', 'A195', 'A196', 'A197', 'A198', 'A199', 'A200', 'A201', 'A202', 'A203', 'A204', 'A205', 'A206', 'A207', 'A208', 'A209', 'A210', 'A211', 'A212', 'A213', 'A214', 'A215', 'A216', 'A217', 'A218', 'A219', 'A220', 'A221', 'A222', 'A223', 'A224', 'A225', 'A226', 'A227', 'A228', 'A229', 'A230', 'A231', 'A232', 'A233', 'A234', 'A235', 'A236', 'A237', 'A238', 'A239', 'A240', 'A241', 'A242', 'A243', 'A244', 'A245', 'A246', 'A247', 'A248', 'A249', 'A250', 'A251', 'A252', 'A253', 'A254', 'A255', 'A256', 'A257', 'A258', 'A259', 'A260', 'A261', 'A262', 'A263', 'A264', 'A265', 'A266', 'A267', 'A268', 'A269', 'A270', 'A271', 'A272', 'A273', 'A274', 'A275', 'A276', 'A277', 'A278', 'A279', 'A280', 'A281', 'A282', 'A283', 'A284', 'A285', 'A286', 'A287', 'A288', 'A289', 'A290', 'A291', 'A292', 'A293', 'A294', 'A295', 'A296', 'A297', 'A298']
These residues will be fixed:  []
The number of ligand atoms parsed is equal to: 38
Type: C, Coords [ 2.352 30.047  7.498], Mask 1
Type: C, Coords [ 1.214 29.984  8.29 ], Mask 1
Type: C, Coords [ 0.556 31.288  8.181], Mask 1
Type: N, Coords [ 1.283 32.027  7.38 ], Mask 1
Type: N, Coords [ 2.394 31.294  6.949], Mask 1
Type: C, Coords [-0.667 31.244  9.022], Mask 1
Type: C, Coords [-1.646 32.196  9.277], Mask 1
Type: C, Coords [-2.707 31.898 10.116], Mask 1
Type: C, Coords [-2.805 30.655 10.707], Mask 1
Type: C, Coords [-1.837 29.686 10.466], Mask 1
Type: C, Coords [-0.759 29.975  9.62 ], Mask 1
Type: C, Coords [ 0.395 29.16   9.189], Mask 1
Type: O, Coords [ 0.626 28.012  9.52 ], Mask 1
Type: C, Coords [ 5.187 26.941  6.909], Mask 1
Type: C, Coords [ 4.526 27.492  5.818], Mask 1
Type: C, Coords [ 3.606 28.5    6.004], Mask 1
Type: C, Coords [ 3.337 28.968  7.293], Mask 1
Type: C, Coords [ 4.003 28.411  8.388], Mask 1
Type: C, Coords [ 4.918 27.399  8.193], Mask 1
Type: C, Coords [ 6.359 25.559  5.371], Mask 1
Type: O, Coords [ 6.093 25.948  6.721], Mask 1
Type: N, Coords [-1.938 28.433 11.065], Mask 1
Type: C, Coords [-3.132 27.994 11.51 ], Mask 1
Type: O, Coords [-4.137 28.643 11.296], Mask 1
Type: N, Coords [-3.211 26.834 12.192], Mask 1
Type: N, Coords [-2.053 26.085 12.438], Mask 1
Type: C, Coords [-1.484 25.377 11.443], Mask 1
Type: O, Coords [-1.976 25.387 10.331], Mask 1
Type: C, Coords [-0.265 24.589 11.703], Mask 1
Type: C, Coords [ 0.899 24.843 10.992], Mask 1
Type: C, Coords [ 2.05  24.104 11.231], Mask 1
Type: C, Coords [ 2.071 23.113 12.167], Mask 1
Type: C, Coords [ 0.915 22.822 12.911], Mask 1
Type: C, Coords [-0.267 23.568 12.685], Mask 1
Type: C, Coords [-1.417 23.28  13.432], Mask 1
Type: C, Coords [-1.384 22.291 14.37 ], Mask 1
Type: C, Coords [-0.22  21.56  14.598], Mask 1
Type: C, Coords [ 0.912 21.804 13.881], Mask 1
Designing protein from this path: /home/tedeschg/prj/protein-perturbation/data/cdk2/03.complexes_dude/actives_66_CHEMBL134976_best_CNNaffinity.pdb
These residues will be redesigned:  ['A1', 'A2', 'A3', 'A4', 'A5', 'A6', 'A7', 'A8', 'A9', 'A10', 'A11', 'A12', 'A15', 'A16', 'A17', 'A18', 'A19', 'A20', 'A21', 'A22', 'A23', 'A24', 'A25', 'A26', 'A27', 'A28', 'A29', 'A30', 'A31', 'A32', 'A33', 'A34', 'A35', 'A44', 'A45', 'A46', 'A47', 'A48', 'A49', 'A50', 'A51', 'A52', 'A53', 'A54', 'A55', 'A56', 'A57', 'A58', 'A59', 'A60', 'A61', 'A62', 'A63', 'A64', 'A65', 'A66', 'A67', 'A68', 'A69', 'A70', 'A71', 'A72', 'A73', 'A74', 'A75', 'A76', 'A77', 'A78', 'A79', 'A80', 'A81', 'A82', 'A83', 'A84', 'A85', 'A86', 'A87', 'A88', 'A89', 'A90', 'A91', 'A92', 'A93', 'A94', 'A95', 'A96', 'A97', 'A98', 'A99', 'A100', 'A101', 'A102', 'A103', 'A104', 'A105', 'A106', 'A107', 'A108', 'A109', 'A110', 'A111', 'A112', 'A113', 'A114', 'A115', 'A116', 'A117', 'A118', 'A119', 'A120', 'A121', 'A122', 'A123', 'A124', 'A125', 'A126', 'A127', 'A128', 'A129', 'A130', 'A131', 'A132', 'A133', 'A134', 'A135', 'A136', 'A137', 'A138', 'A139', 'A140', 'A141', 'A142', 'A143', 'A144', 'A145', 'A146', 'A147', 'A148', 'A149', 'A150', 'A151', 'A162', 'A163', 'A164', 'A165', 'A166', 'A167', 'A168', 'A169', 'A170', 'A171', 'A172', 'A173', 'A174', 'A175', 'A176', 'A177', 'A178', 'A179', 'A180', 'A181', 'A182', 'A183', 'A184', 'A185', 'A186', 'A187', 'A188', 'A189', 'A190', 'A191', 'A192', 'A193', 'A194', 'A195', 'A196', 'A197', 'A198', 'A199', 'A200', 'A201', 'A202', 'A203', 'A204', 'A205', 'A206', 'A207', 'A208', 'A209', 'A210', 'A211', 'A212', 'A213', 'A214', 'A215', 'A216', 'A217', 'A218', 'A219', 'A220', 'A221', 'A222', 'A223', 'A224', 'A225', 'A226', 'A227', 'A228', 'A229', 'A230', 'A231', 'A232', 'A233', 'A234', 'A235', 'A236', 'A237', 'A238', 'A239', 'A240', 'A241', 'A242', 'A243', 'A244', 'A245', 'A246', 'A247', 'A248', 'A249', 'A250', 'A251', 'A252', 'A253', 'A254', 'A255', 'A256', 'A257', 'A258', 'A259', 'A260', 'A261', 'A262', 'A263', 'A264', 'A265', 'A266', 'A267', 'A268', 'A269', 'A270', 'A271', 'A272', 'A273', 'A274', 'A275', 'A276', 'A277', 'A278', 'A279', 'A280', 'A281', 'A282', 'A283', 'A284', 'A285', 'A286', 'A287', 'A288', 'A289', 'A290', 'A291', 'A292', 'A293', 'A294', 'A295', 'A296', 'A297', 'A298']
These residues will be fixed:  []
The number of ligand atoms parsed is equal to: 32
Type: C, Coords [ 5.261 26.84   6.666], Mask 1
Type: C, Coords [ 5.274 27.229  7.994], Mask 1
Type: C, Coords [ 4.453 28.25   8.426], Mask 1
Type: C, Coords [ 3.607 28.892  7.519], Mask 1
Type: C, Coords [ 3.599 28.494  6.18 ], Mask 1
Type: C, Coords [ 4.429 27.475  5.761], Mask 1
Type: S, Coords [ 6.314 25.535  6.124], Mask 1
Type: O, Coords [ 5.748 24.327  6.613], Mask 1
Type: O, Coords [ 7.643 25.932  6.43 ], Mask 1
Type: C, Coords [ 5.265 24.551  3.834], Mask 1
Type: N, Coords [ 6.206 25.474  4.473], Mask 1
Type: C, Coords [ 7.009 26.298  3.693], Mask 1
Type: C, Coords [ 6.438 27.359  2.997], Mask 1
Type: C, Coords [ 7.248 28.171  2.224], Mask 1
Type: C, Coords [ 8.608 27.894  2.174], Mask 1
Type: C, Coords [ 9.108 26.825  2.89 ], Mask 1
Type: N, Coords [ 8.311 26.07   3.623], Mask 1
Type: N, Coords [ 2.79  29.905  7.94 ], Mask 1
Type: C, Coords [ 1.501 29.842  7.717], Mask 1
Type: C, Coords [ 0.655 30.891  8.153], Mask 1
Type: C, Coords [-0.485 30.779  9.084], Mask 1
Type: C, Coords [-1.01  32.075  9.21 ], Mask 1
Type: C, Coords [-2.113 32.28  10.039], Mask 1
Type: C, Coords [-2.687 31.258 10.724], Mask 1
Type: C, Coords [-2.188 29.938 10.625], Mask 1
Type: C, Coords [-1.074 29.739  9.784], Mask 1
Type: S, Coords [-0.792 27.996  9.951], Mask 1
Type: C, Coords [-2.045 27.655 11.021], Mask 1
Type: N, Coords [-2.619 28.806 11.221], Mask 1
Type: N, Coords [-0.253 32.919  8.419], Mask 1
Type: C, Coords [ 0.737 32.227  7.795], Mask 1
Type: O, Coords [ 1.655 32.759  6.956], Mask 1
Designing protein from this path: /home/tedeschg/prj/protein-perturbation/data/cdk2/03.complexes_dude/actives_67_CHEMBL115220_best_CNNaffinity.pdb
These residues will be redesigned:  ['A1', 'A2', 'A3', 'A4', 'A5', 'A6', 'A7', 'A8', 'A9', 'A10', 'A11', 'A12', 'A15', 'A16', 'A17', 'A18', 'A19', 'A20', 'A21', 'A22', 'A23', 'A24', 'A25', 'A26', 'A27', 'A28', 'A29', 'A30', 'A31', 'A32', 'A33', 'A34', 'A35', 'A44', 'A45', 'A46', 'A47', 'A48', 'A49', 'A50', 'A51', 'A52', 'A53', 'A54', 'A55', 'A56', 'A57', 'A58', 'A59', 'A60', 'A61', 'A62', 'A63', 'A64', 'A65', 'A66', 'A67', 'A68', 'A69', 'A70', 'A71', 'A72', 'A73', 'A74', 'A75', 'A76', 'A77', 'A78', 'A79', 'A80', 'A81', 'A82', 'A83', 'A84', 'A85', 'A86', 'A87', 'A88', 'A89', 'A90', 'A91', 'A92', 'A93', 'A94', 'A95', 'A96', 'A97', 'A98', 'A99', 'A100', 'A101', 'A102', 'A103', 'A104', 'A105', 'A106', 'A107', 'A108', 'A109', 'A110', 'A111', 'A112', 'A113', 'A114', 'A115', 'A116', 'A117', 'A118', 'A119', 'A120', 'A121', 'A122', 'A123', 'A124', 'A125', 'A126', 'A127', 'A128', 'A129', 'A130', 'A131', 'A132', 'A133', 'A134', 'A135', 'A136', 'A137', 'A138', 'A139', 'A140', 'A141', 'A142', 'A143', 'A144', 'A145', 'A146', 'A147', 'A148', 'A149', 'A150', 'A151', 'A162', 'A163', 'A164', 'A165', 'A166', 'A167', 'A168', 'A169', 'A170', 'A171', 'A172', 'A173', 'A174', 'A175', 'A176', 'A177', 'A178', 'A179', 'A180', 'A181', 'A182', 'A183', 'A184', 'A185', 'A186', 'A187', 'A188', 'A189', 'A190', 'A191', 'A192', 'A193', 'A194', 'A195', 'A196', 'A197', 'A198', 'A199', 'A200', 'A201', 'A202', 'A203', 'A204', 'A205', 'A206', 'A207', 'A208', 'A209', 'A210', 'A211', 'A212', 'A213', 'A214', 'A215', 'A216', 'A217', 'A218', 'A219', 'A220', 'A221', 'A222', 'A223', 'A224', 'A225', 'A226', 'A227', 'A228', 'A229', 'A230', 'A231', 'A232', 'A233', 'A234', 'A235', 'A236', 'A237', 'A238', 'A239', 'A240', 'A241', 'A242', 'A243', 'A244', 'A245', 'A246', 'A247', 'A248', 'A249', 'A250', 'A251', 'A252', 'A253', 'A254', 'A255', 'A256', 'A257', 'A258', 'A259', 'A260', 'A261', 'A262', 'A263', 'A264', 'A265', 'A266', 'A267', 'A268', 'A269', 'A270', 'A271', 'A272', 'A273', 'A274', 'A275', 'A276', 'A277', 'A278', 'A279', 'A280', 'A281', 'A282', 'A283', 'A284', 'A285', 'A286', 'A287', 'A288', 'A289', 'A290', 'A291', 'A292', 'A293', 'A294', 'A295', 'A296', 'A297', 'A298']
These residues will be fixed:  []
The number of ligand atoms parsed is equal to: 22
Type: C, Coords [ 3.221 28.681  8.722], Mask 1
Type: O, Coords [ 3.606 29.661  8.118], Mask 1
Type: N, Coords [ 1.943 28.608  9.143], Mask 1
Type: C, Coords [ 1.063 29.659  8.885], Mask 1
Type: C, Coords [-0.251 29.714  9.239], Mask 1
Type: C, Coords [-0.764 30.935  8.792], Mask 1
Type: N, Coords [ 0.197 31.591  8.194], Mask 1
Type: N, Coords [ 1.361 30.812  8.243], Mask 1
Type: C, Coords [-2.182 31.413  8.969], Mask 1
Type: C, Coords [-2.549 32.054 10.309], Mask 1
Type: C, Coords [-3.064 30.656  9.964], Mask 1
Type: C, Coords [ 4.172 27.546  9.   ], Mask 1
Type: C, Coords [ 5.978 26.13   2.963], Mask 1
Type: C, Coords [ 4.819 26.903  2.928], Mask 1
Type: C, Coords [ 4.23  27.337  4.077], Mask 1
Type: C, Coords [ 4.797 27.001  5.318], Mask 1
Type: C, Coords [ 4.218 27.429  6.525], Mask 1
Type: C, Coords [ 4.795 27.084  7.708], Mask 1
Type: C, Coords [ 5.954 26.311  7.743], Mask 1
Type: C, Coords [ 6.543 25.878  6.595], Mask 1
Type: C, Coords [ 5.976 26.214  5.353], Mask 1
Type: C, Coords [ 6.555 25.786  4.147], Mask 1
Designing protein from this path: /home/tedeschg/prj/protein-perturbation/data/cdk2/03.complexes_dude/actives_68_CHEMBL72077_best_CNNaffinity.pdb
These residues will be redesigned:  ['A1', 'A2', 'A3', 'A4', 'A5', 'A6', 'A7', 'A8', 'A9', 'A10', 'A11', 'A12', 'A15', 'A16', 'A17', 'A18', 'A19', 'A20', 'A21', 'A22', 'A23', 'A24', 'A25', 'A26', 'A27', 'A28', 'A29', 'A30', 'A31', 'A32', 'A33', 'A34', 'A35', 'A44', 'A45', 'A46', 'A47', 'A48', 'A49', 'A50', 'A51', 'A52', 'A53', 'A54', 'A55', 'A56', 'A57', 'A58', 'A59', 'A60', 'A61', 'A62', 'A63', 'A64', 'A65', 'A66', 'A67', 'A68', 'A69', 'A70', 'A71', 'A72', 'A73', 'A74', 'A75', 'A76', 'A77', 'A78', 'A79', 'A80', 'A81', 'A82', 'A83', 'A84', 'A85', 'A86', 'A87', 'A88', 'A89', 'A90', 'A91', 'A92', 'A93', 'A94', 'A95', 'A96', 'A97', 'A98', 'A99', 'A100', 'A101', 'A102', 'A103', 'A104', 'A105', 'A106', 'A107', 'A108', 'A109', 'A110', 'A111', 'A112', 'A113', 'A114', 'A115', 'A116', 'A117', 'A118', 'A119', 'A120', 'A121', 'A122', 'A123', 'A124', 'A125', 'A126', 'A127', 'A128', 'A129', 'A130', 'A131', 'A132', 'A133', 'A134', 'A135', 'A136', 'A137', 'A138', 'A139', 'A140', 'A141', 'A142', 'A143', 'A144', 'A145', 'A146', 'A147', 'A148', 'A149', 'A150', 'A151', 'A162', 'A163', 'A164', 'A165', 'A166', 'A167', 'A168', 'A169', 'A170', 'A171', 'A172', 'A173', 'A174', 'A175', 'A176', 'A177', 'A178', 'A179', 'A180', 'A181', 'A182', 'A183', 'A184', 'A185', 'A186', 'A187', 'A188', 'A189', 'A190', 'A191', 'A192', 'A193', 'A194', 'A195', 'A196', 'A197', 'A198', 'A199', 'A200', 'A201', 'A202', 'A203', 'A204', 'A205', 'A206', 'A207', 'A208', 'A209', 'A210', 'A211', 'A212', 'A213', 'A214', 'A215', 'A216', 'A217', 'A218', 'A219', 'A220', 'A221', 'A222', 'A223', 'A224', 'A225', 'A226', 'A227', 'A228', 'A229', 'A230', 'A231', 'A232', 'A233', 'A234', 'A235', 'A236', 'A237', 'A238', 'A239', 'A240', 'A241', 'A242', 'A243', 'A244', 'A245', 'A246', 'A247', 'A248', 'A249', 'A250', 'A251', 'A252', 'A253', 'A254', 'A255', 'A256', 'A257', 'A258', 'A259', 'A260', 'A261', 'A262', 'A263', 'A264', 'A265', 'A266', 'A267', 'A268', 'A269', 'A270', 'A271', 'A272', 'A273', 'A274', 'A275', 'A276', 'A277', 'A278', 'A279', 'A280', 'A281', 'A282', 'A283', 'A284', 'A285', 'A286', 'A287', 'A288', 'A289', 'A290', 'A291', 'A292', 'A293', 'A294', 'A295', 'A296', 'A297', 'A298']
These residues will be fixed:  []
The number of ligand atoms parsed is equal to: 37
Type: C, Coords [-2.124 25.729 15.312], Mask 1
Type: N, Coords [-1.24  24.77  14.643], Mask 1
Type: C, Coords [-0.884 23.569 15.193], Mask 1
Type: C, Coords [2.1000e-02 2.2966e+01 1.4408e+01], Mask 1
Type: C, Coords [ 0.25  23.856 13.271], Mask 1
Type: C, Coords [-0.641 24.932 13.423], Mask 1
Type: C, Coords [-0.745 25.854 12.363], Mask 1
Type: C, Coords [ 0.339 25.948 11.443], Mask 1
Type: C, Coords [ 1.216 24.858 11.317], Mask 1
Type: C, Coords [ 1.151 23.822 12.192], Mask 1
Type: C, Coords [ 0.507 27.124 10.681], Mask 1
Type: C, Coords [-0.577 28.015 10.589], Mask 1
Type: C, Coords [-0.157 29.108  9.695], Mask 1
Type: C, Coords [-0.797 30.252  9.222], Mask 1
Type: C, Coords [-0.128 31.098  8.366], Mask 1
Type: C, Coords [ 1.178 30.814  7.975], Mask 1
Type: C, Coords [ 1.823 29.683  8.45 ], Mask 1
Type: C, Coords [ 1.161 28.824  9.319], Mask 1
Type: N, Coords [ 1.547 27.654  9.956], Mask 1
Type: C, Coords [-1.771 27.768 11.283], Mask 1
Type: C, Coords [-1.881 26.652 12.127], Mask 1
Type: C, Coords [-3.306 26.585 12.486], Mask 1
Type: O, Coords [-3.866 25.649 13.021], Mask 1
Type: N, Coords [-3.909 27.723 12.086], Mask 1
Type: C, Coords [-3.061 28.484 11.375], Mask 1
Type: O, Coords [-3.303 29.571 10.889], Mask 1
Type: O, Coords [ 1.814 31.648  7.113], Mask 1
Type: C, Coords [ 1.478 33.035  7.186], Mask 1
Type: C, Coords [ 2.905 27.109  9.863], Mask 1
Type: C, Coords [ 3.657 27.803  8.726], Mask 1
Type: C, Coords [ 4.909 26.997  8.375], Mask 1
Type: N, Coords [ 4.958 26.774  6.924], Mask 1
Type: C, Coords [ 4.394 27.92   6.196], Mask 1
Type: C, Coords [ 4.519 27.673  4.69 ], Mask 1
Type: O, Coords [ 3.865 26.445  4.358], Mask 1
Type: C, Coords [ 4.388 25.308  5.049], Mask 1
Type: C, Coords [ 4.262 25.532  6.558], Mask 1
Designing protein from this path: /home/tedeschg/prj/protein-perturbation/data/cdk2/03.complexes_dude/actives_69_CHEMBL478409_best_CNNaffinity.pdb
These residues will be redesigned:  ['A1', 'A2', 'A3', 'A4', 'A5', 'A6', 'A7', 'A8', 'A9', 'A10', 'A11', 'A12', 'A15', 'A16', 'A17', 'A18', 'A19', 'A20', 'A21', 'A22', 'A23', 'A24', 'A25', 'A26', 'A27', 'A28', 'A29', 'A30', 'A31', 'A32', 'A33', 'A34', 'A35', 'A44', 'A45', 'A46', 'A47', 'A48', 'A49', 'A50', 'A51', 'A52', 'A53', 'A54', 'A55', 'A56', 'A57', 'A58', 'A59', 'A60', 'A61', 'A62', 'A63', 'A64', 'A65', 'A66', 'A67', 'A68', 'A69', 'A70', 'A71', 'A72', 'A73', 'A74', 'A75', 'A76', 'A77', 'A78', 'A79', 'A80', 'A81', 'A82', 'A83', 'A84', 'A85', 'A86', 'A87', 'A88', 'A89', 'A90', 'A91', 'A92', 'A93', 'A94', 'A95', 'A96', 'A97', 'A98', 'A99', 'A100', 'A101', 'A102', 'A103', 'A104', 'A105', 'A106', 'A107', 'A108', 'A109', 'A110', 'A111', 'A112', 'A113', 'A114', 'A115', 'A116', 'A117', 'A118', 'A119', 'A120', 'A121', 'A122', 'A123', 'A124', 'A125', 'A126', 'A127', 'A128', 'A129', 'A130', 'A131', 'A132', 'A133', 'A134', 'A135', 'A136', 'A137', 'A138', 'A139', 'A140', 'A141', 'A142', 'A143', 'A144', 'A145', 'A146', 'A147', 'A148', 'A149', 'A150', 'A151', 'A162', 'A163', 'A164', 'A165', 'A166', 'A167', 'A168', 'A169', 'A170', 'A171', 'A172', 'A173', 'A174', 'A175', 'A176', 'A177', 'A178', 'A179', 'A180', 'A181', 'A182', 'A183', 'A184', 'A185', 'A186', 'A187', 'A188', 'A189', 'A190', 'A191', 'A192', 'A193', 'A194', 'A195', 'A196', 'A197', 'A198', 'A199', 'A200', 'A201', 'A202', 'A203', 'A204', 'A205', 'A206', 'A207', 'A208', 'A209', 'A210', 'A211', 'A212', 'A213', 'A214', 'A215', 'A216', 'A217', 'A218', 'A219', 'A220', 'A221', 'A222', 'A223', 'A224', 'A225', 'A226', 'A227', 'A228', 'A229', 'A230', 'A231', 'A232', 'A233', 'A234', 'A235', 'A236', 'A237', 'A238', 'A239', 'A240', 'A241', 'A242', 'A243', 'A244', 'A245', 'A246', 'A247', 'A248', 'A249', 'A250', 'A251', 'A252', 'A253', 'A254', 'A255', 'A256', 'A257', 'A258', 'A259', 'A260', 'A261', 'A262', 'A263', 'A264', 'A265', 'A266', 'A267', 'A268', 'A269', 'A270', 'A271', 'A272', 'A273', 'A274', 'A275', 'A276', 'A277', 'A278', 'A279', 'A280', 'A281', 'A282', 'A283', 'A284', 'A285', 'A286', 'A287', 'A288', 'A289', 'A290', 'A291', 'A292', 'A293', 'A294', 'A295', 'A296', 'A297', 'A298']
These residues will be fixed:  []
The number of ligand atoms parsed is equal to: 30
Type: N, Coords [ 1.006 31.14   6.999], Mask 1
Type: C, Coords [-1.366 30.963  9.656], Mask 1
Type: C, Coords [-1.395 32.299 10.075], Mask 1
Type: C, Coords [-0.59  33.211  9.42 ], Mask 1
Type: N, Coords [ 0.179 32.799  8.423], Mask 1
Type: C, Coords [ 0.187 31.528  8.047], Mask 1
Type: N, Coords [-0.563 30.619  8.649], Mask 1
Type: C, Coords [-2.868 26.876 12.194], Mask 1
Type: C, Coords [-2.868 28.173 11.427], Mask 1
Type: N, Coords [-3.93  28.864 11.107], Mask 1
Type: C, Coords [-3.565 29.958 10.431], Mask 1
Type: C, Coords [-2.207 29.949 10.324], Mask 1
Type: N, Coords [-1.773 28.81  10.967], Mask 1
Type: C, Coords [-0.383 28.372 11.118], Mask 1
Type: C, Coords [-0.06  28.204 12.604], Mask 1
Type: C, Coords [-0.188 27.036 10.399], Mask 1
Type: C, Coords [ 1.929 30.105  7.179], Mask 1
Type: C, Coords [ 2.227 29.654  8.459], Mask 1
Type: C, Coords [ 3.138 28.63   8.633], Mask 1
Type: C, Coords [ 3.753 28.055  7.536], Mask 1
Type: C, Coords [ 3.458 28.502  6.261], Mask 1
Type: C, Coords [ 2.543 29.521  6.079], Mask 1
Type: S, Coords [ 4.914 26.75   7.763], Mask 1
Type: O, Coords [ 5.283 26.304  6.465], Mask 1
Type: O, Coords [ 5.868 27.214  8.709], Mask 1
Type: N, Coords [ 4.107 25.495  8.482], Mask 1
Type: C, Coords [ 2.872 25.75   9.227], Mask 1
Type: C, Coords [ 2.648 24.628 10.243], Mask 1
Type: O, Coords [ 3.13  23.395  9.704], Mask 1
Type: C, Coords [ 2.339 22.259 10.056], Mask 1
Designing protein from this path: /home/tedeschg/prj/protein-perturbation/data/cdk2/03.complexes_dude/actives_70_CHEMBL392776_best_CNNaffinity.pdb
These residues will be redesigned:  ['A1', 'A2', 'A3', 'A4', 'A5', 'A6', 'A7', 'A8', 'A9', 'A10', 'A11', 'A12', 'A15', 'A16', 'A17', 'A18', 'A19', 'A20', 'A21', 'A22', 'A23', 'A24', 'A25', 'A26', 'A27', 'A28', 'A29', 'A30', 'A31', 'A32', 'A33', 'A34', 'A35', 'A44', 'A45', 'A46', 'A47', 'A48', 'A49', 'A50', 'A51', 'A52', 'A53', 'A54', 'A55', 'A56', 'A57', 'A58', 'A59', 'A60', 'A61', 'A62', 'A63', 'A64', 'A65', 'A66', 'A67', 'A68', 'A69', 'A70', 'A71', 'A72', 'A73', 'A74', 'A75', 'A76', 'A77', 'A78', 'A79', 'A80', 'A81', 'A82', 'A83', 'A84', 'A85', 'A86', 'A87', 'A88', 'A89', 'A90', 'A91', 'A92', 'A93', 'A94', 'A95', 'A96', 'A97', 'A98', 'A99', 'A100', 'A101', 'A102', 'A103', 'A104', 'A105', 'A106', 'A107', 'A108', 'A109', 'A110', 'A111', 'A112', 'A113', 'A114', 'A115', 'A116', 'A117', 'A118', 'A119', 'A120', 'A121', 'A122', 'A123', 'A124', 'A125', 'A126', 'A127', 'A128', 'A129', 'A130', 'A131', 'A132', 'A133', 'A134', 'A135', 'A136', 'A137', 'A138', 'A139', 'A140', 'A141', 'A142', 'A143', 'A144', 'A145', 'A146', 'A147', 'A148', 'A149', 'A150', 'A151', 'A162', 'A163', 'A164', 'A165', 'A166', 'A167', 'A168', 'A169', 'A170', 'A171', 'A172', 'A173', 'A174', 'A175', 'A176', 'A177', 'A178', 'A179', 'A180', 'A181', 'A182', 'A183', 'A184', 'A185', 'A186', 'A187', 'A188', 'A189', 'A190', 'A191', 'A192', 'A193', 'A194', 'A195', 'A196', 'A197', 'A198', 'A199', 'A200', 'A201', 'A202', 'A203', 'A204', 'A205', 'A206', 'A207', 'A208', 'A209', 'A210', 'A211', 'A212', 'A213', 'A214', 'A215', 'A216', 'A217', 'A218', 'A219', 'A220', 'A221', 'A222', 'A223', 'A224', 'A225', 'A226', 'A227', 'A228', 'A229', 'A230', 'A231', 'A232', 'A233', 'A234', 'A235', 'A236', 'A237', 'A238', 'A239', 'A240', 'A241', 'A242', 'A243', 'A244', 'A245', 'A246', 'A247', 'A248', 'A249', 'A250', 'A251', 'A252', 'A253', 'A254', 'A255', 'A256', 'A257', 'A258', 'A259', 'A260', 'A261', 'A262', 'A263', 'A264', 'A265', 'A266', 'A267', 'A268', 'A269', 'A270', 'A271', 'A272', 'A273', 'A274', 'A275', 'A276', 'A277', 'A278', 'A279', 'A280', 'A281', 'A282', 'A283', 'A284', 'A285', 'A286', 'A287', 'A288', 'A289', 'A290', 'A291', 'A292', 'A293', 'A294', 'A295', 'A296', 'A297', 'A298']
These residues will be fixed:  []
The number of ligand atoms parsed is equal to: 28
Type: C, Coords [-4.202 31.31  10.506], Mask 1
Type: C, Coords [-2.901 30.671 10.092], Mask 1
Type: C, Coords [-1.962 31.411  9.407], Mask 1
Type: C, Coords [-0.758 30.818  9.025], Mask 1
Type: C, Coords [ 0.27  31.581  8.291], Mask 1
Type: O, Coords [ 0.099 32.752  7.995], Mask 1
Type: C, Coords [ 1.463 30.9    7.943], Mask 1
Type: C, Coords [ 1.612 29.58   8.297], Mask 1
Type: O, Coords [ 0.663 28.905  8.965], Mask 1
Type: C, Coords [-0.503 29.474  9.336], Mask 1
Type: C, Coords [-1.466 28.74  10.031], Mask 1
Type: C, Coords [-2.653 29.344 10.408], Mask 1
Type: O, Coords [ 2.45  31.546  7.265], Mask 1
Type: C, Coords [ 2.858 28.882  7.93 ], Mask 1
Type: C, Coords [ 3.756 28.482  8.923], Mask 1
Type: C, Coords [ 4.919 27.83   8.576], Mask 1
Type: C, Coords [ 5.199 27.569  7.241], Mask 1
Type: C, Coords [ 4.309 27.964  6.249], Mask 1
Type: C, Coords [ 3.141 28.612  6.588], Mask 1
Type: BR, Coords [ 4.698 27.606  4.433], Mask 1
Type: O, Coords [ 6.347 26.925  6.903], Mask 1
Type: N, Coords [-1.23  27.399 10.35 ], Mask 1
Type: C, Coords [-0.963 26.295  9.41 ], Mask 1
Type: C, Coords [-0.08  25.218 10.066], Mask 1
Type: C, Coords [-0.702 24.99  11.477], Mask 1
Type: S, Coords [-1.184 26.718 11.881], Mask 1
Type: O, Coords [-0.134 27.388 12.564], Mask 1
Type: O, Coords [-2.522 26.767 12.358], Mask 1
Designing protein from this path: /home/tedeschg/prj/protein-perturbation/data/cdk2/03.complexes_dude/actives_71_CHEMBL336892_best_CNNaffinity.pdb
These residues will be redesigned:  ['A1', 'A2', 'A3', 'A4', 'A5', 'A6', 'A7', 'A8', 'A9', 'A10', 'A11', 'A12', 'A15', 'A16', 'A17', 'A18', 'A19', 'A20', 'A21', 'A22', 'A23', 'A24', 'A25', 'A26', 'A27', 'A28', 'A29', 'A30', 'A31', 'A32', 'A33', 'A34', 'A35', 'A44', 'A45', 'A46', 'A47', 'A48', 'A49', 'A50', 'A51', 'A52', 'A53', 'A54', 'A55', 'A56', 'A57', 'A58', 'A59', 'A60', 'A61', 'A62', 'A63', 'A64', 'A65', 'A66', 'A67', 'A68', 'A69', 'A70', 'A71', 'A72', 'A73', 'A74', 'A75', 'A76', 'A77', 'A78', 'A79', 'A80', 'A81', 'A82', 'A83', 'A84', 'A85', 'A86', 'A87', 'A88', 'A89', 'A90', 'A91', 'A92', 'A93', 'A94', 'A95', 'A96', 'A97', 'A98', 'A99', 'A100', 'A101', 'A102', 'A103', 'A104', 'A105', 'A106', 'A107', 'A108', 'A109', 'A110', 'A111', 'A112', 'A113', 'A114', 'A115', 'A116', 'A117', 'A118', 'A119', 'A120', 'A121', 'A122', 'A123', 'A124', 'A125', 'A126', 'A127', 'A128', 'A129', 'A130', 'A131', 'A132', 'A133', 'A134', 'A135', 'A136', 'A137', 'A138', 'A139', 'A140', 'A141', 'A142', 'A143', 'A144', 'A145', 'A146', 'A147', 'A148', 'A149', 'A150', 'A151', 'A162', 'A163', 'A164', 'A165', 'A166', 'A167', 'A168', 'A169', 'A170', 'A171', 'A172', 'A173', 'A174', 'A175', 'A176', 'A177', 'A178', 'A179', 'A180', 'A181', 'A182', 'A183', 'A184', 'A185', 'A186', 'A187', 'A188', 'A189', 'A190', 'A191', 'A192', 'A193', 'A194', 'A195', 'A196', 'A197', 'A198', 'A199', 'A200', 'A201', 'A202', 'A203', 'A204', 'A205', 'A206', 'A207', 'A208', 'A209', 'A210', 'A211', 'A212', 'A213', 'A214', 'A215', 'A216', 'A217', 'A218', 'A219', 'A220', 'A221', 'A222', 'A223', 'A224', 'A225', 'A226', 'A227', 'A228', 'A229', 'A230', 'A231', 'A232', 'A233', 'A234', 'A235', 'A236', 'A237', 'A238', 'A239', 'A240', 'A241', 'A242', 'A243', 'A244', 'A245', 'A246', 'A247', 'A248', 'A249', 'A250', 'A251', 'A252', 'A253', 'A254', 'A255', 'A256', 'A257', 'A258', 'A259', 'A260', 'A261', 'A262', 'A263', 'A264', 'A265', 'A266', 'A267', 'A268', 'A269', 'A270', 'A271', 'A272', 'A273', 'A274', 'A275', 'A276', 'A277', 'A278', 'A279', 'A280', 'A281', 'A282', 'A283', 'A284', 'A285', 'A286', 'A287', 'A288', 'A289', 'A290', 'A291', 'A292', 'A293', 'A294', 'A295', 'A296', 'A297', 'A298']
These residues will be fixed:  []
The number of ligand atoms parsed is equal to: 32
Type: C, Coords [ 3.913 28.834  8.092], Mask 1
Type: C, Coords [ 2.501 28.97   8.501], Mask 1
Type: C, Coords [ 1.83  28.794  9.705], Mask 1
Type: C, Coords [ 0.454 29.008  9.759], Mask 1
Type: C, Coords [-0.239 29.397  8.605], Mask 1
Type: C, Coords [ 0.421 29.57   7.423], Mask 1
Type: C, Coords [ 1.796 29.36   7.349], Mask 1
Type: N, Coords [ 2.702 29.458  6.313], Mask 1
Type: C, Coords [ 3.956 29.154  6.744], Mask 1
Type: O, Coords [ 5.07  29.159  5.977], Mask 1
Type: C, Coords [-0.273 28.824 11.031], Mask 1
Type: O, Coords [-1.004 29.703 11.446], Mask 1
Type: N, Coords [-0.126 27.683 11.732], Mask 1
Type: C, Coords [-0.847 27.5   12.994], Mask 1
Type: C, Coords [-2.234 26.921 12.71 ], Mask 1
Type: C, Coords [-2.633 25.999 13.833], Mask 1
Type: C, Coords [-1.795 25.272 14.596], Mask 1
Type: N, Coords [-2.569 24.581 15.488], Mask 1
Type: C, Coords [-3.855 24.91  15.239], Mask 1
Type: N, Coords [-3.885 25.762 14.251], Mask 1
Type: N, Coords [ 5.531 27.338  8.696], Mask 1
Type: N, Coords [ 4.952 28.477  8.874], Mask 1
Type: C, Coords [ 5.186 26.994  6.35 ], Mask 1
Type: C, Coords [ 4.794 26.171  5.316], Mask 1
Type: C, Coords [ 4.358 24.884  5.579], Mask 1
Type: C, Coords [ 4.313 24.414  6.879], Mask 1
Type: C, Coords [ 4.702 25.226  7.924], Mask 1
Type: C, Coords [ 5.143 26.527  7.665], Mask 1
Type: S, Coords [ 3.859 23.838  4.251], Mask 1
Type: O, Coords [ 5.025 23.57   3.484], Mask 1
Type: O, Coords [ 3.069 22.805  4.823], Mask 1
Type: N, Coords [ 2.849 24.725  3.283], Mask 1
Designing protein from this path: /home/tedeschg/prj/protein-perturbation/data/cdk2/03.complexes_dude/actives_72_CHEMBL141247_best_CNNaffinity.pdb
These residues will be redesigned:  ['A1', 'A2', 'A3', 'A4', 'A5', 'A6', 'A7', 'A8', 'A9', 'A10', 'A11', 'A12', 'A15', 'A16', 'A17', 'A18', 'A19', 'A20', 'A21', 'A22', 'A23', 'A24', 'A25', 'A26', 'A27', 'A28', 'A29', 'A30', 'A31', 'A32', 'A33', 'A34', 'A35', 'A44', 'A45', 'A46', 'A47', 'A48', 'A49', 'A50', 'A51', 'A52', 'A53', 'A54', 'A55', 'A56', 'A57', 'A58', 'A59', 'A60', 'A61', 'A62', 'A63', 'A64', 'A65', 'A66', 'A67', 'A68', 'A69', 'A70', 'A71', 'A72', 'A73', 'A74', 'A75', 'A76', 'A77', 'A78', 'A79', 'A80', 'A81', 'A82', 'A83', 'A84', 'A85', 'A86', 'A87', 'A88', 'A89', 'A90', 'A91', 'A92', 'A93', 'A94', 'A95', 'A96', 'A97', 'A98', 'A99', 'A100', 'A101', 'A102', 'A103', 'A104', 'A105', 'A106', 'A107', 'A108', 'A109', 'A110', 'A111', 'A112', 'A113', 'A114', 'A115', 'A116', 'A117', 'A118', 'A119', 'A120', 'A121', 'A122', 'A123', 'A124', 'A125', 'A126', 'A127', 'A128', 'A129', 'A130', 'A131', 'A132', 'A133', 'A134', 'A135', 'A136', 'A137', 'A138', 'A139', 'A140', 'A141', 'A142', 'A143', 'A144', 'A145', 'A146', 'A147', 'A148', 'A149', 'A150', 'A151', 'A162', 'A163', 'A164', 'A165', 'A166', 'A167', 'A168', 'A169', 'A170', 'A171', 'A172', 'A173', 'A174', 'A175', 'A176', 'A177', 'A178', 'A179', 'A180', 'A181', 'A182', 'A183', 'A184', 'A185', 'A186', 'A187', 'A188', 'A189', 'A190', 'A191', 'A192', 'A193', 'A194', 'A195', 'A196', 'A197', 'A198', 'A199', 'A200', 'A201', 'A202', 'A203', 'A204', 'A205', 'A206', 'A207', 'A208', 'A209', 'A210', 'A211', 'A212', 'A213', 'A214', 'A215', 'A216', 'A217', 'A218', 'A219', 'A220', 'A221', 'A222', 'A223', 'A224', 'A225', 'A226', 'A227', 'A228', 'A229', 'A230', 'A231', 'A232', 'A233', 'A234', 'A235', 'A236', 'A237', 'A238', 'A239', 'A240', 'A241', 'A242', 'A243', 'A244', 'A245', 'A246', 'A247', 'A248', 'A249', 'A250', 'A251', 'A252', 'A253', 'A254', 'A255', 'A256', 'A257', 'A258', 'A259', 'A260', 'A261', 'A262', 'A263', 'A264', 'A265', 'A266', 'A267', 'A268', 'A269', 'A270', 'A271', 'A272', 'A273', 'A274', 'A275', 'A276', 'A277', 'A278', 'A279', 'A280', 'A281', 'A282', 'A283', 'A284', 'A285', 'A286', 'A287', 'A288', 'A289', 'A290', 'A291', 'A292', 'A293', 'A294', 'A295', 'A296', 'A297', 'A298']
These residues will be fixed:  []
The number of ligand atoms parsed is equal to: 23
Type: C, Coords [-0.566 28.168 10.884], Mask 1
Type: C, Coords [ 0.437 27.227 11.088], Mask 1
Type: C, Coords [ 1.637 27.332 10.409], Mask 1
Type: C, Coords [ 1.852 28.376  9.533], Mask 1
Type: C, Coords [ 0.858 29.333  9.328], Mask 1
Type: C, Coords [-0.365 29.209  9.997], Mask 1
Type: C, Coords [-1.223 30.339  9.51 ], Mask 1
Type: C, Coords [-1.744 31.222 10.655], Mask 1
Type: C, Coords [-1.654 32.664 10.101], Mask 1
Type: C, Coords [-1.049 32.507  8.684], Mask 1
Type: N, Coords [-0.32  31.222  8.736], Mask 1
Type: C, Coords [ 0.803 30.547  8.486], Mask 1
Type: O, Coords [ 1.648 30.875  7.676], Mask 1
Type: N, Coords [-3.235 26.818 12.91 ], Mask 1
Type: C, Coords [-2.025 26.978 12.339], Mask 1
Type: O, Coords [-1.155 26.148 12.515], Mask 1
Type: N, Coords [-1.78  28.059 11.572], Mask 1
Type: C, Coords [-2.669 23.8   14.913], Mask 1
Type: C, Coords [-3.922 23.695 15.502], Mask 1
Type: C, Coords [-4.89  24.633 15.203], Mask 1
Type: N, Coords [-4.639 25.622 14.367], Mask 1
Type: C, Coords [-3.457 25.757 13.786], Mask 1
Type: C, Coords [-2.435 24.849 14.042], Mask 1
Designing protein from this path: /home/tedeschg/prj/protein-perturbation/data/cdk2/03.complexes_dude/actives_73_CHEMBL477568_best_CNNaffinity.pdb
These residues will be redesigned:  ['A1', 'A2', 'A3', 'A4', 'A5', 'A6', 'A7', 'A8', 'A9', 'A10', 'A11', 'A12', 'A15', 'A16', 'A17', 'A18', 'A19', 'A20', 'A21', 'A22', 'A23', 'A24', 'A25', 'A26', 'A27', 'A28', 'A29', 'A30', 'A31', 'A32', 'A33', 'A34', 'A35', 'A44', 'A45', 'A46', 'A47', 'A48', 'A49', 'A50', 'A51', 'A52', 'A53', 'A54', 'A55', 'A56', 'A57', 'A58', 'A59', 'A60', 'A61', 'A62', 'A63', 'A64', 'A65', 'A66', 'A67', 'A68', 'A69', 'A70', 'A71', 'A72', 'A73', 'A74', 'A75', 'A76', 'A77', 'A78', 'A79', 'A80', 'A81', 'A82', 'A83', 'A84', 'A85', 'A86', 'A87', 'A88', 'A89', 'A90', 'A91', 'A92', 'A93', 'A94', 'A95', 'A96', 'A97', 'A98', 'A99', 'A100', 'A101', 'A102', 'A103', 'A104', 'A105', 'A106', 'A107', 'A108', 'A109', 'A110', 'A111', 'A112', 'A113', 'A114', 'A115', 'A116', 'A117', 'A118', 'A119', 'A120', 'A121', 'A122', 'A123', 'A124', 'A125', 'A126', 'A127', 'A128', 'A129', 'A130', 'A131', 'A132', 'A133', 'A134', 'A135', 'A136', 'A137', 'A138', 'A139', 'A140', 'A141', 'A142', 'A143', 'A144', 'A145', 'A146', 'A147', 'A148', 'A149', 'A150', 'A151', 'A162', 'A163', 'A164', 'A165', 'A166', 'A167', 'A168', 'A169', 'A170', 'A171', 'A172', 'A173', 'A174', 'A175', 'A176', 'A177', 'A178', 'A179', 'A180', 'A181', 'A182', 'A183', 'A184', 'A185', 'A186', 'A187', 'A188', 'A189', 'A190', 'A191', 'A192', 'A193', 'A194', 'A195', 'A196', 'A197', 'A198', 'A199', 'A200', 'A201', 'A202', 'A203', 'A204', 'A205', 'A206', 'A207', 'A208', 'A209', 'A210', 'A211', 'A212', 'A213', 'A214', 'A215', 'A216', 'A217', 'A218', 'A219', 'A220', 'A221', 'A222', 'A223', 'A224', 'A225', 'A226', 'A227', 'A228', 'A229', 'A230', 'A231', 'A232', 'A233', 'A234', 'A235', 'A236', 'A237', 'A238', 'A239', 'A240', 'A241', 'A242', 'A243', 'A244', 'A245', 'A246', 'A247', 'A248', 'A249', 'A250', 'A251', 'A252', 'A253', 'A254', 'A255', 'A256', 'A257', 'A258', 'A259', 'A260', 'A261', 'A262', 'A263', 'A264', 'A265', 'A266', 'A267', 'A268', 'A269', 'A270', 'A271', 'A272', 'A273', 'A274', 'A275', 'A276', 'A277', 'A278', 'A279', 'A280', 'A281', 'A282', 'A283', 'A284', 'A285', 'A286', 'A287', 'A288', 'A289', 'A290', 'A291', 'A292', 'A293', 'A294', 'A295', 'A296', 'A297', 'A298']
These residues will be fixed:  []
The number of ligand atoms parsed is equal to: 31
Type: N, Coords [ 4.096 29.565  7.983], Mask 1
Type: C, Coords [ 0.629 29.932  8.735], Mask 1
Type: C, Coords [ 0.331 31.11   8.038], Mask 1
Type: C, Coords [ 1.344 31.732  7.334], Mask 1
Type: N, Coords [ 2.558 31.202  7.338], Mask 1
Type: C, Coords [ 2.813 30.086  8.006], Mask 1
Type: N, Coords [ 1.875 29.459  8.698], Mask 1
Type: C, Coords [-3.704 28.823 11.057], Mask 1
Type: C, Coords [-2.3   28.739 10.515], Mask 1
Type: N, Coords [-1.49  27.724 10.662], Mask 1
Type: C, Coords [-0.328 27.987 10.055], Mask 1
Type: C, Coords [-0.418 29.228  9.502], Mask 1
Type: N, Coords [-1.68  29.696  9.796], Mask 1
Type: C, Coords [-2.242 30.991  9.404], Mask 1
Type: C, Coords [-3.684 30.799  8.931], Mask 1
Type: C, Coords [-2.22  31.941 10.603], Mask 1
Type: C, Coords [ 4.366 28.399  7.255], Mask 1
Type: C, Coords [ 4.028 28.326  5.91 ], Mask 1
Type: C, Coords [ 4.295 27.177  5.193], Mask 1
Type: C, Coords [ 4.9   26.094  5.817], Mask 1
Type: C, Coords [ 5.238 26.167  7.162], Mask 1
Type: C, Coords [ 4.977 27.318  7.878], Mask 1
Type: N, Coords [ 5.17  24.928  5.09 ], Mask 1
Type: C, Coords [ 6.54  24.407  4.994], Mask 1
Type: C, Coords [ 6.546 22.951  5.476], Mask 1
Type: N, Coords [ 5.463 22.227  4.795], Mask 1
Type: C, Coords [ 4.093 22.748  4.891], Mask 1
Type: C, Coords [ 4.086 24.201  4.414], Mask 1
Type: C, Coords [ 5.723 21.105  4.095], Mask 1
Type: O, Coords [ 6.838 20.627  4.106], Mask 1
Type: C, Coords [ 4.628 20.444  3.299], Mask 1
Designing protein from this path: /home/tedeschg/prj/protein-perturbation/data/cdk2/03.complexes_dude/actives_74_CHEMBL319467_best_CNNaffinity.pdb
These residues will be redesigned:  ['A1', 'A2', 'A3', 'A4', 'A5', 'A6', 'A7', 'A8', 'A9', 'A10', 'A11', 'A12', 'A15', 'A16', 'A17', 'A18', 'A19', 'A20', 'A21', 'A22', 'A23', 'A24', 'A25', 'A26', 'A27', 'A28', 'A29', 'A30', 'A31', 'A32', 'A33', 'A34', 'A35', 'A44', 'A45', 'A46', 'A47', 'A48', 'A49', 'A50', 'A51', 'A52', 'A53', 'A54', 'A55', 'A56', 'A57', 'A58', 'A59', 'A60', 'A61', 'A62', 'A63', 'A64', 'A65', 'A66', 'A67', 'A68', 'A69', 'A70', 'A71', 'A72', 'A73', 'A74', 'A75', 'A76', 'A77', 'A78', 'A79', 'A80', 'A81', 'A82', 'A83', 'A84', 'A85', 'A86', 'A87', 'A88', 'A89', 'A90', 'A91', 'A92', 'A93', 'A94', 'A95', 'A96', 'A97', 'A98', 'A99', 'A100', 'A101', 'A102', 'A103', 'A104', 'A105', 'A106', 'A107', 'A108', 'A109', 'A110', 'A111', 'A112', 'A113', 'A114', 'A115', 'A116', 'A117', 'A118', 'A119', 'A120', 'A121', 'A122', 'A123', 'A124', 'A125', 'A126', 'A127', 'A128', 'A129', 'A130', 'A131', 'A132', 'A133', 'A134', 'A135', 'A136', 'A137', 'A138', 'A139', 'A140', 'A141', 'A142', 'A143', 'A144', 'A145', 'A146', 'A147', 'A148', 'A149', 'A150', 'A151', 'A162', 'A163', 'A164', 'A165', 'A166', 'A167', 'A168', 'A169', 'A170', 'A171', 'A172', 'A173', 'A174', 'A175', 'A176', 'A177', 'A178', 'A179', 'A180', 'A181', 'A182', 'A183', 'A184', 'A185', 'A186', 'A187', 'A188', 'A189', 'A190', 'A191', 'A192', 'A193', 'A194', 'A195', 'A196', 'A197', 'A198', 'A199', 'A200', 'A201', 'A202', 'A203', 'A204', 'A205', 'A206', 'A207', 'A208', 'A209', 'A210', 'A211', 'A212', 'A213', 'A214', 'A215', 'A216', 'A217', 'A218', 'A219', 'A220', 'A221', 'A222', 'A223', 'A224', 'A225', 'A226', 'A227', 'A228', 'A229', 'A230', 'A231', 'A232', 'A233', 'A234', 'A235', 'A236', 'A237', 'A238', 'A239', 'A240', 'A241', 'A242', 'A243', 'A244', 'A245', 'A246', 'A247', 'A248', 'A249', 'A250', 'A251', 'A252', 'A253', 'A254', 'A255', 'A256', 'A257', 'A258', 'A259', 'A260', 'A261', 'A262', 'A263', 'A264', 'A265', 'A266', 'A267', 'A268', 'A269', 'A270', 'A271', 'A272', 'A273', 'A274', 'A275', 'A276', 'A277', 'A278', 'A279', 'A280', 'A281', 'A282', 'A283', 'A284', 'A285', 'A286', 'A287', 'A288', 'A289', 'A290', 'A291', 'A292', 'A293', 'A294', 'A295', 'A296', 'A297', 'A298']
These residues will be fixed:  []
The number of ligand atoms parsed is equal to: 28
Type: C, Coords [ 1.315 30.241  8.153], Mask 1
Type: N, Coords [ 0.383 31.175  8.061], Mask 1
Type: C, Coords [-0.55  31.292  8.999], Mask 1
Type: C, Coords [-0.535 30.411 10.094], Mask 1
Type: C, Coords [ 0.473 29.436 10.15 ], Mask 1
Type: N, Coords [ 1.362 29.385  9.167], Mask 1
Type: N, Coords [-1.581 30.745 10.89 ], Mask 1
Type: C, Coords [-2.22  31.75  10.366], Mask 1
Type: N, Coords [-1.623 32.125  9.198], Mask 1
Type: N, Coords [ 2.272 30.149  7.155], Mask 1
Type: C, Coords [ 3.596 28.445  6.071], Mask 1
Type: C, Coords [ 4.564 27.462  6.134], Mask 1
Type: C, Coords [ 5.191 27.183  7.334], Mask 1
Type: C, Coords [ 4.851 27.887  8.475], Mask 1
Type: C, Coords [ 3.883 28.87   8.419], Mask 1
Type: C, Coords [ 3.252 29.153  7.215], Mask 1
Type: S, Coords [ 6.426 25.929  7.41 ], Mask 1
Type: O, Coords [ 7.282 26.266  8.494], Mask 1
Type: O, Coords [ 5.745 24.684  7.336], Mask 1
Type: N, Coords [ 7.336 26.053  6.032], Mask 1
Type: O, Coords [ 0.533 28.562 11.183], Mask 1
Type: C, Coords [-0.279 27.389 11.089], Mask 1
Type: C, Coords [-0.156 26.579 12.381], Mask 1
Type: C, Coords [-0.748 25.185 12.167], Mask 1
Type: C, Coords [-0.626 24.375 13.459], Mask 1
Type: C, Coords [-1.387 25.085 14.58 ], Mask 1
Type: C, Coords [-0.794 26.48  14.794], Mask 1
Type: C, Coords [-0.917 27.29  13.502], Mask 1
Designing protein from this path: /home/tedeschg/prj/protein-perturbation/data/cdk2/03.complexes_dude/actives_75_CHEMBL260416_best_CNNaffinity.pdb
These residues will be redesigned:  ['A1', 'A2', 'A3', 'A4', 'A5', 'A6', 'A7', 'A8', 'A9', 'A10', 'A11', 'A12', 'A15', 'A16', 'A17', 'A18', 'A19', 'A20', 'A21', 'A22', 'A23', 'A24', 'A25', 'A26', 'A27', 'A28', 'A29', 'A30', 'A31', 'A32', 'A33', 'A34', 'A35', 'A44', 'A45', 'A46', 'A47', 'A48', 'A49', 'A50', 'A51', 'A52', 'A53', 'A54', 'A55', 'A56', 'A57', 'A58', 'A59', 'A60', 'A61', 'A62', 'A63', 'A64', 'A65', 'A66', 'A67', 'A68', 'A69', 'A70', 'A71', 'A72', 'A73', 'A74', 'A75', 'A76', 'A77', 'A78', 'A79', 'A80', 'A81', 'A82', 'A83', 'A84', 'A85', 'A86', 'A87', 'A88', 'A89', 'A90', 'A91', 'A92', 'A93', 'A94', 'A95', 'A96', 'A97', 'A98', 'A99', 'A100', 'A101', 'A102', 'A103', 'A104', 'A105', 'A106', 'A107', 'A108', 'A109', 'A110', 'A111', 'A112', 'A113', 'A114', 'A115', 'A116', 'A117', 'A118', 'A119', 'A120', 'A121', 'A122', 'A123', 'A124', 'A125', 'A126', 'A127', 'A128', 'A129', 'A130', 'A131', 'A132', 'A133', 'A134', 'A135', 'A136', 'A137', 'A138', 'A139', 'A140', 'A141', 'A142', 'A143', 'A144', 'A145', 'A146', 'A147', 'A148', 'A149', 'A150', 'A151', 'A162', 'A163', 'A164', 'A165', 'A166', 'A167', 'A168', 'A169', 'A170', 'A171', 'A172', 'A173', 'A174', 'A175', 'A176', 'A177', 'A178', 'A179', 'A180', 'A181', 'A182', 'A183', 'A184', 'A185', 'A186', 'A187', 'A188', 'A189', 'A190', 'A191', 'A192', 'A193', 'A194', 'A195', 'A196', 'A197', 'A198', 'A199', 'A200', 'A201', 'A202', 'A203', 'A204', 'A205', 'A206', 'A207', 'A208', 'A209', 'A210', 'A211', 'A212', 'A213', 'A214', 'A215', 'A216', 'A217', 'A218', 'A219', 'A220', 'A221', 'A222', 'A223', 'A224', 'A225', 'A226', 'A227', 'A228', 'A229', 'A230', 'A231', 'A232', 'A233', 'A234', 'A235', 'A236', 'A237', 'A238', 'A239', 'A240', 'A241', 'A242', 'A243', 'A244', 'A245', 'A246', 'A247', 'A248', 'A249', 'A250', 'A251', 'A252', 'A253', 'A254', 'A255', 'A256', 'A257', 'A258', 'A259', 'A260', 'A261', 'A262', 'A263', 'A264', 'A265', 'A266', 'A267', 'A268', 'A269', 'A270', 'A271', 'A272', 'A273', 'A274', 'A275', 'A276', 'A277', 'A278', 'A279', 'A280', 'A281', 'A282', 'A283', 'A284', 'A285', 'A286', 'A287', 'A288', 'A289', 'A290', 'A291', 'A292', 'A293', 'A294', 'A295', 'A296', 'A297', 'A298']
These residues will be fixed:  []
The number of ligand atoms parsed is equal to: 23
Type: C, Coords [ 0.617 29.558  8.991], Mask 1
Type: C, Coords [ 1.38  28.629  9.707], Mask 1
Type: C, Coords [ 2.571 28.196  9.193], Mask 1
Type: C, Coords [ 2.985 28.705  7.956], Mask 1
Type: C, Coords [ 2.172 29.638  7.283], Mask 1
Type: N, Coords [ 1.022 30.024  7.82 ], Mask 1
Type: N, Coords [ 2.819 29.955  6.119], Mask 1
Type: N, Coords [ 4.019 29.242  6.048], Mask 1
Type: C, Coords [ 4.158 28.492  7.109], Mask 1
Type: C, Coords [-1.753 29.145  9.644], Mask 1
Type: C, Coords [-2.952 29.581 10.167], Mask 1
Type: C, Coords [-3.087 30.893 10.599], Mask 1
Type: C, Coords [-2.014 31.771 10.507], Mask 1
Type: C, Coords [-0.812 31.341  9.986], Mask 1
Type: C, Coords [-0.674 30.023  9.551], Mask 1
Type: BR, Coords [-2.203 33.558 11.097], Mask 1
Type: O, Coords [-4.27  31.319 11.113], Mask 1
Type: N, Coords [ 5.234 27.641  7.386], Mask 1
Type: C, Coords [ 5.568 26.671  6.511], Mask 1
Type: O, Coords [ 4.936 26.536  5.485], Mask 1
Type: C, Coords [ 6.727 25.755  6.809], Mask 1
Type: C, Coords [ 6.437 24.489  7.617], Mask 1
Type: C, Coords [ 7.191 25.653  8.263], Mask 1
Designing protein from this path: /home/tedeschg/prj/protein-perturbation/data/cdk2/03.complexes_dude/actives_76_CHEMBL515001_best_CNNaffinity.pdb
These residues will be redesigned:  ['A1', 'A2', 'A3', 'A4', 'A5', 'A6', 'A7', 'A8', 'A9', 'A10', 'A11', 'A12', 'A15', 'A16', 'A17', 'A18', 'A19', 'A20', 'A21', 'A22', 'A23', 'A24', 'A25', 'A26', 'A27', 'A28', 'A29', 'A30', 'A31', 'A32', 'A33', 'A34', 'A35', 'A44', 'A45', 'A46', 'A47', 'A48', 'A49', 'A50', 'A51', 'A52', 'A53', 'A54', 'A55', 'A56', 'A57', 'A58', 'A59', 'A60', 'A61', 'A62', 'A63', 'A64', 'A65', 'A66', 'A67', 'A68', 'A69', 'A70', 'A71', 'A72', 'A73', 'A74', 'A75', 'A76', 'A77', 'A78', 'A79', 'A80', 'A81', 'A82', 'A83', 'A84', 'A85', 'A86', 'A87', 'A88', 'A89', 'A90', 'A91', 'A92', 'A93', 'A94', 'A95', 'A96', 'A97', 'A98', 'A99', 'A100', 'A101', 'A102', 'A103', 'A104', 'A105', 'A106', 'A107', 'A108', 'A109', 'A110', 'A111', 'A112', 'A113', 'A114', 'A115', 'A116', 'A117', 'A118', 'A119', 'A120', 'A121', 'A122', 'A123', 'A124', 'A125', 'A126', 'A127', 'A128', 'A129', 'A130', 'A131', 'A132', 'A133', 'A134', 'A135', 'A136', 'A137', 'A138', 'A139', 'A140', 'A141', 'A142', 'A143', 'A144', 'A145', 'A146', 'A147', 'A148', 'A149', 'A150', 'A151', 'A162', 'A163', 'A164', 'A165', 'A166', 'A167', 'A168', 'A169', 'A170', 'A171', 'A172', 'A173', 'A174', 'A175', 'A176', 'A177', 'A178', 'A179', 'A180', 'A181', 'A182', 'A183', 'A184', 'A185', 'A186', 'A187', 'A188', 'A189', 'A190', 'A191', 'A192', 'A193', 'A194', 'A195', 'A196', 'A197', 'A198', 'A199', 'A200', 'A201', 'A202', 'A203', 'A204', 'A205', 'A206', 'A207', 'A208', 'A209', 'A210', 'A211', 'A212', 'A213', 'A214', 'A215', 'A216', 'A217', 'A218', 'A219', 'A220', 'A221', 'A222', 'A223', 'A224', 'A225', 'A226', 'A227', 'A228', 'A229', 'A230', 'A231', 'A232', 'A233', 'A234', 'A235', 'A236', 'A237', 'A238', 'A239', 'A240', 'A241', 'A242', 'A243', 'A244', 'A245', 'A246', 'A247', 'A248', 'A249', 'A250', 'A251', 'A252', 'A253', 'A254', 'A255', 'A256', 'A257', 'A258', 'A259', 'A260', 'A261', 'A262', 'A263', 'A264', 'A265', 'A266', 'A267', 'A268', 'A269', 'A270', 'A271', 'A272', 'A273', 'A274', 'A275', 'A276', 'A277', 'A278', 'A279', 'A280', 'A281', 'A282', 'A283', 'A284', 'A285', 'A286', 'A287', 'A288', 'A289', 'A290', 'A291', 'A292', 'A293', 'A294', 'A295', 'A296', 'A297', 'A298']
These residues will be fixed:  []
The number of ligand atoms parsed is equal to: 29
Type: C, Coords [-0.6   30.634  9.314], Mask 1
Type: C, Coords [-1.186 31.907  9.362], Mask 1
Type: C, Coords [-2.367 32.062 10.067], Mask 1
Type: N, Coords [-2.902 31.011 10.672], Mask 1
Type: C, Coords [-2.326 29.82  10.611], Mask 1
Type: N, Coords [-1.2   29.624  9.944], Mask 1
Type: F, Coords [-0.613 32.957  8.734], Mask 1
Type: C, Coords [ 3.814 28.739  7.79 ], Mask 1
Type: C, Coords [ 2.581 29.597  7.906], Mask 1
Type: N, Coords [ 2.297 30.624  7.149], Mask 1
Type: C, Coords [ 1.129 31.15   7.528], Mask 1
Type: C, Coords [ 0.659 30.416  8.575], Mask 1
Type: N, Coords [ 1.589 29.425  8.804], Mask 1
Type: C, Coords [ 1.517 28.384  9.832], Mask 1
Type: C, Coords [ 2.728 27.457  9.706], Mask 1
Type: C, Coords [ 1.514 29.034 11.217], Mask 1
Type: N, Coords [-2.921 28.749 11.259], Mask 1
Type: C, Coords [-2.144 27.657 11.667], Mask 1
Type: C, Coords [-2.017 26.548 10.841], Mask 1
Type: C, Coords [-1.251 25.472 11.242], Mask 1
Type: C, Coords [-0.607 25.499 12.473], Mask 1
Type: C, Coords [-0.733 26.608 13.298], Mask 1
Type: C, Coords [-1.496 27.686 12.894], Mask 1
Type: N, Coords [ 0.169 24.408 12.88 ], Mask 1
Type: C, Coords [-0.261 23.545 13.992], Mask 1
Type: C, Coords [-0.19  22.086 13.527], Mask 1
Type: O, Coords [ 1.108 21.826 12.987], Mask 1
Type: C, Coords [ 1.428 22.604 11.831], Mask 1
Type: C, Coords [ 1.437 24.086 12.205], Mask 1
Designing protein from this path: /home/tedeschg/prj/protein-perturbation/data/cdk2/03.complexes_dude/actives_77_CHEMBL434700_best_CNNaffinity.pdb
These residues will be redesigned:  ['A1', 'A2', 'A3', 'A4', 'A5', 'A6', 'A7', 'A8', 'A9', 'A10', 'A11', 'A12', 'A15', 'A16', 'A17', 'A18', 'A19', 'A20', 'A21', 'A22', 'A23', 'A24', 'A25', 'A26', 'A27', 'A28', 'A29', 'A30', 'A31', 'A32', 'A33', 'A34', 'A35', 'A44', 'A45', 'A46', 'A47', 'A48', 'A49', 'A50', 'A51', 'A52', 'A53', 'A54', 'A55', 'A56', 'A57', 'A58', 'A59', 'A60', 'A61', 'A62', 'A63', 'A64', 'A65', 'A66', 'A67', 'A68', 'A69', 'A70', 'A71', 'A72', 'A73', 'A74', 'A75', 'A76', 'A77', 'A78', 'A79', 'A80', 'A81', 'A82', 'A83', 'A84', 'A85', 'A86', 'A87', 'A88', 'A89', 'A90', 'A91', 'A92', 'A93', 'A94', 'A95', 'A96', 'A97', 'A98', 'A99', 'A100', 'A101', 'A102', 'A103', 'A104', 'A105', 'A106', 'A107', 'A108', 'A109', 'A110', 'A111', 'A112', 'A113', 'A114', 'A115', 'A116', 'A117', 'A118', 'A119', 'A120', 'A121', 'A122', 'A123', 'A124', 'A125', 'A126', 'A127', 'A128', 'A129', 'A130', 'A131', 'A132', 'A133', 'A134', 'A135', 'A136', 'A137', 'A138', 'A139', 'A140', 'A141', 'A142', 'A143', 'A144', 'A145', 'A146', 'A147', 'A148', 'A149', 'A150', 'A151', 'A162', 'A163', 'A164', 'A165', 'A166', 'A167', 'A168', 'A169', 'A170', 'A171', 'A172', 'A173', 'A174', 'A175', 'A176', 'A177', 'A178', 'A179', 'A180', 'A181', 'A182', 'A183', 'A184', 'A185', 'A186', 'A187', 'A188', 'A189', 'A190', 'A191', 'A192', 'A193', 'A194', 'A195', 'A196', 'A197', 'A198', 'A199', 'A200', 'A201', 'A202', 'A203', 'A204', 'A205', 'A206', 'A207', 'A208', 'A209', 'A210', 'A211', 'A212', 'A213', 'A214', 'A215', 'A216', 'A217', 'A218', 'A219', 'A220', 'A221', 'A222', 'A223', 'A224', 'A225', 'A226', 'A227', 'A228', 'A229', 'A230', 'A231', 'A232', 'A233', 'A234', 'A235', 'A236', 'A237', 'A238', 'A239', 'A240', 'A241', 'A242', 'A243', 'A244', 'A245', 'A246', 'A247', 'A248', 'A249', 'A250', 'A251', 'A252', 'A253', 'A254', 'A255', 'A256', 'A257', 'A258', 'A259', 'A260', 'A261', 'A262', 'A263', 'A264', 'A265', 'A266', 'A267', 'A268', 'A269', 'A270', 'A271', 'A272', 'A273', 'A274', 'A275', 'A276', 'A277', 'A278', 'A279', 'A280', 'A281', 'A282', 'A283', 'A284', 'A285', 'A286', 'A287', 'A288', 'A289', 'A290', 'A291', 'A292', 'A293', 'A294', 'A295', 'A296', 'A297', 'A298']
These residues will be fixed:  []
The number of ligand atoms parsed is equal to: 22
Type: C, Coords [-3.032 31.447  9.773], Mask 1
Type: C, Coords [-1.939 31.765  8.983], Mask 1
Type: C, Coords [-0.858 30.897  8.904], Mask 1
Type: C, Coords [-0.876 29.694  9.631], Mask 1
Type: C, Coords [-1.987 29.384 10.426], Mask 1
Type: C, Coords [-3.059 30.269 10.49 ], Mask 1
Type: C, Coords [ 0.381 28.962  9.375], Mask 1
Type: O, Coords [ 0.692 27.884  9.845], Mask 1
Type: C, Coords [ 1.186 29.768  8.451], Mask 1
Type: C, Coords [ 0.419 30.98   8.152], Mask 1
Type: N, Coords [ 1.135 31.703  7.327], Mask 1
Type: N, Coords [ 2.34  31.049  7.054], Mask 1
Type: C, Coords [ 2.378 29.867  7.737], Mask 1
Type: N, Coords [-2.018 28.196 11.15 ], Mask 1
Type: C, Coords [-3.175 27.766 11.691], Mask 1
Type: O, Coords [-4.211 28.361 11.462], Mask 1
Type: N, Coords [-3.185 26.678 12.486], Mask 1
Type: C, Coords [ 3.467 28.886  7.721], Mask 1
Type: C, Coords [ 4.048 28.313  8.817], Mask 1
Type: C, Coords [ 5.04  27.441  8.339], Mask 1
Type: C, Coords [ 5.022 27.519  6.992], Mask 1
Type: O, Coords [ 4.069 28.387  6.622], Mask 1
Designing protein from this path: /home/tedeschg/prj/protein-perturbation/data/cdk2/03.complexes_dude/actives_78_CHEMBL103355_best_CNNaffinity.pdb
These residues will be redesigned:  ['A1', 'A2', 'A3', 'A4', 'A5', 'A6', 'A7', 'A8', 'A9', 'A10', 'A11', 'A12', 'A15', 'A16', 'A17', 'A18', 'A19', 'A20', 'A21', 'A22', 'A23', 'A24', 'A25', 'A26', 'A27', 'A28', 'A29', 'A30', 'A31', 'A32', 'A33', 'A34', 'A35', 'A44', 'A45', 'A46', 'A47', 'A48', 'A49', 'A50', 'A51', 'A52', 'A53', 'A54', 'A55', 'A56', 'A57', 'A58', 'A59', 'A60', 'A61', 'A62', 'A63', 'A64', 'A65', 'A66', 'A67', 'A68', 'A69', 'A70', 'A71', 'A72', 'A73', 'A74', 'A75', 'A76', 'A77', 'A78', 'A79', 'A80', 'A81', 'A82', 'A83', 'A84', 'A85', 'A86', 'A87', 'A88', 'A89', 'A90', 'A91', 'A92', 'A93', 'A94', 'A95', 'A96', 'A97', 'A98', 'A99', 'A100', 'A101', 'A102', 'A103', 'A104', 'A105', 'A106', 'A107', 'A108', 'A109', 'A110', 'A111', 'A112', 'A113', 'A114', 'A115', 'A116', 'A117', 'A118', 'A119', 'A120', 'A121', 'A122', 'A123', 'A124', 'A125', 'A126', 'A127', 'A128', 'A129', 'A130', 'A131', 'A132', 'A133', 'A134', 'A135', 'A136', 'A137', 'A138', 'A139', 'A140', 'A141', 'A142', 'A143', 'A144', 'A145', 'A146', 'A147', 'A148', 'A149', 'A150', 'A151', 'A162', 'A163', 'A164', 'A165', 'A166', 'A167', 'A168', 'A169', 'A170', 'A171', 'A172', 'A173', 'A174', 'A175', 'A176', 'A177', 'A178', 'A179', 'A180', 'A181', 'A182', 'A183', 'A184', 'A185', 'A186', 'A187', 'A188', 'A189', 'A190', 'A191', 'A192', 'A193', 'A194', 'A195', 'A196', 'A197', 'A198', 'A199', 'A200', 'A201', 'A202', 'A203', 'A204', 'A205', 'A206', 'A207', 'A208', 'A209', 'A210', 'A211', 'A212', 'A213', 'A214', 'A215', 'A216', 'A217', 'A218', 'A219', 'A220', 'A221', 'A222', 'A223', 'A224', 'A225', 'A226', 'A227', 'A228', 'A229', 'A230', 'A231', 'A232', 'A233', 'A234', 'A235', 'A236', 'A237', 'A238', 'A239', 'A240', 'A241', 'A242', 'A243', 'A244', 'A245', 'A246', 'A247', 'A248', 'A249', 'A250', 'A251', 'A252', 'A253', 'A254', 'A255', 'A256', 'A257', 'A258', 'A259', 'A260', 'A261', 'A262', 'A263', 'A264', 'A265', 'A266', 'A267', 'A268', 'A269', 'A270', 'A271', 'A272', 'A273', 'A274', 'A275', 'A276', 'A277', 'A278', 'A279', 'A280', 'A281', 'A282', 'A283', 'A284', 'A285', 'A286', 'A287', 'A288', 'A289', 'A290', 'A291', 'A292', 'A293', 'A294', 'A295', 'A296', 'A297', 'A298']
These residues will be fixed:  []
The number of ligand atoms parsed is equal to: 26
Type: C, Coords [-1.483 30.605  9.36 ], Mask 1
Type: C, Coords [-2.76  30.98   8.936], Mask 1
Type: C, Coords [-3.854 30.463  9.602], Mask 1
Type: N, Coords [-3.661 29.632 10.617], Mask 1
Type: C, Coords [-2.438 29.293 10.997], Mask 1
Type: N, Coords [-1.364 29.764 10.381], Mask 1
Type: N, Coords [-0.357 31.099  8.72 ], Mask 1
Type: C, Coords [ 2.419 27.385 10.354], Mask 1
Type: C, Coords [ 2.151 28.487  9.362], Mask 1
Type: C, Coords [ 3.029 28.703  8.316], Mask 1
Type: C, Coords [ 2.787 29.713  7.403], Mask 1
Type: C, Coords [ 1.665 30.51   7.533], Mask 1
Type: C, Coords [ 0.78  30.295  8.584], Mask 1
Type: C, Coords [ 1.025 29.276  9.495], Mask 1
Type: F, Coords [ 1.429 31.497  6.641], Mask 1
Type: N, Coords [-2.279 28.422 12.062], Mask 1
Type: C, Coords [-1.542 27.245 11.898], Mask 1
Type: C, Coords [-0.688 26.813 12.905], Mask 1
Type: C, Coords [ 0.038 25.65  12.741], Mask 1
Type: C, Coords [-0.083 24.917 11.575], Mask 1
Type: C, Coords [-0.932 25.344 10.57 ], Mask 1
Type: C, Coords [-1.666 26.503 10.731], Mask 1
Type: S, Coords [ 0.846 23.434 11.368], Mask 1
Type: O, Coords [ 1.829 23.424 12.395], Mask 1
Type: O, Coords [-0.097 22.383 11.207], Mask 1
Type: N, Coords [ 1.662 23.563  9.933], Mask 1
Designing protein from this path: /home/tedeschg/prj/protein-perturbation/data/cdk2/03.complexes_dude/actives_79_CHEMBL272028_best_CNNaffinity.pdb
These residues will be redesigned:  ['A1', 'A2', 'A3', 'A4', 'A5', 'A6', 'A7', 'A8', 'A9', 'A10', 'A11', 'A12', 'A15', 'A16', 'A17', 'A18', 'A19', 'A20', 'A21', 'A22', 'A23', 'A24', 'A25', 'A26', 'A27', 'A28', 'A29', 'A30', 'A31', 'A32', 'A33', 'A34', 'A35', 'A44', 'A45', 'A46', 'A47', 'A48', 'A49', 'A50', 'A51', 'A52', 'A53', 'A54', 'A55', 'A56', 'A57', 'A58', 'A59', 'A60', 'A61', 'A62', 'A63', 'A64', 'A65', 'A66', 'A67', 'A68', 'A69', 'A70', 'A71', 'A72', 'A73', 'A74', 'A75', 'A76', 'A77', 'A78', 'A79', 'A80', 'A81', 'A82', 'A83', 'A84', 'A85', 'A86', 'A87', 'A88', 'A89', 'A90', 'A91', 'A92', 'A93', 'A94', 'A95', 'A96', 'A97', 'A98', 'A99', 'A100', 'A101', 'A102', 'A103', 'A104', 'A105', 'A106', 'A107', 'A108', 'A109', 'A110', 'A111', 'A112', 'A113', 'A114', 'A115', 'A116', 'A117', 'A118', 'A119', 'A120', 'A121', 'A122', 'A123', 'A124', 'A125', 'A126', 'A127', 'A128', 'A129', 'A130', 'A131', 'A132', 'A133', 'A134', 'A135', 'A136', 'A137', 'A138', 'A139', 'A140', 'A141', 'A142', 'A143', 'A144', 'A145', 'A146', 'A147', 'A148', 'A149', 'A150', 'A151', 'A162', 'A163', 'A164', 'A165', 'A166', 'A167', 'A168', 'A169', 'A170', 'A171', 'A172', 'A173', 'A174', 'A175', 'A176', 'A177', 'A178', 'A179', 'A180', 'A181', 'A182', 'A183', 'A184', 'A185', 'A186', 'A187', 'A188', 'A189', 'A190', 'A191', 'A192', 'A193', 'A194', 'A195', 'A196', 'A197', 'A198', 'A199', 'A200', 'A201', 'A202', 'A203', 'A204', 'A205', 'A206', 'A207', 'A208', 'A209', 'A210', 'A211', 'A212', 'A213', 'A214', 'A215', 'A216', 'A217', 'A218', 'A219', 'A220', 'A221', 'A222', 'A223', 'A224', 'A225', 'A226', 'A227', 'A228', 'A229', 'A230', 'A231', 'A232', 'A233', 'A234', 'A235', 'A236', 'A237', 'A238', 'A239', 'A240', 'A241', 'A242', 'A243', 'A244', 'A245', 'A246', 'A247', 'A248', 'A249', 'A250', 'A251', 'A252', 'A253', 'A254', 'A255', 'A256', 'A257', 'A258', 'A259', 'A260', 'A261', 'A262', 'A263', 'A264', 'A265', 'A266', 'A267', 'A268', 'A269', 'A270', 'A271', 'A272', 'A273', 'A274', 'A275', 'A276', 'A277', 'A278', 'A279', 'A280', 'A281', 'A282', 'A283', 'A284', 'A285', 'A286', 'A287', 'A288', 'A289', 'A290', 'A291', 'A292', 'A293', 'A294', 'A295', 'A296', 'A297', 'A298']
These residues will be fixed:  []
The number of ligand atoms parsed is equal to: 32
Type: N, Coords [ 2.104 29.506  8.458], Mask 1
Type: C, Coords [ 1.119 30.376  8.45 ], Mask 1
Type: C, Coords [-0.188 30.267  9.141], Mask 1
Type: C, Coords [-0.754 29.294  9.951], Mask 1
Type: C, Coords [-2.037 29.486 10.463], Mask 1
Type: C, Coords [-2.741 30.655 10.156], Mask 1
Type: C, Coords [-2.177 31.618  9.351], Mask 1
Type: C, Coords [-0.895 31.439  8.834], Mask 1
Type: N, Coords [-0.116 32.241  8.014], Mask 1
Type: C, Coords [ 1.076 31.676  7.76 ], Mask 1
Type: O, Coords [ 1.963 32.153  7.076], Mask 1
Type: C, Coords [-2.651 28.457 11.327], Mask 1
Type: O, Coords [-3.859 28.416 11.458], Mask 1
Type: N, Coords [-1.872 27.565 11.97 ], Mask 1
Type: C, Coords [-2.481 26.545 12.827], Mask 1
Type: C, Coords [-1.519 25.365 12.978], Mask 1
Type: C, Coords [-0.482 25.419 11.886], Mask 1
Type: C, Coords [-0.625 24.94  10.635], Mask 1
Type: N, Coords [ 0.548 25.197  9.977], Mask 1
Type: C, Coords [ 1.367 25.824 10.849], Mask 1
Type: N, Coords [ 0.742 25.958 11.987], Mask 1
Type: N, Coords [ 3.188 29.753  7.805], Mask 1
Type: C, Coords [ 4.799 27.981  8.102], Mask 1
Type: C, Coords [ 5.543 26.942  7.579], Mask 1
Type: C, Coords [ 5.437 26.62   6.239], Mask 1
Type: C, Coords [ 4.585 27.336  5.417], Mask 1
Type: C, Coords [ 3.838 28.376  5.933], Mask 1
Type: C, Coords [ 3.942 28.703  7.28 ], Mask 1
Type: S, Coords [ 6.389 25.294  5.575], Mask 1
Type: O, Coords [ 6.879 24.552  6.684], Mask 1
Type: O, Coords [ 5.603 24.703  4.55 ], Mask 1
Type: N, Coords [ 7.71  25.963  4.833], Mask 1
Designing protein from this path: /home/tedeschg/prj/protein-perturbation/data/cdk2/03.complexes_dude/actives_80_CHEMBL112442_best_CNNaffinity.pdb
These residues will be redesigned:  ['A1', 'A2', 'A3', 'A4', 'A5', 'A6', 'A7', 'A8', 'A9', 'A10', 'A11', 'A12', 'A15', 'A16', 'A17', 'A18', 'A19', 'A20', 'A21', 'A22', 'A23', 'A24', 'A25', 'A26', 'A27', 'A28', 'A29', 'A30', 'A31', 'A32', 'A33', 'A34', 'A35', 'A44', 'A45', 'A46', 'A47', 'A48', 'A49', 'A50', 'A51', 'A52', 'A53', 'A54', 'A55', 'A56', 'A57', 'A58', 'A59', 'A60', 'A61', 'A62', 'A63', 'A64', 'A65', 'A66', 'A67', 'A68', 'A69', 'A70', 'A71', 'A72', 'A73', 'A74', 'A75', 'A76', 'A77', 'A78', 'A79', 'A80', 'A81', 'A82', 'A83', 'A84', 'A85', 'A86', 'A87', 'A88', 'A89', 'A90', 'A91', 'A92', 'A93', 'A94', 'A95', 'A96', 'A97', 'A98', 'A99', 'A100', 'A101', 'A102', 'A103', 'A104', 'A105', 'A106', 'A107', 'A108', 'A109', 'A110', 'A111', 'A112', 'A113', 'A114', 'A115', 'A116', 'A117', 'A118', 'A119', 'A120', 'A121', 'A122', 'A123', 'A124', 'A125', 'A126', 'A127', 'A128', 'A129', 'A130', 'A131', 'A132', 'A133', 'A134', 'A135', 'A136', 'A137', 'A138', 'A139', 'A140', 'A141', 'A142', 'A143', 'A144', 'A145', 'A146', 'A147', 'A148', 'A149', 'A150', 'A151', 'A162', 'A163', 'A164', 'A165', 'A166', 'A167', 'A168', 'A169', 'A170', 'A171', 'A172', 'A173', 'A174', 'A175', 'A176', 'A177', 'A178', 'A179', 'A180', 'A181', 'A182', 'A183', 'A184', 'A185', 'A186', 'A187', 'A188', 'A189', 'A190', 'A191', 'A192', 'A193', 'A194', 'A195', 'A196', 'A197', 'A198', 'A199', 'A200', 'A201', 'A202', 'A203', 'A204', 'A205', 'A206', 'A207', 'A208', 'A209', 'A210', 'A211', 'A212', 'A213', 'A214', 'A215', 'A216', 'A217', 'A218', 'A219', 'A220', 'A221', 'A222', 'A223', 'A224', 'A225', 'A226', 'A227', 'A228', 'A229', 'A230', 'A231', 'A232', 'A233', 'A234', 'A235', 'A236', 'A237', 'A238', 'A239', 'A240', 'A241', 'A242', 'A243', 'A244', 'A245', 'A246', 'A247', 'A248', 'A249', 'A250', 'A251', 'A252', 'A253', 'A254', 'A255', 'A256', 'A257', 'A258', 'A259', 'A260', 'A261', 'A262', 'A263', 'A264', 'A265', 'A266', 'A267', 'A268', 'A269', 'A270', 'A271', 'A272', 'A273', 'A274', 'A275', 'A276', 'A277', 'A278', 'A279', 'A280', 'A281', 'A282', 'A283', 'A284', 'A285', 'A286', 'A287', 'A288', 'A289', 'A290', 'A291', 'A292', 'A293', 'A294', 'A295', 'A296', 'A297', 'A298']
These residues will be fixed:  []
The number of ligand atoms parsed is equal to: 14
Type: C, Coords [ 0.097 28.962 10.728], Mask 1
Type: C, Coords [-0.215 30.12  10.085], Mask 1
Type: C, Coords [-1.482 30.521 10.516], Mask 1
Type: N, Coords [-1.919 29.644 11.383], Mask 1
Type: N, Coords [-0.945 28.648 11.531], Mask 1
Type: C, Coords [ 2.074 28.444  9.518], Mask 1
Type: O, Coords [ 1.77  29.275  8.689], Mask 1
Type: N, Coords [ 1.275 28.229 10.582], Mask 1
Type: C, Coords [ 3.347 27.652  9.36 ], Mask 1
Type: C, Coords [ 4.971 27.748  7.464], Mask 1
Type: C, Coords [ 4.399 28.514  8.659], Mask 1
Type: C, Coords [-2.22  31.753 10.06 ], Mask 1
Type: C, Coords [-1.386 32.989  9.716], Mask 1
Type: C, Coords [-2.221 32.963 10.998], Mask 1
Designing protein from this path: /home/tedeschg/prj/protein-perturbation/data/cdk2/03.complexes_dude/actives_81_CHEMBL460086_best_CNNaffinity.pdb
These residues will be redesigned:  ['A1', 'A2', 'A3', 'A4', 'A5', 'A6', 'A7', 'A8', 'A9', 'A10', 'A11', 'A12', 'A15', 'A16', 'A17', 'A18', 'A19', 'A20', 'A21', 'A22', 'A23', 'A24', 'A25', 'A26', 'A27', 'A28', 'A29', 'A30', 'A31', 'A32', 'A33', 'A34', 'A35', 'A44', 'A45', 'A46', 'A47', 'A48', 'A49', 'A50', 'A51', 'A52', 'A53', 'A54', 'A55', 'A56', 'A57', 'A58', 'A59', 'A60', 'A61', 'A62', 'A63', 'A64', 'A65', 'A66', 'A67', 'A68', 'A69', 'A70', 'A71', 'A72', 'A73', 'A74', 'A75', 'A76', 'A77', 'A78', 'A79', 'A80', 'A81', 'A82', 'A83', 'A84', 'A85', 'A86', 'A87', 'A88', 'A89', 'A90', 'A91', 'A92', 'A93', 'A94', 'A95', 'A96', 'A97', 'A98', 'A99', 'A100', 'A101', 'A102', 'A103', 'A104', 'A105', 'A106', 'A107', 'A108', 'A109', 'A110', 'A111', 'A112', 'A113', 'A114', 'A115', 'A116', 'A117', 'A118', 'A119', 'A120', 'A121', 'A122', 'A123', 'A124', 'A125', 'A126', 'A127', 'A128', 'A129', 'A130', 'A131', 'A132', 'A133', 'A134', 'A135', 'A136', 'A137', 'A138', 'A139', 'A140', 'A141', 'A142', 'A143', 'A144', 'A145', 'A146', 'A147', 'A148', 'A149', 'A150', 'A151', 'A162', 'A163', 'A164', 'A165', 'A166', 'A167', 'A168', 'A169', 'A170', 'A171', 'A172', 'A173', 'A174', 'A175', 'A176', 'A177', 'A178', 'A179', 'A180', 'A181', 'A182', 'A183', 'A184', 'A185', 'A186', 'A187', 'A188', 'A189', 'A190', 'A191', 'A192', 'A193', 'A194', 'A195', 'A196', 'A197', 'A198', 'A199', 'A200', 'A201', 'A202', 'A203', 'A204', 'A205', 'A206', 'A207', 'A208', 'A209', 'A210', 'A211', 'A212', 'A213', 'A214', 'A215', 'A216', 'A217', 'A218', 'A219', 'A220', 'A221', 'A222', 'A223', 'A224', 'A225', 'A226', 'A227', 'A228', 'A229', 'A230', 'A231', 'A232', 'A233', 'A234', 'A235', 'A236', 'A237', 'A238', 'A239', 'A240', 'A241', 'A242', 'A243', 'A244', 'A245', 'A246', 'A247', 'A248', 'A249', 'A250', 'A251', 'A252', 'A253', 'A254', 'A255', 'A256', 'A257', 'A258', 'A259', 'A260', 'A261', 'A262', 'A263', 'A264', 'A265', 'A266', 'A267', 'A268', 'A269', 'A270', 'A271', 'A272', 'A273', 'A274', 'A275', 'A276', 'A277', 'A278', 'A279', 'A280', 'A281', 'A282', 'A283', 'A284', 'A285', 'A286', 'A287', 'A288', 'A289', 'A290', 'A291', 'A292', 'A293', 'A294', 'A295', 'A296', 'A297', 'A298']
These residues will be fixed:  []
The number of ligand atoms parsed is equal to: 33
Type: C, Coords [ 4.421 28.434  7.167], Mask 1
Type: C, Coords [ 4.008 28.396  5.838], Mask 1
Type: C, Coords [ 4.298 27.3    5.058], Mask 1
Type: C, Coords [ 5.007 26.225  5.601], Mask 1
Type: C, Coords [ 5.421 26.267  6.935], Mask 1
Type: C, Coords [ 5.133 27.368  7.709], Mask 1
Type: C, Coords [ 5.319 25.048  4.767], Mask 1
Type: O, Coords [ 4.9   24.982  3.627], Mask 1
Type: N, Coords [ 6.068 24.046  5.268], Mask 1
Type: C, Coords [ 6.532 23.936  6.659], Mask 1
Type: C, Coords [ 7.327 22.619  6.774], Mask 1
Type: C, Coords [ 6.789 21.783  5.583], Mask 1
Type: C, Coords [ 6.553 22.876  4.515], Mask 1
Type: N, Coords [ 7.789 20.807  5.131], Mask 1
Type: C, Coords [ 7.11  19.595  4.652], Mask 1
Type: C, Coords [ 6.517 18.655  5.704], Mask 1
Type: C, Coords [ 7.779 18.25   4.94 ], Mask 1
Type: N, Coords [ 4.126 29.544  7.954], Mask 1
Type: C, Coords [ 0.656 29.898  8.7  ], Mask 1
Type: C, Coords [ 0.352 31.071  7.996], Mask 1
Type: C, Coords [ 1.363 31.694  7.29 ], Mask 1
Type: N, Coords [ 2.579 31.169  7.298], Mask 1
Type: C, Coords [ 2.84  30.059  7.973], Mask 1
Type: N, Coords [ 1.904 29.431  8.667], Mask 1
Type: C, Coords [-3.669 28.787 11.036], Mask 1
Type: C, Coords [-2.267 28.704 10.491], Mask 1
Type: N, Coords [-1.456 27.69  10.635], Mask 1
Type: C, Coords [-0.296 27.953 10.025], Mask 1
Type: C, Coords [-0.388 29.195  9.471], Mask 1
Type: N, Coords [-1.65  29.662  9.77 ], Mask 1
Type: C, Coords [-2.213 30.957  9.38 ], Mask 1
Type: C, Coords [-3.656 30.765  8.909], Mask 1
Type: C, Coords [-2.191 31.905 10.581], Mask 1
Designing protein from this path: /home/tedeschg/prj/protein-perturbation/data/cdk2/03.complexes_dude/actives_82_CHEMBL521871_best_CNNaffinity.pdb
These residues will be redesigned:  ['A1', 'A2', 'A3', 'A4', 'A5', 'A6', 'A7', 'A8', 'A9', 'A10', 'A11', 'A12', 'A15', 'A16', 'A17', 'A18', 'A19', 'A20', 'A21', 'A22', 'A23', 'A24', 'A25', 'A26', 'A27', 'A28', 'A29', 'A30', 'A31', 'A32', 'A33', 'A34', 'A35', 'A44', 'A45', 'A46', 'A47', 'A48', 'A49', 'A50', 'A51', 'A52', 'A53', 'A54', 'A55', 'A56', 'A57', 'A58', 'A59', 'A60', 'A61', 'A62', 'A63', 'A64', 'A65', 'A66', 'A67', 'A68', 'A69', 'A70', 'A71', 'A72', 'A73', 'A74', 'A75', 'A76', 'A77', 'A78', 'A79', 'A80', 'A81', 'A82', 'A83', 'A84', 'A85', 'A86', 'A87', 'A88', 'A89', 'A90', 'A91', 'A92', 'A93', 'A94', 'A95', 'A96', 'A97', 'A98', 'A99', 'A100', 'A101', 'A102', 'A103', 'A104', 'A105', 'A106', 'A107', 'A108', 'A109', 'A110', 'A111', 'A112', 'A113', 'A114', 'A115', 'A116', 'A117', 'A118', 'A119', 'A120', 'A121', 'A122', 'A123', 'A124', 'A125', 'A126', 'A127', 'A128', 'A129', 'A130', 'A131', 'A132', 'A133', 'A134', 'A135', 'A136', 'A137', 'A138', 'A139', 'A140', 'A141', 'A142', 'A143', 'A144', 'A145', 'A146', 'A147', 'A148', 'A149', 'A150', 'A151', 'A162', 'A163', 'A164', 'A165', 'A166', 'A167', 'A168', 'A169', 'A170', 'A171', 'A172', 'A173', 'A174', 'A175', 'A176', 'A177', 'A178', 'A179', 'A180', 'A181', 'A182', 'A183', 'A184', 'A185', 'A186', 'A187', 'A188', 'A189', 'A190', 'A191', 'A192', 'A193', 'A194', 'A195', 'A196', 'A197', 'A198', 'A199', 'A200', 'A201', 'A202', 'A203', 'A204', 'A205', 'A206', 'A207', 'A208', 'A209', 'A210', 'A211', 'A212', 'A213', 'A214', 'A215', 'A216', 'A217', 'A218', 'A219', 'A220', 'A221', 'A222', 'A223', 'A224', 'A225', 'A226', 'A227', 'A228', 'A229', 'A230', 'A231', 'A232', 'A233', 'A234', 'A235', 'A236', 'A237', 'A238', 'A239', 'A240', 'A241', 'A242', 'A243', 'A244', 'A245', 'A246', 'A247', 'A248', 'A249', 'A250', 'A251', 'A252', 'A253', 'A254', 'A255', 'A256', 'A257', 'A258', 'A259', 'A260', 'A261', 'A262', 'A263', 'A264', 'A265', 'A266', 'A267', 'A268', 'A269', 'A270', 'A271', 'A272', 'A273', 'A274', 'A275', 'A276', 'A277', 'A278', 'A279', 'A280', 'A281', 'A282', 'A283', 'A284', 'A285', 'A286', 'A287', 'A288', 'A289', 'A290', 'A291', 'A292', 'A293', 'A294', 'A295', 'A296', 'A297', 'A298']
These residues will be fixed:  []
The number of ligand atoms parsed is equal to: 36
Type: C, Coords [ 1.204 30.847  7.191], Mask 1
Type: N, Coords [ 1.391 32.157  7.275], Mask 1
Type: C, Coords [ 0.666 32.899  8.099], Mask 1
Type: C, Coords [-0.298 32.295  8.881], Mask 1
Type: C, Coords [-0.475 30.91   8.773], Mask 1
Type: N, Coords [ 0.288 30.228  7.918], Mask 1
Type: C, Coords [-1.493 30.217  9.588], Mask 1
Type: C, Coords [-2.807 30.64   9.812], Mask 1
Type: N, Coords [-3.407 29.765 10.586], Mask 1
Type: N, Coords [-2.515 28.734 10.901], Mask 1
Type: C, Coords [-1.327 29.006 10.279], Mask 1
Type: C, Coords [-0.248 28.122 10.423], Mask 1
Type: C, Coords [-0.404 27.    11.18 ], Mask 1
Type: C, Coords [-1.636 26.742 11.805], Mask 1
Type: N, Coords [-2.643 27.576 11.677], Mask 1
Type: N, Coords [-1.789 25.595 12.576], Mask 1
Type: C, Coords [-1.124 24.336 12.202], Mask 1
Type: C, Coords [-0.378 23.8   13.429], Mask 1
Type: O, Coords [-1.279 23.737 14.537], Mask 1
Type: C, Coords [-1.8   25.005 14.941], Mask 1
Type: C, Coords [-2.614 25.605 13.794], Mask 1
Type: N, Coords [ 1.984 30.109  6.317], Mask 1
Type: C, Coords [ 5.046 27.69   7.787], Mask 1
Type: C, Coords [ 4.194 28.341  8.667], Mask 1
Type: C, Coords [ 3.179 29.143  8.181], Mask 1
Type: C, Coords [ 3.013 29.297  6.811], Mask 1
Type: C, Coords [ 3.866 28.645  5.931], Mask 1
Type: C, Coords [ 4.884 27.848  6.419], Mask 1
Type: O, Coords [ 6.044 26.902  8.267], Mask 1
Type: C, Coords [ 5.892 25.49   8.103], Mask 1
Type: C, Coords [ 4.55  25.197  7.428], Mask 1
Type: O, Coords [ 3.589 24.828  8.419], Mask 1
Type: C, Coords [ 4.721 24.049  6.431], Mask 1
Type: C, Coords [ 5.899 23.643  4.381], Mask 1
Type: N, Coords [ 5.047 24.596  5.107], Mask 1
Type: C, Coords [ 3.808 24.82   4.35 ], Mask 1
Designing protein from this path: /home/tedeschg/prj/protein-perturbation/data/cdk2/03.complexes_dude/actives_83_CHEMBL337325_best_CNNaffinity.pdb
These residues will be redesigned:  ['A1', 'A2', 'A3', 'A4', 'A5', 'A6', 'A7', 'A8', 'A9', 'A10', 'A11', 'A12', 'A15', 'A16', 'A17', 'A18', 'A19', 'A20', 'A21', 'A22', 'A23', 'A24', 'A25', 'A26', 'A27', 'A28', 'A29', 'A30', 'A31', 'A32', 'A33', 'A34', 'A35', 'A44', 'A45', 'A46', 'A47', 'A48', 'A49', 'A50', 'A51', 'A52', 'A53', 'A54', 'A55', 'A56', 'A57', 'A58', 'A59', 'A60', 'A61', 'A62', 'A63', 'A64', 'A65', 'A66', 'A67', 'A68', 'A69', 'A70', 'A71', 'A72', 'A73', 'A74', 'A75', 'A76', 'A77', 'A78', 'A79', 'A80', 'A81', 'A82', 'A83', 'A84', 'A85', 'A86', 'A87', 'A88', 'A89', 'A90', 'A91', 'A92', 'A93', 'A94', 'A95', 'A96', 'A97', 'A98', 'A99', 'A100', 'A101', 'A102', 'A103', 'A104', 'A105', 'A106', 'A107', 'A108', 'A109', 'A110', 'A111', 'A112', 'A113', 'A114', 'A115', 'A116', 'A117', 'A118', 'A119', 'A120', 'A121', 'A122', 'A123', 'A124', 'A125', 'A126', 'A127', 'A128', 'A129', 'A130', 'A131', 'A132', 'A133', 'A134', 'A135', 'A136', 'A137', 'A138', 'A139', 'A140', 'A141', 'A142', 'A143', 'A144', 'A145', 'A146', 'A147', 'A148', 'A149', 'A150', 'A151', 'A162', 'A163', 'A164', 'A165', 'A166', 'A167', 'A168', 'A169', 'A170', 'A171', 'A172', 'A173', 'A174', 'A175', 'A176', 'A177', 'A178', 'A179', 'A180', 'A181', 'A182', 'A183', 'A184', 'A185', 'A186', 'A187', 'A188', 'A189', 'A190', 'A191', 'A192', 'A193', 'A194', 'A195', 'A196', 'A197', 'A198', 'A199', 'A200', 'A201', 'A202', 'A203', 'A204', 'A205', 'A206', 'A207', 'A208', 'A209', 'A210', 'A211', 'A212', 'A213', 'A214', 'A215', 'A216', 'A217', 'A218', 'A219', 'A220', 'A221', 'A222', 'A223', 'A224', 'A225', 'A226', 'A227', 'A228', 'A229', 'A230', 'A231', 'A232', 'A233', 'A234', 'A235', 'A236', 'A237', 'A238', 'A239', 'A240', 'A241', 'A242', 'A243', 'A244', 'A245', 'A246', 'A247', 'A248', 'A249', 'A250', 'A251', 'A252', 'A253', 'A254', 'A255', 'A256', 'A257', 'A258', 'A259', 'A260', 'A261', 'A262', 'A263', 'A264', 'A265', 'A266', 'A267', 'A268', 'A269', 'A270', 'A271', 'A272', 'A273', 'A274', 'A275', 'A276', 'A277', 'A278', 'A279', 'A280', 'A281', 'A282', 'A283', 'A284', 'A285', 'A286', 'A287', 'A288', 'A289', 'A290', 'A291', 'A292', 'A293', 'A294', 'A295', 'A296', 'A297', 'A298']
These residues will be fixed:  []
The number of ligand atoms parsed is equal to: 36
Type: C, Coords [-0.658 26.08  12.149], Mask 1
Type: C, Coords [-1.82  26.799 11.843], Mask 1
Type: C, Coords [-2.935 26.684 12.621], Mask 1
Type: C, Coords [-2.931 25.846 13.735], Mask 1
Type: C, Coords [-1.769 25.12  14.051], Mask 1
Type: C, Coords [-0.636 25.233 13.256], Mask 1
Type: C, Coords [-2.09  24.344 15.265], Mask 1
Type: C, Coords [-3.401 24.654 15.587], Mask 1
Type: N, Coords [-3.89  25.541 14.678], Mask 1
Type: O, Coords [-4.088 24.152 16.638], Mask 1
Type: N, Coords [ 1.005 27.439 10.978], Mask 1
Type: C, Coords [ 0.541 26.215 11.298], Mask 1
Type: O, Coords [ 1.109 25.223 10.886], Mask 1
Type: C, Coords [ 2.195 27.573 10.133], Mask 1
Type: C, Coords [ 0.821 29.444  9.184], Mask 1
Type: C, Coords [ 0.641 30.488  8.289], Mask 1
Type: C, Coords [ 1.626 30.788  7.367], Mask 1
Type: C, Coords [ 2.793 30.049  7.335], Mask 1
Type: C, Coords [ 2.978 29.003  8.229], Mask 1
Type: C, Coords [ 1.994 28.704  9.158], Mask 1
Type: C, Coords [-1.012 30.216 10.485], Mask 1
Type: O, Coords [-0.149 29.149 10.089], Mask 1
Type: O, Coords [ 4.126 28.277  8.197], Mask 1
Type: C, Coords [ 4.638 27.928  6.909], Mask 1
Type: N, Coords [-1.27  23.502 15.927], Mask 1
Type: N, Coords [-1.715 22.366 16.348], Mask 1
Type: C, Coords [-2.835 21.82  15.784], Mask 1
Type: C, Coords [-3.945 21.519 16.578], Mask 1
Type: C, Coords [-5.071 20.968 16.003], Mask 1
Type: C, Coords [-5.104 20.714 14.643], Mask 1
Type: C, Coords [-4.009 21.009 13.851], Mask 1
Type: C, Coords [-2.878 21.565 14.411], Mask 1
Type: S, Coords [-6.547 20.011 13.918], Mask 1
Type: O, Coords [-7.393 21.096 13.562], Mask 1
Type: O, Coords [-6.099 19.052 12.97 ], Mask 1
Type: N, Coords [-7.333 19.169 15.108], Mask 1
Designing protein from this path: /home/tedeschg/prj/protein-perturbation/data/cdk2/03.complexes_dude/actives_84_CHEMBL421207_best_CNNaffinity.pdb
These residues will be redesigned:  ['A1', 'A2', 'A3', 'A4', 'A5', 'A6', 'A7', 'A8', 'A9', 'A10', 'A11', 'A12', 'A15', 'A16', 'A17', 'A18', 'A19', 'A20', 'A21', 'A22', 'A23', 'A24', 'A25', 'A26', 'A27', 'A28', 'A29', 'A30', 'A31', 'A32', 'A33', 'A34', 'A35', 'A44', 'A45', 'A46', 'A47', 'A48', 'A49', 'A50', 'A51', 'A52', 'A53', 'A54', 'A55', 'A56', 'A57', 'A58', 'A59', 'A60', 'A61', 'A62', 'A63', 'A64', 'A65', 'A66', 'A67', 'A68', 'A69', 'A70', 'A71', 'A72', 'A73', 'A74', 'A75', 'A76', 'A77', 'A78', 'A79', 'A80', 'A81', 'A82', 'A83', 'A84', 'A85', 'A86', 'A87', 'A88', 'A89', 'A90', 'A91', 'A92', 'A93', 'A94', 'A95', 'A96', 'A97', 'A98', 'A99', 'A100', 'A101', 'A102', 'A103', 'A104', 'A105', 'A106', 'A107', 'A108', 'A109', 'A110', 'A111', 'A112', 'A113', 'A114', 'A115', 'A116', 'A117', 'A118', 'A119', 'A120', 'A121', 'A122', 'A123', 'A124', 'A125', 'A126', 'A127', 'A128', 'A129', 'A130', 'A131', 'A132', 'A133', 'A134', 'A135', 'A136', 'A137', 'A138', 'A139', 'A140', 'A141', 'A142', 'A143', 'A144', 'A145', 'A146', 'A147', 'A148', 'A149', 'A150', 'A151', 'A162', 'A163', 'A164', 'A165', 'A166', 'A167', 'A168', 'A169', 'A170', 'A171', 'A172', 'A173', 'A174', 'A175', 'A176', 'A177', 'A178', 'A179', 'A180', 'A181', 'A182', 'A183', 'A184', 'A185', 'A186', 'A187', 'A188', 'A189', 'A190', 'A191', 'A192', 'A193', 'A194', 'A195', 'A196', 'A197', 'A198', 'A199', 'A200', 'A201', 'A202', 'A203', 'A204', 'A205', 'A206', 'A207', 'A208', 'A209', 'A210', 'A211', 'A212', 'A213', 'A214', 'A215', 'A216', 'A217', 'A218', 'A219', 'A220', 'A221', 'A222', 'A223', 'A224', 'A225', 'A226', 'A227', 'A228', 'A229', 'A230', 'A231', 'A232', 'A233', 'A234', 'A235', 'A236', 'A237', 'A238', 'A239', 'A240', 'A241', 'A242', 'A243', 'A244', 'A245', 'A246', 'A247', 'A248', 'A249', 'A250', 'A251', 'A252', 'A253', 'A254', 'A255', 'A256', 'A257', 'A258', 'A259', 'A260', 'A261', 'A262', 'A263', 'A264', 'A265', 'A266', 'A267', 'A268', 'A269', 'A270', 'A271', 'A272', 'A273', 'A274', 'A275', 'A276', 'A277', 'A278', 'A279', 'A280', 'A281', 'A282', 'A283', 'A284', 'A285', 'A286', 'A287', 'A288', 'A289', 'A290', 'A291', 'A292', 'A293', 'A294', 'A295', 'A296', 'A297', 'A298']
These residues will be fixed:  []
The number of ligand atoms parsed is equal to: 20
Type: C, Coords [ 0.478 30.314  8.698], Mask 1
Type: C, Coords [ 0.897 30.7    7.416], Mask 1
Type: C, Coords [ 2.023 30.167  6.868], Mask 1
Type: C, Coords [ 2.773 29.226  7.584], Mask 1
Type: C, Coords [ 2.362 28.831  8.873], Mask 1
Type: C, Coords [ 1.213 29.386  9.426], Mask 1
Type: N, Coords [ 3.279 27.914  9.318], Mask 1
Type: N, Coords [ 4.255 27.726  8.334], Mask 1
Type: C, Coords [ 3.997 28.478  7.297], Mask 1
Type: C, Coords [-2.198 32.293 10.224], Mask 1
Type: C, Coords [-0.867 32.16   9.78 ], Mask 1
Type: C, Coords [-0.746 30.901  9.279], Mask 1
Type: O, Coords [-1.936 30.284  9.405], Mask 1
Type: C, Coords [-2.817 31.122  9.975], Mask 1
Type: N, Coords [ 4.756 28.554  6.124], Mask 1
Type: C, Coords [ 4.599 27.626  5.159], Mask 1
Type: O, Coords [ 3.801 26.725  5.308], Mask 1
Type: C, Coords [ 5.416 27.708  3.895], Mask 1
Type: C, Coords [ 4.8   27.135  2.617], Mask 1
Type: C, Coords [ 5.947 26.398  3.311], Mask 1
Designing protein from this path: /home/tedeschg/prj/protein-perturbation/data/cdk2/03.complexes_dude/actives_85_CHEMBL139527_best_CNNaffinity.pdb
These residues will be redesigned:  ['A1', 'A2', 'A3', 'A4', 'A5', 'A6', 'A7', 'A8', 'A9', 'A10', 'A11', 'A12', 'A15', 'A16', 'A17', 'A18', 'A19', 'A20', 'A21', 'A22', 'A23', 'A24', 'A25', 'A26', 'A27', 'A28', 'A29', 'A30', 'A31', 'A32', 'A33', 'A34', 'A35', 'A44', 'A45', 'A46', 'A47', 'A48', 'A49', 'A50', 'A51', 'A52', 'A53', 'A54', 'A55', 'A56', 'A57', 'A58', 'A59', 'A60', 'A61', 'A62', 'A63', 'A64', 'A65', 'A66', 'A67', 'A68', 'A69', 'A70', 'A71', 'A72', 'A73', 'A74', 'A75', 'A76', 'A77', 'A78', 'A79', 'A80', 'A81', 'A82', 'A83', 'A84', 'A85', 'A86', 'A87', 'A88', 'A89', 'A90', 'A91', 'A92', 'A93', 'A94', 'A95', 'A96', 'A97', 'A98', 'A99', 'A100', 'A101', 'A102', 'A103', 'A104', 'A105', 'A106', 'A107', 'A108', 'A109', 'A110', 'A111', 'A112', 'A113', 'A114', 'A115', 'A116', 'A117', 'A118', 'A119', 'A120', 'A121', 'A122', 'A123', 'A124', 'A125', 'A126', 'A127', 'A128', 'A129', 'A130', 'A131', 'A132', 'A133', 'A134', 'A135', 'A136', 'A137', 'A138', 'A139', 'A140', 'A141', 'A142', 'A143', 'A144', 'A145', 'A146', 'A147', 'A148', 'A149', 'A150', 'A151', 'A162', 'A163', 'A164', 'A165', 'A166', 'A167', 'A168', 'A169', 'A170', 'A171', 'A172', 'A173', 'A174', 'A175', 'A176', 'A177', 'A178', 'A179', 'A180', 'A181', 'A182', 'A183', 'A184', 'A185', 'A186', 'A187', 'A188', 'A189', 'A190', 'A191', 'A192', 'A193', 'A194', 'A195', 'A196', 'A197', 'A198', 'A199', 'A200', 'A201', 'A202', 'A203', 'A204', 'A205', 'A206', 'A207', 'A208', 'A209', 'A210', 'A211', 'A212', 'A213', 'A214', 'A215', 'A216', 'A217', 'A218', 'A219', 'A220', 'A221', 'A222', 'A223', 'A224', 'A225', 'A226', 'A227', 'A228', 'A229', 'A230', 'A231', 'A232', 'A233', 'A234', 'A235', 'A236', 'A237', 'A238', 'A239', 'A240', 'A241', 'A242', 'A243', 'A244', 'A245', 'A246', 'A247', 'A248', 'A249', 'A250', 'A251', 'A252', 'A253', 'A254', 'A255', 'A256', 'A257', 'A258', 'A259', 'A260', 'A261', 'A262', 'A263', 'A264', 'A265', 'A266', 'A267', 'A268', 'A269', 'A270', 'A271', 'A272', 'A273', 'A274', 'A275', 'A276', 'A277', 'A278', 'A279', 'A280', 'A281', 'A282', 'A283', 'A284', 'A285', 'A286', 'A287', 'A288', 'A289', 'A290', 'A291', 'A292', 'A293', 'A294', 'A295', 'A296', 'A297', 'A298']
These residues will be fixed:  []
The number of ligand atoms parsed is equal to: 35
Type: C, Coords [ 5.258 26.737  6.991], Mask 1
Type: C, Coords [ 5.095 27.035  8.332], Mask 1
Type: C, Coords [ 4.274 28.074  8.716], Mask 1
Type: C, Coords [ 3.606 28.827  7.747], Mask 1
Type: C, Coords [ 3.776 28.521  6.395], Mask 1
Type: C, Coords [ 4.605 27.482  6.025], Mask 1
Type: S, Coords [ 6.31  25.408  6.51 ], Mask 1
Type: O, Coords [ 6.156 24.392  7.492], Mask 1
Type: O, Coords [ 7.572 25.981  6.197], Mask 1
Type: N, Coords [ 5.707 24.793  5.095], Mask 1
Type: C, Coords [ 9.073 27.957  1.301], Mask 1
Type: C, Coords [ 8.018 28.361  0.501], Mask 1
Type: C, Coords [ 6.717 28.068  0.865], Mask 1
Type: C, Coords [ 6.48  27.366  2.039], Mask 1
Type: C, Coords [ 7.549 26.96   2.845], Mask 1
Type: C, Coords [ 8.839 27.256  2.473], Mask 1
Type: C, Coords [ 7.238 26.201  4.107], Mask 1
Type: N, Coords [ 6.063 25.352  3.901], Mask 1
Type: C, Coords [ 4.978 26.055  3.392], Mask 1
Type: C, Coords [ 5.115 27.019  2.491], Mask 1
Type: N, Coords [ 2.79  29.859  8.121], Mask 1
Type: C, Coords [ 1.519 29.836  7.806], Mask 1
Type: C, Coords [ 0.673 30.905  8.193], Mask 1
Type: C, Coords [-0.489 30.829  9.1  ], Mask 1
Type: C, Coords [-1.003 32.133  9.177], Mask 1
Type: C, Coords [-2.123 32.372  9.975], Mask 1
Type: C, Coords [-2.723 31.375 10.675], Mask 1
Type: C, Coords [-2.235 30.048 10.624], Mask 1
Type: C, Coords [-1.104 29.815  9.815], Mask 1
Type: S, Coords [-0.843 28.075 10.037], Mask 1
Type: C, Coords [-2.123 27.777 11.088], Mask 1
Type: N, Coords [-2.69  28.938 11.242], Mask 1
Type: N, Coords [-0.22  32.948  8.381], Mask 1
Type: C, Coords [ 0.777 32.23   7.8  ], Mask 1
Type: O, Coords [ 1.719 32.728  6.967], Mask 1
Designing protein from this path: /home/tedeschg/prj/protein-perturbation/data/cdk2/03.complexes_dude/actives_86_CHEMBL1082152_best_CNNaffinity.pdb
These residues will be redesigned:  ['A1', 'A2', 'A3', 'A4', 'A5', 'A6', 'A7', 'A8', 'A9', 'A10', 'A11', 'A12', 'A15', 'A16', 'A17', 'A18', 'A19', 'A20', 'A21', 'A22', 'A23', 'A24', 'A25', 'A26', 'A27', 'A28', 'A29', 'A30', 'A31', 'A32', 'A33', 'A34', 'A35', 'A44', 'A45', 'A46', 'A47', 'A48', 'A49', 'A50', 'A51', 'A52', 'A53', 'A54', 'A55', 'A56', 'A57', 'A58', 'A59', 'A60', 'A61', 'A62', 'A63', 'A64', 'A65', 'A66', 'A67', 'A68', 'A69', 'A70', 'A71', 'A72', 'A73', 'A74', 'A75', 'A76', 'A77', 'A78', 'A79', 'A80', 'A81', 'A82', 'A83', 'A84', 'A85', 'A86', 'A87', 'A88', 'A89', 'A90', 'A91', 'A92', 'A93', 'A94', 'A95', 'A96', 'A97', 'A98', 'A99', 'A100', 'A101', 'A102', 'A103', 'A104', 'A105', 'A106', 'A107', 'A108', 'A109', 'A110', 'A111', 'A112', 'A113', 'A114', 'A115', 'A116', 'A117', 'A118', 'A119', 'A120', 'A121', 'A122', 'A123', 'A124', 'A125', 'A126', 'A127', 'A128', 'A129', 'A130', 'A131', 'A132', 'A133', 'A134', 'A135', 'A136', 'A137', 'A138', 'A139', 'A140', 'A141', 'A142', 'A143', 'A144', 'A145', 'A146', 'A147', 'A148', 'A149', 'A150', 'A151', 'A162', 'A163', 'A164', 'A165', 'A166', 'A167', 'A168', 'A169', 'A170', 'A171', 'A172', 'A173', 'A174', 'A175', 'A176', 'A177', 'A178', 'A179', 'A180', 'A181', 'A182', 'A183', 'A184', 'A185', 'A186', 'A187', 'A188', 'A189', 'A190', 'A191', 'A192', 'A193', 'A194', 'A195', 'A196', 'A197', 'A198', 'A199', 'A200', 'A201', 'A202', 'A203', 'A204', 'A205', 'A206', 'A207', 'A208', 'A209', 'A210', 'A211', 'A212', 'A213', 'A214', 'A215', 'A216', 'A217', 'A218', 'A219', 'A220', 'A221', 'A222', 'A223', 'A224', 'A225', 'A226', 'A227', 'A228', 'A229', 'A230', 'A231', 'A232', 'A233', 'A234', 'A235', 'A236', 'A237', 'A238', 'A239', 'A240', 'A241', 'A242', 'A243', 'A244', 'A245', 'A246', 'A247', 'A248', 'A249', 'A250', 'A251', 'A252', 'A253', 'A254', 'A255', 'A256', 'A257', 'A258', 'A259', 'A260', 'A261', 'A262', 'A263', 'A264', 'A265', 'A266', 'A267', 'A268', 'A269', 'A270', 'A271', 'A272', 'A273', 'A274', 'A275', 'A276', 'A277', 'A278', 'A279', 'A280', 'A281', 'A282', 'A283', 'A284', 'A285', 'A286', 'A287', 'A288', 'A289', 'A290', 'A291', 'A292', 'A293', 'A294', 'A295', 'A296', 'A297', 'A298']
These residues will be fixed:  []
The number of ligand atoms parsed is equal to: 30
Type: C, Coords [ 0.706 31.139  8.353], Mask 1
Type: C, Coords [-0.266 31.076  9.344], Mask 1
Type: C, Coords [-0.961 32.375  9.322], Mask 1
Type: O, Coords [-1.879 32.698 10.049], Mask 1
Type: N, Coords [-0.413 33.143  8.365], Mask 1
Type: C, Coords [ 0.585 32.488  7.748], Mask 1
Type: O, Coords [ 1.27  32.925  6.846], Mask 1
Type: C, Coords [ 3.983 28.414  5.725], Mask 1
Type: N, Coords [ 3.125 28.863  6.825], Mask 1
Type: C, Coords [ 2.329 29.96   6.786], Mask 1
Type: C, Coords [ 1.662 30.087  7.985], Mask 1
Type: C, Coords [ 2.099 28.957  8.824], Mask 1
Type: C, Coords [ 3.009 28.224  8.044], Mask 1
Type: C, Coords [ 3.595 27.08   8.574], Mask 1
Type: C, Coords [ 3.28  26.674  9.853], Mask 1
Type: C, Coords [ 2.378 27.397 10.623], Mask 1
Type: C, Coords [ 1.792 28.539 10.117], Mask 1
Type: F, Coords [ 2.08  26.984 11.874], Mask 1
Type: C, Coords [-0.547 29.935 10.239], Mask 1
Type: C, Coords [-0.396 30.074 11.622], Mask 1
Type: C, Coords [-0.659 29.007 12.455], Mask 1
Type: C, Coords [-1.072 27.797 11.928], Mask 1
Type: C, Coords [-1.224 27.647 10.555], Mask 1
Type: C, Coords [-0.969 28.715  9.708], Mask 1
Type: N, Coords [-1.64  26.422 10.028], Mask 1
Type: C, Coords [-0.662 25.358  9.788], Mask 1
Type: C, Coords [-0.81  24.279 10.862], Mask 1
Type: O, Coords [-1.51  24.817 11.986], Mask 1
Type: C, Coords [ 0.577 23.806 11.304], Mask 1
Type: O, Coords [ 1.468 23.834 10.187], Mask 1
Designing protein from this path: /home/tedeschg/prj/protein-perturbation/data/cdk2/03.complexes_dude/actives_87_CHEMBL85667_best_CNNaffinity.pdb
These residues will be redesigned:  ['A1', 'A2', 'A3', 'A4', 'A5', 'A6', 'A7', 'A8', 'A9', 'A10', 'A11', 'A12', 'A15', 'A16', 'A17', 'A18', 'A19', 'A20', 'A21', 'A22', 'A23', 'A24', 'A25', 'A26', 'A27', 'A28', 'A29', 'A30', 'A31', 'A32', 'A33', 'A34', 'A35', 'A44', 'A45', 'A46', 'A47', 'A48', 'A49', 'A50', 'A51', 'A52', 'A53', 'A54', 'A55', 'A56', 'A57', 'A58', 'A59', 'A60', 'A61', 'A62', 'A63', 'A64', 'A65', 'A66', 'A67', 'A68', 'A69', 'A70', 'A71', 'A72', 'A73', 'A74', 'A75', 'A76', 'A77', 'A78', 'A79', 'A80', 'A81', 'A82', 'A83', 'A84', 'A85', 'A86', 'A87', 'A88', 'A89', 'A90', 'A91', 'A92', 'A93', 'A94', 'A95', 'A96', 'A97', 'A98', 'A99', 'A100', 'A101', 'A102', 'A103', 'A104', 'A105', 'A106', 'A107', 'A108', 'A109', 'A110', 'A111', 'A112', 'A113', 'A114', 'A115', 'A116', 'A117', 'A118', 'A119', 'A120', 'A121', 'A122', 'A123', 'A124', 'A125', 'A126', 'A127', 'A128', 'A129', 'A130', 'A131', 'A132', 'A133', 'A134', 'A135', 'A136', 'A137', 'A138', 'A139', 'A140', 'A141', 'A142', 'A143', 'A144', 'A145', 'A146', 'A147', 'A148', 'A149', 'A150', 'A151', 'A162', 'A163', 'A164', 'A165', 'A166', 'A167', 'A168', 'A169', 'A170', 'A171', 'A172', 'A173', 'A174', 'A175', 'A176', 'A177', 'A178', 'A179', 'A180', 'A181', 'A182', 'A183', 'A184', 'A185', 'A186', 'A187', 'A188', 'A189', 'A190', 'A191', 'A192', 'A193', 'A194', 'A195', 'A196', 'A197', 'A198', 'A199', 'A200', 'A201', 'A202', 'A203', 'A204', 'A205', 'A206', 'A207', 'A208', 'A209', 'A210', 'A211', 'A212', 'A213', 'A214', 'A215', 'A216', 'A217', 'A218', 'A219', 'A220', 'A221', 'A222', 'A223', 'A224', 'A225', 'A226', 'A227', 'A228', 'A229', 'A230', 'A231', 'A232', 'A233', 'A234', 'A235', 'A236', 'A237', 'A238', 'A239', 'A240', 'A241', 'A242', 'A243', 'A244', 'A245', 'A246', 'A247', 'A248', 'A249', 'A250', 'A251', 'A252', 'A253', 'A254', 'A255', 'A256', 'A257', 'A258', 'A259', 'A260', 'A261', 'A262', 'A263', 'A264', 'A265', 'A266', 'A267', 'A268', 'A269', 'A270', 'A271', 'A272', 'A273', 'A274', 'A275', 'A276', 'A277', 'A278', 'A279', 'A280', 'A281', 'A282', 'A283', 'A284', 'A285', 'A286', 'A287', 'A288', 'A289', 'A290', 'A291', 'A292', 'A293', 'A294', 'A295', 'A296', 'A297', 'A298']
These residues will be fixed:  []
The number of ligand atoms parsed is equal to: 31
Type: C, Coords [ 5.174 26.855  7.012], Mask 1
Type: C, Coords [ 4.628 27.701  6.062], Mask 1
Type: C, Coords [ 3.797 28.732  6.448], Mask 1
Type: C, Coords [ 3.508 28.922  7.801], Mask 1
Type: C, Coords [ 4.062 28.064  8.755], Mask 1
Type: C, Coords [ 4.887 27.034  8.354], Mask 1
Type: S, Coords [ 6.234 25.54   6.509], Mask 1
Type: O, Coords [ 6.109 24.521  7.491], Mask 1
Type: O, Coords [ 7.483 26.13   6.178], Mask 1
Type: N, Coords [ 5.614 24.922  5.104], Mask 1
Type: C, Coords [ 4.98  27.418  1.832], Mask 1
Type: C, Coords [ 6.268 27.065  2.191], Mask 1
Type: C, Coords [ 6.482 26.237  3.276], Mask 1
Type: C, Coords [ 5.401 25.759  4.006], Mask 1
Type: C, Coords [ 4.109 26.116  3.643], Mask 1
Type: C, Coords [ 3.902 26.944  2.557], Mask 1
Type: N, Coords [ 2.685 29.943  8.191], Mask 1
Type: C, Coords [ 1.419 29.929  7.856], Mask 1
Type: C, Coords [ 0.567 30.986  8.26 ], Mask 1
Type: C, Coords [-0.603 30.887  9.154], Mask 1
Type: C, Coords [-1.121 32.187  9.257], Mask 1
Type: C, Coords [-2.249 32.404 10.049], Mask 1
Type: C, Coords [-2.853 31.39  10.72 ], Mask 1
Type: C, Coords [-2.361 30.066 10.643], Mask 1
Type: C, Coords [-1.222 29.854  9.839], Mask 1
Type: S, Coords [-0.958 28.11  10.023], Mask 1
Type: C, Coords [-2.248 27.784 11.054], Mask 1
Type: N, Coords [-2.819 28.94  11.23 ], Mask 1
Type: N, Coords [-0.333 33.022  8.487], Mask 1
Type: C, Coords [ 0.671 32.32   7.899], Mask 1
Type: O, Coords [ 1.619 32.841  7.087], Mask 1
Designing protein from this path: /home/tedeschg/prj/protein-perturbation/data/cdk2/03.complexes_dude/actives_88_CHEMBL561179_best_CNNaffinity.pdb
These residues will be redesigned:  ['A1', 'A2', 'A3', 'A4', 'A5', 'A6', 'A7', 'A8', 'A9', 'A10', 'A11', 'A12', 'A15', 'A16', 'A17', 'A18', 'A19', 'A20', 'A21', 'A22', 'A23', 'A24', 'A25', 'A26', 'A27', 'A28', 'A29', 'A30', 'A31', 'A32', 'A33', 'A34', 'A35', 'A44', 'A45', 'A46', 'A47', 'A48', 'A49', 'A50', 'A51', 'A52', 'A53', 'A54', 'A55', 'A56', 'A57', 'A58', 'A59', 'A60', 'A61', 'A62', 'A63', 'A64', 'A65', 'A66', 'A67', 'A68', 'A69', 'A70', 'A71', 'A72', 'A73', 'A74', 'A75', 'A76', 'A77', 'A78', 'A79', 'A80', 'A81', 'A82', 'A83', 'A84', 'A85', 'A86', 'A87', 'A88', 'A89', 'A90', 'A91', 'A92', 'A93', 'A94', 'A95', 'A96', 'A97', 'A98', 'A99', 'A100', 'A101', 'A102', 'A103', 'A104', 'A105', 'A106', 'A107', 'A108', 'A109', 'A110', 'A111', 'A112', 'A113', 'A114', 'A115', 'A116', 'A117', 'A118', 'A119', 'A120', 'A121', 'A122', 'A123', 'A124', 'A125', 'A126', 'A127', 'A128', 'A129', 'A130', 'A131', 'A132', 'A133', 'A134', 'A135', 'A136', 'A137', 'A138', 'A139', 'A140', 'A141', 'A142', 'A143', 'A144', 'A145', 'A146', 'A147', 'A148', 'A149', 'A150', 'A151', 'A162', 'A163', 'A164', 'A165', 'A166', 'A167', 'A168', 'A169', 'A170', 'A171', 'A172', 'A173', 'A174', 'A175', 'A176', 'A177', 'A178', 'A179', 'A180', 'A181', 'A182', 'A183', 'A184', 'A185', 'A186', 'A187', 'A188', 'A189', 'A190', 'A191', 'A192', 'A193', 'A194', 'A195', 'A196', 'A197', 'A198', 'A199', 'A200', 'A201', 'A202', 'A203', 'A204', 'A205', 'A206', 'A207', 'A208', 'A209', 'A210', 'A211', 'A212', 'A213', 'A214', 'A215', 'A216', 'A217', 'A218', 'A219', 'A220', 'A221', 'A222', 'A223', 'A224', 'A225', 'A226', 'A227', 'A228', 'A229', 'A230', 'A231', 'A232', 'A233', 'A234', 'A235', 'A236', 'A237', 'A238', 'A239', 'A240', 'A241', 'A242', 'A243', 'A244', 'A245', 'A246', 'A247', 'A248', 'A249', 'A250', 'A251', 'A252', 'A253', 'A254', 'A255', 'A256', 'A257', 'A258', 'A259', 'A260', 'A261', 'A262', 'A263', 'A264', 'A265', 'A266', 'A267', 'A268', 'A269', 'A270', 'A271', 'A272', 'A273', 'A274', 'A275', 'A276', 'A277', 'A278', 'A279', 'A280', 'A281', 'A282', 'A283', 'A284', 'A285', 'A286', 'A287', 'A288', 'A289', 'A290', 'A291', 'A292', 'A293', 'A294', 'A295', 'A296', 'A297', 'A298']
These residues will be fixed:  []
The number of ligand atoms parsed is equal to: 24
Type: C, Coords [-1.137 29.73  10.725], Mask 1
Type: N, Coords [-0.257 29.709  9.756], Mask 1
Type: N, Coords [-8.0000e-03  3.0839e+01  8.9880e+00], Mask 1
Type: C, Coords [ 0.784 31.241  7.932], Mask 1
Type: N, Coords [ 0.518 32.492  7.682], Mask 1
Type: N, Coords [-0.382 32.923  8.495], Mask 1
Type: C, Coords [-0.73  31.965  9.3  ], Mask 1
Type: S, Coords [-1.738 31.41  10.652], Mask 1
Type: C, Coords [-2.717 27.933 11.416], Mask 1
Type: C, Coords [-3.086 26.918 12.271], Mask 1
Type: C, Coords [-2.282 26.597 13.359], Mask 1
Type: C, Coords [-1.103 27.3   13.588], Mask 1
Type: C, Coords [-0.73  28.316 12.735], Mask 1
Type: C, Coords [-1.535 28.64  11.642], Mask 1
Type: N, Coords [-2.657 25.57  14.224], Mask 1
Type: C, Coords [ 1.781 30.383  7.196], Mask 1
Type: O, Coords [ 2.769 29.909  8.114], Mask 1
Type: C, Coords [ 3.604 28.932  7.67 ], Mask 1
Type: C, Coords [ 4.434 28.27   8.563], Mask 1
Type: C, Coords [ 5.282 27.278  8.111], Mask 1
Type: C, Coords [ 5.303 26.944  6.768], Mask 1
Type: C, Coords [ 4.476 27.603  5.876], Mask 1
Type: C, Coords [ 3.622 28.591  6.326], Mask 1
Type: CL, Coords [ 6.37  25.696  6.202], Mask 1
Designing protein from this path: /home/tedeschg/prj/protein-perturbation/data/cdk2/03.complexes_dude/actives_89_CHEMBL1077107_best_CNNaffinity.pdb
These residues will be redesigned:  ['A1', 'A2', 'A3', 'A4', 'A5', 'A6', 'A7', 'A8', 'A9', 'A10', 'A11', 'A12', 'A15', 'A16', 'A17', 'A18', 'A19', 'A20', 'A21', 'A22', 'A23', 'A24', 'A25', 'A26', 'A27', 'A28', 'A29', 'A30', 'A31', 'A32', 'A33', 'A34', 'A35', 'A44', 'A45', 'A46', 'A47', 'A48', 'A49', 'A50', 'A51', 'A52', 'A53', 'A54', 'A55', 'A56', 'A57', 'A58', 'A59', 'A60', 'A61', 'A62', 'A63', 'A64', 'A65', 'A66', 'A67', 'A68', 'A69', 'A70', 'A71', 'A72', 'A73', 'A74', 'A75', 'A76', 'A77', 'A78', 'A79', 'A80', 'A81', 'A82', 'A83', 'A84', 'A85', 'A86', 'A87', 'A88', 'A89', 'A90', 'A91', 'A92', 'A93', 'A94', 'A95', 'A96', 'A97', 'A98', 'A99', 'A100', 'A101', 'A102', 'A103', 'A104', 'A105', 'A106', 'A107', 'A108', 'A109', 'A110', 'A111', 'A112', 'A113', 'A114', 'A115', 'A116', 'A117', 'A118', 'A119', 'A120', 'A121', 'A122', 'A123', 'A124', 'A125', 'A126', 'A127', 'A128', 'A129', 'A130', 'A131', 'A132', 'A133', 'A134', 'A135', 'A136', 'A137', 'A138', 'A139', 'A140', 'A141', 'A142', 'A143', 'A144', 'A145', 'A146', 'A147', 'A148', 'A149', 'A150', 'A151', 'A162', 'A163', 'A164', 'A165', 'A166', 'A167', 'A168', 'A169', 'A170', 'A171', 'A172', 'A173', 'A174', 'A175', 'A176', 'A177', 'A178', 'A179', 'A180', 'A181', 'A182', 'A183', 'A184', 'A185', 'A186', 'A187', 'A188', 'A189', 'A190', 'A191', 'A192', 'A193', 'A194', 'A195', 'A196', 'A197', 'A198', 'A199', 'A200', 'A201', 'A202', 'A203', 'A204', 'A205', 'A206', 'A207', 'A208', 'A209', 'A210', 'A211', 'A212', 'A213', 'A214', 'A215', 'A216', 'A217', 'A218', 'A219', 'A220', 'A221', 'A222', 'A223', 'A224', 'A225', 'A226', 'A227', 'A228', 'A229', 'A230', 'A231', 'A232', 'A233', 'A234', 'A235', 'A236', 'A237', 'A238', 'A239', 'A240', 'A241', 'A242', 'A243', 'A244', 'A245', 'A246', 'A247', 'A248', 'A249', 'A250', 'A251', 'A252', 'A253', 'A254', 'A255', 'A256', 'A257', 'A258', 'A259', 'A260', 'A261', 'A262', 'A263', 'A264', 'A265', 'A266', 'A267', 'A268', 'A269', 'A270', 'A271', 'A272', 'A273', 'A274', 'A275', 'A276', 'A277', 'A278', 'A279', 'A280', 'A281', 'A282', 'A283', 'A284', 'A285', 'A286', 'A287', 'A288', 'A289', 'A290', 'A291', 'A292', 'A293', 'A294', 'A295', 'A296', 'A297', 'A298']
These residues will be fixed:  []
The number of ligand atoms parsed is equal to: 41
Type: C, Coords [-0.138 23.436 15.577], Mask 1
Type: C, Coords [-0.551 22.504 14.466], Mask 1
Type: C, Coords [-0.518 22.941 13.197], Mask 1
Type: C, Coords [-0.884 22.05  12.039], Mask 1
Type: N, Coords [-1.59  20.863 12.551], Mask 1
Type: C, Coords [-1.116 20.328 13.738], Mask 1
Type: N, Coords [-0.948 21.228 14.775], Mask 1
Type: N, Coords [-0.841 19.046 13.871], Mask 1
Type: C, Coords [ 0.367 21.62  11.318], Mask 1
Type: C, Coords [ 1.579 22.208 11.627], Mask 1
Type: C, Coords [ 2.728 21.817 10.968], Mask 1
Type: C, Coords [ 2.668 20.831  9.992], Mask 1
Type: C, Coords [ 1.454 20.24   9.68 ], Mask 1
Type: C, Coords [ 0.303 20.63  10.348], Mask 1
Type: O, Coords [-0.888 20.048 10.048], Mask 1
Type: O, Coords [ 3.798 20.447  9.344], Mask 1
Type: N, Coords [-0.257 18.574 15.054], Mask 1
Type: C, Coords [ 0.928 17.982 15.032], Mask 1
Type: O, Coords [ 1.548 17.826 13.996], Mask 1
Type: C, Coords [ 1.456 17.52  16.332], Mask 1
Type: C, Coords [ 2.672 16.868 16.607], Mask 1
Type: S, Coords [ 0.237 17.973 17.4  ], Mask 1
Type: C, Coords [-0.887 18.719 16.237], Mask 1
Type: S, Coords [-2.407 19.445 16.548], Mask 1
Type: C, Coords [ 3.626 16.728 15.609], Mask 1
Type: C, Coords [ 3.876 15.561 14.852], Mask 1
Type: C, Coords [ 4.903 15.873 13.979], Mask 1
Type: C, Coords [ 5.255 17.189 14.211], Mask 1
Type: O, Coords [ 4.48  17.685 15.182], Mask 1
Type: C, Coords [-0.127 24.278 12.939], Mask 1
Type: O, Coords [ 1.053 24.575 12.921], Mask 1
Type: N, Coords [-1.063 25.222 12.713], Mask 1
Type: C, Coords [-0.678 26.509 12.328], Mask 1
Type: C, Coords [-1.26  27.619 12.928], Mask 1
Type: C, Coords [-0.878 28.889 12.545], Mask 1
Type: C, Coords [ 0.085 29.058 11.566], Mask 1
Type: C, Coords [ 0.667 27.956 10.967], Mask 1
Type: C, Coords [ 0.292 26.683 11.349], Mask 1
Type: N, Coords [ 1.696 28.141  9.92 ], Mask 1
Type: O, Coords [ 2.695 27.289  9.821], Mask 1
Type: O, Coords [ 1.613 29.158  9.088], Mask 1
Designing protein from this path: /home/tedeschg/prj/protein-perturbation/data/cdk2/03.complexes_dude/actives_90_CHEMBL126328_best_CNNaffinity.pdb
These residues will be redesigned:  ['A1', 'A2', 'A3', 'A4', 'A5', 'A6', 'A7', 'A8', 'A9', 'A10', 'A11', 'A12', 'A15', 'A16', 'A17', 'A18', 'A19', 'A20', 'A21', 'A22', 'A23', 'A24', 'A25', 'A26', 'A27', 'A28', 'A29', 'A30', 'A31', 'A32', 'A33', 'A34', 'A35', 'A44', 'A45', 'A46', 'A47', 'A48', 'A49', 'A50', 'A51', 'A52', 'A53', 'A54', 'A55', 'A56', 'A57', 'A58', 'A59', 'A60', 'A61', 'A62', 'A63', 'A64', 'A65', 'A66', 'A67', 'A68', 'A69', 'A70', 'A71', 'A72', 'A73', 'A74', 'A75', 'A76', 'A77', 'A78', 'A79', 'A80', 'A81', 'A82', 'A83', 'A84', 'A85', 'A86', 'A87', 'A88', 'A89', 'A90', 'A91', 'A92', 'A93', 'A94', 'A95', 'A96', 'A97', 'A98', 'A99', 'A100', 'A101', 'A102', 'A103', 'A104', 'A105', 'A106', 'A107', 'A108', 'A109', 'A110', 'A111', 'A112', 'A113', 'A114', 'A115', 'A116', 'A117', 'A118', 'A119', 'A120', 'A121', 'A122', 'A123', 'A124', 'A125', 'A126', 'A127', 'A128', 'A129', 'A130', 'A131', 'A132', 'A133', 'A134', 'A135', 'A136', 'A137', 'A138', 'A139', 'A140', 'A141', 'A142', 'A143', 'A144', 'A145', 'A146', 'A147', 'A148', 'A149', 'A150', 'A151', 'A162', 'A163', 'A164', 'A165', 'A166', 'A167', 'A168', 'A169', 'A170', 'A171', 'A172', 'A173', 'A174', 'A175', 'A176', 'A177', 'A178', 'A179', 'A180', 'A181', 'A182', 'A183', 'A184', 'A185', 'A186', 'A187', 'A188', 'A189', 'A190', 'A191', 'A192', 'A193', 'A194', 'A195', 'A196', 'A197', 'A198', 'A199', 'A200', 'A201', 'A202', 'A203', 'A204', 'A205', 'A206', 'A207', 'A208', 'A209', 'A210', 'A211', 'A212', 'A213', 'A214', 'A215', 'A216', 'A217', 'A218', 'A219', 'A220', 'A221', 'A222', 'A223', 'A224', 'A225', 'A226', 'A227', 'A228', 'A229', 'A230', 'A231', 'A232', 'A233', 'A234', 'A235', 'A236', 'A237', 'A238', 'A239', 'A240', 'A241', 'A242', 'A243', 'A244', 'A245', 'A246', 'A247', 'A248', 'A249', 'A250', 'A251', 'A252', 'A253', 'A254', 'A255', 'A256', 'A257', 'A258', 'A259', 'A260', 'A261', 'A262', 'A263', 'A264', 'A265', 'A266', 'A267', 'A268', 'A269', 'A270', 'A271', 'A272', 'A273', 'A274', 'A275', 'A276', 'A277', 'A278', 'A279', 'A280', 'A281', 'A282', 'A283', 'A284', 'A285', 'A286', 'A287', 'A288', 'A289', 'A290', 'A291', 'A292', 'A293', 'A294', 'A295', 'A296', 'A297', 'A298']
These residues will be fixed:  []
The number of ligand atoms parsed is equal to: 23
Type: C, Coords [ 2.154 29.003  7.664], Mask 1
Type: C, Coords [ 1.593 30.4    7.737], Mask 1
Type: N, Coords [ 2.104 31.453  7.165], Mask 1
Type: C, Coords [ 1.332 32.517  7.453], Mask 1
Type: C, Coords [ 0.32  32.089  8.225], Mask 1
Type: O, Coords [ 0.485 30.762  8.397], Mask 1
Type: C, Coords [-0.794 32.933  8.79 ], Mask 1
Type: C, Coords [-1.668 32.076  9.708], Mask 1
Type: C, Coords [-0.784 31.102 10.49 ], Mask 1
Type: C, Coords [-1.658 30.245 11.408], Mask 1
Type: C, Coords [-2.663 29.457 10.566], Mask 1
Type: C, Coords [-3.547 30.431  9.784], Mask 1
Type: C, Coords [-2.673 31.288  8.866], Mask 1
Type: S, Coords [ 3.966 29.076  7.697], Mask 1
Type: C, Coords [ 5.314 25.884  4.939], Mask 1
Type: N, Coords [ 4.865 26.994  4.383], Mask 1
Type: C, Coords [ 4.439 28.005  5.117], Mask 1
Type: C, Coords [ 4.462 27.907  6.476], Mask 1
Type: S, Coords [ 5.129 26.26   6.676], Mask 1
Type: C, Coords [ 7.353 22.806  4.229], Mask 1
Type: C, Coords [ 6.829 24.058  4.885], Mask 1
Type: O, Coords [ 7.335 24.463  5.91 ], Mask 1
Type: N, Coords [ 5.798 24.728  4.333], Mask 1
Designing protein from this path: /home/tedeschg/prj/protein-perturbation/data/cdk2/03.complexes_dude/actives_91_CHEMBL14593_best_CNNaffinity.pdb
These residues will be redesigned:  ['A1', 'A2', 'A3', 'A4', 'A5', 'A6', 'A7', 'A8', 'A9', 'A10', 'A11', 'A12', 'A15', 'A16', 'A17', 'A18', 'A19', 'A20', 'A21', 'A22', 'A23', 'A24', 'A25', 'A26', 'A27', 'A28', 'A29', 'A30', 'A31', 'A32', 'A33', 'A34', 'A35', 'A44', 'A45', 'A46', 'A47', 'A48', 'A49', 'A50', 'A51', 'A52', 'A53', 'A54', 'A55', 'A56', 'A57', 'A58', 'A59', 'A60', 'A61', 'A62', 'A63', 'A64', 'A65', 'A66', 'A67', 'A68', 'A69', 'A70', 'A71', 'A72', 'A73', 'A74', 'A75', 'A76', 'A77', 'A78', 'A79', 'A80', 'A81', 'A82', 'A83', 'A84', 'A85', 'A86', 'A87', 'A88', 'A89', 'A90', 'A91', 'A92', 'A93', 'A94', 'A95', 'A96', 'A97', 'A98', 'A99', 'A100', 'A101', 'A102', 'A103', 'A104', 'A105', 'A106', 'A107', 'A108', 'A109', 'A110', 'A111', 'A112', 'A113', 'A114', 'A115', 'A116', 'A117', 'A118', 'A119', 'A120', 'A121', 'A122', 'A123', 'A124', 'A125', 'A126', 'A127', 'A128', 'A129', 'A130', 'A131', 'A132', 'A133', 'A134', 'A135', 'A136', 'A137', 'A138', 'A139', 'A140', 'A141', 'A142', 'A143', 'A144', 'A145', 'A146', 'A147', 'A148', 'A149', 'A150', 'A151', 'A162', 'A163', 'A164', 'A165', 'A166', 'A167', 'A168', 'A169', 'A170', 'A171', 'A172', 'A173', 'A174', 'A175', 'A176', 'A177', 'A178', 'A179', 'A180', 'A181', 'A182', 'A183', 'A184', 'A185', 'A186', 'A187', 'A188', 'A189', 'A190', 'A191', 'A192', 'A193', 'A194', 'A195', 'A196', 'A197', 'A198', 'A199', 'A200', 'A201', 'A202', 'A203', 'A204', 'A205', 'A206', 'A207', 'A208', 'A209', 'A210', 'A211', 'A212', 'A213', 'A214', 'A215', 'A216', 'A217', 'A218', 'A219', 'A220', 'A221', 'A222', 'A223', 'A224', 'A225', 'A226', 'A227', 'A228', 'A229', 'A230', 'A231', 'A232', 'A233', 'A234', 'A235', 'A236', 'A237', 'A238', 'A239', 'A240', 'A241', 'A242', 'A243', 'A244', 'A245', 'A246', 'A247', 'A248', 'A249', 'A250', 'A251', 'A252', 'A253', 'A254', 'A255', 'A256', 'A257', 'A258', 'A259', 'A260', 'A261', 'A262', 'A263', 'A264', 'A265', 'A266', 'A267', 'A268', 'A269', 'A270', 'A271', 'A272', 'A273', 'A274', 'A275', 'A276', 'A277', 'A278', 'A279', 'A280', 'A281', 'A282', 'A283', 'A284', 'A285', 'A286', 'A287', 'A288', 'A289', 'A290', 'A291', 'A292', 'A293', 'A294', 'A295', 'A296', 'A297', 'A298']
These residues will be fixed:  []
The number of ligand atoms parsed is equal to: 25
Type: C, Coords [-0.687 30.242  8.948], Mask 1
Type: C, Coords [-1.753 30.779  9.689], Mask 1
Type: C, Coords [-1.919 32.171  9.733], Mask 1
Type: N, Coords [-1.101 32.977  9.099], Mask 1
Type: C, Coords [-0.075 32.522  8.382], Mask 1
Type: N, Coords [ 0.896 33.139  7.647], Mask 1
Type: N, Coords [ 1.739 32.172  7.09 ], Mask 1
Type: C, Coords [ 1.345 30.981  7.441], Mask 1
Type: C, Coords [ 0.169 31.139  8.288], Mask 1
Type: C, Coords [-2.684 29.894 10.409], Mask 1
Type: O, Coords [-3.868 29.902 10.131], Mask 1
Type: C, Coords [-2.179 28.994 11.467], Mask 1
Type: C, Coords [-2.8   27.766 11.7  ], Mask 1
Type: C, Coords [-2.324 26.932 12.69 ], Mask 1
Type: C, Coords [-1.233 27.31  13.452], Mask 1
Type: C, Coords [-0.612 28.526 13.227], Mask 1
Type: C, Coords [-1.074 29.367 12.236], Mask 1
Type: O, Coords [-0.488 28.906  8.877], Mask 1
Type: C, Coords [ 0.775 28.413  9.33 ], Mask 1
Type: C, Coords [ 0.241 24.579 11.136], Mask 1
Type: C, Coords [ 1.329 25.36  11.481], Mask 1
Type: C, Coords [ 1.501 26.601 10.896], Mask 1
Type: C, Coords [ 0.587 27.06   9.966], Mask 1
Type: C, Coords [-0.499 26.278  9.621], Mask 1
Type: C, Coords [-0.673 25.038 10.207], Mask 1
Designing protein from this path: /home/tedeschg/prj/protein-perturbation/data/cdk2/03.complexes_dude/actives_92_CHEMBL192440_best_CNNaffinity.pdb
These residues will be redesigned:  ['A1', 'A2', 'A3', 'A4', 'A5', 'A6', 'A7', 'A8', 'A9', 'A10', 'A11', 'A12', 'A15', 'A16', 'A17', 'A18', 'A19', 'A20', 'A21', 'A22', 'A23', 'A24', 'A25', 'A26', 'A27', 'A28', 'A29', 'A30', 'A31', 'A32', 'A33', 'A34', 'A35', 'A44', 'A45', 'A46', 'A47', 'A48', 'A49', 'A50', 'A51', 'A52', 'A53', 'A54', 'A55', 'A56', 'A57', 'A58', 'A59', 'A60', 'A61', 'A62', 'A63', 'A64', 'A65', 'A66', 'A67', 'A68', 'A69', 'A70', 'A71', 'A72', 'A73', 'A74', 'A75', 'A76', 'A77', 'A78', 'A79', 'A80', 'A81', 'A82', 'A83', 'A84', 'A85', 'A86', 'A87', 'A88', 'A89', 'A90', 'A91', 'A92', 'A93', 'A94', 'A95', 'A96', 'A97', 'A98', 'A99', 'A100', 'A101', 'A102', 'A103', 'A104', 'A105', 'A106', 'A107', 'A108', 'A109', 'A110', 'A111', 'A112', 'A113', 'A114', 'A115', 'A116', 'A117', 'A118', 'A119', 'A120', 'A121', 'A122', 'A123', 'A124', 'A125', 'A126', 'A127', 'A128', 'A129', 'A130', 'A131', 'A132', 'A133', 'A134', 'A135', 'A136', 'A137', 'A138', 'A139', 'A140', 'A141', 'A142', 'A143', 'A144', 'A145', 'A146', 'A147', 'A148', 'A149', 'A150', 'A151', 'A162', 'A163', 'A164', 'A165', 'A166', 'A167', 'A168', 'A169', 'A170', 'A171', 'A172', 'A173', 'A174', 'A175', 'A176', 'A177', 'A178', 'A179', 'A180', 'A181', 'A182', 'A183', 'A184', 'A185', 'A186', 'A187', 'A188', 'A189', 'A190', 'A191', 'A192', 'A193', 'A194', 'A195', 'A196', 'A197', 'A198', 'A199', 'A200', 'A201', 'A202', 'A203', 'A204', 'A205', 'A206', 'A207', 'A208', 'A209', 'A210', 'A211', 'A212', 'A213', 'A214', 'A215', 'A216', 'A217', 'A218', 'A219', 'A220', 'A221', 'A222', 'A223', 'A224', 'A225', 'A226', 'A227', 'A228', 'A229', 'A230', 'A231', 'A232', 'A233', 'A234', 'A235', 'A236', 'A237', 'A238', 'A239', 'A240', 'A241', 'A242', 'A243', 'A244', 'A245', 'A246', 'A247', 'A248', 'A249', 'A250', 'A251', 'A252', 'A253', 'A254', 'A255', 'A256', 'A257', 'A258', 'A259', 'A260', 'A261', 'A262', 'A263', 'A264', 'A265', 'A266', 'A267', 'A268', 'A269', 'A270', 'A271', 'A272', 'A273', 'A274', 'A275', 'A276', 'A277', 'A278', 'A279', 'A280', 'A281', 'A282', 'A283', 'A284', 'A285', 'A286', 'A287', 'A288', 'A289', 'A290', 'A291', 'A292', 'A293', 'A294', 'A295', 'A296', 'A297', 'A298']
These residues will be fixed:  []
The number of ligand atoms parsed is equal to: 31
Type: C, Coords [ 3.841 28.277  7.266], Mask 1
Type: C, Coords [ 3.171 28.905  6.232], Mask 1
Type: C, Coords [ 2.155 29.8    6.508], Mask 1
Type: C, Coords [ 1.808 30.068  7.826], Mask 1
Type: C, Coords [ 2.483 29.435  8.862], Mask 1
Type: C, Coords [ 3.494 28.538  8.579], Mask 1
Type: N, Coords [ 0.78  30.974  8.11 ], Mask 1
Type: C, Coords [-0.544 30.592  8.614], Mask 1
Type: C, Coords [-1.16  31.891  9.18 ], Mask 1
Type: C, Coords [-0.415 32.974  8.364], Mask 1
Type: C, Coords [ 0.88  32.306  7.96 ], Mask 1
Type: O, Coords [ 1.865 32.887  7.557], Mask 1
Type: C, Coords [-0.41  29.561  9.705], Mask 1
Type: C, Coords [-0.676 28.232  9.436], Mask 1
Type: C, Coords [-0.552 27.286 10.437], Mask 1
Type: C, Coords [-0.162 27.67  11.706], Mask 1
Type: C, Coords [ 0.105 28.999 11.975], Mask 1
Type: C, Coords [-1.4000e-02  2.9944e+01  1.0973e+01], Mask 1
Type: C, Coords [ 4.568 25.917  7.487], Mask 1
Type: C, Coords [ 4.949 27.302  6.96 ], Mask 1
Type: C, Coords [ 5.159 27.232  5.47 ], Mask 1
Type: O, Coords [ 4.376 27.776  4.72 ], Mask 1
Type: N, Coords [ 6.218 26.564  4.97 ], Mask 1
Type: C, Coords [ 6.413 26.499  3.59 ], Mask 1
Type: C, Coords [ 7.516 26.92   2.913], Mask 1
Type: C, Coords [ 7.304 26.673  1.554], Mask 1
Type: N, Coords [ 6.124 26.127  1.414], Mask 1
Type: N, Coords [ 5.543 26.001  2.683], Mask 1
Type: C, Coords [ 8.27  26.984  0.44 ], Mask 1
Type: C, Coords [ 9.066 28.287  0.538], Mask 1
Type: C, Coords [ 7.932 28.158 -0.481], Mask 1
Designing protein from this path: /home/tedeschg/prj/protein-perturbation/data/cdk2/03.complexes_dude/actives_93_CHEMBL183455_best_CNNaffinity.pdb
These residues will be redesigned:  ['A1', 'A2', 'A3', 'A4', 'A5', 'A6', 'A7', 'A8', 'A9', 'A10', 'A11', 'A12', 'A15', 'A16', 'A17', 'A18', 'A19', 'A20', 'A21', 'A22', 'A23', 'A24', 'A25', 'A26', 'A27', 'A28', 'A29', 'A30', 'A31', 'A32', 'A33', 'A34', 'A35', 'A44', 'A45', 'A46', 'A47', 'A48', 'A49', 'A50', 'A51', 'A52', 'A53', 'A54', 'A55', 'A56', 'A57', 'A58', 'A59', 'A60', 'A61', 'A62', 'A63', 'A64', 'A65', 'A66', 'A67', 'A68', 'A69', 'A70', 'A71', 'A72', 'A73', 'A74', 'A75', 'A76', 'A77', 'A78', 'A79', 'A80', 'A81', 'A82', 'A83', 'A84', 'A85', 'A86', 'A87', 'A88', 'A89', 'A90', 'A91', 'A92', 'A93', 'A94', 'A95', 'A96', 'A97', 'A98', 'A99', 'A100', 'A101', 'A102', 'A103', 'A104', 'A105', 'A106', 'A107', 'A108', 'A109', 'A110', 'A111', 'A112', 'A113', 'A114', 'A115', 'A116', 'A117', 'A118', 'A119', 'A120', 'A121', 'A122', 'A123', 'A124', 'A125', 'A126', 'A127', 'A128', 'A129', 'A130', 'A131', 'A132', 'A133', 'A134', 'A135', 'A136', 'A137', 'A138', 'A139', 'A140', 'A141', 'A142', 'A143', 'A144', 'A145', 'A146', 'A147', 'A148', 'A149', 'A150', 'A151', 'A162', 'A163', 'A164', 'A165', 'A166', 'A167', 'A168', 'A169', 'A170', 'A171', 'A172', 'A173', 'A174', 'A175', 'A176', 'A177', 'A178', 'A179', 'A180', 'A181', 'A182', 'A183', 'A184', 'A185', 'A186', 'A187', 'A188', 'A189', 'A190', 'A191', 'A192', 'A193', 'A194', 'A195', 'A196', 'A197', 'A198', 'A199', 'A200', 'A201', 'A202', 'A203', 'A204', 'A205', 'A206', 'A207', 'A208', 'A209', 'A210', 'A211', 'A212', 'A213', 'A214', 'A215', 'A216', 'A217', 'A218', 'A219', 'A220', 'A221', 'A222', 'A223', 'A224', 'A225', 'A226', 'A227', 'A228', 'A229', 'A230', 'A231', 'A232', 'A233', 'A234', 'A235', 'A236', 'A237', 'A238', 'A239', 'A240', 'A241', 'A242', 'A243', 'A244', 'A245', 'A246', 'A247', 'A248', 'A249', 'A250', 'A251', 'A252', 'A253', 'A254', 'A255', 'A256', 'A257', 'A258', 'A259', 'A260', 'A261', 'A262', 'A263', 'A264', 'A265', 'A266', 'A267', 'A268', 'A269', 'A270', 'A271', 'A272', 'A273', 'A274', 'A275', 'A276', 'A277', 'A278', 'A279', 'A280', 'A281', 'A282', 'A283', 'A284', 'A285', 'A286', 'A287', 'A288', 'A289', 'A290', 'A291', 'A292', 'A293', 'A294', 'A295', 'A296', 'A297', 'A298']
These residues will be fixed:  []
The number of ligand atoms parsed is equal to: 24
Type: C, Coords [-1.661 29.927 10.491], Mask 1
Type: C, Coords [-2.012 31.28  10.431], Mask 1
Type: C, Coords [-1.364 32.133  9.591], Mask 1
Type: C, Coords [-0.33  31.653  8.774], Mask 1
Type: C, Coords [ 0.371 32.494  7.891], Mask 1
Type: N, Coords [ 1.33  31.973  7.155], Mask 1
Type: C, Coords [ 1.645 30.682  7.231], Mask 1
Type: N, Coords [ 1.024 29.845  8.04 ], Mask 1
Type: C, Coords [ 0.033 30.282  8.829], Mask 1
Type: C, Coords [-0.646 29.426  9.705], Mask 1
Type: C, Coords [-0.273 27.968  9.785], Mask 1
Type: C, Coords [-1.541 27.108  9.965], Mask 1
Type: C, Coords [-1.098 25.976 10.925], Mask 1
Type: C, Coords [-0.153 26.711 11.908], Mask 1
Type: C, Coords [ 0.609 27.716 11.02 ], Mask 1
Type: C, Coords [-3.715 28.888 11.082], Mask 1
Type: O, Coords [-2.325 29.099 11.338], Mask 1
Type: N, Coords [ 2.664 30.197  6.429], Mask 1
Type: C, Coords [ 3.484 29.163  6.889], Mask 1
Type: C, Coords [ 3.986 28.223  5.998], Mask 1
Type: C, Coords [ 4.795 27.202  6.456], Mask 1
Type: C, Coords [ 5.106 27.114  7.801], Mask 1
Type: C, Coords [ 4.609 28.048  8.691], Mask 1
Type: C, Coords [ 3.804 29.075  8.238], Mask 1
Designing protein from this path: /home/tedeschg/prj/protein-perturbation/data/cdk2/03.complexes_dude/actives_94_CHEMBL381565_best_CNNaffinity.pdb
These residues will be redesigned:  ['A1', 'A2', 'A3', 'A4', 'A5', 'A6', 'A7', 'A8', 'A9', 'A10', 'A11', 'A12', 'A15', 'A16', 'A17', 'A18', 'A19', 'A20', 'A21', 'A22', 'A23', 'A24', 'A25', 'A26', 'A27', 'A28', 'A29', 'A30', 'A31', 'A32', 'A33', 'A34', 'A35', 'A44', 'A45', 'A46', 'A47', 'A48', 'A49', 'A50', 'A51', 'A52', 'A53', 'A54', 'A55', 'A56', 'A57', 'A58', 'A59', 'A60', 'A61', 'A62', 'A63', 'A64', 'A65', 'A66', 'A67', 'A68', 'A69', 'A70', 'A71', 'A72', 'A73', 'A74', 'A75', 'A76', 'A77', 'A78', 'A79', 'A80', 'A81', 'A82', 'A83', 'A84', 'A85', 'A86', 'A87', 'A88', 'A89', 'A90', 'A91', 'A92', 'A93', 'A94', 'A95', 'A96', 'A97', 'A98', 'A99', 'A100', 'A101', 'A102', 'A103', 'A104', 'A105', 'A106', 'A107', 'A108', 'A109', 'A110', 'A111', 'A112', 'A113', 'A114', 'A115', 'A116', 'A117', 'A118', 'A119', 'A120', 'A121', 'A122', 'A123', 'A124', 'A125', 'A126', 'A127', 'A128', 'A129', 'A130', 'A131', 'A132', 'A133', 'A134', 'A135', 'A136', 'A137', 'A138', 'A139', 'A140', 'A141', 'A142', 'A143', 'A144', 'A145', 'A146', 'A147', 'A148', 'A149', 'A150', 'A151', 'A162', 'A163', 'A164', 'A165', 'A166', 'A167', 'A168', 'A169', 'A170', 'A171', 'A172', 'A173', 'A174', 'A175', 'A176', 'A177', 'A178', 'A179', 'A180', 'A181', 'A182', 'A183', 'A184', 'A185', 'A186', 'A187', 'A188', 'A189', 'A190', 'A191', 'A192', 'A193', 'A194', 'A195', 'A196', 'A197', 'A198', 'A199', 'A200', 'A201', 'A202', 'A203', 'A204', 'A205', 'A206', 'A207', 'A208', 'A209', 'A210', 'A211', 'A212', 'A213', 'A214', 'A215', 'A216', 'A217', 'A218', 'A219', 'A220', 'A221', 'A222', 'A223', 'A224', 'A225', 'A226', 'A227', 'A228', 'A229', 'A230', 'A231', 'A232', 'A233', 'A234', 'A235', 'A236', 'A237', 'A238', 'A239', 'A240', 'A241', 'A242', 'A243', 'A244', 'A245', 'A246', 'A247', 'A248', 'A249', 'A250', 'A251', 'A252', 'A253', 'A254', 'A255', 'A256', 'A257', 'A258', 'A259', 'A260', 'A261', 'A262', 'A263', 'A264', 'A265', 'A266', 'A267', 'A268', 'A269', 'A270', 'A271', 'A272', 'A273', 'A274', 'A275', 'A276', 'A277', 'A278', 'A279', 'A280', 'A281', 'A282', 'A283', 'A284', 'A285', 'A286', 'A287', 'A288', 'A289', 'A290', 'A291', 'A292', 'A293', 'A294', 'A295', 'A296', 'A297', 'A298']
These residues will be fixed:  []
The number of ligand atoms parsed is equal to: 31
Type: N, Coords [ 5.851 26.843  6.586], Mask 1
Type: C, Coords [ 5.099 27.109  7.672], Mask 1
Type: O, Coords [ 5.31  26.521  8.716], Mask 1
Type: N, Coords [ 4.114 28.026  7.602], Mask 1
Type: C, Coords [ 3.22  28.427  8.692], Mask 1
Type: C, Coords [ 2.282 29.477  8.153], Mask 1
Type: C, Coords [ 2.587 29.703  6.81 ], Mask 1
Type: N, Coords [ 1.768 30.617  6.351], Mask 1
Type: N, Coords [ 0.911 31.004  7.389], Mask 1
Type: C, Coords [ 1.243 30.292  8.489], Mask 1
Type: C, Coords [ 3.741 28.813  6.423], Mask 1
Type: N, Coords [ 0.633 30.376  9.74 ], Mask 1
Type: C, Coords [-0.711 30.422  9.833], Mask 1
Type: O, Coords [-1.39  30.39   8.828], Mask 1
Type: C, Coords [-1.371 30.512 11.185], Mask 1
Type: C, Coords [-1.511 29.13  11.769], Mask 1
Type: C, Coords [-2.527 28.298 11.336], Mask 1
Type: C, Coords [-2.658 27.031 11.869], Mask 1
Type: C, Coords [-1.768 26.593 12.841], Mask 1
Type: C, Coords [-0.749 27.431 13.274], Mask 1
Type: C, Coords [-0.621 28.695 12.733], Mask 1
Type: N, Coords [-1.899 25.31  13.384], Mask 1
Type: C, Coords [-1.175 24.128 12.901], Mask 1
Type: C, Coords [-1.289 23.083 14.033], Mask 1
Type: C, Coords [-2.588 23.528 14.743], Mask 1
Type: C, Coords [-2.7   25.002 14.419], Mask 1
Type: O, Coords [-3.412 25.79  15.005], Mask 1
Type: C, Coords [ 6.922 25.846  6.662], Mask 1
Type: C, Coords [ 6.356 24.529  7.197], Mask 1
Type: C, Coords [ 7.084 22.14   7.131], Mask 1
Type: C, Coords [ 6.789 23.38   6.284], Mask 1
Designing protein from this path: /home/tedeschg/prj/protein-perturbation/data/cdk2/03.complexes_dude/actives_95_CHEMBL576257_best_CNNaffinity.pdb
These residues will be redesigned:  ['A1', 'A2', 'A3', 'A4', 'A5', 'A6', 'A7', 'A8', 'A9', 'A10', 'A11', 'A12', 'A15', 'A16', 'A17', 'A18', 'A19', 'A20', 'A21', 'A22', 'A23', 'A24', 'A25', 'A26', 'A27', 'A28', 'A29', 'A30', 'A31', 'A32', 'A33', 'A34', 'A35', 'A44', 'A45', 'A46', 'A47', 'A48', 'A49', 'A50', 'A51', 'A52', 'A53', 'A54', 'A55', 'A56', 'A57', 'A58', 'A59', 'A60', 'A61', 'A62', 'A63', 'A64', 'A65', 'A66', 'A67', 'A68', 'A69', 'A70', 'A71', 'A72', 'A73', 'A74', 'A75', 'A76', 'A77', 'A78', 'A79', 'A80', 'A81', 'A82', 'A83', 'A84', 'A85', 'A86', 'A87', 'A88', 'A89', 'A90', 'A91', 'A92', 'A93', 'A94', 'A95', 'A96', 'A97', 'A98', 'A99', 'A100', 'A101', 'A102', 'A103', 'A104', 'A105', 'A106', 'A107', 'A108', 'A109', 'A110', 'A111', 'A112', 'A113', 'A114', 'A115', 'A116', 'A117', 'A118', 'A119', 'A120', 'A121', 'A122', 'A123', 'A124', 'A125', 'A126', 'A127', 'A128', 'A129', 'A130', 'A131', 'A132', 'A133', 'A134', 'A135', 'A136', 'A137', 'A138', 'A139', 'A140', 'A141', 'A142', 'A143', 'A144', 'A145', 'A146', 'A147', 'A148', 'A149', 'A150', 'A151', 'A162', 'A163', 'A164', 'A165', 'A166', 'A167', 'A168', 'A169', 'A170', 'A171', 'A172', 'A173', 'A174', 'A175', 'A176', 'A177', 'A178', 'A179', 'A180', 'A181', 'A182', 'A183', 'A184', 'A185', 'A186', 'A187', 'A188', 'A189', 'A190', 'A191', 'A192', 'A193', 'A194', 'A195', 'A196', 'A197', 'A198', 'A199', 'A200', 'A201', 'A202', 'A203', 'A204', 'A205', 'A206', 'A207', 'A208', 'A209', 'A210', 'A211', 'A212', 'A213', 'A214', 'A215', 'A216', 'A217', 'A218', 'A219', 'A220', 'A221', 'A222', 'A223', 'A224', 'A225', 'A226', 'A227', 'A228', 'A229', 'A230', 'A231', 'A232', 'A233', 'A234', 'A235', 'A236', 'A237', 'A238', 'A239', 'A240', 'A241', 'A242', 'A243', 'A244', 'A245', 'A246', 'A247', 'A248', 'A249', 'A250', 'A251', 'A252', 'A253', 'A254', 'A255', 'A256', 'A257', 'A258', 'A259', 'A260', 'A261', 'A262', 'A263', 'A264', 'A265', 'A266', 'A267', 'A268', 'A269', 'A270', 'A271', 'A272', 'A273', 'A274', 'A275', 'A276', 'A277', 'A278', 'A279', 'A280', 'A281', 'A282', 'A283', 'A284', 'A285', 'A286', 'A287', 'A288', 'A289', 'A290', 'A291', 'A292', 'A293', 'A294', 'A295', 'A296', 'A297', 'A298']
These residues will be fixed:  []
The number of ligand atoms parsed is equal to: 25
Type: C, Coords [ 1.625 30.422  7.348], Mask 1
Type: C, Coords [ 1.847 31.771  7.635], Mask 1
Type: N, Coords [ 0.945 32.465  8.296], Mask 1
Type: C, Coords [-0.185 31.882  8.695], Mask 1
Type: C, Coords [-0.411 30.525  8.407], Mask 1
Type: N, Coords [ 0.5   29.833  7.736], Mask 1
Type: N, Coords [ 2.579 29.698  6.651], Mask 1
Type: C, Coords [ 6.26  26.457  7.602], Mask 1
Type: C, Coords [ 5.09  27.394  7.759], Mask 1
Type: C, Coords [ 4.49  28.092  6.768], Mask 1
Type: C, Coords [ 3.447 28.84   7.338], Mask 1
Type: N, Coords [ 3.427 28.594  8.627], Mask 1
Type: N, Coords [ 4.45  27.681  8.913], Mask 1
Type: N, Coords [-1.583 29.914  8.818], Mask 1
Type: C, Coords [-2.194 30.288 10.096], Mask 1
Type: C, Coords [-3.716 30.325  9.942], Mask 1
Type: C, Coords [-1.82  29.275 11.147], Mask 1
Type: C, Coords [-0.738 29.516 11.973], Mask 1
Type: C, Coords [-0.402 28.579 12.937], Mask 1
Type: C, Coords [-1.171 27.427 13.035], Mask 1
Type: C, Coords [-2.24  27.255 12.173], Mask 1
Type: N, Coords [-2.533 28.172 11.271], Mask 1
Type: F, Coords [-0.879 26.486 13.959], Mask 1
Type: C, Coords [-1.166 32.637  9.415], Mask 1
Type: N, Coords [-1.944 33.235  9.986], Mask 1
Designing protein from this path: /home/tedeschg/prj/protein-perturbation/data/cdk2/03.complexes_dude/actives_96_CHEMBL181289_best_CNNaffinity.pdb
These residues will be redesigned:  ['A1', 'A2', 'A3', 'A4', 'A5', 'A6', 'A7', 'A8', 'A9', 'A10', 'A11', 'A12', 'A15', 'A16', 'A17', 'A18', 'A19', 'A20', 'A21', 'A22', 'A23', 'A24', 'A25', 'A26', 'A27', 'A28', 'A29', 'A30', 'A31', 'A32', 'A33', 'A34', 'A35', 'A44', 'A45', 'A46', 'A47', 'A48', 'A49', 'A50', 'A51', 'A52', 'A53', 'A54', 'A55', 'A56', 'A57', 'A58', 'A59', 'A60', 'A61', 'A62', 'A63', 'A64', 'A65', 'A66', 'A67', 'A68', 'A69', 'A70', 'A71', 'A72', 'A73', 'A74', 'A75', 'A76', 'A77', 'A78', 'A79', 'A80', 'A81', 'A82', 'A83', 'A84', 'A85', 'A86', 'A87', 'A88', 'A89', 'A90', 'A91', 'A92', 'A93', 'A94', 'A95', 'A96', 'A97', 'A98', 'A99', 'A100', 'A101', 'A102', 'A103', 'A104', 'A105', 'A106', 'A107', 'A108', 'A109', 'A110', 'A111', 'A112', 'A113', 'A114', 'A115', 'A116', 'A117', 'A118', 'A119', 'A120', 'A121', 'A122', 'A123', 'A124', 'A125', 'A126', 'A127', 'A128', 'A129', 'A130', 'A131', 'A132', 'A133', 'A134', 'A135', 'A136', 'A137', 'A138', 'A139', 'A140', 'A141', 'A142', 'A143', 'A144', 'A145', 'A146', 'A147', 'A148', 'A149', 'A150', 'A151', 'A162', 'A163', 'A164', 'A165', 'A166', 'A167', 'A168', 'A169', 'A170', 'A171', 'A172', 'A173', 'A174', 'A175', 'A176', 'A177', 'A178', 'A179', 'A180', 'A181', 'A182', 'A183', 'A184', 'A185', 'A186', 'A187', 'A188', 'A189', 'A190', 'A191', 'A192', 'A193', 'A194', 'A195', 'A196', 'A197', 'A198', 'A199', 'A200', 'A201', 'A202', 'A203', 'A204', 'A205', 'A206', 'A207', 'A208', 'A209', 'A210', 'A211', 'A212', 'A213', 'A214', 'A215', 'A216', 'A217', 'A218', 'A219', 'A220', 'A221', 'A222', 'A223', 'A224', 'A225', 'A226', 'A227', 'A228', 'A229', 'A230', 'A231', 'A232', 'A233', 'A234', 'A235', 'A236', 'A237', 'A238', 'A239', 'A240', 'A241', 'A242', 'A243', 'A244', 'A245', 'A246', 'A247', 'A248', 'A249', 'A250', 'A251', 'A252', 'A253', 'A254', 'A255', 'A256', 'A257', 'A258', 'A259', 'A260', 'A261', 'A262', 'A263', 'A264', 'A265', 'A266', 'A267', 'A268', 'A269', 'A270', 'A271', 'A272', 'A273', 'A274', 'A275', 'A276', 'A277', 'A278', 'A279', 'A280', 'A281', 'A282', 'A283', 'A284', 'A285', 'A286', 'A287', 'A288', 'A289', 'A290', 'A291', 'A292', 'A293', 'A294', 'A295', 'A296', 'A297', 'A298']
These residues will be fixed:  []
The number of ligand atoms parsed is equal to: 33
Type: C, Coords [-1.126 29.613 10.031], Mask 1
Type: C, Coords [-1.262 30.769  9.223], Mask 1
Type: C, Coords [-0.241 31.143  8.413], Mask 1
Type: C, Coords [ 0.944 30.377  8.383], Mask 1
Type: N, Coords [ 2.07  30.514  7.697], Mask 1
Type: C, Coords [ 2.907 29.521  8.019], Mask 1
Type: C, Coords [ 2.301 28.726  8.936], Mask 1
Type: N, Coords [ 1.058 29.26   9.172], Mask 1
Type: C, Coords [ 0.042 28.883  9.99 ], Mask 1
Type: C, Coords [-2.228 29.195 10.918], Mask 1
Type: O, Coords [-3.34  29.664 10.768], Mask 1
Type: C, Coords [-1.519 26.353 13.994], Mask 1
Type: C, Coords [-0.654 27.421 13.831], Mask 1
Type: C, Coords [-0.878 28.349 12.834], Mask 1
Type: C, Coords [-1.981 28.207 11.987], Mask 1
Type: C, Coords [-2.85  27.125 12.158], Mask 1
Type: C, Coords [-2.614 26.206 13.161], Mask 1
Type: CL, Coords [-4.224 26.939 11.114], Mask 1
Type: CL, Coords [ 0.209 29.688 12.631], Mask 1
Type: N, Coords [ 4.193 29.333  7.497], Mask 1
Type: C, Coords [ 4.593 28.067  7.062], Mask 1
Type: C, Coords [ 4.286 27.643  5.775], Mask 1
Type: C, Coords [ 4.683 26.392  5.349], Mask 1
Type: C, Coords [ 5.385 25.559  6.202], Mask 1
Type: C, Coords [ 5.692 25.978  7.483], Mask 1
Type: C, Coords [ 5.303 27.231  7.914], Mask 1
Type: S, Coords [ 5.889 23.963  5.654], Mask 1
Type: O, Coords [ 7.282 24.046  5.385], Mask 1
Type: O, Coords [ 5.346 23.027  6.575], Mask 1
Type: N, Coords [ 5.143 23.685  4.202], Mask 1
Type: C, Coords [ 3.985 23.088  4.168], Mask 1
Type: N, Coords [ 3.383 22.688  5.338], Mask 1
Type: N, Coords [ 3.365 22.857  2.962], Mask 1
Designing protein from this path: /home/tedeschg/prj/protein-perturbation/data/cdk2/03.complexes_dude/actives_97_CHEMBL455195_best_CNNaffinity.pdb
These residues will be redesigned:  ['A1', 'A2', 'A3', 'A4', 'A5', 'A6', 'A7', 'A8', 'A9', 'A10', 'A11', 'A12', 'A15', 'A16', 'A17', 'A18', 'A19', 'A20', 'A21', 'A22', 'A23', 'A24', 'A25', 'A26', 'A27', 'A28', 'A29', 'A30', 'A31', 'A32', 'A33', 'A34', 'A35', 'A44', 'A45', 'A46', 'A47', 'A48', 'A49', 'A50', 'A51', 'A52', 'A53', 'A54', 'A55', 'A56', 'A57', 'A58', 'A59', 'A60', 'A61', 'A62', 'A63', 'A64', 'A65', 'A66', 'A67', 'A68', 'A69', 'A70', 'A71', 'A72', 'A73', 'A74', 'A75', 'A76', 'A77', 'A78', 'A79', 'A80', 'A81', 'A82', 'A83', 'A84', 'A85', 'A86', 'A87', 'A88', 'A89', 'A90', 'A91', 'A92', 'A93', 'A94', 'A95', 'A96', 'A97', 'A98', 'A99', 'A100', 'A101', 'A102', 'A103', 'A104', 'A105', 'A106', 'A107', 'A108', 'A109', 'A110', 'A111', 'A112', 'A113', 'A114', 'A115', 'A116', 'A117', 'A118', 'A119', 'A120', 'A121', 'A122', 'A123', 'A124', 'A125', 'A126', 'A127', 'A128', 'A129', 'A130', 'A131', 'A132', 'A133', 'A134', 'A135', 'A136', 'A137', 'A138', 'A139', 'A140', 'A141', 'A142', 'A143', 'A144', 'A145', 'A146', 'A147', 'A148', 'A149', 'A150', 'A151', 'A162', 'A163', 'A164', 'A165', 'A166', 'A167', 'A168', 'A169', 'A170', 'A171', 'A172', 'A173', 'A174', 'A175', 'A176', 'A177', 'A178', 'A179', 'A180', 'A181', 'A182', 'A183', 'A184', 'A185', 'A186', 'A187', 'A188', 'A189', 'A190', 'A191', 'A192', 'A193', 'A194', 'A195', 'A196', 'A197', 'A198', 'A199', 'A200', 'A201', 'A202', 'A203', 'A204', 'A205', 'A206', 'A207', 'A208', 'A209', 'A210', 'A211', 'A212', 'A213', 'A214', 'A215', 'A216', 'A217', 'A218', 'A219', 'A220', 'A221', 'A222', 'A223', 'A224', 'A225', 'A226', 'A227', 'A228', 'A229', 'A230', 'A231', 'A232', 'A233', 'A234', 'A235', 'A236', 'A237', 'A238', 'A239', 'A240', 'A241', 'A242', 'A243', 'A244', 'A245', 'A246', 'A247', 'A248', 'A249', 'A250', 'A251', 'A252', 'A253', 'A254', 'A255', 'A256', 'A257', 'A258', 'A259', 'A260', 'A261', 'A262', 'A263', 'A264', 'A265', 'A266', 'A267', 'A268', 'A269', 'A270', 'A271', 'A272', 'A273', 'A274', 'A275', 'A276', 'A277', 'A278', 'A279', 'A280', 'A281', 'A282', 'A283', 'A284', 'A285', 'A286', 'A287', 'A288', 'A289', 'A290', 'A291', 'A292', 'A293', 'A294', 'A295', 'A296', 'A297', 'A298']
These residues will be fixed:  []
The number of ligand atoms parsed is equal to: 27
Type: C, Coords [ 2.638 27.347 10.134], Mask 1
Type: N, Coords [ 3.515 27.883  9.306], Mask 1
Type: C, Coords [ 4.141 27.152  8.402], Mask 1
Type: C, Coords [ 3.881 25.817  8.319], Mask 1
Type: S, Coords [ 2.674 25.634  9.626], Mask 1
Type: C, Coords [ 0.86  28.762 10.818], Mask 1
Type: O, Coords [ 0.586 28.962  9.653], Mask 1
Type: N, Coords [ 1.889 27.953 11.139], Mask 1
Type: C, Coords [-1.904 29.686 10.374], Mask 1
Type: C, Coords [-0.921 30.427 11.284], Mask 1
Type: C, Coords [ 0.05  29.419 11.906], Mask 1
Type: C, Coords [-0.751 28.354 12.661], Mask 1
Type: C, Coords [-1.74  27.69  11.701], Mask 1
Type: N, Coords [-2.656 28.701 11.161], Mask 1
Type: C, Coords [-2.641 32.074 10.361], Mask 1
Type: C, Coords [-2.875 30.69   9.75 ], Mask 1
Type: S, Coords [ 4.553 24.606  7.23 ], Mask 1
Type: C, Coords [ 6.273 25.131  6.997], Mask 1
Type: C, Coords [ 6.541 25.336  5.528], Mask 1
Type: N, Coords [ 7.319 24.598  4.788], Mask 1
Type: C, Coords [ 7.31  25.084  3.534], Mask 1
Type: C, Coords [ 6.497 26.153  3.518], Mask 1
Type: O, Coords [ 6.014 26.304  4.766], Mask 1
Type: C, Coords [ 6.18  27.018  2.325], Mask 1
Type: C, Coords [ 6.887 28.367  2.47 ], Mask 1
Type: C, Coords [ 6.663 26.324  1.049], Mask 1
Type: C, Coords [ 4.669 27.24   2.243], Mask 1
Designing protein from this path: /home/tedeschg/prj/protein-perturbation/data/cdk2/03.complexes_dude/actives_98_CHEMBL515001_best_CNNaffinity.pdb
These residues will be redesigned:  ['A1', 'A2', 'A3', 'A4', 'A5', 'A6', 'A7', 'A8', 'A9', 'A10', 'A11', 'A12', 'A15', 'A16', 'A17', 'A18', 'A19', 'A20', 'A21', 'A22', 'A23', 'A24', 'A25', 'A26', 'A27', 'A28', 'A29', 'A30', 'A31', 'A32', 'A33', 'A34', 'A35', 'A44', 'A45', 'A46', 'A47', 'A48', 'A49', 'A50', 'A51', 'A52', 'A53', 'A54', 'A55', 'A56', 'A57', 'A58', 'A59', 'A60', 'A61', 'A62', 'A63', 'A64', 'A65', 'A66', 'A67', 'A68', 'A69', 'A70', 'A71', 'A72', 'A73', 'A74', 'A75', 'A76', 'A77', 'A78', 'A79', 'A80', 'A81', 'A82', 'A83', 'A84', 'A85', 'A86', 'A87', 'A88', 'A89', 'A90', 'A91', 'A92', 'A93', 'A94', 'A95', 'A96', 'A97', 'A98', 'A99', 'A100', 'A101', 'A102', 'A103', 'A104', 'A105', 'A106', 'A107', 'A108', 'A109', 'A110', 'A111', 'A112', 'A113', 'A114', 'A115', 'A116', 'A117', 'A118', 'A119', 'A120', 'A121', 'A122', 'A123', 'A124', 'A125', 'A126', 'A127', 'A128', 'A129', 'A130', 'A131', 'A132', 'A133', 'A134', 'A135', 'A136', 'A137', 'A138', 'A139', 'A140', 'A141', 'A142', 'A143', 'A144', 'A145', 'A146', 'A147', 'A148', 'A149', 'A150', 'A151', 'A162', 'A163', 'A164', 'A165', 'A166', 'A167', 'A168', 'A169', 'A170', 'A171', 'A172', 'A173', 'A174', 'A175', 'A176', 'A177', 'A178', 'A179', 'A180', 'A181', 'A182', 'A183', 'A184', 'A185', 'A186', 'A187', 'A188', 'A189', 'A190', 'A191', 'A192', 'A193', 'A194', 'A195', 'A196', 'A197', 'A198', 'A199', 'A200', 'A201', 'A202', 'A203', 'A204', 'A205', 'A206', 'A207', 'A208', 'A209', 'A210', 'A211', 'A212', 'A213', 'A214', 'A215', 'A216', 'A217', 'A218', 'A219', 'A220', 'A221', 'A222', 'A223', 'A224', 'A225', 'A226', 'A227', 'A228', 'A229', 'A230', 'A231', 'A232', 'A233', 'A234', 'A235', 'A236', 'A237', 'A238', 'A239', 'A240', 'A241', 'A242', 'A243', 'A244', 'A245', 'A246', 'A247', 'A248', 'A249', 'A250', 'A251', 'A252', 'A253', 'A254', 'A255', 'A256', 'A257', 'A258', 'A259', 'A260', 'A261', 'A262', 'A263', 'A264', 'A265', 'A266', 'A267', 'A268', 'A269', 'A270', 'A271', 'A272', 'A273', 'A274', 'A275', 'A276', 'A277', 'A278', 'A279', 'A280', 'A281', 'A282', 'A283', 'A284', 'A285', 'A286', 'A287', 'A288', 'A289', 'A290', 'A291', 'A292', 'A293', 'A294', 'A295', 'A296', 'A297', 'A298']
These residues will be fixed:  []
The number of ligand atoms parsed is equal to: 29
Type: C, Coords [-0.96  30.331  9.364], Mask 1
Type: C, Coords [-1.728 31.496  9.225], Mask 1
Type: C, Coords [-2.963 31.548  9.847], Mask 1
Type: N, Coords [-3.38  30.504 10.549], Mask 1
Type: C, Coords [-2.633 29.416 10.664], Mask 1
Type: N, Coords [-1.448 29.319 10.083], Mask 1
Type: F, Coords [-1.273 32.542  8.502], Mask 1
Type: C, Coords [ 3.713 28.848  8.197], Mask 1
Type: C, Coords [ 2.398 29.584  8.207], Mask 1
Type: N, Coords [ 2.074 30.568  7.409], Mask 1
Type: C, Coords [ 0.836 30.985  7.694], Mask 1
Type: C, Coords [ 0.364 30.224  8.72 ], Mask 1
Type: N, Coords [ 1.365 29.331  9.036], Mask 1
Type: C, Coords [ 1.318 28.303 10.079], Mask 1
Type: C, Coords [ 2.489 27.335  9.894], Mask 1
Type: C, Coords [ 1.416 28.966 11.454], Mask 1
Type: N, Coords [-3.108 28.348 11.409], Mask 1
Type: C, Coords [-2.244 27.305 11.768], Mask 1
Type: C, Coords [-2.043 26.24  10.9  ], Mask 1
Type: C, Coords [-1.192 25.212 11.253], Mask 1
Type: C, Coords [-0.536 25.244 12.477], Mask 1
Type: C, Coords [-0.737 26.309 13.345], Mask 1
Type: C, Coords [-1.584 27.339 12.989], Mask 1
Type: N, Coords [ 0.327 24.201 12.836], Mask 1
Type: C, Coords [-0.026 23.263 13.913], Mask 1
Type: C, Coords [ 0.156 21.834 13.387], Mask 1
Type: O, Coords [ 1.466 21.7   12.832], Mask 1
Type: C, Coords [ 1.715 22.547 11.708], Mask 1
Type: C, Coords [ 1.61  24.009 12.143], Mask 1
Designing protein from this path: /home/tedeschg/prj/protein-perturbation/data/cdk2/03.complexes_dude/actives_99_CHEMBL515839_best_CNNaffinity.pdb
These residues will be redesigned:  ['A1', 'A2', 'A3', 'A4', 'A5', 'A6', 'A7', 'A8', 'A9', 'A10', 'A11', 'A12', 'A15', 'A16', 'A17', 'A18', 'A19', 'A20', 'A21', 'A22', 'A23', 'A24', 'A25', 'A26', 'A27', 'A28', 'A29', 'A30', 'A31', 'A32', 'A33', 'A34', 'A35', 'A44', 'A45', 'A46', 'A47', 'A48', 'A49', 'A50', 'A51', 'A52', 'A53', 'A54', 'A55', 'A56', 'A57', 'A58', 'A59', 'A60', 'A61', 'A62', 'A63', 'A64', 'A65', 'A66', 'A67', 'A68', 'A69', 'A70', 'A71', 'A72', 'A73', 'A74', 'A75', 'A76', 'A77', 'A78', 'A79', 'A80', 'A81', 'A82', 'A83', 'A84', 'A85', 'A86', 'A87', 'A88', 'A89', 'A90', 'A91', 'A92', 'A93', 'A94', 'A95', 'A96', 'A97', 'A98', 'A99', 'A100', 'A101', 'A102', 'A103', 'A104', 'A105', 'A106', 'A107', 'A108', 'A109', 'A110', 'A111', 'A112', 'A113', 'A114', 'A115', 'A116', 'A117', 'A118', 'A119', 'A120', 'A121', 'A122', 'A123', 'A124', 'A125', 'A126', 'A127', 'A128', 'A129', 'A130', 'A131', 'A132', 'A133', 'A134', 'A135', 'A136', 'A137', 'A138', 'A139', 'A140', 'A141', 'A142', 'A143', 'A144', 'A145', 'A146', 'A147', 'A148', 'A149', 'A150', 'A151', 'A162', 'A163', 'A164', 'A165', 'A166', 'A167', 'A168', 'A169', 'A170', 'A171', 'A172', 'A173', 'A174', 'A175', 'A176', 'A177', 'A178', 'A179', 'A180', 'A181', 'A182', 'A183', 'A184', 'A185', 'A186', 'A187', 'A188', 'A189', 'A190', 'A191', 'A192', 'A193', 'A194', 'A195', 'A196', 'A197', 'A198', 'A199', 'A200', 'A201', 'A202', 'A203', 'A204', 'A205', 'A206', 'A207', 'A208', 'A209', 'A210', 'A211', 'A212', 'A213', 'A214', 'A215', 'A216', 'A217', 'A218', 'A219', 'A220', 'A221', 'A222', 'A223', 'A224', 'A225', 'A226', 'A227', 'A228', 'A229', 'A230', 'A231', 'A232', 'A233', 'A234', 'A235', 'A236', 'A237', 'A238', 'A239', 'A240', 'A241', 'A242', 'A243', 'A244', 'A245', 'A246', 'A247', 'A248', 'A249', 'A250', 'A251', 'A252', 'A253', 'A254', 'A255', 'A256', 'A257', 'A258', 'A259', 'A260', 'A261', 'A262', 'A263', 'A264', 'A265', 'A266', 'A267', 'A268', 'A269', 'A270', 'A271', 'A272', 'A273', 'A274', 'A275', 'A276', 'A277', 'A278', 'A279', 'A280', 'A281', 'A282', 'A283', 'A284', 'A285', 'A286', 'A287', 'A288', 'A289', 'A290', 'A291', 'A292', 'A293', 'A294', 'A295', 'A296', 'A297', 'A298']
These residues will be fixed:  []
The number of ligand atoms parsed is equal to: 31
Type: N, Coords [-3.233 29.312 10.61 ], Mask 1
Type: C, Coords [-0.462 30.969  9.094], Mask 1
Type: C, Coords [-0.784 32.309  9.347], Mask 1
Type: C, Coords [-1.95  32.586 10.033], Mask 1
Type: N, Coords [-2.724 31.586 10.429], Mask 1
Type: C, Coords [-2.395 30.328 10.177], Mask 1
Type: N, Coords [-1.291 30.015  9.518], Mask 1
Type: C, Coords [ 3.767 28.651  7.632], Mask 1
Type: C, Coords [ 2.614 29.617  7.722], Mask 1
Type: N, Coords [ 2.421 30.642  6.935], Mask 1
Type: C, Coords [ 1.304 31.28   7.296], Mask 1
Type: C, Coords [ 0.773 30.62   8.363], Mask 1
Type: N, Coords [ 1.613 29.559  8.623], Mask 1
Type: C, Coords [ 1.45  28.558  9.681], Mask 1
Type: C, Coords [ 2.58  27.531  9.589], Mask 1
Type: C, Coords [ 1.497 29.247 11.046], Mask 1
Type: C, Coords [-2.778 28.386 11.553], Mask 1
Type: C, Coords [-1.574 28.596 12.211], Mask 1
Type: C, Coords [-1.128 27.68  13.143], Mask 1
Type: C, Coords [-1.88  26.553 13.421], Mask 1
Type: C, Coords [-3.08  26.34  12.767], Mask 1
Type: C, Coords [-3.534 27.256 11.838], Mask 1
Type: S, Coords [-1.308 25.386 14.611], Mask 1
Type: O, Coords [-0.315 26.081 15.353], Mask 1
Type: O, Coords [-2.486 24.909 15.246], Mask 1
Type: C, Coords [-0.545 24.061 13.634], Mask 1
Type: C, Coords [ 0.398 24.672 12.595], Mask 1
Type: C, Coords [-0.223 24.546 11.187], Mask 1
Type: C, Coords [ 1.013 24.203 10.311], Mask 1
Type: C, Coords [ 1.847 23.351 11.3  ], Mask 1
Type: O, Coords [ 1.639 23.958 12.586], Mask 1
Designing protein from this path: /home/tedeschg/prj/protein-perturbation/data/cdk2/03.complexes_dude/decoys_00_ZINC65638275_best_CNNaffinity.pdb
These residues will be redesigned:  ['A1', 'A2', 'A3', 'A4', 'A5', 'A6', 'A7', 'A8', 'A9', 'A10', 'A11', 'A12', 'A15', 'A16', 'A17', 'A18', 'A19', 'A20', 'A21', 'A22', 'A23', 'A24', 'A25', 'A26', 'A27', 'A28', 'A29', 'A30', 'A31', 'A32', 'A33', 'A34', 'A35', 'A44', 'A45', 'A46', 'A47', 'A48', 'A49', 'A50', 'A51', 'A52', 'A53', 'A54', 'A55', 'A56', 'A57', 'A58', 'A59', 'A60', 'A61', 'A62', 'A63', 'A64', 'A65', 'A66', 'A67', 'A68', 'A69', 'A70', 'A71', 'A72', 'A73', 'A74', 'A75', 'A76', 'A77', 'A78', 'A79', 'A80', 'A81', 'A82', 'A83', 'A84', 'A85', 'A86', 'A87', 'A88', 'A89', 'A90', 'A91', 'A92', 'A93', 'A94', 'A95', 'A96', 'A97', 'A98', 'A99', 'A100', 'A101', 'A102', 'A103', 'A104', 'A105', 'A106', 'A107', 'A108', 'A109', 'A110', 'A111', 'A112', 'A113', 'A114', 'A115', 'A116', 'A117', 'A118', 'A119', 'A120', 'A121', 'A122', 'A123', 'A124', 'A125', 'A126', 'A127', 'A128', 'A129', 'A130', 'A131', 'A132', 'A133', 'A134', 'A135', 'A136', 'A137', 'A138', 'A139', 'A140', 'A141', 'A142', 'A143', 'A144', 'A145', 'A146', 'A147', 'A148', 'A149', 'A150', 'A151', 'A162', 'A163', 'A164', 'A165', 'A166', 'A167', 'A168', 'A169', 'A170', 'A171', 'A172', 'A173', 'A174', 'A175', 'A176', 'A177', 'A178', 'A179', 'A180', 'A181', 'A182', 'A183', 'A184', 'A185', 'A186', 'A187', 'A188', 'A189', 'A190', 'A191', 'A192', 'A193', 'A194', 'A195', 'A196', 'A197', 'A198', 'A199', 'A200', 'A201', 'A202', 'A203', 'A204', 'A205', 'A206', 'A207', 'A208', 'A209', 'A210', 'A211', 'A212', 'A213', 'A214', 'A215', 'A216', 'A217', 'A218', 'A219', 'A220', 'A221', 'A222', 'A223', 'A224', 'A225', 'A226', 'A227', 'A228', 'A229', 'A230', 'A231', 'A232', 'A233', 'A234', 'A235', 'A236', 'A237', 'A238', 'A239', 'A240', 'A241', 'A242', 'A243', 'A244', 'A245', 'A246', 'A247', 'A248', 'A249', 'A250', 'A251', 'A252', 'A253', 'A254', 'A255', 'A256', 'A257', 'A258', 'A259', 'A260', 'A261', 'A262', 'A263', 'A264', 'A265', 'A266', 'A267', 'A268', 'A269', 'A270', 'A271', 'A272', 'A273', 'A274', 'A275', 'A276', 'A277', 'A278', 'A279', 'A280', 'A281', 'A282', 'A283', 'A284', 'A285', 'A286', 'A287', 'A288', 'A289', 'A290', 'A291', 'A292', 'A293', 'A294', 'A295', 'A296', 'A297', 'A298']
These residues will be fixed:  []
The number of ligand atoms parsed is equal to: 28
Type: N, Coords [ 2.423 28.082  9.079], Mask 1
Type: C, Coords [ 3.392 28.682  8.36 ], Mask 1
Type: O, Coords [ 3.379 29.887  8.209], Mask 1
Type: C, Coords [ 0.72  28.473 10.749], Mask 1
Type: C, Coords [-0.352 29.219 11.214], Mask 1
Type: C, Coords [-0.801 30.304 10.492], Mask 1
Type: C, Coords [-0.189 30.672  9.3  ], Mask 1
Type: C, Coords [ 0.884 29.921  8.832], Mask 1
Type: C, Coords [ 1.34  28.83   9.554], Mask 1
Type: O, Coords [-0.776 31.781  8.768], Mask 1
Type: C, Coords [-2.083 31.947  9.342], Mask 1
Type: C, Coords [-1.933 31.285 10.732], Mask 1
Type: C, Coords [-3.138 31.22   8.507], Mask 1
Type: O, Coords [ 1.167 27.401 11.459], Mask 1
Type: C, Coords [-0.06  25.941 12.943], Mask 1
Type: C, Coords [ 0.323 26.249 11.494], Mask 1
Type: C, Coords [ 4.483 27.865  7.749], Mask 1
Type: O, Coords [ 5.471 27.589  8.398], Mask 1
Type: N, Coords [ 4.37  27.434  6.477], Mask 1
Type: C, Coords [ 5.44  26.633  5.877], Mask 1
Type: C, Coords [ 5.151 25.147  6.102], Mask 1
Type: C, Coords [ 4.074 24.641  5.106], Mask 1
Type: C, Coords [ 4.415 23.133  5.015], Mask 1
Type: N, Coords [ 5.892 23.077  5.068], Mask 1
Type: C, Coords [ 6.384 24.291  5.744], Mask 1
Type: C, Coords [ 6.314 21.887  5.82 ], Mask 1
Type: C, Coords [ 7.283 22.302  6.929], Mask 1
Type: C, Coords [ 5.088 21.213  6.439], Mask 1
Designing protein from this path: /home/tedeschg/prj/protein-perturbation/data/cdk2/03.complexes_dude/decoys_01_ZINC59309590_best_CNNaffinity.pdb
These residues will be redesigned:  ['A1', 'A2', 'A3', 'A4', 'A5', 'A6', 'A7', 'A8', 'A9', 'A10', 'A11', 'A12', 'A15', 'A16', 'A17', 'A18', 'A19', 'A20', 'A21', 'A22', 'A23', 'A24', 'A25', 'A26', 'A27', 'A28', 'A29', 'A30', 'A31', 'A32', 'A33', 'A34', 'A35', 'A44', 'A45', 'A46', 'A47', 'A48', 'A49', 'A50', 'A51', 'A52', 'A53', 'A54', 'A55', 'A56', 'A57', 'A58', 'A59', 'A60', 'A61', 'A62', 'A63', 'A64', 'A65', 'A66', 'A67', 'A68', 'A69', 'A70', 'A71', 'A72', 'A73', 'A74', 'A75', 'A76', 'A77', 'A78', 'A79', 'A80', 'A81', 'A82', 'A83', 'A84', 'A85', 'A86', 'A87', 'A88', 'A89', 'A90', 'A91', 'A92', 'A93', 'A94', 'A95', 'A96', 'A97', 'A98', 'A99', 'A100', 'A101', 'A102', 'A103', 'A104', 'A105', 'A106', 'A107', 'A108', 'A109', 'A110', 'A111', 'A112', 'A113', 'A114', 'A115', 'A116', 'A117', 'A118', 'A119', 'A120', 'A121', 'A122', 'A123', 'A124', 'A125', 'A126', 'A127', 'A128', 'A129', 'A130', 'A131', 'A132', 'A133', 'A134', 'A135', 'A136', 'A137', 'A138', 'A139', 'A140', 'A141', 'A142', 'A143', 'A144', 'A145', 'A146', 'A147', 'A148', 'A149', 'A150', 'A151', 'A162', 'A163', 'A164', 'A165', 'A166', 'A167', 'A168', 'A169', 'A170', 'A171', 'A172', 'A173', 'A174', 'A175', 'A176', 'A177', 'A178', 'A179', 'A180', 'A181', 'A182', 'A183', 'A184', 'A185', 'A186', 'A187', 'A188', 'A189', 'A190', 'A191', 'A192', 'A193', 'A194', 'A195', 'A196', 'A197', 'A198', 'A199', 'A200', 'A201', 'A202', 'A203', 'A204', 'A205', 'A206', 'A207', 'A208', 'A209', 'A210', 'A211', 'A212', 'A213', 'A214', 'A215', 'A216', 'A217', 'A218', 'A219', 'A220', 'A221', 'A222', 'A223', 'A224', 'A225', 'A226', 'A227', 'A228', 'A229', 'A230', 'A231', 'A232', 'A233', 'A234', 'A235', 'A236', 'A237', 'A238', 'A239', 'A240', 'A241', 'A242', 'A243', 'A244', 'A245', 'A246', 'A247', 'A248', 'A249', 'A250', 'A251', 'A252', 'A253', 'A254', 'A255', 'A256', 'A257', 'A258', 'A259', 'A260', 'A261', 'A262', 'A263', 'A264', 'A265', 'A266', 'A267', 'A268', 'A269', 'A270', 'A271', 'A272', 'A273', 'A274', 'A275', 'A276', 'A277', 'A278', 'A279', 'A280', 'A281', 'A282', 'A283', 'A284', 'A285', 'A286', 'A287', 'A288', 'A289', 'A290', 'A291', 'A292', 'A293', 'A294', 'A295', 'A296', 'A297', 'A298']
These residues will be fixed:  []
The number of ligand atoms parsed is equal to: 33
Type: C, Coords [-2.155 26.859 11.546], Mask 1
Type: N, Coords [-1.866 27.807 10.648], Mask 1
Type: C, Coords [-2.796 28.739 10.674], Mask 1
Type: N, Coords [-3.708 28.392 11.607], Mask 1
Type: N, Coords [-3.275 27.172 12.152], Mask 1
Type: N, Coords [-2.832 29.873  9.884], Mask 1
Type: N, Coords [-2.98  31.134 10.476], Mask 1
Type: C, Coords [-2.062 32.038 10.316], Mask 1
Type: C, Coords [-2.129 33.326 11.096], Mask 1
Type: C, Coords [-0.954 31.805  9.373], Mask 1
Type: C, Coords [-0.414 30.524  9.229], Mask 1
Type: C, Coords [ 0.622 30.309  8.347], Mask 1
Type: C, Coords [ 1.13  31.366  7.598], Mask 1
Type: C, Coords [ 0.595 32.642  7.738], Mask 1
Type: C, Coords [-0.445 32.863  8.614], Mask 1
Type: N, Coords [ 2.179 31.145  6.705], Mask 1
Type: S, Coords [-1.19  25.419 11.86 ], Mask 1
Type: C, Coords [ 0.482 26.064 12.146], Mask 1
Type: N, Coords [ 2.485 26.606 10.8  ], Mask 1
Type: C, Coords [ 1.23  26.117 10.839], Mask 1
Type: O, Coords [ 0.702 25.721  9.821], Mask 1
Type: C, Coords [ 5.487 25.886  5.328], Mask 1
Type: N, Coords [ 5.131 27.004  5.918], Mask 1
Type: C, Coords [ 4.484 27.024  7.105], Mask 1
Type: C, Coords [ 4.049 28.15   7.842], Mask 1
Type: C, Coords [ 3.402 27.998  9.039], Mask 1
Type: C, Coords [ 3.149 26.736  9.573], Mask 1
Type: C, Coords [ 3.563 25.61   8.874], Mask 1
Type: C, Coords [ 4.212 25.759  7.675], Mask 1
Type: S, Coords [ 4.894 24.646  6.47 ], Mask 1
Type: S, Coords [ 6.328 25.665  3.795], Mask 1
Type: C, Coords [ 4.854 27.294  2.166], Mask 1
Type: C, Coords [ 6.158 27.269  2.966], Mask 1
Designing protein from this path: /home/tedeschg/prj/protein-perturbation/data/cdk2/03.complexes_dude/decoys_02_ZINC00999954_best_CNNaffinity.pdb
These residues will be redesigned:  ['A1', 'A2', 'A3', 'A4', 'A5', 'A6', 'A7', 'A8', 'A9', 'A10', 'A11', 'A12', 'A15', 'A16', 'A17', 'A18', 'A19', 'A20', 'A21', 'A22', 'A23', 'A24', 'A25', 'A26', 'A27', 'A28', 'A29', 'A30', 'A31', 'A32', 'A33', 'A34', 'A35', 'A44', 'A45', 'A46', 'A47', 'A48', 'A49', 'A50', 'A51', 'A52', 'A53', 'A54', 'A55', 'A56', 'A57', 'A58', 'A59', 'A60', 'A61', 'A62', 'A63', 'A64', 'A65', 'A66', 'A67', 'A68', 'A69', 'A70', 'A71', 'A72', 'A73', 'A74', 'A75', 'A76', 'A77', 'A78', 'A79', 'A80', 'A81', 'A82', 'A83', 'A84', 'A85', 'A86', 'A87', 'A88', 'A89', 'A90', 'A91', 'A92', 'A93', 'A94', 'A95', 'A96', 'A97', 'A98', 'A99', 'A100', 'A101', 'A102', 'A103', 'A104', 'A105', 'A106', 'A107', 'A108', 'A109', 'A110', 'A111', 'A112', 'A113', 'A114', 'A115', 'A116', 'A117', 'A118', 'A119', 'A120', 'A121', 'A122', 'A123', 'A124', 'A125', 'A126', 'A127', 'A128', 'A129', 'A130', 'A131', 'A132', 'A133', 'A134', 'A135', 'A136', 'A137', 'A138', 'A139', 'A140', 'A141', 'A142', 'A143', 'A144', 'A145', 'A146', 'A147', 'A148', 'A149', 'A150', 'A151', 'A162', 'A163', 'A164', 'A165', 'A166', 'A167', 'A168', 'A169', 'A170', 'A171', 'A172', 'A173', 'A174', 'A175', 'A176', 'A177', 'A178', 'A179', 'A180', 'A181', 'A182', 'A183', 'A184', 'A185', 'A186', 'A187', 'A188', 'A189', 'A190', 'A191', 'A192', 'A193', 'A194', 'A195', 'A196', 'A197', 'A198', 'A199', 'A200', 'A201', 'A202', 'A203', 'A204', 'A205', 'A206', 'A207', 'A208', 'A209', 'A210', 'A211', 'A212', 'A213', 'A214', 'A215', 'A216', 'A217', 'A218', 'A219', 'A220', 'A221', 'A222', 'A223', 'A224', 'A225', 'A226', 'A227', 'A228', 'A229', 'A230', 'A231', 'A232', 'A233', 'A234', 'A235', 'A236', 'A237', 'A238', 'A239', 'A240', 'A241', 'A242', 'A243', 'A244', 'A245', 'A246', 'A247', 'A248', 'A249', 'A250', 'A251', 'A252', 'A253', 'A254', 'A255', 'A256', 'A257', 'A258', 'A259', 'A260', 'A261', 'A262', 'A263', 'A264', 'A265', 'A266', 'A267', 'A268', 'A269', 'A270', 'A271', 'A272', 'A273', 'A274', 'A275', 'A276', 'A277', 'A278', 'A279', 'A280', 'A281', 'A282', 'A283', 'A284', 'A285', 'A286', 'A287', 'A288', 'A289', 'A290', 'A291', 'A292', 'A293', 'A294', 'A295', 'A296', 'A297', 'A298']
These residues will be fixed:  []
The number of ligand atoms parsed is equal to: 25
Type: C, Coords [-7.611 18.645  7.032], Mask 1
Type: C, Coords [-7.662 19.073  5.563], Mask 1
Type: C, Coords [-6.575 18.345  4.77 ], Mask 1
Type: C, Coords [-5.239 18.545  5.473], Mask 1
Type: C, Coords [-5.184 18.937  6.765], Mask 1
Type: S, Coords [-3.455 19.033  7.135], Mask 1
Type: C, Coords [-2.812 18.558  5.598], Mask 1
Type: C, Coords [-3.95  18.343  4.832], Mask 1
Type: C, Coords [-6.34  19.223  7.672], Mask 1
Type: C, Coords [-3.855 17.924  3.431], Mask 1
Type: O, Coords [-3.245 16.912  3.139], Mask 1
Type: N, Coords [-4.444 18.659  2.466], Mask 1
Type: C, Coords [-9.757 19.897  6.771], Mask 1
Type: C, Coords [-8.843 19.178  7.765], Mask 1
Type: C, Coords [-9.601 18.013  8.405], Mask 1
Type: C, Coords [-8.403 20.159  8.854], Mask 1
Type: N, Coords [-1.485 18.431  5.222], Mask 1
Type: C, Coords [-0.645 19.477  5.35 ], Mask 1
Type: O, Coords [-1.052 20.533  5.796], Mask 1
Type: C, Coords [ 0.767 19.341  4.95 ], Mask 1
Type: C, Coords [ 1.873 19.995  5.54 ], Mask 1
Type: N, Coords [ 2.95  19.616  4.908], Mask 1
Type: N, Coords [ 2.59  18.716  3.899], Mask 1
Type: C, Coords [ 1.257 18.556  3.926], Mask 1
Type: C, Coords [ 3.512 18.062  2.967], Mask 1
Designing protein from this path: /home/tedeschg/prj/protein-perturbation/data/cdk2/03.complexes_dude/decoys_03_ZINC40569152_best_CNNaffinity.pdb
These residues will be redesigned:  ['A1', 'A2', 'A3', 'A4', 'A5', 'A6', 'A7', 'A8', 'A9', 'A10', 'A11', 'A12', 'A15', 'A16', 'A17', 'A18', 'A19', 'A20', 'A21', 'A22', 'A23', 'A24', 'A25', 'A26', 'A27', 'A28', 'A29', 'A30', 'A31', 'A32', 'A33', 'A34', 'A35', 'A44', 'A45', 'A46', 'A47', 'A48', 'A49', 'A50', 'A51', 'A52', 'A53', 'A54', 'A55', 'A56', 'A57', 'A58', 'A59', 'A60', 'A61', 'A62', 'A63', 'A64', 'A65', 'A66', 'A67', 'A68', 'A69', 'A70', 'A71', 'A72', 'A73', 'A74', 'A75', 'A76', 'A77', 'A78', 'A79', 'A80', 'A81', 'A82', 'A83', 'A84', 'A85', 'A86', 'A87', 'A88', 'A89', 'A90', 'A91', 'A92', 'A93', 'A94', 'A95', 'A96', 'A97', 'A98', 'A99', 'A100', 'A101', 'A102', 'A103', 'A104', 'A105', 'A106', 'A107', 'A108', 'A109', 'A110', 'A111', 'A112', 'A113', 'A114', 'A115', 'A116', 'A117', 'A118', 'A119', 'A120', 'A121', 'A122', 'A123', 'A124', 'A125', 'A126', 'A127', 'A128', 'A129', 'A130', 'A131', 'A132', 'A133', 'A134', 'A135', 'A136', 'A137', 'A138', 'A139', 'A140', 'A141', 'A142', 'A143', 'A144', 'A145', 'A146', 'A147', 'A148', 'A149', 'A150', 'A151', 'A162', 'A163', 'A164', 'A165', 'A166', 'A167', 'A168', 'A169', 'A170', 'A171', 'A172', 'A173', 'A174', 'A175', 'A176', 'A177', 'A178', 'A179', 'A180', 'A181', 'A182', 'A183', 'A184', 'A185', 'A186', 'A187', 'A188', 'A189', 'A190', 'A191', 'A192', 'A193', 'A194', 'A195', 'A196', 'A197', 'A198', 'A199', 'A200', 'A201', 'A202', 'A203', 'A204', 'A205', 'A206', 'A207', 'A208', 'A209', 'A210', 'A211', 'A212', 'A213', 'A214', 'A215', 'A216', 'A217', 'A218', 'A219', 'A220', 'A221', 'A222', 'A223', 'A224', 'A225', 'A226', 'A227', 'A228', 'A229', 'A230', 'A231', 'A232', 'A233', 'A234', 'A235', 'A236', 'A237', 'A238', 'A239', 'A240', 'A241', 'A242', 'A243', 'A244', 'A245', 'A246', 'A247', 'A248', 'A249', 'A250', 'A251', 'A252', 'A253', 'A254', 'A255', 'A256', 'A257', 'A258', 'A259', 'A260', 'A261', 'A262', 'A263', 'A264', 'A265', 'A266', 'A267', 'A268', 'A269', 'A270', 'A271', 'A272', 'A273', 'A274', 'A275', 'A276', 'A277', 'A278', 'A279', 'A280', 'A281', 'A282', 'A283', 'A284', 'A285', 'A286', 'A287', 'A288', 'A289', 'A290', 'A291', 'A292', 'A293', 'A294', 'A295', 'A296', 'A297', 'A298']
These residues will be fixed:  []
The number of ligand atoms parsed is equal to: 27
Type: C, Coords [ 1.073 29.656  8.066], Mask 1
Type: C, Coords [-0.195 29.484  8.499], Mask 1
Type: C, Coords [-0.438 28.756  9.682], Mask 1
Type: C, Coords [ 0.633 28.232 10.376], Mask 1
Type: C, Coords [ 1.93  28.437  9.889], Mask 1
Type: O, Coords [ 2.888 27.979 10.492], Mask 1
Type: N, Coords [ 2.122 29.133  8.752], Mask 1
Type: C, Coords [ 3.484 29.334  8.252], Mask 1
Type: C, Coords [ 0.42  27.448 11.641], Mask 1
Type: C, Coords [-0.965 27.691 12.174], Mask 1
Type: C, Coords [-1.931 28.235 11.396], Mask 1
Type: O, Coords [-1.703 28.581 10.117], Mask 1
Type: N, Coords [-3.18  28.437 11.929], Mask 1
Type: C, Coords [ 0.59  25.979 11.353], Mask 1
Type: C, Coords [ 1.421 25.21  12.146], Mask 1
Type: C, Coords [ 1.577 23.862 11.882], Mask 1
Type: C, Coords [ 0.901 23.283 10.824], Mask 1
Type: C, Coords [ 0.07  24.051 10.031], Mask 1
Type: C, Coords [-0.09  25.398 10.298], Mask 1
Type: C, Coords [ 1.072 21.814 10.535], Mask 1
Type: C, Coords [ 2.444 21.352 11.032], Mask 1
Type: C, Coords [-0.023 21.022 11.253], Mask 1
Type: C, Coords [-1.268 27.342 13.529], Mask 1
Type: N, Coords [-1.508 27.065 14.604], Mask 1
Type: C, Coords [ 1.326 30.435  6.801], Mask 1
Type: C, Coords [ 0.517 32.624  7.692], Mask 1
Type: C, Coords [ 1.733 31.866  7.155], Mask 1
Designing protein from this path: /home/tedeschg/prj/protein-perturbation/data/cdk2/03.complexes_dude/decoys_04_ZINC21045558_best_CNNaffinity.pdb
These residues will be redesigned:  ['A1', 'A2', 'A3', 'A4', 'A5', 'A6', 'A7', 'A8', 'A9', 'A10', 'A11', 'A12', 'A15', 'A16', 'A17', 'A18', 'A19', 'A20', 'A21', 'A22', 'A23', 'A24', 'A25', 'A26', 'A27', 'A28', 'A29', 'A30', 'A31', 'A32', 'A33', 'A34', 'A35', 'A44', 'A45', 'A46', 'A47', 'A48', 'A49', 'A50', 'A51', 'A52', 'A53', 'A54', 'A55', 'A56', 'A57', 'A58', 'A59', 'A60', 'A61', 'A62', 'A63', 'A64', 'A65', 'A66', 'A67', 'A68', 'A69', 'A70', 'A71', 'A72', 'A73', 'A74', 'A75', 'A76', 'A77', 'A78', 'A79', 'A80', 'A81', 'A82', 'A83', 'A84', 'A85', 'A86', 'A87', 'A88', 'A89', 'A90', 'A91', 'A92', 'A93', 'A94', 'A95', 'A96', 'A97', 'A98', 'A99', 'A100', 'A101', 'A102', 'A103', 'A104', 'A105', 'A106', 'A107', 'A108', 'A109', 'A110', 'A111', 'A112', 'A113', 'A114', 'A115', 'A116', 'A117', 'A118', 'A119', 'A120', 'A121', 'A122', 'A123', 'A124', 'A125', 'A126', 'A127', 'A128', 'A129', 'A130', 'A131', 'A132', 'A133', 'A134', 'A135', 'A136', 'A137', 'A138', 'A139', 'A140', 'A141', 'A142', 'A143', 'A144', 'A145', 'A146', 'A147', 'A148', 'A149', 'A150', 'A151', 'A162', 'A163', 'A164', 'A165', 'A166', 'A167', 'A168', 'A169', 'A170', 'A171', 'A172', 'A173', 'A174', 'A175', 'A176', 'A177', 'A178', 'A179', 'A180', 'A181', 'A182', 'A183', 'A184', 'A185', 'A186', 'A187', 'A188', 'A189', 'A190', 'A191', 'A192', 'A193', 'A194', 'A195', 'A196', 'A197', 'A198', 'A199', 'A200', 'A201', 'A202', 'A203', 'A204', 'A205', 'A206', 'A207', 'A208', 'A209', 'A210', 'A211', 'A212', 'A213', 'A214', 'A215', 'A216', 'A217', 'A218', 'A219', 'A220', 'A221', 'A222', 'A223', 'A224', 'A225', 'A226', 'A227', 'A228', 'A229', 'A230', 'A231', 'A232', 'A233', 'A234', 'A235', 'A236', 'A237', 'A238', 'A239', 'A240', 'A241', 'A242', 'A243', 'A244', 'A245', 'A246', 'A247', 'A248', 'A249', 'A250', 'A251', 'A252', 'A253', 'A254', 'A255', 'A256', 'A257', 'A258', 'A259', 'A260', 'A261', 'A262', 'A263', 'A264', 'A265', 'A266', 'A267', 'A268', 'A269', 'A270', 'A271', 'A272', 'A273', 'A274', 'A275', 'A276', 'A277', 'A278', 'A279', 'A280', 'A281', 'A282', 'A283', 'A284', 'A285', 'A286', 'A287', 'A288', 'A289', 'A290', 'A291', 'A292', 'A293', 'A294', 'A295', 'A296', 'A297', 'A298']
These residues will be fixed:  []
The number of ligand atoms parsed is equal to: 17
Type: C, Coords [ 0.76  29.316  9.77 ], Mask 1
Type: C, Coords [ 1.433 29.641  8.604], Mask 1
Type: C, Coords [ 2.598 28.942  8.259], Mask 1
Type: C, Coords [ 3.306 29.247  7.082], Mask 1
Type: C, Coords [ 4.434 28.551  6.775], Mask 1
Type: C, Coords [ 4.902 27.537  7.609], Mask 1
Type: C, Coords [ 4.244 27.213  8.755], Mask 1
Type: C, Coords [ 3.074 27.909  9.108], Mask 1
Type: C, Coords [ 2.375 27.597 10.286], Mask 1
Type: C, Coords [ 1.244 28.29  10.612], Mask 1
Type: N, Coords [ 0.559 27.979 11.783], Mask 1
Type: C, Coords [-2.511 32.889 10.938], Mask 1
Type: C, Coords [-1.87  31.559 10.637], Mask 1
Type: N, Coords [-0.584 31.354 10.315], Mask 1
Type: C, Coords [-0.466 30.049 10.138], Mask 1
Type: O, Coords [-1.681 29.52  10.358], Mask 1
Type: N, Coords [-2.464 30.402 10.641], Mask 1
Designing protein from this path: /home/tedeschg/prj/protein-perturbation/data/cdk2/03.complexes_dude/decoys_05_ZINC01684039_best_CNNaffinity.pdb
These residues will be redesigned:  ['A1', 'A2', 'A3', 'A4', 'A5', 'A6', 'A7', 'A8', 'A9', 'A10', 'A11', 'A12', 'A15', 'A16', 'A17', 'A18', 'A19', 'A20', 'A21', 'A22', 'A23', 'A24', 'A25', 'A26', 'A27', 'A28', 'A29', 'A30', 'A31', 'A32', 'A33', 'A34', 'A35', 'A44', 'A45', 'A46', 'A47', 'A48', 'A49', 'A50', 'A51', 'A52', 'A53', 'A54', 'A55', 'A56', 'A57', 'A58', 'A59', 'A60', 'A61', 'A62', 'A63', 'A64', 'A65', 'A66', 'A67', 'A68', 'A69', 'A70', 'A71', 'A72', 'A73', 'A74', 'A75', 'A76', 'A77', 'A78', 'A79', 'A80', 'A81', 'A82', 'A83', 'A84', 'A85', 'A86', 'A87', 'A88', 'A89', 'A90', 'A91', 'A92', 'A93', 'A94', 'A95', 'A96', 'A97', 'A98', 'A99', 'A100', 'A101', 'A102', 'A103', 'A104', 'A105', 'A106', 'A107', 'A108', 'A109', 'A110', 'A111', 'A112', 'A113', 'A114', 'A115', 'A116', 'A117', 'A118', 'A119', 'A120', 'A121', 'A122', 'A123', 'A124', 'A125', 'A126', 'A127', 'A128', 'A129', 'A130', 'A131', 'A132', 'A133', 'A134', 'A135', 'A136', 'A137', 'A138', 'A139', 'A140', 'A141', 'A142', 'A143', 'A144', 'A145', 'A146', 'A147', 'A148', 'A149', 'A150', 'A151', 'A162', 'A163', 'A164', 'A165', 'A166', 'A167', 'A168', 'A169', 'A170', 'A171', 'A172', 'A173', 'A174', 'A175', 'A176', 'A177', 'A178', 'A179', 'A180', 'A181', 'A182', 'A183', 'A184', 'A185', 'A186', 'A187', 'A188', 'A189', 'A190', 'A191', 'A192', 'A193', 'A194', 'A195', 'A196', 'A197', 'A198', 'A199', 'A200', 'A201', 'A202', 'A203', 'A204', 'A205', 'A206', 'A207', 'A208', 'A209', 'A210', 'A211', 'A212', 'A213', 'A214', 'A215', 'A216', 'A217', 'A218', 'A219', 'A220', 'A221', 'A222', 'A223', 'A224', 'A225', 'A226', 'A227', 'A228', 'A229', 'A230', 'A231', 'A232', 'A233', 'A234', 'A235', 'A236', 'A237', 'A238', 'A239', 'A240', 'A241', 'A242', 'A243', 'A244', 'A245', 'A246', 'A247', 'A248', 'A249', 'A250', 'A251', 'A252', 'A253', 'A254', 'A255', 'A256', 'A257', 'A258', 'A259', 'A260', 'A261', 'A262', 'A263', 'A264', 'A265', 'A266', 'A267', 'A268', 'A269', 'A270', 'A271', 'A272', 'A273', 'A274', 'A275', 'A276', 'A277', 'A278', 'A279', 'A280', 'A281', 'A282', 'A283', 'A284', 'A285', 'A286', 'A287', 'A288', 'A289', 'A290', 'A291', 'A292', 'A293', 'A294', 'A295', 'A296', 'A297', 'A298']
These residues will be fixed:  []
The number of ligand atoms parsed is equal to: 20
Type: N, Coords [-0.314 29.509 10.589], Mask 1
Type: C, Coords [ 0.146 28.421 11.273], Mask 1
Type: N, Coords [ 1.233 27.974 10.717], Mask 1
Type: C, Coords [ 1.54  28.743  9.644], Mask 1
Type: C, Coords [ 0.552 29.736  9.55 ], Mask 1
Type: N, Coords [ 0.625 30.634  8.571], Mask 1
Type: C, Coords [ 1.611 30.589  7.689], Mask 1
Type: N, Coords [ 2.566 29.669  7.74 ], Mask 1
Type: C, Coords [ 2.572 28.737  8.688], Mask 1
Type: N, Coords [ 1.65  31.538  6.681], Mask 1
Type: C, Coords [-1.512 30.29  10.907], Mask 1
Type: C, Coords [-2.083 30.893  9.622], Mask 1
Type: C, Coords [-3.572 30.556  9.519], Mask 1
Type: C, Coords [-2.334 32.953 11.013], Mask 1
Type: C, Coords [-1.904 32.412  9.648], Mask 1
Type: S, Coords [ 3.845 27.52   8.745], Mask 1
Type: C, Coords [ 4.926 28.134  7.43 ], Mask 1
Type: C, Coords [ 4.752 27.284  6.198], Mask 1
Type: O, Coords [ 4.001 27.64   5.321], Mask 1
Type: O, Coords [ 5.429 26.132  6.076], Mask 1
Designing protein from this path: /home/tedeschg/prj/protein-perturbation/data/cdk2/03.complexes_dude/decoys_06_ZINC39205288_best_CNNaffinity.pdb
These residues will be redesigned:  ['A1', 'A2', 'A3', 'A4', 'A5', 'A6', 'A7', 'A8', 'A9', 'A10', 'A11', 'A12', 'A15', 'A16', 'A17', 'A18', 'A19', 'A20', 'A21', 'A22', 'A23', 'A24', 'A25', 'A26', 'A27', 'A28', 'A29', 'A30', 'A31', 'A32', 'A33', 'A34', 'A35', 'A44', 'A45', 'A46', 'A47', 'A48', 'A49', 'A50', 'A51', 'A52', 'A53', 'A54', 'A55', 'A56', 'A57', 'A58', 'A59', 'A60', 'A61', 'A62', 'A63', 'A64', 'A65', 'A66', 'A67', 'A68', 'A69', 'A70', 'A71', 'A72', 'A73', 'A74', 'A75', 'A76', 'A77', 'A78', 'A79', 'A80', 'A81', 'A82', 'A83', 'A84', 'A85', 'A86', 'A87', 'A88', 'A89', 'A90', 'A91', 'A92', 'A93', 'A94', 'A95', 'A96', 'A97', 'A98', 'A99', 'A100', 'A101', 'A102', 'A103', 'A104', 'A105', 'A106', 'A107', 'A108', 'A109', 'A110', 'A111', 'A112', 'A113', 'A114', 'A115', 'A116', 'A117', 'A118', 'A119', 'A120', 'A121', 'A122', 'A123', 'A124', 'A125', 'A126', 'A127', 'A128', 'A129', 'A130', 'A131', 'A132', 'A133', 'A134', 'A135', 'A136', 'A137', 'A138', 'A139', 'A140', 'A141', 'A142', 'A143', 'A144', 'A145', 'A146', 'A147', 'A148', 'A149', 'A150', 'A151', 'A162', 'A163', 'A164', 'A165', 'A166', 'A167', 'A168', 'A169', 'A170', 'A171', 'A172', 'A173', 'A174', 'A175', 'A176', 'A177', 'A178', 'A179', 'A180', 'A181', 'A182', 'A183', 'A184', 'A185', 'A186', 'A187', 'A188', 'A189', 'A190', 'A191', 'A192', 'A193', 'A194', 'A195', 'A196', 'A197', 'A198', 'A199', 'A200', 'A201', 'A202', 'A203', 'A204', 'A205', 'A206', 'A207', 'A208', 'A209', 'A210', 'A211', 'A212', 'A213', 'A214', 'A215', 'A216', 'A217', 'A218', 'A219', 'A220', 'A221', 'A222', 'A223', 'A224', 'A225', 'A226', 'A227', 'A228', 'A229', 'A230', 'A231', 'A232', 'A233', 'A234', 'A235', 'A236', 'A237', 'A238', 'A239', 'A240', 'A241', 'A242', 'A243', 'A244', 'A245', 'A246', 'A247', 'A248', 'A249', 'A250', 'A251', 'A252', 'A253', 'A254', 'A255', 'A256', 'A257', 'A258', 'A259', 'A260', 'A261', 'A262', 'A263', 'A264', 'A265', 'A266', 'A267', 'A268', 'A269', 'A270', 'A271', 'A272', 'A273', 'A274', 'A275', 'A276', 'A277', 'A278', 'A279', 'A280', 'A281', 'A282', 'A283', 'A284', 'A285', 'A286', 'A287', 'A288', 'A289', 'A290', 'A291', 'A292', 'A293', 'A294', 'A295', 'A296', 'A297', 'A298']
These residues will be fixed:  []
The number of ligand atoms parsed is equal to: 29
Type: C, Coords [-2.519 30.24  10.453], Mask 1
Type: C, Coords [-1.592 29.016 10.64 ], Mask 1
Type: N, Coords [-2.439 27.994 11.278], Mask 1
Type: N, Coords [-3.677 28.541 11.51 ], Mask 1
Type: N, Coords [-3.869 29.61  10.521], Mask 1
Type: C, Coords [-2.052 26.695 11.591], Mask 1
Type: C, Coords [-2.049 26.099 12.932], Mask 1
Type: N, Coords [-1.625 24.87  12.833], Mask 1
Type: O, Coords [-1.341 24.617 11.469], Mask 1
Type: N, Coords [-1.635 25.797 10.743], Mask 1
Type: N, Coords [-2.433 26.736 14.107], Mask 1
Type: C, Coords [-2.294 30.888  9.111], Mask 1
Type: O, Coords [-3.218 31.031  8.346], Mask 1
Type: O, Coords [-1.066 31.306  8.766], Mask 1
Type: C, Coords [-1.344 33.2   10.242], Mask 1
Type: C, Coords [-0.793 32.702  8.904], Mask 1
Type: C, Coords [-0.413 29.376 11.547], Mask 1
Type: S, Coords [ 0.613 27.905 11.816], Mask 1
Type: C, Coords [ 1.717 27.898 10.443], Mask 1
Type: N, Coords [ 2.632 26.918 10.175], Mask 1
Type: C, Coords [ 3.298 27.284  9.017], Mask 1
Type: C, Coords [ 4.311 26.705  8.268], Mask 1
Type: C, Coords [ 4.773 27.338  7.128], Mask 1
Type: C, Coords [ 4.224 28.553  6.729], Mask 1
Type: C, Coords [ 3.218 29.139  7.463], Mask 1
Type: C, Coords [ 2.742 28.51   8.616], Mask 1
Type: N, Coords [ 1.78  28.829  9.524], Mask 1
Type: O, Coords [ 5.767 26.771  6.394], Mask 1
Type: C, Coords [ 5.427 26.315  5.083], Mask 1
Designing protein from this path: /home/tedeschg/prj/protein-perturbation/data/cdk2/03.complexes_dude/decoys_07_ZINC21318918_best_CNNaffinity.pdb
These residues will be redesigned:  ['A1', 'A2', 'A3', 'A4', 'A5', 'A6', 'A7', 'A8', 'A9', 'A10', 'A11', 'A12', 'A15', 'A16', 'A17', 'A18', 'A19', 'A20', 'A21', 'A22', 'A23', 'A24', 'A25', 'A26', 'A27', 'A28', 'A29', 'A30', 'A31', 'A32', 'A33', 'A34', 'A35', 'A44', 'A45', 'A46', 'A47', 'A48', 'A49', 'A50', 'A51', 'A52', 'A53', 'A54', 'A55', 'A56', 'A57', 'A58', 'A59', 'A60', 'A61', 'A62', 'A63', 'A64', 'A65', 'A66', 'A67', 'A68', 'A69', 'A70', 'A71', 'A72', 'A73', 'A74', 'A75', 'A76', 'A77', 'A78', 'A79', 'A80', 'A81', 'A82', 'A83', 'A84', 'A85', 'A86', 'A87', 'A88', 'A89', 'A90', 'A91', 'A92', 'A93', 'A94', 'A95', 'A96', 'A97', 'A98', 'A99', 'A100', 'A101', 'A102', 'A103', 'A104', 'A105', 'A106', 'A107', 'A108', 'A109', 'A110', 'A111', 'A112', 'A113', 'A114', 'A115', 'A116', 'A117', 'A118', 'A119', 'A120', 'A121', 'A122', 'A123', 'A124', 'A125', 'A126', 'A127', 'A128', 'A129', 'A130', 'A131', 'A132', 'A133', 'A134', 'A135', 'A136', 'A137', 'A138', 'A139', 'A140', 'A141', 'A142', 'A143', 'A144', 'A145', 'A146', 'A147', 'A148', 'A149', 'A150', 'A151', 'A162', 'A163', 'A164', 'A165', 'A166', 'A167', 'A168', 'A169', 'A170', 'A171', 'A172', 'A173', 'A174', 'A175', 'A176', 'A177', 'A178', 'A179', 'A180', 'A181', 'A182', 'A183', 'A184', 'A185', 'A186', 'A187', 'A188', 'A189', 'A190', 'A191', 'A192', 'A193', 'A194', 'A195', 'A196', 'A197', 'A198', 'A199', 'A200', 'A201', 'A202', 'A203', 'A204', 'A205', 'A206', 'A207', 'A208', 'A209', 'A210', 'A211', 'A212', 'A213', 'A214', 'A215', 'A216', 'A217', 'A218', 'A219', 'A220', 'A221', 'A222', 'A223', 'A224', 'A225', 'A226', 'A227', 'A228', 'A229', 'A230', 'A231', 'A232', 'A233', 'A234', 'A235', 'A236', 'A237', 'A238', 'A239', 'A240', 'A241', 'A242', 'A243', 'A244', 'A245', 'A246', 'A247', 'A248', 'A249', 'A250', 'A251', 'A252', 'A253', 'A254', 'A255', 'A256', 'A257', 'A258', 'A259', 'A260', 'A261', 'A262', 'A263', 'A264', 'A265', 'A266', 'A267', 'A268', 'A269', 'A270', 'A271', 'A272', 'A273', 'A274', 'A275', 'A276', 'A277', 'A278', 'A279', 'A280', 'A281', 'A282', 'A283', 'A284', 'A285', 'A286', 'A287', 'A288', 'A289', 'A290', 'A291', 'A292', 'A293', 'A294', 'A295', 'A296', 'A297', 'A298']
These residues will be fixed:  []
The number of ligand atoms parsed is equal to: 28
Type: C, Coords [-0.959 31.576  9.187], Mask 1
Type: N, Coords [-0.635 32.843  9.078], Mask 1
Type: N, Coords [ 0.434 32.94   8.177], Mask 1
Type: C, Coords [ 0.729 31.731  7.766], Mask 1
Type: N, Coords [-0.121 30.856  8.384], Mask 1
Type: N, Coords [-0.133 29.499  8.223], Mask 1
Type: N, Coords [ 1.73  31.397  6.866], Mask 1
Type: N, Coords [ 2.252 30.097  6.849], Mask 1
Type: C, Coords [ 3.205 29.769  7.668], Mask 1
Type: C, Coords [ 3.753 28.401  7.65 ], Mask 1
Type: C, Coords [ 3.551 27.549  8.739], Mask 1
Type: C, Coords [ 4.065 26.27   8.719], Mask 1
Type: C, Coords [ 4.783 25.823  7.623], Mask 1
Type: C, Coords [ 4.992 26.658  6.536], Mask 1
Type: C, Coords [ 4.475 27.947  6.54 ], Mask 1
Type: O, Coords [ 4.674 28.766  5.473], Mask 1
Type: O, Coords [ 5.699 26.212  5.462], Mask 1
Type: C, Coords [ 5.018 25.347  4.551], Mask 1
Type: S, Coords [-2.243 30.919 10.198], Mask 1
Type: C, Coords [-1.365 30.212 11.619], Mask 1
Type: C, Coords [-1.266 25.955 11.258], Mask 1
Type: C, Coords [-2.482 26.616 11.355], Mask 1
Type: C, Coords [-2.511 27.992 11.472], Mask 1
Type: C, Coords [-1.33  28.711 11.492], Mask 1
Type: C, Coords [-0.117 28.055 11.39 ], Mask 1
Type: C, Coords [-0.082 26.678 11.279], Mask 1
Type: C, Coords [-0.848 23.861 12.304], Mask 1
Type: O, Coords [-1.235 24.601 11.144], Mask 1
Designing protein from this path: /home/tedeschg/prj/protein-perturbation/data/cdk2/03.complexes_dude/decoys_08_ZINC21225139_best_CNNaffinity.pdb
These residues will be redesigned:  ['A1', 'A2', 'A3', 'A4', 'A5', 'A6', 'A7', 'A8', 'A9', 'A10', 'A11', 'A12', 'A15', 'A16', 'A17', 'A18', 'A19', 'A20', 'A21', 'A22', 'A23', 'A24', 'A25', 'A26', 'A27', 'A28', 'A29', 'A30', 'A31', 'A32', 'A33', 'A34', 'A35', 'A44', 'A45', 'A46', 'A47', 'A48', 'A49', 'A50', 'A51', 'A52', 'A53', 'A54', 'A55', 'A56', 'A57', 'A58', 'A59', 'A60', 'A61', 'A62', 'A63', 'A64', 'A65', 'A66', 'A67', 'A68', 'A69', 'A70', 'A71', 'A72', 'A73', 'A74', 'A75', 'A76', 'A77', 'A78', 'A79', 'A80', 'A81', 'A82', 'A83', 'A84', 'A85', 'A86', 'A87', 'A88', 'A89', 'A90', 'A91', 'A92', 'A93', 'A94', 'A95', 'A96', 'A97', 'A98', 'A99', 'A100', 'A101', 'A102', 'A103', 'A104', 'A105', 'A106', 'A107', 'A108', 'A109', 'A110', 'A111', 'A112', 'A113', 'A114', 'A115', 'A116', 'A117', 'A118', 'A119', 'A120', 'A121', 'A122', 'A123', 'A124', 'A125', 'A126', 'A127', 'A128', 'A129', 'A130', 'A131', 'A132', 'A133', 'A134', 'A135', 'A136', 'A137', 'A138', 'A139', 'A140', 'A141', 'A142', 'A143', 'A144', 'A145', 'A146', 'A147', 'A148', 'A149', 'A150', 'A151', 'A162', 'A163', 'A164', 'A165', 'A166', 'A167', 'A168', 'A169', 'A170', 'A171', 'A172', 'A173', 'A174', 'A175', 'A176', 'A177', 'A178', 'A179', 'A180', 'A181', 'A182', 'A183', 'A184', 'A185', 'A186', 'A187', 'A188', 'A189', 'A190', 'A191', 'A192', 'A193', 'A194', 'A195', 'A196', 'A197', 'A198', 'A199', 'A200', 'A201', 'A202', 'A203', 'A204', 'A205', 'A206', 'A207', 'A208', 'A209', 'A210', 'A211', 'A212', 'A213', 'A214', 'A215', 'A216', 'A217', 'A218', 'A219', 'A220', 'A221', 'A222', 'A223', 'A224', 'A225', 'A226', 'A227', 'A228', 'A229', 'A230', 'A231', 'A232', 'A233', 'A234', 'A235', 'A236', 'A237', 'A238', 'A239', 'A240', 'A241', 'A242', 'A243', 'A244', 'A245', 'A246', 'A247', 'A248', 'A249', 'A250', 'A251', 'A252', 'A253', 'A254', 'A255', 'A256', 'A257', 'A258', 'A259', 'A260', 'A261', 'A262', 'A263', 'A264', 'A265', 'A266', 'A267', 'A268', 'A269', 'A270', 'A271', 'A272', 'A273', 'A274', 'A275', 'A276', 'A277', 'A278', 'A279', 'A280', 'A281', 'A282', 'A283', 'A284', 'A285', 'A286', 'A287', 'A288', 'A289', 'A290', 'A291', 'A292', 'A293', 'A294', 'A295', 'A296', 'A297', 'A298']
These residues will be fixed:  []
The number of ligand atoms parsed is equal to: 29
Type: C, Coords [ 3.865 24.66   4.412], Mask 1
Type: C, Coords [ 5.335 24.876  4.775], Mask 1
Type: C, Coords [ 6.19  23.775  4.15 ], Mask 1
Type: C, Coords [ 5.738 22.416  4.659], Mask 1
Type: C, Coords [ 5.261 22.285  5.907], Mask 1
Type: C, Coords [ 4.81  20.995  6.553], Mask 1
Type: N, Coords [ 4.674 19.886  5.632], Mask 1
Type: C, Coords [ 5.778 19.37   4.961], Mask 1
Type: C, Coords [ 6.245 18.089  5.218], Mask 1
Type: C, Coords [ 7.383 17.635  4.575], Mask 1
Type: C, Coords [ 8.056 18.451  3.683], Mask 1
Type: C, Coords [ 7.582 19.722  3.407], Mask 1
Type: C, Coords [ 6.431 20.166  4.032], Mask 1
Type: N, Coords [ 5.866 21.408  3.758], Mask 1
Type: C, Coords [ 5.139 23.416  6.748], Mask 1
Type: O, Coords [ 4.717 23.263  7.878], Mask 1
Type: C, Coords [ 5.512 24.796  6.296], Mask 1
Type: C, Coords [ 5.8   26.244  4.271], Mask 1
Type: C, Coords [ 5.809 20.616  7.615], Mask 1
Type: C, Coords [ 5.406 19.867  8.706], Mask 1
Type: C, Coords [ 6.323 19.518  9.683], Mask 1
Type: C, Coords [ 7.65  19.921  9.565], Mask 1
Type: C, Coords [ 8.048 20.67   8.47 ], Mask 1
Type: C, Coords [ 7.128 21.012  7.494], Mask 1
Type: BR, Coords [ 7.675 22.028  5.996], Mask 1
Type: O, Coords [ 8.554 19.58  10.522], Mask 1
Type: C, Coords [ 9.874 20.109 10.386], Mask 1
Type: O, Coords [ 5.928 18.782 10.757], Mask 1
Type: C, Coords [ 5.838 17.367 10.576], Mask 1
Designing protein from this path: /home/tedeschg/prj/protein-perturbation/data/cdk2/03.complexes_dude/decoys_09_ZINC34256005_best_CNNaffinity.pdb
These residues will be redesigned:  ['A1', 'A2', 'A3', 'A4', 'A5', 'A6', 'A7', 'A8', 'A9', 'A10', 'A11', 'A12', 'A15', 'A16', 'A17', 'A18', 'A19', 'A20', 'A21', 'A22', 'A23', 'A24', 'A25', 'A26', 'A27', 'A28', 'A29', 'A30', 'A31', 'A32', 'A33', 'A34', 'A35', 'A44', 'A45', 'A46', 'A47', 'A48', 'A49', 'A50', 'A51', 'A52', 'A53', 'A54', 'A55', 'A56', 'A57', 'A58', 'A59', 'A60', 'A61', 'A62', 'A63', 'A64', 'A65', 'A66', 'A67', 'A68', 'A69', 'A70', 'A71', 'A72', 'A73', 'A74', 'A75', 'A76', 'A77', 'A78', 'A79', 'A80', 'A81', 'A82', 'A83', 'A84', 'A85', 'A86', 'A87', 'A88', 'A89', 'A90', 'A91', 'A92', 'A93', 'A94', 'A95', 'A96', 'A97', 'A98', 'A99', 'A100', 'A101', 'A102', 'A103', 'A104', 'A105', 'A106', 'A107', 'A108', 'A109', 'A110', 'A111', 'A112', 'A113', 'A114', 'A115', 'A116', 'A117', 'A118', 'A119', 'A120', 'A121', 'A122', 'A123', 'A124', 'A125', 'A126', 'A127', 'A128', 'A129', 'A130', 'A131', 'A132', 'A133', 'A134', 'A135', 'A136', 'A137', 'A138', 'A139', 'A140', 'A141', 'A142', 'A143', 'A144', 'A145', 'A146', 'A147', 'A148', 'A149', 'A150', 'A151', 'A162', 'A163', 'A164', 'A165', 'A166', 'A167', 'A168', 'A169', 'A170', 'A171', 'A172', 'A173', 'A174', 'A175', 'A176', 'A177', 'A178', 'A179', 'A180', 'A181', 'A182', 'A183', 'A184', 'A185', 'A186', 'A187', 'A188', 'A189', 'A190', 'A191', 'A192', 'A193', 'A194', 'A195', 'A196', 'A197', 'A198', 'A199', 'A200', 'A201', 'A202', 'A203', 'A204', 'A205', 'A206', 'A207', 'A208', 'A209', 'A210', 'A211', 'A212', 'A213', 'A214', 'A215', 'A216', 'A217', 'A218', 'A219', 'A220', 'A221', 'A222', 'A223', 'A224', 'A225', 'A226', 'A227', 'A228', 'A229', 'A230', 'A231', 'A232', 'A233', 'A234', 'A235', 'A236', 'A237', 'A238', 'A239', 'A240', 'A241', 'A242', 'A243', 'A244', 'A245', 'A246', 'A247', 'A248', 'A249', 'A250', 'A251', 'A252', 'A253', 'A254', 'A255', 'A256', 'A257', 'A258', 'A259', 'A260', 'A261', 'A262', 'A263', 'A264', 'A265', 'A266', 'A267', 'A268', 'A269', 'A270', 'A271', 'A272', 'A273', 'A274', 'A275', 'A276', 'A277', 'A278', 'A279', 'A280', 'A281', 'A282', 'A283', 'A284', 'A285', 'A286', 'A287', 'A288', 'A289', 'A290', 'A291', 'A292', 'A293', 'A294', 'A295', 'A296', 'A297', 'A298']
These residues will be fixed:  []
The number of ligand atoms parsed is equal to: 29
Type: C, Coords [-0.059 27.536 10.649], Mask 1
Type: C, Coords [ 1.083 28.412 10.145], Mask 1
Type: C, Coords [ 0.498 28.687  8.707], Mask 1
Type: C, Coords [-0.891 29.081  8.973], Mask 1
Type: N, Coords [-1.281 28.269 10.182], Mask 1
Type: C, Coords [ 1.663 29.152  7.994], Mask 1
Type: O, Coords [ 1.705 29.977  7.107], Mask 1
Type: N, Coords [ 2.714 28.456  8.539], Mask 1
Type: C, Coords [ 2.384 27.813  9.715], Mask 1
Type: O, Coords [ 3.008 26.942 10.282], Mask 1
Type: C, Coords [-0.974 30.559  9.253], Mask 1
Type: C, Coords [-0.088 31.429  8.644], Mask 1
Type: C, Coords [-0.163 32.786  8.901], Mask 1
Type: C, Coords [-1.125 33.274  9.767], Mask 1
Type: C, Coords [-2.012 32.405 10.376], Mask 1
Type: C, Coords [-1.94  31.047 10.114], Mask 1
Type: CL, Coords [-3.056 29.956 10.873], Mask 1
Type: CL, Coords [-3.219 33.017 11.463], Mask 1
Type: CL, Coords [ 0.951 33.877  8.137], Mask 1
Type: C, Coords [-1.463 27.548 12.716], Mask 1
Type: C, Coords [-0.035 27.443 12.177], Mask 1
Type: O, Coords [ 0.532 26.192 12.569], Mask 1
Type: C, Coords [ 4.052 28.409  7.944], Mask 1
Type: C, Coords [ 4.834 29.66   8.35 ], Mask 1
Type: C, Coords [ 4.788 27.163  8.441], Mask 1
Type: C, Coords [ 3.93  28.356  6.42 ], Mask 1
Type: C, Coords [6.0000e-03 2.6162e+01 1.0033e+01], Mask 1
Type: O, Coords [ 1.019 25.493 10.143], Mask 1
Type: O, Coords [-0.954 25.721  9.425], Mask 1
Designing protein from this path: /home/tedeschg/prj/protein-perturbation/data/cdk2/03.complexes_dude/decoys_10_ZINC58224764_best_CNNaffinity.pdb
These residues will be redesigned:  ['A1', 'A2', 'A3', 'A4', 'A5', 'A6', 'A7', 'A8', 'A9', 'A10', 'A11', 'A12', 'A15', 'A16', 'A17', 'A18', 'A19', 'A20', 'A21', 'A22', 'A23', 'A24', 'A25', 'A26', 'A27', 'A28', 'A29', 'A30', 'A31', 'A32', 'A33', 'A34', 'A35', 'A44', 'A45', 'A46', 'A47', 'A48', 'A49', 'A50', 'A51', 'A52', 'A53', 'A54', 'A55', 'A56', 'A57', 'A58', 'A59', 'A60', 'A61', 'A62', 'A63', 'A64', 'A65', 'A66', 'A67', 'A68', 'A69', 'A70', 'A71', 'A72', 'A73', 'A74', 'A75', 'A76', 'A77', 'A78', 'A79', 'A80', 'A81', 'A82', 'A83', 'A84', 'A85', 'A86', 'A87', 'A88', 'A89', 'A90', 'A91', 'A92', 'A93', 'A94', 'A95', 'A96', 'A97', 'A98', 'A99', 'A100', 'A101', 'A102', 'A103', 'A104', 'A105', 'A106', 'A107', 'A108', 'A109', 'A110', 'A111', 'A112', 'A113', 'A114', 'A115', 'A116', 'A117', 'A118', 'A119', 'A120', 'A121', 'A122', 'A123', 'A124', 'A125', 'A126', 'A127', 'A128', 'A129', 'A130', 'A131', 'A132', 'A133', 'A134', 'A135', 'A136', 'A137', 'A138', 'A139', 'A140', 'A141', 'A142', 'A143', 'A144', 'A145', 'A146', 'A147', 'A148', 'A149', 'A150', 'A151', 'A162', 'A163', 'A164', 'A165', 'A166', 'A167', 'A168', 'A169', 'A170', 'A171', 'A172', 'A173', 'A174', 'A175', 'A176', 'A177', 'A178', 'A179', 'A180', 'A181', 'A182', 'A183', 'A184', 'A185', 'A186', 'A187', 'A188', 'A189', 'A190', 'A191', 'A192', 'A193', 'A194', 'A195', 'A196', 'A197', 'A198', 'A199', 'A200', 'A201', 'A202', 'A203', 'A204', 'A205', 'A206', 'A207', 'A208', 'A209', 'A210', 'A211', 'A212', 'A213', 'A214', 'A215', 'A216', 'A217', 'A218', 'A219', 'A220', 'A221', 'A222', 'A223', 'A224', 'A225', 'A226', 'A227', 'A228', 'A229', 'A230', 'A231', 'A232', 'A233', 'A234', 'A235', 'A236', 'A237', 'A238', 'A239', 'A240', 'A241', 'A242', 'A243', 'A244', 'A245', 'A246', 'A247', 'A248', 'A249', 'A250', 'A251', 'A252', 'A253', 'A254', 'A255', 'A256', 'A257', 'A258', 'A259', 'A260', 'A261', 'A262', 'A263', 'A264', 'A265', 'A266', 'A267', 'A268', 'A269', 'A270', 'A271', 'A272', 'A273', 'A274', 'A275', 'A276', 'A277', 'A278', 'A279', 'A280', 'A281', 'A282', 'A283', 'A284', 'A285', 'A286', 'A287', 'A288', 'A289', 'A290', 'A291', 'A292', 'A293', 'A294', 'A295', 'A296', 'A297', 'A298']
These residues will be fixed:  []
The number of ligand atoms parsed is equal to: 30
Type: N, Coords [ 1.547 29.594  9.365], Mask 1
Type: C, Coords [ 2.397 28.769  8.721], Mask 1
Type: O, Coords [ 2.455 27.595  9.03 ], Mask 1
Type: N, Coords [ 3.181 29.246  7.734], Mask 1
Type: C, Coords [ 3.986 28.37   6.993], Mask 1
Type: C, Coords [ 3.76  28.204  5.633], Mask 1
Type: C, Coords [ 4.552 27.34   4.902], Mask 1
Type: C, Coords [ 5.573 26.637  5.526], Mask 1
Type: C, Coords [ 5.799 26.803  6.887], Mask 1
Type: C, Coords [ 5.011 27.672  7.617], Mask 1
Type: CL, Coords [ 7.076 25.924  7.669], Mask 1
Type: N, Coords [ 6.375 25.761  4.785], Mask 1
Type: C, Coords [ 6.273 24.302  4.952], Mask 1
Type: C, Coords [ 5.843 23.697  3.615], Mask 1
Type: N, Coords [ 6.632 24.248  2.521], Mask 1
Type: C, Coords [ 7.282 25.412  2.568], Mask 1
Type: O, Coords [ 7.84  25.804  1.566], Mask 1
Type: C, Coords [ 7.35  26.261  3.804], Mask 1
Type: C, Coords [ 0.695 29.075 10.438], Mask 1
Type: C, Coords [-0.4   30.095 10.757], Mask 1
Type: N, Coords [-1.388 29.487 11.658], Mask 1
Type: C, Coords [-1.958 28.262 11.041], Mask 1
Type: C, Coords [-2.498 27.47  12.259], Mask 1
Type: C, Coords [-1.435 27.744 13.348], Mask 1
Type: C, Coords [-0.733 29.042 12.907], Mask 1
Type: C, Coords [-1.089 30.526  9.461], Mask 1
Type: C, Coords [-3.529 30.703  8.953], Mask 1
Type: C, Coords [-2.385 31.269  9.795], Mask 1
Type: C, Coords [-0.16  31.451  8.672], Mask 1
Type: C, Coords [-0.6   32.903  8.867], Mask 1
Designing protein from this path: /home/tedeschg/prj/protein-perturbation/data/cdk2/03.complexes_dude/decoys_11_ZINC39684239_best_CNNaffinity.pdb
These residues will be redesigned:  ['A1', 'A2', 'A3', 'A4', 'A5', 'A6', 'A7', 'A8', 'A9', 'A10', 'A11', 'A12', 'A15', 'A16', 'A17', 'A18', 'A19', 'A20', 'A21', 'A22', 'A23', 'A24', 'A25', 'A26', 'A27', 'A28', 'A29', 'A30', 'A31', 'A32', 'A33', 'A34', 'A35', 'A44', 'A45', 'A46', 'A47', 'A48', 'A49', 'A50', 'A51', 'A52', 'A53', 'A54', 'A55', 'A56', 'A57', 'A58', 'A59', 'A60', 'A61', 'A62', 'A63', 'A64', 'A65', 'A66', 'A67', 'A68', 'A69', 'A70', 'A71', 'A72', 'A73', 'A74', 'A75', 'A76', 'A77', 'A78', 'A79', 'A80', 'A81', 'A82', 'A83', 'A84', 'A85', 'A86', 'A87', 'A88', 'A89', 'A90', 'A91', 'A92', 'A93', 'A94', 'A95', 'A96', 'A97', 'A98', 'A99', 'A100', 'A101', 'A102', 'A103', 'A104', 'A105', 'A106', 'A107', 'A108', 'A109', 'A110', 'A111', 'A112', 'A113', 'A114', 'A115', 'A116', 'A117', 'A118', 'A119', 'A120', 'A121', 'A122', 'A123', 'A124', 'A125', 'A126', 'A127', 'A128', 'A129', 'A130', 'A131', 'A132', 'A133', 'A134', 'A135', 'A136', 'A137', 'A138', 'A139', 'A140', 'A141', 'A142', 'A143', 'A144', 'A145', 'A146', 'A147', 'A148', 'A149', 'A150', 'A151', 'A162', 'A163', 'A164', 'A165', 'A166', 'A167', 'A168', 'A169', 'A170', 'A171', 'A172', 'A173', 'A174', 'A175', 'A176', 'A177', 'A178', 'A179', 'A180', 'A181', 'A182', 'A183', 'A184', 'A185', 'A186', 'A187', 'A188', 'A189', 'A190', 'A191', 'A192', 'A193', 'A194', 'A195', 'A196', 'A197', 'A198', 'A199', 'A200', 'A201', 'A202', 'A203', 'A204', 'A205', 'A206', 'A207', 'A208', 'A209', 'A210', 'A211', 'A212', 'A213', 'A214', 'A215', 'A216', 'A217', 'A218', 'A219', 'A220', 'A221', 'A222', 'A223', 'A224', 'A225', 'A226', 'A227', 'A228', 'A229', 'A230', 'A231', 'A232', 'A233', 'A234', 'A235', 'A236', 'A237', 'A238', 'A239', 'A240', 'A241', 'A242', 'A243', 'A244', 'A245', 'A246', 'A247', 'A248', 'A249', 'A250', 'A251', 'A252', 'A253', 'A254', 'A255', 'A256', 'A257', 'A258', 'A259', 'A260', 'A261', 'A262', 'A263', 'A264', 'A265', 'A266', 'A267', 'A268', 'A269', 'A270', 'A271', 'A272', 'A273', 'A274', 'A275', 'A276', 'A277', 'A278', 'A279', 'A280', 'A281', 'A282', 'A283', 'A284', 'A285', 'A286', 'A287', 'A288', 'A289', 'A290', 'A291', 'A292', 'A293', 'A294', 'A295', 'A296', 'A297', 'A298']
These residues will be fixed:  []
The number of ligand atoms parsed is equal to: 39
Type: C, Coords [ 0.266 24.38  12.303], Mask 1
Type: C, Coords [-0.174 24.743 13.739], Mask 1
Type: N, Coords [-0.725 23.483 14.292], Mask 1
Type: C, Coords [ 0.183 22.428 13.78 ], Mask 1
Type: C, Coords [ 0.501 22.86  12.334], Mask 1
Type: C, Coords [ 1.955 22.543 11.997], Mask 1
Type: C, Coords [ 2.15  21.025 11.977], Mask 1
Type: N, Coords [ 1.253 20.427 10.979], Mask 1
Type: C, Coords [-0.145 20.657 11.362], Mask 1
Type: C, Coords [-0.437 22.161 11.356], Mask 1
Type: C, Coords [-1.806 23.329 15.081], Mask 1
Type: O, Coords [-2.08  22.232 15.531], Mask 1
Type: C, Coords [-2.625 24.446 15.387], Mask 1
Type: C, Coords [-3.939 24.416 15.666], Mask 1
Type: O, Coords [-4.429 25.647 15.905], Mask 1
Type: N, Coords [-3.295 26.543 16.191], Mask 1
Type: C, Coords [-2.176 25.894 15.465], Mask 1
Type: C, Coords [-4.765 23.156 15.705], Mask 1
Type: C, Coords [-2.024 26.482 14.086], Mask 1
Type: C, Coords [-1.092 27.477 13.858], Mask 1
Type: C, Coords [-0.953 28.017 12.593], Mask 1
Type: C, Coords [-1.746 27.561 11.556], Mask 1
Type: C, Coords [-2.677 26.566 11.784], Mask 1
Type: C, Coords [-2.813 26.023 13.048], Mask 1
Type: N, Coords [ 1.491 26.258 11.258], Mask 1
Type: C, Coords [ 1.541 25.101 11.948], Mask 1
Type: O, Coords [ 2.612 24.64  12.282], Mask 1
Type: C, Coords [ 2.73  26.958 10.912], Mask 1
Type: C, Coords [ 2.962 26.87   9.403], Mask 1
Type: C, Coords [ 1.385 32.518  7.18 ], Mask 1
Type: C, Coords [ 1.018 31.236  7.881], Mask 1
Type: C, Coords [-0.271 31.036  8.325], Mask 1
Type: C, Coords [-0.623 29.86   8.973], Mask 1
Type: C, Coords [ 0.305 28.878  9.182], Mask 1
Type: C, Coords [ 1.617 29.06   8.74 ], Mask 1
Type: C, Coords [ 2.831 28.242  8.793], Mask 1
Type: C, Coords [ 3.805 28.947  8.197], Mask 1
Type: N, Coords [ 3.314 30.15   7.766], Mask 1
Type: C, Coords [ 1.977 30.248  8.078], Mask 1
Designing protein from this path: /home/tedeschg/prj/protein-perturbation/data/cdk2/03.complexes_dude/decoys_12_ZINC66615365_best_CNNaffinity.pdb
These residues will be redesigned:  ['A1', 'A2', 'A3', 'A4', 'A5', 'A6', 'A7', 'A8', 'A9', 'A10', 'A11', 'A12', 'A15', 'A16', 'A17', 'A18', 'A19', 'A20', 'A21', 'A22', 'A23', 'A24', 'A25', 'A26', 'A27', 'A28', 'A29', 'A30', 'A31', 'A32', 'A33', 'A34', 'A35', 'A44', 'A45', 'A46', 'A47', 'A48', 'A49', 'A50', 'A51', 'A52', 'A53', 'A54', 'A55', 'A56', 'A57', 'A58', 'A59', 'A60', 'A61', 'A62', 'A63', 'A64', 'A65', 'A66', 'A67', 'A68', 'A69', 'A70', 'A71', 'A72', 'A73', 'A74', 'A75', 'A76', 'A77', 'A78', 'A79', 'A80', 'A81', 'A82', 'A83', 'A84', 'A85', 'A86', 'A87', 'A88', 'A89', 'A90', 'A91', 'A92', 'A93', 'A94', 'A95', 'A96', 'A97', 'A98', 'A99', 'A100', 'A101', 'A102', 'A103', 'A104', 'A105', 'A106', 'A107', 'A108', 'A109', 'A110', 'A111', 'A112', 'A113', 'A114', 'A115', 'A116', 'A117', 'A118', 'A119', 'A120', 'A121', 'A122', 'A123', 'A124', 'A125', 'A126', 'A127', 'A128', 'A129', 'A130', 'A131', 'A132', 'A133', 'A134', 'A135', 'A136', 'A137', 'A138', 'A139', 'A140', 'A141', 'A142', 'A143', 'A144', 'A145', 'A146', 'A147', 'A148', 'A149', 'A150', 'A151', 'A162', 'A163', 'A164', 'A165', 'A166', 'A167', 'A168', 'A169', 'A170', 'A171', 'A172', 'A173', 'A174', 'A175', 'A176', 'A177', 'A178', 'A179', 'A180', 'A181', 'A182', 'A183', 'A184', 'A185', 'A186', 'A187', 'A188', 'A189', 'A190', 'A191', 'A192', 'A193', 'A194', 'A195', 'A196', 'A197', 'A198', 'A199', 'A200', 'A201', 'A202', 'A203', 'A204', 'A205', 'A206', 'A207', 'A208', 'A209', 'A210', 'A211', 'A212', 'A213', 'A214', 'A215', 'A216', 'A217', 'A218', 'A219', 'A220', 'A221', 'A222', 'A223', 'A224', 'A225', 'A226', 'A227', 'A228', 'A229', 'A230', 'A231', 'A232', 'A233', 'A234', 'A235', 'A236', 'A237', 'A238', 'A239', 'A240', 'A241', 'A242', 'A243', 'A244', 'A245', 'A246', 'A247', 'A248', 'A249', 'A250', 'A251', 'A252', 'A253', 'A254', 'A255', 'A256', 'A257', 'A258', 'A259', 'A260', 'A261', 'A262', 'A263', 'A264', 'A265', 'A266', 'A267', 'A268', 'A269', 'A270', 'A271', 'A272', 'A273', 'A274', 'A275', 'A276', 'A277', 'A278', 'A279', 'A280', 'A281', 'A282', 'A283', 'A284', 'A285', 'A286', 'A287', 'A288', 'A289', 'A290', 'A291', 'A292', 'A293', 'A294', 'A295', 'A296', 'A297', 'A298']
These residues will be fixed:  []
The number of ligand atoms parsed is equal to: 22
Type: C, Coords [ 2.337 29.646  7.821], Mask 1
Type: O, Coords [ 2.296 28.959  8.82 ], Mask 1
Type: N, Coords [ 3.259 29.398  6.87 ], Mask 1
Type: C, Coords [ 4.175 28.342  7.036], Mask 1
Type: C, Coords [ 4.949 28.092  8.178], Mask 1
Type: N, Coords [ 5.676 27.027  7.957], Mask 1
Type: N, Coords [ 5.392 26.558  6.668], Mask 1
Type: C, Coords [ 4.461 27.381  6.121], Mask 1
Type: C, Coords [ 5.991 25.385  6.026], Mask 1
Type: C, Coords [ 6.545 25.777  4.681], Mask 1
Type: O, Coords [ 5.864 25.656  3.685], Mask 1
Type: N, Coords [ 7.799 26.263  4.584], Mask 1
Type: C, Coords [ 1.357 30.777  7.644], Mask 1
Type: C, Coords [-2.963 30.96   8.791], Mask 1
Type: C, Coords [-1.853 31.632  9.599], Mask 1
Type: C, Coords [-0.616 31.842  8.737], Mask 1
Type: C, Coords [ 0.119 30.522  8.513], Mask 1
Type: C, Coords [ 0.562 29.966  9.865], Mask 1
Type: C, Coords [-0.643 29.683 10.755], Mask 1
Type: C, Coords [-1.563 30.884 10.884], Mask 1
Type: C, Coords [-0.115 29.331 12.163], Mask 1
Type: C, Coords [-1.404 28.461 10.233], Mask 1
Designing protein from this path: /home/tedeschg/prj/protein-perturbation/data/cdk2/03.complexes_dude/decoys_13_ZINC59829687_best_CNNaffinity.pdb
These residues will be redesigned:  ['A1', 'A2', 'A3', 'A4', 'A5', 'A6', 'A7', 'A8', 'A9', 'A10', 'A11', 'A12', 'A15', 'A16', 'A17', 'A18', 'A19', 'A20', 'A21', 'A22', 'A23', 'A24', 'A25', 'A26', 'A27', 'A28', 'A29', 'A30', 'A31', 'A32', 'A33', 'A34', 'A35', 'A44', 'A45', 'A46', 'A47', 'A48', 'A49', 'A50', 'A51', 'A52', 'A53', 'A54', 'A55', 'A56', 'A57', 'A58', 'A59', 'A60', 'A61', 'A62', 'A63', 'A64', 'A65', 'A66', 'A67', 'A68', 'A69', 'A70', 'A71', 'A72', 'A73', 'A74', 'A75', 'A76', 'A77', 'A78', 'A79', 'A80', 'A81', 'A82', 'A83', 'A84', 'A85', 'A86', 'A87', 'A88', 'A89', 'A90', 'A91', 'A92', 'A93', 'A94', 'A95', 'A96', 'A97', 'A98', 'A99', 'A100', 'A101', 'A102', 'A103', 'A104', 'A105', 'A106', 'A107', 'A108', 'A109', 'A110', 'A111', 'A112', 'A113', 'A114', 'A115', 'A116', 'A117', 'A118', 'A119', 'A120', 'A121', 'A122', 'A123', 'A124', 'A125', 'A126', 'A127', 'A128', 'A129', 'A130', 'A131', 'A132', 'A133', 'A134', 'A135', 'A136', 'A137', 'A138', 'A139', 'A140', 'A141', 'A142', 'A143', 'A144', 'A145', 'A146', 'A147', 'A148', 'A149', 'A150', 'A151', 'A162', 'A163', 'A164', 'A165', 'A166', 'A167', 'A168', 'A169', 'A170', 'A171', 'A172', 'A173', 'A174', 'A175', 'A176', 'A177', 'A178', 'A179', 'A180', 'A181', 'A182', 'A183', 'A184', 'A185', 'A186', 'A187', 'A188', 'A189', 'A190', 'A191', 'A192', 'A193', 'A194', 'A195', 'A196', 'A197', 'A198', 'A199', 'A200', 'A201', 'A202', 'A203', 'A204', 'A205', 'A206', 'A207', 'A208', 'A209', 'A210', 'A211', 'A212', 'A213', 'A214', 'A215', 'A216', 'A217', 'A218', 'A219', 'A220', 'A221', 'A222', 'A223', 'A224', 'A225', 'A226', 'A227', 'A228', 'A229', 'A230', 'A231', 'A232', 'A233', 'A234', 'A235', 'A236', 'A237', 'A238', 'A239', 'A240', 'A241', 'A242', 'A243', 'A244', 'A245', 'A246', 'A247', 'A248', 'A249', 'A250', 'A251', 'A252', 'A253', 'A254', 'A255', 'A256', 'A257', 'A258', 'A259', 'A260', 'A261', 'A262', 'A263', 'A264', 'A265', 'A266', 'A267', 'A268', 'A269', 'A270', 'A271', 'A272', 'A273', 'A274', 'A275', 'A276', 'A277', 'A278', 'A279', 'A280', 'A281', 'A282', 'A283', 'A284', 'A285', 'A286', 'A287', 'A288', 'A289', 'A290', 'A291', 'A292', 'A293', 'A294', 'A295', 'A296', 'A297', 'A298']
These residues will be fixed:  []
The number of ligand atoms parsed is equal to: 26
Type: C, Coords [ 3.573 28.766  7.882], Mask 1
Type: N, Coords [ 3.532 27.962  8.916], Mask 1
Type: N, Coords [ 4.445 26.923  8.693], Mask 1
Type: C, Coords [ 5.014 27.126  7.529], Mask 1
Type: N, Coords [ 4.486 28.267  6.995], Mask 1
Type: N, Coords [ 4.814 28.815  5.787], Mask 1
Type: N, Coords [ 2.818 29.918  7.714], Mask 1
Type: C, Coords [ 1.254 32.11   7.136], Mask 1
Type: C, Coords [ 0.859 31.104  8.186], Mask 1
Type: N, Coords [ 1.625 30.084  8.429], Mask 1
Type: C, Coords [-0.397 31.278  8.938], Mask 1
Type: C, Coords [-0.774 32.544  9.391], Mask 1
Type: C, Coords [-1.95  32.7   10.094], Mask 1
Type: C, Coords [-2.76  31.607 10.352], Mask 1
Type: C, Coords [-2.397 30.349  9.909], Mask 1
Type: C, Coords [-1.222 30.175  9.196], Mask 1
Type: O, Coords [-0.869 28.941  8.754], Mask 1
Type: S, Coords [ 6.239 26.104  6.782], Mask 1
Type: C, Coords [ 5.315 25.134  5.559], Mask 1
Type: C, Coords [ 5.179 25.93   4.286], Mask 1
Type: C, Coords [ 3.924 26.261  3.809], Mask 1
Type: C, Coords [ 3.798 26.991  2.642], Mask 1
Type: C, Coords [ 4.927 27.39   1.951], Mask 1
Type: C, Coords [ 6.183 27.059  2.429], Mask 1
Type: C, Coords [ 6.308 26.333  3.599], Mask 1
Type: BR, Coords [ 7.727 27.605  1.484], Mask 1
Designing protein from this path: /home/tedeschg/prj/protein-perturbation/data/cdk2/03.complexes_dude/decoys_14_ZINC37060287_best_CNNaffinity.pdb
These residues will be redesigned:  ['A1', 'A2', 'A3', 'A4', 'A5', 'A6', 'A7', 'A8', 'A9', 'A10', 'A11', 'A12', 'A15', 'A16', 'A17', 'A18', 'A19', 'A20', 'A21', 'A22', 'A23', 'A24', 'A25', 'A26', 'A27', 'A28', 'A29', 'A30', 'A31', 'A32', 'A33', 'A34', 'A35', 'A44', 'A45', 'A46', 'A47', 'A48', 'A49', 'A50', 'A51', 'A52', 'A53', 'A54', 'A55', 'A56', 'A57', 'A58', 'A59', 'A60', 'A61', 'A62', 'A63', 'A64', 'A65', 'A66', 'A67', 'A68', 'A69', 'A70', 'A71', 'A72', 'A73', 'A74', 'A75', 'A76', 'A77', 'A78', 'A79', 'A80', 'A81', 'A82', 'A83', 'A84', 'A85', 'A86', 'A87', 'A88', 'A89', 'A90', 'A91', 'A92', 'A93', 'A94', 'A95', 'A96', 'A97', 'A98', 'A99', 'A100', 'A101', 'A102', 'A103', 'A104', 'A105', 'A106', 'A107', 'A108', 'A109', 'A110', 'A111', 'A112', 'A113', 'A114', 'A115', 'A116', 'A117', 'A118', 'A119', 'A120', 'A121', 'A122', 'A123', 'A124', 'A125', 'A126', 'A127', 'A128', 'A129', 'A130', 'A131', 'A132', 'A133', 'A134', 'A135', 'A136', 'A137', 'A138', 'A139', 'A140', 'A141', 'A142', 'A143', 'A144', 'A145', 'A146', 'A147', 'A148', 'A149', 'A150', 'A151', 'A162', 'A163', 'A164', 'A165', 'A166', 'A167', 'A168', 'A169', 'A170', 'A171', 'A172', 'A173', 'A174', 'A175', 'A176', 'A177', 'A178', 'A179', 'A180', 'A181', 'A182', 'A183', 'A184', 'A185', 'A186', 'A187', 'A188', 'A189', 'A190', 'A191', 'A192', 'A193', 'A194', 'A195', 'A196', 'A197', 'A198', 'A199', 'A200', 'A201', 'A202', 'A203', 'A204', 'A205', 'A206', 'A207', 'A208', 'A209', 'A210', 'A211', 'A212', 'A213', 'A214', 'A215', 'A216', 'A217', 'A218', 'A219', 'A220', 'A221', 'A222', 'A223', 'A224', 'A225', 'A226', 'A227', 'A228', 'A229', 'A230', 'A231', 'A232', 'A233', 'A234', 'A235', 'A236', 'A237', 'A238', 'A239', 'A240', 'A241', 'A242', 'A243', 'A244', 'A245', 'A246', 'A247', 'A248', 'A249', 'A250', 'A251', 'A252', 'A253', 'A254', 'A255', 'A256', 'A257', 'A258', 'A259', 'A260', 'A261', 'A262', 'A263', 'A264', 'A265', 'A266', 'A267', 'A268', 'A269', 'A270', 'A271', 'A272', 'A273', 'A274', 'A275', 'A276', 'A277', 'A278', 'A279', 'A280', 'A281', 'A282', 'A283', 'A284', 'A285', 'A286', 'A287', 'A288', 'A289', 'A290', 'A291', 'A292', 'A293', 'A294', 'A295', 'A296', 'A297', 'A298']
These residues will be fixed:  []
The number of ligand atoms parsed is equal to: 19
Type: N, Coords [-2.77  29.731  9.797], Mask 1
Type: C, Coords [-1.889 30.762  9.458], Mask 1
Type: C, Coords [-0.826 30.516  8.599], Mask 1
Type: C, Coords [ 0.042 31.537  8.265], Mask 1
Type: C, Coords [-0.145 32.804  8.786], Mask 1
Type: C, Coords [-1.202 33.055  9.642], Mask 1
Type: C, Coords [-2.078 32.039  9.975], Mask 1
Type: F, Coords [-3.114 32.285 10.807], Mask 1
Type: N, Coords [ 1.175 31.274  7.35 ], Mask 1
Type: O, Coords [ 1.558 30.141  7.173], Mask 1
Type: O, Coords [ 1.718 32.192  6.78 ], Mask 1
Type: C, Coords [-2.556 28.957 11.023], Mask 1
Type: C, Coords [-1.053 27.094 10.295], Mask 1
Type: C, Coords [ 0.185 26.482 10.242], Mask 1
Type: C, Coords [ 1.276 27.071 10.864], Mask 1
Type: C, Coords [ 1.121 28.274 11.538], Mask 1
Type: C, Coords [-0.119 28.882 11.588], Mask 1
Type: C, Coords [-1.205 28.292 10.967], Mask 1
Type: O, Coords [ 2.494 26.471 10.814], Mask 1
Designing protein from this path: /home/tedeschg/prj/protein-perturbation/data/cdk2/03.complexes_dude/decoys_15_ZINC00690790_best_CNNaffinity.pdb
These residues will be redesigned:  ['A1', 'A2', 'A3', 'A4', 'A5', 'A6', 'A7', 'A8', 'A9', 'A10', 'A11', 'A12', 'A15', 'A16', 'A17', 'A18', 'A19', 'A20', 'A21', 'A22', 'A23', 'A24', 'A25', 'A26', 'A27', 'A28', 'A29', 'A30', 'A31', 'A32', 'A33', 'A34', 'A35', 'A44', 'A45', 'A46', 'A47', 'A48', 'A49', 'A50', 'A51', 'A52', 'A53', 'A54', 'A55', 'A56', 'A57', 'A58', 'A59', 'A60', 'A61', 'A62', 'A63', 'A64', 'A65', 'A66', 'A67', 'A68', 'A69', 'A70', 'A71', 'A72', 'A73', 'A74', 'A75', 'A76', 'A77', 'A78', 'A79', 'A80', 'A81', 'A82', 'A83', 'A84', 'A85', 'A86', 'A87', 'A88', 'A89', 'A90', 'A91', 'A92', 'A93', 'A94', 'A95', 'A96', 'A97', 'A98', 'A99', 'A100', 'A101', 'A102', 'A103', 'A104', 'A105', 'A106', 'A107', 'A108', 'A109', 'A110', 'A111', 'A112', 'A113', 'A114', 'A115', 'A116', 'A117', 'A118', 'A119', 'A120', 'A121', 'A122', 'A123', 'A124', 'A125', 'A126', 'A127', 'A128', 'A129', 'A130', 'A131', 'A132', 'A133', 'A134', 'A135', 'A136', 'A137', 'A138', 'A139', 'A140', 'A141', 'A142', 'A143', 'A144', 'A145', 'A146', 'A147', 'A148', 'A149', 'A150', 'A151', 'A162', 'A163', 'A164', 'A165', 'A166', 'A167', 'A168', 'A169', 'A170', 'A171', 'A172', 'A173', 'A174', 'A175', 'A176', 'A177', 'A178', 'A179', 'A180', 'A181', 'A182', 'A183', 'A184', 'A185', 'A186', 'A187', 'A188', 'A189', 'A190', 'A191', 'A192', 'A193', 'A194', 'A195', 'A196', 'A197', 'A198', 'A199', 'A200', 'A201', 'A202', 'A203', 'A204', 'A205', 'A206', 'A207', 'A208', 'A209', 'A210', 'A211', 'A212', 'A213', 'A214', 'A215', 'A216', 'A217', 'A218', 'A219', 'A220', 'A221', 'A222', 'A223', 'A224', 'A225', 'A226', 'A227', 'A228', 'A229', 'A230', 'A231', 'A232', 'A233', 'A234', 'A235', 'A236', 'A237', 'A238', 'A239', 'A240', 'A241', 'A242', 'A243', 'A244', 'A245', 'A246', 'A247', 'A248', 'A249', 'A250', 'A251', 'A252', 'A253', 'A254', 'A255', 'A256', 'A257', 'A258', 'A259', 'A260', 'A261', 'A262', 'A263', 'A264', 'A265', 'A266', 'A267', 'A268', 'A269', 'A270', 'A271', 'A272', 'A273', 'A274', 'A275', 'A276', 'A277', 'A278', 'A279', 'A280', 'A281', 'A282', 'A283', 'A284', 'A285', 'A286', 'A287', 'A288', 'A289', 'A290', 'A291', 'A292', 'A293', 'A294', 'A295', 'A296', 'A297', 'A298']
These residues will be fixed:  []
The number of ligand atoms parsed is equal to: 32
Type: C, Coords [ 9.007 20.317  7.823], Mask 1
Type: C, Coords [ 7.869 20.508  8.828], Mask 1
Type: C, Coords [ 6.545 20.263  8.146], Mask 1
Type: C, Coords [ 6.378 20.534  6.834], Mask 1
Type: C, Coords [ 5.053 20.289  6.156], Mask 1
Type: C, Coords [ 3.944 20.167  7.159], Mask 1
Type: C, Coords [ 4.206 19.917  8.468], Mask 1
Type: N, Coords [ 5.51  19.767  8.895], Mask 1
Type: N, Coords [ 3.171 19.801  9.364], Mask 1
Type: C, Coords [ 7.434 21.041  6.058], Mask 1
Type: O, Coords [ 7.246 21.288  4.884], Mask 1
Type: C, Coords [ 8.792 21.288  6.657], Mask 1
Type: C, Coords [ 5.137 19.016  5.354], Mask 1
Type: C, Coords [ 5.623 17.862  5.939], Mask 1
Type: C, Coords [ 5.695 16.692  5.206], Mask 1
Type: C, Coords [ 5.29  16.679  3.883], Mask 1
Type: C, Coords [ 4.808 17.836  3.297], Mask 1
Type: C, Coords [ 4.732 19.004  4.032], Mask 1
Type: CL, Coords [ 5.385 15.212  2.96 ], Mask 1
Type: C, Coords [12.746 21.149  9.714], Mask 1
Type: C, Coords [11.638 20.84  10.48 ], Mask 1
Type: C, Coords [10.428 20.57   9.868], Mask 1
Type: C, Coords [10.326 20.611  8.49 ], Mask 1
Type: C, Coords [11.435 20.916  7.724], Mask 1
Type: C, Coords [12.644 21.189  8.336], Mask 1
Type: C, Coords [ 5.777 19.12  10.106], Mask 1
Type: N, Coords [ 6.224 17.867 10.237], Mask 1
Type: C, Coords [ 6.37  17.579 11.505], Mask 1
Type: N, Coords [ 6.004 18.654 12.225], Mask 1
Type: N, Coords [ 5.623 19.641 11.3  ], Mask 1
Type: C, Coords [ 2.587 20.318  6.729], Mask 1
Type: N, Coords [ 1.51  20.438  6.388], Mask 1
Designing protein from this path: /home/tedeschg/prj/protein-perturbation/data/cdk2/03.complexes_dude/decoys_16_ZINC08321081_best_CNNaffinity.pdb
These residues will be redesigned:  ['A1', 'A2', 'A3', 'A4', 'A5', 'A6', 'A7', 'A8', 'A9', 'A10', 'A11', 'A12', 'A15', 'A16', 'A17', 'A18', 'A19', 'A20', 'A21', 'A22', 'A23', 'A24', 'A25', 'A26', 'A27', 'A28', 'A29', 'A30', 'A31', 'A32', 'A33', 'A34', 'A35', 'A44', 'A45', 'A46', 'A47', 'A48', 'A49', 'A50', 'A51', 'A52', 'A53', 'A54', 'A55', 'A56', 'A57', 'A58', 'A59', 'A60', 'A61', 'A62', 'A63', 'A64', 'A65', 'A66', 'A67', 'A68', 'A69', 'A70', 'A71', 'A72', 'A73', 'A74', 'A75', 'A76', 'A77', 'A78', 'A79', 'A80', 'A81', 'A82', 'A83', 'A84', 'A85', 'A86', 'A87', 'A88', 'A89', 'A90', 'A91', 'A92', 'A93', 'A94', 'A95', 'A96', 'A97', 'A98', 'A99', 'A100', 'A101', 'A102', 'A103', 'A104', 'A105', 'A106', 'A107', 'A108', 'A109', 'A110', 'A111', 'A112', 'A113', 'A114', 'A115', 'A116', 'A117', 'A118', 'A119', 'A120', 'A121', 'A122', 'A123', 'A124', 'A125', 'A126', 'A127', 'A128', 'A129', 'A130', 'A131', 'A132', 'A133', 'A134', 'A135', 'A136', 'A137', 'A138', 'A139', 'A140', 'A141', 'A142', 'A143', 'A144', 'A145', 'A146', 'A147', 'A148', 'A149', 'A150', 'A151', 'A162', 'A163', 'A164', 'A165', 'A166', 'A167', 'A168', 'A169', 'A170', 'A171', 'A172', 'A173', 'A174', 'A175', 'A176', 'A177', 'A178', 'A179', 'A180', 'A181', 'A182', 'A183', 'A184', 'A185', 'A186', 'A187', 'A188', 'A189', 'A190', 'A191', 'A192', 'A193', 'A194', 'A195', 'A196', 'A197', 'A198', 'A199', 'A200', 'A201', 'A202', 'A203', 'A204', 'A205', 'A206', 'A207', 'A208', 'A209', 'A210', 'A211', 'A212', 'A213', 'A214', 'A215', 'A216', 'A217', 'A218', 'A219', 'A220', 'A221', 'A222', 'A223', 'A224', 'A225', 'A226', 'A227', 'A228', 'A229', 'A230', 'A231', 'A232', 'A233', 'A234', 'A235', 'A236', 'A237', 'A238', 'A239', 'A240', 'A241', 'A242', 'A243', 'A244', 'A245', 'A246', 'A247', 'A248', 'A249', 'A250', 'A251', 'A252', 'A253', 'A254', 'A255', 'A256', 'A257', 'A258', 'A259', 'A260', 'A261', 'A262', 'A263', 'A264', 'A265', 'A266', 'A267', 'A268', 'A269', 'A270', 'A271', 'A272', 'A273', 'A274', 'A275', 'A276', 'A277', 'A278', 'A279', 'A280', 'A281', 'A282', 'A283', 'A284', 'A285', 'A286', 'A287', 'A288', 'A289', 'A290', 'A291', 'A292', 'A293', 'A294', 'A295', 'A296', 'A297', 'A298']
These residues will be fixed:  []
The number of ligand atoms parsed is equal to: 25
Type: C, Coords [-2.643 27.897 11.693], Mask 1
Type: C, Coords [-2.538 29.007 10.679], Mask 1
Type: C, Coords [-3.644 29.776 10.383], Mask 1
Type: C, Coords [-3.561 30.8    9.452], Mask 1
Type: C, Coords [-2.369 31.061  8.811], Mask 1
Type: C, Coords [-1.245 30.292  9.101], Mask 1
Type: C, Coords [-1.327 29.255 10.043], Mask 1
Type: N, Coords [-0.082 28.654 10.142], Mask 1
Type: C, Coords [ 0.812 29.263  9.297], Mask 1
Type: C, Coords [ 0.145 30.301  8.613], Mask 1
Type: N, Coords [ 0.812 31.035  7.735], Mask 1
Type: N, Coords [ 2.06 30.8   7.51], Mask 1
Type: C, Coords [ 2.709 29.828  8.142], Mask 1
Type: N, Coords [ 2.097 29.054  9.029], Mask 1
Type: N, Coords [ 4.049 29.616  7.866], Mask 1
Type: N, Coords [ 4.449 28.456  7.19 ], Mask 1
Type: C, Coords [ 5.14  27.548  7.811], Mask 1
Type: C, Coords [ 5.561 26.327  7.1  ], Mask 1
Type: C, Coords [ 6.357 25.378  7.746], Mask 1
Type: C, Coords [ 6.748 24.239  7.075], Mask 1
Type: C, Coords [ 6.355 24.034  5.763], Mask 1
Type: C, Coords [ 5.566 24.97   5.116], Mask 1
Type: C, Coords [ 5.166 26.114  5.776], Mask 1
Type: CL, Coords [ 4.178 27.287  4.963], Mask 1
Type: CL, Coords [ 6.852 22.596  4.926], Mask 1
Designing protein from this path: /home/tedeschg/prj/protein-perturbation/data/cdk2/03.complexes_dude/decoys_17_ZINC54318027_best_CNNaffinity.pdb
These residues will be redesigned:  ['A1', 'A2', 'A3', 'A4', 'A5', 'A6', 'A7', 'A8', 'A9', 'A10', 'A11', 'A12', 'A15', 'A16', 'A17', 'A18', 'A19', 'A20', 'A21', 'A22', 'A23', 'A24', 'A25', 'A26', 'A27', 'A28', 'A29', 'A30', 'A31', 'A32', 'A33', 'A34', 'A35', 'A44', 'A45', 'A46', 'A47', 'A48', 'A49', 'A50', 'A51', 'A52', 'A53', 'A54', 'A55', 'A56', 'A57', 'A58', 'A59', 'A60', 'A61', 'A62', 'A63', 'A64', 'A65', 'A66', 'A67', 'A68', 'A69', 'A70', 'A71', 'A72', 'A73', 'A74', 'A75', 'A76', 'A77', 'A78', 'A79', 'A80', 'A81', 'A82', 'A83', 'A84', 'A85', 'A86', 'A87', 'A88', 'A89', 'A90', 'A91', 'A92', 'A93', 'A94', 'A95', 'A96', 'A97', 'A98', 'A99', 'A100', 'A101', 'A102', 'A103', 'A104', 'A105', 'A106', 'A107', 'A108', 'A109', 'A110', 'A111', 'A112', 'A113', 'A114', 'A115', 'A116', 'A117', 'A118', 'A119', 'A120', 'A121', 'A122', 'A123', 'A124', 'A125', 'A126', 'A127', 'A128', 'A129', 'A130', 'A131', 'A132', 'A133', 'A134', 'A135', 'A136', 'A137', 'A138', 'A139', 'A140', 'A141', 'A142', 'A143', 'A144', 'A145', 'A146', 'A147', 'A148', 'A149', 'A150', 'A151', 'A162', 'A163', 'A164', 'A165', 'A166', 'A167', 'A168', 'A169', 'A170', 'A171', 'A172', 'A173', 'A174', 'A175', 'A176', 'A177', 'A178', 'A179', 'A180', 'A181', 'A182', 'A183', 'A184', 'A185', 'A186', 'A187', 'A188', 'A189', 'A190', 'A191', 'A192', 'A193', 'A194', 'A195', 'A196', 'A197', 'A198', 'A199', 'A200', 'A201', 'A202', 'A203', 'A204', 'A205', 'A206', 'A207', 'A208', 'A209', 'A210', 'A211', 'A212', 'A213', 'A214', 'A215', 'A216', 'A217', 'A218', 'A219', 'A220', 'A221', 'A222', 'A223', 'A224', 'A225', 'A226', 'A227', 'A228', 'A229', 'A230', 'A231', 'A232', 'A233', 'A234', 'A235', 'A236', 'A237', 'A238', 'A239', 'A240', 'A241', 'A242', 'A243', 'A244', 'A245', 'A246', 'A247', 'A248', 'A249', 'A250', 'A251', 'A252', 'A253', 'A254', 'A255', 'A256', 'A257', 'A258', 'A259', 'A260', 'A261', 'A262', 'A263', 'A264', 'A265', 'A266', 'A267', 'A268', 'A269', 'A270', 'A271', 'A272', 'A273', 'A274', 'A275', 'A276', 'A277', 'A278', 'A279', 'A280', 'A281', 'A282', 'A283', 'A284', 'A285', 'A286', 'A287', 'A288', 'A289', 'A290', 'A291', 'A292', 'A293', 'A294', 'A295', 'A296', 'A297', 'A298']
These residues will be fixed:  []
The number of ligand atoms parsed is equal to: 28
Type: C, Coords [ 4.735 28.656  8.02 ], Mask 1
Type: N, Coords [ 3.303 28.519  8.316], Mask 1
Type: C, Coords [ 2.574 29.771  8.005], Mask 1
Type: C, Coords [ 1.128 29.431  7.746], Mask 1
Type: C, Coords [ 0.261 29.53   9.011], Mask 1
Type: N, Coords [ 0.93  28.969 10.206], Mask 1
Type: C, Coords [ 1.627 27.737  9.915], Mask 1
Type: C, Coords [ 3.103 28.068  9.624], Mask 1
Type: C, Coords [-0.081 28.711 11.241], Mask 1
Type: C, Coords [-1.214 29.731 11.113], Mask 1
Type: C, Coords [-2.257 29.212 10.122], Mask 1
Type: C, Coords [-3.39  30.233  9.994], Mask 1
Type: C, Coords [-2.825 31.562  9.489], Mask 1
Type: C, Coords [-1.781 32.081 10.48 ], Mask 1
Type: C, Coords [-0.648 31.061 10.608], Mask 1
Type: C, Coords [ 5.316 27.301  7.707], Mask 1
Type: O, Coords [ 6.194 26.84   8.41 ], Mask 1
Type: C, Coords [ 3.788 27.104  3.06 ], Mask 1
Type: N, Coords [ 4.094 26.451  4.335], Mask 1
Type: C, Coords [ 4.551 27.204  5.38 ], Mask 1
Type: C, Coords [ 4.841 26.568  6.599], Mask 1
Type: C, Coords [ 4.634 25.117  6.683], Mask 1
Type: O, Coords [ 4.868 24.514  7.715], Mask 1
Type: N, Coords [ 4.178 24.465  5.594], Mask 1
Type: C, Coords [ 3.914 25.127  4.456], Mask 1
Type: O, Coords [ 3.5   24.503  3.498], Mask 1
Type: C, Coords [ 3.965 23.017  5.654], Mask 1
Type: N, Coords [ 4.724 28.546  5.241], Mask 1
Designing protein from this path: /home/tedeschg/prj/protein-perturbation/data/cdk2/03.complexes_dude/decoys_18_ZINC13562997_best_CNNaffinity.pdb
These residues will be redesigned:  ['A1', 'A2', 'A3', 'A4', 'A5', 'A6', 'A7', 'A8', 'A9', 'A10', 'A11', 'A12', 'A15', 'A16', 'A17', 'A18', 'A19', 'A20', 'A21', 'A22', 'A23', 'A24', 'A25', 'A26', 'A27', 'A28', 'A29', 'A30', 'A31', 'A32', 'A33', 'A34', 'A35', 'A44', 'A45', 'A46', 'A47', 'A48', 'A49', 'A50', 'A51', 'A52', 'A53', 'A54', 'A55', 'A56', 'A57', 'A58', 'A59', 'A60', 'A61', 'A62', 'A63', 'A64', 'A65', 'A66', 'A67', 'A68', 'A69', 'A70', 'A71', 'A72', 'A73', 'A74', 'A75', 'A76', 'A77', 'A78', 'A79', 'A80', 'A81', 'A82', 'A83', 'A84', 'A85', 'A86', 'A87', 'A88', 'A89', 'A90', 'A91', 'A92', 'A93', 'A94', 'A95', 'A96', 'A97', 'A98', 'A99', 'A100', 'A101', 'A102', 'A103', 'A104', 'A105', 'A106', 'A107', 'A108', 'A109', 'A110', 'A111', 'A112', 'A113', 'A114', 'A115', 'A116', 'A117', 'A118', 'A119', 'A120', 'A121', 'A122', 'A123', 'A124', 'A125', 'A126', 'A127', 'A128', 'A129', 'A130', 'A131', 'A132', 'A133', 'A134', 'A135', 'A136', 'A137', 'A138', 'A139', 'A140', 'A141', 'A142', 'A143', 'A144', 'A145', 'A146', 'A147', 'A148', 'A149', 'A150', 'A151', 'A162', 'A163', 'A164', 'A165', 'A166', 'A167', 'A168', 'A169', 'A170', 'A171', 'A172', 'A173', 'A174', 'A175', 'A176', 'A177', 'A178', 'A179', 'A180', 'A181', 'A182', 'A183', 'A184', 'A185', 'A186', 'A187', 'A188', 'A189', 'A190', 'A191', 'A192', 'A193', 'A194', 'A195', 'A196', 'A197', 'A198', 'A199', 'A200', 'A201', 'A202', 'A203', 'A204', 'A205', 'A206', 'A207', 'A208', 'A209', 'A210', 'A211', 'A212', 'A213', 'A214', 'A215', 'A216', 'A217', 'A218', 'A219', 'A220', 'A221', 'A222', 'A223', 'A224', 'A225', 'A226', 'A227', 'A228', 'A229', 'A230', 'A231', 'A232', 'A233', 'A234', 'A235', 'A236', 'A237', 'A238', 'A239', 'A240', 'A241', 'A242', 'A243', 'A244', 'A245', 'A246', 'A247', 'A248', 'A249', 'A250', 'A251', 'A252', 'A253', 'A254', 'A255', 'A256', 'A257', 'A258', 'A259', 'A260', 'A261', 'A262', 'A263', 'A264', 'A265', 'A266', 'A267', 'A268', 'A269', 'A270', 'A271', 'A272', 'A273', 'A274', 'A275', 'A276', 'A277', 'A278', 'A279', 'A280', 'A281', 'A282', 'A283', 'A284', 'A285', 'A286', 'A287', 'A288', 'A289', 'A290', 'A291', 'A292', 'A293', 'A294', 'A295', 'A296', 'A297', 'A298']
These residues will be fixed:  []
The number of ligand atoms parsed is equal to: 28
Type: C, Coords [-1.874 28.294 10.691], Mask 1
Type: C, Coords [-0.711 27.356 10.352], Mask 1
Type: C, Coords [-0.962 26.004 11.028], Mask 1
Type: N, Coords [-1.152 26.213 12.465], Mask 1
Type: C, Coords [-1.661 27.359 12.942], Mask 1
Type: O, Coords [-1.807 27.477 14.143], Mask 1
Type: N, Coords [-2.016 28.379 12.146], Mask 1
Type: O, Coords [-2.134 25.403 10.473], Mask 1
Type: C, Coords [-1.412 30.736 10.987], Mask 1
Type: C, Coords [-1.161 31.995 10.476], Mask 1
Type: C, Coords [-1.083 32.182  9.104], Mask 1
Type: C, Coords [-1.261 31.105  8.248], Mask 1
Type: C, Coords [-1.517 29.85   8.764], Mask 1
Type: C, Coords [-1.595 29.666 10.132], Mask 1
Type: O, Coords [-0.831 33.419  8.599], Mask 1
Type: C, Coords [ 0.241 25.087 10.8  ], Mask 1
Type: F, Coords [ 0.742 25.288  9.509], Mask 1
Type: F, Coords [ 1.237 25.381 11.737], Mask 1
Type: F, Coords [-0.155 23.753 10.944], Mask 1
Type: C, Coords [ 0.58  27.947 10.858], Mask 1
Type: O, Coords [ 0.708 28.206 12.035], Mask 1
Type: C, Coords [ 1.684 28.209  9.923], Mask 1
Type: C, Coords [ 1.6   29.273  9.017], Mask 1
Type: C, Coords [ 2.64  29.517  8.148], Mask 1
Type: C, Coords [ 3.764 28.704  8.161], Mask 1
Type: C, Coords [ 3.851 27.645  9.052], Mask 1
Type: C, Coords [ 2.82  27.393  9.931], Mask 1
Type: F, Coords [ 4.778 28.945  7.301], Mask 1
Designing protein from this path: /home/tedeschg/prj/protein-perturbation/data/cdk2/03.complexes_dude/decoys_19_ZINC37072269_best_CNNaffinity.pdb
These residues will be redesigned:  ['A1', 'A2', 'A3', 'A4', 'A5', 'A6', 'A7', 'A8', 'A9', 'A10', 'A11', 'A12', 'A15', 'A16', 'A17', 'A18', 'A19', 'A20', 'A21', 'A22', 'A23', 'A24', 'A25', 'A26', 'A27', 'A28', 'A29', 'A30', 'A31', 'A32', 'A33', 'A34', 'A35', 'A44', 'A45', 'A46', 'A47', 'A48', 'A49', 'A50', 'A51', 'A52', 'A53', 'A54', 'A55', 'A56', 'A57', 'A58', 'A59', 'A60', 'A61', 'A62', 'A63', 'A64', 'A65', 'A66', 'A67', 'A68', 'A69', 'A70', 'A71', 'A72', 'A73', 'A74', 'A75', 'A76', 'A77', 'A78', 'A79', 'A80', 'A81', 'A82', 'A83', 'A84', 'A85', 'A86', 'A87', 'A88', 'A89', 'A90', 'A91', 'A92', 'A93', 'A94', 'A95', 'A96', 'A97', 'A98', 'A99', 'A100', 'A101', 'A102', 'A103', 'A104', 'A105', 'A106', 'A107', 'A108', 'A109', 'A110', 'A111', 'A112', 'A113', 'A114', 'A115', 'A116', 'A117', 'A118', 'A119', 'A120', 'A121', 'A122', 'A123', 'A124', 'A125', 'A126', 'A127', 'A128', 'A129', 'A130', 'A131', 'A132', 'A133', 'A134', 'A135', 'A136', 'A137', 'A138', 'A139', 'A140', 'A141', 'A142', 'A143', 'A144', 'A145', 'A146', 'A147', 'A148', 'A149', 'A150', 'A151', 'A162', 'A163', 'A164', 'A165', 'A166', 'A167', 'A168', 'A169', 'A170', 'A171', 'A172', 'A173', 'A174', 'A175', 'A176', 'A177', 'A178', 'A179', 'A180', 'A181', 'A182', 'A183', 'A184', 'A185', 'A186', 'A187', 'A188', 'A189', 'A190', 'A191', 'A192', 'A193', 'A194', 'A195', 'A196', 'A197', 'A198', 'A199', 'A200', 'A201', 'A202', 'A203', 'A204', 'A205', 'A206', 'A207', 'A208', 'A209', 'A210', 'A211', 'A212', 'A213', 'A214', 'A215', 'A216', 'A217', 'A218', 'A219', 'A220', 'A221', 'A222', 'A223', 'A224', 'A225', 'A226', 'A227', 'A228', 'A229', 'A230', 'A231', 'A232', 'A233', 'A234', 'A235', 'A236', 'A237', 'A238', 'A239', 'A240', 'A241', 'A242', 'A243', 'A244', 'A245', 'A246', 'A247', 'A248', 'A249', 'A250', 'A251', 'A252', 'A253', 'A254', 'A255', 'A256', 'A257', 'A258', 'A259', 'A260', 'A261', 'A262', 'A263', 'A264', 'A265', 'A266', 'A267', 'A268', 'A269', 'A270', 'A271', 'A272', 'A273', 'A274', 'A275', 'A276', 'A277', 'A278', 'A279', 'A280', 'A281', 'A282', 'A283', 'A284', 'A285', 'A286', 'A287', 'A288', 'A289', 'A290', 'A291', 'A292', 'A293', 'A294', 'A295', 'A296', 'A297', 'A298']
These residues will be fixed:  []
The number of ligand atoms parsed is equal to: 21
Type: C, Coords [ 1.736 30.782  7.585], Mask 1
Type: C, Coords [ 1.451 30.187  6.205], Mask 1
Type: C, Coords [ 0.911 28.348 11.879], Mask 1
Type: C, Coords [ 1.693 28.51  10.601], Mask 1
Type: C, Coords [ 2.732 27.644 10.312], Mask 1
Type: C, Coords [ 3.451 27.791  9.142], Mask 1
Type: C, Coords [ 3.13  28.808  8.255], Mask 1
Type: C, Coords [ 2.087 29.676  8.546], Mask 1
Type: C, Coords [ 1.368 29.522  9.716], Mask 1
Type: O, Coords [ 3.836 28.955  7.103], Mask 1
Type: C, Coords [ 4.524 27.803  6.613], Mask 1
Type: N, Coords [ 0.547 31.489  8.068], Mask 1
Type: C, Coords [-0.433 30.799  8.776], Mask 1
Type: C, Coords [-0.641 29.445  8.533], Mask 1
Type: C, Coords [-1.61  28.759  9.231], Mask 1
Type: C, Coords [-2.385 29.425 10.186], Mask 1
Type: C, Coords [-2.173 30.786 10.428], Mask 1
Type: C, Coords [-1.199 31.464  9.729], Mask 1
Type: BR, Coords [-0.907 33.303 10.061], Mask 1
Type: C, Coords [-3.393 28.715 10.913], Mask 1
Type: N, Coords [-4.193 28.152 11.49 ], Mask 1
Designing protein from this path: /home/tedeschg/prj/protein-perturbation/data/cdk2/03.complexes_dude/decoys_20_ZINC39534209_best_CNNaffinity.pdb
These residues will be redesigned:  ['A1', 'A2', 'A3', 'A4', 'A5', 'A6', 'A7', 'A8', 'A9', 'A10', 'A11', 'A12', 'A15', 'A16', 'A17', 'A18', 'A19', 'A20', 'A21', 'A22', 'A23', 'A24', 'A25', 'A26', 'A27', 'A28', 'A29', 'A30', 'A31', 'A32', 'A33', 'A34', 'A35', 'A44', 'A45', 'A46', 'A47', 'A48', 'A49', 'A50', 'A51', 'A52', 'A53', 'A54', 'A55', 'A56', 'A57', 'A58', 'A59', 'A60', 'A61', 'A62', 'A63', 'A64', 'A65', 'A66', 'A67', 'A68', 'A69', 'A70', 'A71', 'A72', 'A73', 'A74', 'A75', 'A76', 'A77', 'A78', 'A79', 'A80', 'A81', 'A82', 'A83', 'A84', 'A85', 'A86', 'A87', 'A88', 'A89', 'A90', 'A91', 'A92', 'A93', 'A94', 'A95', 'A96', 'A97', 'A98', 'A99', 'A100', 'A101', 'A102', 'A103', 'A104', 'A105', 'A106', 'A107', 'A108', 'A109', 'A110', 'A111', 'A112', 'A113', 'A114', 'A115', 'A116', 'A117', 'A118', 'A119', 'A120', 'A121', 'A122', 'A123', 'A124', 'A125', 'A126', 'A127', 'A128', 'A129', 'A130', 'A131', 'A132', 'A133', 'A134', 'A135', 'A136', 'A137', 'A138', 'A139', 'A140', 'A141', 'A142', 'A143', 'A144', 'A145', 'A146', 'A147', 'A148', 'A149', 'A150', 'A151', 'A162', 'A163', 'A164', 'A165', 'A166', 'A167', 'A168', 'A169', 'A170', 'A171', 'A172', 'A173', 'A174', 'A175', 'A176', 'A177', 'A178', 'A179', 'A180', 'A181', 'A182', 'A183', 'A184', 'A185', 'A186', 'A187', 'A188', 'A189', 'A190', 'A191', 'A192', 'A193', 'A194', 'A195', 'A196', 'A197', 'A198', 'A199', 'A200', 'A201', 'A202', 'A203', 'A204', 'A205', 'A206', 'A207', 'A208', 'A209', 'A210', 'A211', 'A212', 'A213', 'A214', 'A215', 'A216', 'A217', 'A218', 'A219', 'A220', 'A221', 'A222', 'A223', 'A224', 'A225', 'A226', 'A227', 'A228', 'A229', 'A230', 'A231', 'A232', 'A233', 'A234', 'A235', 'A236', 'A237', 'A238', 'A239', 'A240', 'A241', 'A242', 'A243', 'A244', 'A245', 'A246', 'A247', 'A248', 'A249', 'A250', 'A251', 'A252', 'A253', 'A254', 'A255', 'A256', 'A257', 'A258', 'A259', 'A260', 'A261', 'A262', 'A263', 'A264', 'A265', 'A266', 'A267', 'A268', 'A269', 'A270', 'A271', 'A272', 'A273', 'A274', 'A275', 'A276', 'A277', 'A278', 'A279', 'A280', 'A281', 'A282', 'A283', 'A284', 'A285', 'A286', 'A287', 'A288', 'A289', 'A290', 'A291', 'A292', 'A293', 'A294', 'A295', 'A296', 'A297', 'A298']
These residues will be fixed:  []
The number of ligand atoms parsed is equal to: 29
Type: C, Coords [ 0.171 31.131  7.945], Mask 1
Type: C, Coords [-1.543 28.831 10.387], Mask 1
Type: C, Coords [-0.401 29.637  9.763], Mask 1
Type: N, Coords [-0.913 30.402  8.618], Mask 1
Type: C, Coords [-1.983 31.318  9.036], Mask 1
Type: C, Coords [-3.126 30.513  9.66 ], Mask 1
Type: N, Coords [-2.614 29.747 10.805], Mask 1
Type: S, Coords [-0.925 27.923 11.83 ], Mask 1
Type: O, Coords [-1.155 28.711 12.989], Mask 1
Type: O, Coords [ 0.394 27.476 11.549], Mask 1
Type: C, Coords [-1.373 25.315 11.137], Mask 1
Type: C, Coords [-2.02  26.477 11.892], Mask 1
Type: C, Coords [-2.249 26.074 13.35 ], Mask 1
Type: C, Coords [ 1.315 30.19   7.672], Mask 1
Type: C, Coords [ 1.845 30.1    6.398], Mask 1
Type: C, Coords [ 2.894 29.24   6.142], Mask 1
Type: C, Coords [ 3.419 28.461  7.171], Mask 1
Type: C, Coords [ 2.881 28.555  8.454], Mask 1
Type: C, Coords [ 1.837 29.423  8.699], Mask 1
Type: C, Coords [ 4.545 27.534  6.903], Mask 1
Type: C, Coords [ 4.738 27.02   5.623], Mask 1
Type: C, Coords [ 5.788 26.158  5.378], Mask 1
Type: C, Coords [ 6.65  25.801  6.4  ], Mask 1
Type: C, Coords [ 6.467 26.305  7.674], Mask 1
Type: C, Coords [ 5.421 27.176  7.932], Mask 1
Type: O, Coords [ 5.244 27.677  9.183], Mask 1
Type: C, Coords [ 0.651 32.273  8.843], Mask 1
Type: N, Coords [ 1.166 33.368  8.01 ], Mask 1
Type: O, Coords [ 1.008 33.063  6.587], Mask 1
Designing protein from this path: /home/tedeschg/prj/protein-perturbation/data/cdk2/03.complexes_dude/decoys_21_ZINC31283714_best_CNNaffinity.pdb
These residues will be redesigned:  ['A1', 'A2', 'A3', 'A4', 'A5', 'A6', 'A7', 'A8', 'A9', 'A10', 'A11', 'A12', 'A15', 'A16', 'A17', 'A18', 'A19', 'A20', 'A21', 'A22', 'A23', 'A24', 'A25', 'A26', 'A27', 'A28', 'A29', 'A30', 'A31', 'A32', 'A33', 'A34', 'A35', 'A44', 'A45', 'A46', 'A47', 'A48', 'A49', 'A50', 'A51', 'A52', 'A53', 'A54', 'A55', 'A56', 'A57', 'A58', 'A59', 'A60', 'A61', 'A62', 'A63', 'A64', 'A65', 'A66', 'A67', 'A68', 'A69', 'A70', 'A71', 'A72', 'A73', 'A74', 'A75', 'A76', 'A77', 'A78', 'A79', 'A80', 'A81', 'A82', 'A83', 'A84', 'A85', 'A86', 'A87', 'A88', 'A89', 'A90', 'A91', 'A92', 'A93', 'A94', 'A95', 'A96', 'A97', 'A98', 'A99', 'A100', 'A101', 'A102', 'A103', 'A104', 'A105', 'A106', 'A107', 'A108', 'A109', 'A110', 'A111', 'A112', 'A113', 'A114', 'A115', 'A116', 'A117', 'A118', 'A119', 'A120', 'A121', 'A122', 'A123', 'A124', 'A125', 'A126', 'A127', 'A128', 'A129', 'A130', 'A131', 'A132', 'A133', 'A134', 'A135', 'A136', 'A137', 'A138', 'A139', 'A140', 'A141', 'A142', 'A143', 'A144', 'A145', 'A146', 'A147', 'A148', 'A149', 'A150', 'A151', 'A162', 'A163', 'A164', 'A165', 'A166', 'A167', 'A168', 'A169', 'A170', 'A171', 'A172', 'A173', 'A174', 'A175', 'A176', 'A177', 'A178', 'A179', 'A180', 'A181', 'A182', 'A183', 'A184', 'A185', 'A186', 'A187', 'A188', 'A189', 'A190', 'A191', 'A192', 'A193', 'A194', 'A195', 'A196', 'A197', 'A198', 'A199', 'A200', 'A201', 'A202', 'A203', 'A204', 'A205', 'A206', 'A207', 'A208', 'A209', 'A210', 'A211', 'A212', 'A213', 'A214', 'A215', 'A216', 'A217', 'A218', 'A219', 'A220', 'A221', 'A222', 'A223', 'A224', 'A225', 'A226', 'A227', 'A228', 'A229', 'A230', 'A231', 'A232', 'A233', 'A234', 'A235', 'A236', 'A237', 'A238', 'A239', 'A240', 'A241', 'A242', 'A243', 'A244', 'A245', 'A246', 'A247', 'A248', 'A249', 'A250', 'A251', 'A252', 'A253', 'A254', 'A255', 'A256', 'A257', 'A258', 'A259', 'A260', 'A261', 'A262', 'A263', 'A264', 'A265', 'A266', 'A267', 'A268', 'A269', 'A270', 'A271', 'A272', 'A273', 'A274', 'A275', 'A276', 'A277', 'A278', 'A279', 'A280', 'A281', 'A282', 'A283', 'A284', 'A285', 'A286', 'A287', 'A288', 'A289', 'A290', 'A291', 'A292', 'A293', 'A294', 'A295', 'A296', 'A297', 'A298']
These residues will be fixed:  []
The number of ligand atoms parsed is equal to: 25
Type: N, Coords [ 3.26  29.188  7.365], Mask 1
Type: C, Coords [ 4.141 28.35   7.946], Mask 1
Type: O, Coords [ 4.099 28.159  9.142], Mask 1
Type: C, Coords [-0.553 30.423  8.827], Mask 1
Type: C, Coords [ 0.313 29.537  9.724], Mask 1
Type: C, Coords [ 1.368 28.827  8.873], Mask 1
Type: C, Coords [ 2.249 29.868  8.18 ], Mask 1
Type: C, Coords [ 1.383 30.754  7.283], Mask 1
Type: C, Coords [ 0.328 31.464  8.134], Mask 1
Type: C, Coords [-1.608 31.133  9.678], Mask 1
Type: C, Coords [-2.993 30.905  9.069], Mask 1
Type: C, Coords [-1.578 30.57  11.101], Mask 1
Type: C, Coords [-2.034 33.268 10.904], Mask 1
Type: C, Coords [-1.308 32.633  9.716], Mask 1
Type: C, Coords [ 5.18  27.651  7.107], Mask 1
Type: C, Coords [ 4.532 26.483  6.361], Mask 1
Type: C, Coords [ 4.788 26.627  4.883], Mask 1
Type: N, Coords [ 5.958 26.714  4.298], Mask 1
Type: C, Coords [ 5.698 26.826  2.983], Mask 1
Type: N, Coords [ 4.407 26.809  2.839], Mask 1
Type: O, Coords [ 3.866 26.695  3.919], Mask 1
Type: C, Coords [ 6.717 26.953  1.881], Mask 1
Type: C, Coords [ 7.598 28.177  2.139], Mask 1
Type: C, Coords [ 7.588 25.696  1.843], Mask 1
Type: C, Coords [ 5.999 27.116  0.539], Mask 1
Designing protein from this path: /home/tedeschg/prj/protein-perturbation/data/cdk2/03.complexes_dude/decoys_22_ZINC20709523_best_CNNaffinity.pdb
These residues will be redesigned:  ['A1', 'A2', 'A3', 'A4', 'A5', 'A6', 'A7', 'A8', 'A9', 'A10', 'A11', 'A12', 'A15', 'A16', 'A17', 'A18', 'A19', 'A20', 'A21', 'A22', 'A23', 'A24', 'A25', 'A26', 'A27', 'A28', 'A29', 'A30', 'A31', 'A32', 'A33', 'A34', 'A35', 'A44', 'A45', 'A46', 'A47', 'A48', 'A49', 'A50', 'A51', 'A52', 'A53', 'A54', 'A55', 'A56', 'A57', 'A58', 'A59', 'A60', 'A61', 'A62', 'A63', 'A64', 'A65', 'A66', 'A67', 'A68', 'A69', 'A70', 'A71', 'A72', 'A73', 'A74', 'A75', 'A76', 'A77', 'A78', 'A79', 'A80', 'A81', 'A82', 'A83', 'A84', 'A85', 'A86', 'A87', 'A88', 'A89', 'A90', 'A91', 'A92', 'A93', 'A94', 'A95', 'A96', 'A97', 'A98', 'A99', 'A100', 'A101', 'A102', 'A103', 'A104', 'A105', 'A106', 'A107', 'A108', 'A109', 'A110', 'A111', 'A112', 'A113', 'A114', 'A115', 'A116', 'A117', 'A118', 'A119', 'A120', 'A121', 'A122', 'A123', 'A124', 'A125', 'A126', 'A127', 'A128', 'A129', 'A130', 'A131', 'A132', 'A133', 'A134', 'A135', 'A136', 'A137', 'A138', 'A139', 'A140', 'A141', 'A142', 'A143', 'A144', 'A145', 'A146', 'A147', 'A148', 'A149', 'A150', 'A151', 'A162', 'A163', 'A164', 'A165', 'A166', 'A167', 'A168', 'A169', 'A170', 'A171', 'A172', 'A173', 'A174', 'A175', 'A176', 'A177', 'A178', 'A179', 'A180', 'A181', 'A182', 'A183', 'A184', 'A185', 'A186', 'A187', 'A188', 'A189', 'A190', 'A191', 'A192', 'A193', 'A194', 'A195', 'A196', 'A197', 'A198', 'A199', 'A200', 'A201', 'A202', 'A203', 'A204', 'A205', 'A206', 'A207', 'A208', 'A209', 'A210', 'A211', 'A212', 'A213', 'A214', 'A215', 'A216', 'A217', 'A218', 'A219', 'A220', 'A221', 'A222', 'A223', 'A224', 'A225', 'A226', 'A227', 'A228', 'A229', 'A230', 'A231', 'A232', 'A233', 'A234', 'A235', 'A236', 'A237', 'A238', 'A239', 'A240', 'A241', 'A242', 'A243', 'A244', 'A245', 'A246', 'A247', 'A248', 'A249', 'A250', 'A251', 'A252', 'A253', 'A254', 'A255', 'A256', 'A257', 'A258', 'A259', 'A260', 'A261', 'A262', 'A263', 'A264', 'A265', 'A266', 'A267', 'A268', 'A269', 'A270', 'A271', 'A272', 'A273', 'A274', 'A275', 'A276', 'A277', 'A278', 'A279', 'A280', 'A281', 'A282', 'A283', 'A284', 'A285', 'A286', 'A287', 'A288', 'A289', 'A290', 'A291', 'A292', 'A293', 'A294', 'A295', 'A296', 'A297', 'A298']
These residues will be fixed:  []
The number of ligand atoms parsed is equal to: 29
Type: C, Coords [ 0.053 26.438 11.654], Mask 1
Type: C, Coords [ 0.684 25.345 12.245], Mask 1
Type: C, Coords [ 1.936 24.957 11.82 ], Mask 1
Type: C, Coords [ 2.563 25.651 10.799], Mask 1
Type: C, Coords [ 1.952 26.73  10.199], Mask 1
Type: C, Coords [ 0.688 27.155 10.619], Mask 1
Type: N, Coords [2.3000e-02 2.8253e+01 1.0099e+01], Mask 1
Type: C, Coords [ 0.662 28.973  8.987], Mask 1
Type: C, Coords [ 2.154 28.968  9.246], Mask 1
Type: C, Coords [ 2.598 27.476  9.097], Mask 1
Type: C, Coords [ 4.071 27.58   8.956], Mask 1
Type: C, Coords [ 4.36  28.753  8.402], Mask 1
Type: C, Coords [ 3.075 29.55   8.168], Mask 1
Type: C, Coords [ 0.16  30.391  8.903], Mask 1
Type: C, Coords [-0.753 30.857  9.829], Mask 1
Type: C, Coords [-1.21  32.16   9.756], Mask 1
Type: C, Coords [-0.764 32.996  8.749], Mask 1
Type: C, Coords [ 0.144 32.533  7.817], Mask 1
Type: C, Coords [ 0.609 31.228  7.892], Mask 1
Type: O, Coords [ 1.503 30.77   6.976], Mask 1
Type: N, Coords [-2.183 32.658 10.754], Mask 1
Type: O, Coords [-2.033 33.759 11.254], Mask 1
Type: O, Coords [-3.133 31.968 11.076], Mask 1
Type: N, Coords [-2.194 25.913 12.461], Mask 1
Type: C, Coords [-1.287 26.847 12.114], Mask 1
Type: O, Coords [-1.573 28.027 12.179], Mask 1
Type: C, Coords [-3.525 26.319 12.918], Mask 1
Type: C, Coords [-5.119 25.322 14.476], Mask 1
Type: C, Coords [-3.868 25.581 14.186], Mask 1
Designing protein from this path: /home/tedeschg/prj/protein-perturbation/data/cdk2/03.complexes_dude/decoys_23_ZINC19557549_best_CNNaffinity.pdb
These residues will be redesigned:  ['A1', 'A2', 'A3', 'A4', 'A5', 'A6', 'A7', 'A8', 'A9', 'A10', 'A11', 'A12', 'A15', 'A16', 'A17', 'A18', 'A19', 'A20', 'A21', 'A22', 'A23', 'A24', 'A25', 'A26', 'A27', 'A28', 'A29', 'A30', 'A31', 'A32', 'A33', 'A34', 'A35', 'A44', 'A45', 'A46', 'A47', 'A48', 'A49', 'A50', 'A51', 'A52', 'A53', 'A54', 'A55', 'A56', 'A57', 'A58', 'A59', 'A60', 'A61', 'A62', 'A63', 'A64', 'A65', 'A66', 'A67', 'A68', 'A69', 'A70', 'A71', 'A72', 'A73', 'A74', 'A75', 'A76', 'A77', 'A78', 'A79', 'A80', 'A81', 'A82', 'A83', 'A84', 'A85', 'A86', 'A87', 'A88', 'A89', 'A90', 'A91', 'A92', 'A93', 'A94', 'A95', 'A96', 'A97', 'A98', 'A99', 'A100', 'A101', 'A102', 'A103', 'A104', 'A105', 'A106', 'A107', 'A108', 'A109', 'A110', 'A111', 'A112', 'A113', 'A114', 'A115', 'A116', 'A117', 'A118', 'A119', 'A120', 'A121', 'A122', 'A123', 'A124', 'A125', 'A126', 'A127', 'A128', 'A129', 'A130', 'A131', 'A132', 'A133', 'A134', 'A135', 'A136', 'A137', 'A138', 'A139', 'A140', 'A141', 'A142', 'A143', 'A144', 'A145', 'A146', 'A147', 'A148', 'A149', 'A150', 'A151', 'A162', 'A163', 'A164', 'A165', 'A166', 'A167', 'A168', 'A169', 'A170', 'A171', 'A172', 'A173', 'A174', 'A175', 'A176', 'A177', 'A178', 'A179', 'A180', 'A181', 'A182', 'A183', 'A184', 'A185', 'A186', 'A187', 'A188', 'A189', 'A190', 'A191', 'A192', 'A193', 'A194', 'A195', 'A196', 'A197', 'A198', 'A199', 'A200', 'A201', 'A202', 'A203', 'A204', 'A205', 'A206', 'A207', 'A208', 'A209', 'A210', 'A211', 'A212', 'A213', 'A214', 'A215', 'A216', 'A217', 'A218', 'A219', 'A220', 'A221', 'A222', 'A223', 'A224', 'A225', 'A226', 'A227', 'A228', 'A229', 'A230', 'A231', 'A232', 'A233', 'A234', 'A235', 'A236', 'A237', 'A238', 'A239', 'A240', 'A241', 'A242', 'A243', 'A244', 'A245', 'A246', 'A247', 'A248', 'A249', 'A250', 'A251', 'A252', 'A253', 'A254', 'A255', 'A256', 'A257', 'A258', 'A259', 'A260', 'A261', 'A262', 'A263', 'A264', 'A265', 'A266', 'A267', 'A268', 'A269', 'A270', 'A271', 'A272', 'A273', 'A274', 'A275', 'A276', 'A277', 'A278', 'A279', 'A280', 'A281', 'A282', 'A283', 'A284', 'A285', 'A286', 'A287', 'A288', 'A289', 'A290', 'A291', 'A292', 'A293', 'A294', 'A295', 'A296', 'A297', 'A298']
These residues will be fixed:  []
The number of ligand atoms parsed is equal to: 24
Type: C, Coords [ 5.636 20.046  6.217], Mask 1
Type: C, Coords [ 5.459 19.77   7.688], Mask 1
Type: C, Coords [ 4.253 19.43   8.329], Mask 1
Type: N, Coords [ 4.498 19.267  9.615], Mask 1
Type: N, Coords [ 5.863 19.498  9.836], Mask 1
Type: C, Coords [ 6.438 19.801  8.633], Mask 1
Type: N, Coords [ 7.791 20.071  8.555], Mask 1
Type: C, Coords [ 8.562 20.032  9.682], Mask 1
Type: C, Coords [ 7.977 19.72  10.909], Mask 1
Type: C, Coords [ 6.625 19.46  10.975], Mask 1
Type: O, Coords [ 6.055 19.155 12.159], Mask 1
Type: C, Coords [ 9.999 20.318  9.602], Mask 1
Type: C, Coords [10.728 20.652  8.449], Mask 1
Type: C, Coords [12.018 20.826  8.864], Mask 1
Type: N, Coords [12.046 20.609 10.175], Mask 1
Type: N, Coords [10.874 20.319 10.613], Mask 1
Type: C, Coords [12.892 21.192  7.685], Mask 1
Type: C, Coords [12.071 20.799  6.437], Mask 1
Type: C, Coords [10.62  20.883  6.961], Mask 1
Type: C, Coords [ 2.937 19.28   7.673], Mask 1
Type: C, Coords [ 2.059 20.25   7.267], Mask 1
Type: C, Coords [ 0.878 19.867  6.671], Mask 1
Type: C, Coords [ 0.62  18.545  6.503], Mask 1
Type: S, Coords [ 2.081 17.788  7.196], Mask 1
Designing protein from this path: /home/tedeschg/prj/protein-perturbation/data/cdk2/03.complexes_dude/decoys_24_ZINC07595556_best_CNNaffinity.pdb
These residues will be redesigned:  ['A1', 'A2', 'A3', 'A4', 'A5', 'A6', 'A7', 'A8', 'A9', 'A10', 'A11', 'A12', 'A15', 'A16', 'A17', 'A18', 'A19', 'A20', 'A21', 'A22', 'A23', 'A24', 'A25', 'A26', 'A27', 'A28', 'A29', 'A30', 'A31', 'A32', 'A33', 'A34', 'A35', 'A44', 'A45', 'A46', 'A47', 'A48', 'A49', 'A50', 'A51', 'A52', 'A53', 'A54', 'A55', 'A56', 'A57', 'A58', 'A59', 'A60', 'A61', 'A62', 'A63', 'A64', 'A65', 'A66', 'A67', 'A68', 'A69', 'A70', 'A71', 'A72', 'A73', 'A74', 'A75', 'A76', 'A77', 'A78', 'A79', 'A80', 'A81', 'A82', 'A83', 'A84', 'A85', 'A86', 'A87', 'A88', 'A89', 'A90', 'A91', 'A92', 'A93', 'A94', 'A95', 'A96', 'A97', 'A98', 'A99', 'A100', 'A101', 'A102', 'A103', 'A104', 'A105', 'A106', 'A107', 'A108', 'A109', 'A110', 'A111', 'A112', 'A113', 'A114', 'A115', 'A116', 'A117', 'A118', 'A119', 'A120', 'A121', 'A122', 'A123', 'A124', 'A125', 'A126', 'A127', 'A128', 'A129', 'A130', 'A131', 'A132', 'A133', 'A134', 'A135', 'A136', 'A137', 'A138', 'A139', 'A140', 'A141', 'A142', 'A143', 'A144', 'A145', 'A146', 'A147', 'A148', 'A149', 'A150', 'A151', 'A162', 'A163', 'A164', 'A165', 'A166', 'A167', 'A168', 'A169', 'A170', 'A171', 'A172', 'A173', 'A174', 'A175', 'A176', 'A177', 'A178', 'A179', 'A180', 'A181', 'A182', 'A183', 'A184', 'A185', 'A186', 'A187', 'A188', 'A189', 'A190', 'A191', 'A192', 'A193', 'A194', 'A195', 'A196', 'A197', 'A198', 'A199', 'A200', 'A201', 'A202', 'A203', 'A204', 'A205', 'A206', 'A207', 'A208', 'A209', 'A210', 'A211', 'A212', 'A213', 'A214', 'A215', 'A216', 'A217', 'A218', 'A219', 'A220', 'A221', 'A222', 'A223', 'A224', 'A225', 'A226', 'A227', 'A228', 'A229', 'A230', 'A231', 'A232', 'A233', 'A234', 'A235', 'A236', 'A237', 'A238', 'A239', 'A240', 'A241', 'A242', 'A243', 'A244', 'A245', 'A246', 'A247', 'A248', 'A249', 'A250', 'A251', 'A252', 'A253', 'A254', 'A255', 'A256', 'A257', 'A258', 'A259', 'A260', 'A261', 'A262', 'A263', 'A264', 'A265', 'A266', 'A267', 'A268', 'A269', 'A270', 'A271', 'A272', 'A273', 'A274', 'A275', 'A276', 'A277', 'A278', 'A279', 'A280', 'A281', 'A282', 'A283', 'A284', 'A285', 'A286', 'A287', 'A288', 'A289', 'A290', 'A291', 'A292', 'A293', 'A294', 'A295', 'A296', 'A297', 'A298']
These residues will be fixed:  []
The number of ligand atoms parsed is equal to: 25
Type: S, Coords [ 1.101 25.561 11.203], Mask 1
Type: O, Coords [ 1.74  24.822 12.235], Mask 1
Type: O, Coords [-1.9000e-02  2.5059e+01  1.0487e+01], Mask 1
Type: C, Coords [ 2.734 23.468  9.751], Mask 1
Type: C, Coords [ 3.036 24.901  9.394], Mask 1
Type: C, Coords [ 4.006 25.188  8.451], Mask 1
Type: C, Coords [ 4.287 26.502  8.127], Mask 1
Type: C, Coords [ 3.595 27.529  8.743], Mask 1
Type: C, Coords [ 2.623 27.241  9.682], Mask 1
Type: C, Coords [ 2.341 25.927 10.006], Mask 1
Type: N, Coords [ 3.896 28.936  8.396], Mask 1
Type: O, Coords [ 2.987 29.723  8.2  ], Mask 1
Type: O, Coords [ 5.052 29.308  8.306], Mask 1
Type: N, Coords [ 0.628 26.999 11.874], Mask 1
Type: C, Coords [-0.485 27.032 12.825], Mask 1
Type: C, Coords [-1.301 28.308 12.611], Mask 1
Type: C, Coords [-2.383 28.09  11.524], Mask 1
Type: O, Coords [-2.575 29.436 11.026], Mask 1
Type: C, Coords [-1.269 30.033 11.067], Mask 1
Type: O, Coords [-0.478 29.351 12.049], Mask 1
Type: C, Coords [-1.396 31.51  11.444], Mask 1
Type: C, Coords [-2.246 32.231 10.396], Mask 1
Type: C, Coords [-1.58  32.106  9.025], Mask 1
Type: C, Coords [-1.459 30.628  8.649], Mask 1
Type: C, Coords [-0.608 29.904  9.694], Mask 1
Designing protein from this path: /home/tedeschg/prj/protein-perturbation/data/cdk2/03.complexes_dude/decoys_25_ZINC63480717_best_CNNaffinity.pdb
These residues will be redesigned:  ['A1', 'A2', 'A3', 'A4', 'A5', 'A6', 'A7', 'A8', 'A9', 'A10', 'A11', 'A12', 'A15', 'A16', 'A17', 'A18', 'A19', 'A20', 'A21', 'A22', 'A23', 'A24', 'A25', 'A26', 'A27', 'A28', 'A29', 'A30', 'A31', 'A32', 'A33', 'A34', 'A35', 'A44', 'A45', 'A46', 'A47', 'A48', 'A49', 'A50', 'A51', 'A52', 'A53', 'A54', 'A55', 'A56', 'A57', 'A58', 'A59', 'A60', 'A61', 'A62', 'A63', 'A64', 'A65', 'A66', 'A67', 'A68', 'A69', 'A70', 'A71', 'A72', 'A73', 'A74', 'A75', 'A76', 'A77', 'A78', 'A79', 'A80', 'A81', 'A82', 'A83', 'A84', 'A85', 'A86', 'A87', 'A88', 'A89', 'A90', 'A91', 'A92', 'A93', 'A94', 'A95', 'A96', 'A97', 'A98', 'A99', 'A100', 'A101', 'A102', 'A103', 'A104', 'A105', 'A106', 'A107', 'A108', 'A109', 'A110', 'A111', 'A112', 'A113', 'A114', 'A115', 'A116', 'A117', 'A118', 'A119', 'A120', 'A121', 'A122', 'A123', 'A124', 'A125', 'A126', 'A127', 'A128', 'A129', 'A130', 'A131', 'A132', 'A133', 'A134', 'A135', 'A136', 'A137', 'A138', 'A139', 'A140', 'A141', 'A142', 'A143', 'A144', 'A145', 'A146', 'A147', 'A148', 'A149', 'A150', 'A151', 'A162', 'A163', 'A164', 'A165', 'A166', 'A167', 'A168', 'A169', 'A170', 'A171', 'A172', 'A173', 'A174', 'A175', 'A176', 'A177', 'A178', 'A179', 'A180', 'A181', 'A182', 'A183', 'A184', 'A185', 'A186', 'A187', 'A188', 'A189', 'A190', 'A191', 'A192', 'A193', 'A194', 'A195', 'A196', 'A197', 'A198', 'A199', 'A200', 'A201', 'A202', 'A203', 'A204', 'A205', 'A206', 'A207', 'A208', 'A209', 'A210', 'A211', 'A212', 'A213', 'A214', 'A215', 'A216', 'A217', 'A218', 'A219', 'A220', 'A221', 'A222', 'A223', 'A224', 'A225', 'A226', 'A227', 'A228', 'A229', 'A230', 'A231', 'A232', 'A233', 'A234', 'A235', 'A236', 'A237', 'A238', 'A239', 'A240', 'A241', 'A242', 'A243', 'A244', 'A245', 'A246', 'A247', 'A248', 'A249', 'A250', 'A251', 'A252', 'A253', 'A254', 'A255', 'A256', 'A257', 'A258', 'A259', 'A260', 'A261', 'A262', 'A263', 'A264', 'A265', 'A266', 'A267', 'A268', 'A269', 'A270', 'A271', 'A272', 'A273', 'A274', 'A275', 'A276', 'A277', 'A278', 'A279', 'A280', 'A281', 'A282', 'A283', 'A284', 'A285', 'A286', 'A287', 'A288', 'A289', 'A290', 'A291', 'A292', 'A293', 'A294', 'A295', 'A296', 'A297', 'A298']
These residues will be fixed:  []
The number of ligand atoms parsed is equal to: 33
Type: C, Coords [ 2.016 25.984 10.043], Mask 1
Type: O, Coords [ 1.077 25.217 10.065], Mask 1
Type: N, Coords [ 3.206 25.579  9.558], Mask 1
Type: C, Coords [-0.367 26.932 11.867], Mask 1
Type: N, Coords [ 0.442 27.651 10.879], Mask 1
Type: C, Coords [ 1.852 27.391 10.559], Mask 1
Type: C, Coords [ 2.226 28.387  9.487], Mask 1
Type: C, Coords [ 1.124 29.131  9.236], Mask 1
Type: C, Coords [2.1000e-02 2.8674e+01 1.0090e+01], Mask 1
Type: C, Coords [-1.221 29.336  9.961], Mask 1
Type: C, Coords [-2.316 28.95  10.752], Mask 1
Type: C, Coords [-3.508 29.597 10.62 ], Mask 1
Type: C, Coords [-3.652 30.638  9.707], Mask 1
Type: C, Coords [-2.611 31.036  8.924], Mask 1
Type: C, Coords [-1.364 30.395  9.031], Mask 1
Type: N, Coords [-0.347 30.796  8.257], Mask 1
Type: C, Coords [ 0.859 30.251  8.305], Mask 1
Type: O, Coords [ 1.746 30.662  7.572], Mask 1
Type: C, Coords [ 3.365 24.212  9.056], Mask 1
Type: C, Coords [ 4.597 24.142  8.151], Mask 1
Type: N, Coords [ 4.359 24.932  6.936], Mask 1
Type: C, Coords [ 5.24  26.106  6.89 ], Mask 1
Type: C, Coords [ 4.838 26.996  5.709], Mask 1
Type: N, Coords [ 4.83  26.176  4.488], Mask 1
Type: C, Coords [ 4.078 24.912  4.503], Mask 1
Type: C, Coords [ 4.51  24.104  5.732], Mask 1
Type: C, Coords [ 5.519 26.588  3.342], Mask 1
Type: C, Coords [ 6.892 26.408  3.253], Mask 1
Type: C, Coords [ 7.569 26.815  2.12 ], Mask 1
Type: C, Coords [ 6.881 27.402  1.075], Mask 1
Type: C, Coords [ 5.513 27.584  1.158], Mask 1
Type: C, Coords [ 4.828 27.174  2.287], Mask 1
Type: F, Coords [ 3.49  27.346  2.366], Mask 1
Designing protein from this path: /home/tedeschg/prj/protein-perturbation/data/cdk2/03.complexes_dude/decoys_26_ZINC00832330_best_CNNaffinity.pdb
These residues will be redesigned:  ['A1', 'A2', 'A3', 'A4', 'A5', 'A6', 'A7', 'A8', 'A9', 'A10', 'A11', 'A12', 'A15', 'A16', 'A17', 'A18', 'A19', 'A20', 'A21', 'A22', 'A23', 'A24', 'A25', 'A26', 'A27', 'A28', 'A29', 'A30', 'A31', 'A32', 'A33', 'A34', 'A35', 'A44', 'A45', 'A46', 'A47', 'A48', 'A49', 'A50', 'A51', 'A52', 'A53', 'A54', 'A55', 'A56', 'A57', 'A58', 'A59', 'A60', 'A61', 'A62', 'A63', 'A64', 'A65', 'A66', 'A67', 'A68', 'A69', 'A70', 'A71', 'A72', 'A73', 'A74', 'A75', 'A76', 'A77', 'A78', 'A79', 'A80', 'A81', 'A82', 'A83', 'A84', 'A85', 'A86', 'A87', 'A88', 'A89', 'A90', 'A91', 'A92', 'A93', 'A94', 'A95', 'A96', 'A97', 'A98', 'A99', 'A100', 'A101', 'A102', 'A103', 'A104', 'A105', 'A106', 'A107', 'A108', 'A109', 'A110', 'A111', 'A112', 'A113', 'A114', 'A115', 'A116', 'A117', 'A118', 'A119', 'A120', 'A121', 'A122', 'A123', 'A124', 'A125', 'A126', 'A127', 'A128', 'A129', 'A130', 'A131', 'A132', 'A133', 'A134', 'A135', 'A136', 'A137', 'A138', 'A139', 'A140', 'A141', 'A142', 'A143', 'A144', 'A145', 'A146', 'A147', 'A148', 'A149', 'A150', 'A151', 'A162', 'A163', 'A164', 'A165', 'A166', 'A167', 'A168', 'A169', 'A170', 'A171', 'A172', 'A173', 'A174', 'A175', 'A176', 'A177', 'A178', 'A179', 'A180', 'A181', 'A182', 'A183', 'A184', 'A185', 'A186', 'A187', 'A188', 'A189', 'A190', 'A191', 'A192', 'A193', 'A194', 'A195', 'A196', 'A197', 'A198', 'A199', 'A200', 'A201', 'A202', 'A203', 'A204', 'A205', 'A206', 'A207', 'A208', 'A209', 'A210', 'A211', 'A212', 'A213', 'A214', 'A215', 'A216', 'A217', 'A218', 'A219', 'A220', 'A221', 'A222', 'A223', 'A224', 'A225', 'A226', 'A227', 'A228', 'A229', 'A230', 'A231', 'A232', 'A233', 'A234', 'A235', 'A236', 'A237', 'A238', 'A239', 'A240', 'A241', 'A242', 'A243', 'A244', 'A245', 'A246', 'A247', 'A248', 'A249', 'A250', 'A251', 'A252', 'A253', 'A254', 'A255', 'A256', 'A257', 'A258', 'A259', 'A260', 'A261', 'A262', 'A263', 'A264', 'A265', 'A266', 'A267', 'A268', 'A269', 'A270', 'A271', 'A272', 'A273', 'A274', 'A275', 'A276', 'A277', 'A278', 'A279', 'A280', 'A281', 'A282', 'A283', 'A284', 'A285', 'A286', 'A287', 'A288', 'A289', 'A290', 'A291', 'A292', 'A293', 'A294', 'A295', 'A296', 'A297', 'A298']
These residues will be fixed:  []
The number of ligand atoms parsed is equal to: 27
Type: C, Coords [-2.123 32.086 10.194], Mask 1
Type: C, Coords [-0.97  31.787  9.27 ], Mask 1
Type: C, Coords [-0.691 30.506  8.949], Mask 1
Type: C, Coords [ 0.473 30.251  8.013], Mask 1
Type: N, Coords [ 1.212 31.43   7.531], Mask 1
Type: C, Coords [ 0.815 32.65   7.946], Mask 1
Type: O, Coords [ 1.419 33.629  7.554], Mask 1
Type: N, Coords [-0.222 32.817  8.776], Mask 1
Type: C, Coords [ 1.45  29.349  8.721], Mask 1
Type: C, Coords [ 1.238 29.    10.041], Mask 1
Type: C, Coords [ 2.134 28.172 10.691], Mask 1
Type: C, Coords [ 3.244 27.69  10.022], Mask 1
Type: C, Coords [ 3.461 28.035  8.703], Mask 1
Type: C, Coords [ 2.56  28.862  8.046], Mask 1
Type: O, Coords [ 2.768 29.199  6.746], Mask 1
Type: C, Coords [ 3.825 28.522  6.062], Mask 1
Type: C, Coords [-1.462 29.438  9.465], Mask 1
Type: O, Coords [-2.475 29.669 10.098], Mask 1
Type: O, Coords [-1.074 28.163  9.254], Mask 1
Type: C, Coords [-1.446 27.2   10.243], Mask 1
Type: C, Coords [-0.533 25.977 10.132], Mask 1
Type: C, Coords [-1.157 24.805 10.893], Mask 1
Type: C, Coords [-0.291 24.465 12.107], Mask 1
Type: C, Coords [ 0.125 25.757 12.814], Mask 1
Type: C, Coords [-1.06  26.306 13.611], Mask 1
Type: C, Coords [-2.058 26.961 12.654], Mask 1
Type: C, Coords [-1.302 27.818 11.636], Mask 1
Designing protein from this path: /home/tedeschg/prj/protein-perturbation/data/cdk2/03.complexes_dude/decoys_27_ZINC39462183_best_CNNaffinity.pdb
These residues will be redesigned:  ['A1', 'A2', 'A3', 'A4', 'A5', 'A6', 'A7', 'A8', 'A9', 'A10', 'A11', 'A12', 'A15', 'A16', 'A17', 'A18', 'A19', 'A20', 'A21', 'A22', 'A23', 'A24', 'A25', 'A26', 'A27', 'A28', 'A29', 'A30', 'A31', 'A32', 'A33', 'A34', 'A35', 'A44', 'A45', 'A46', 'A47', 'A48', 'A49', 'A50', 'A51', 'A52', 'A53', 'A54', 'A55', 'A56', 'A57', 'A58', 'A59', 'A60', 'A61', 'A62', 'A63', 'A64', 'A65', 'A66', 'A67', 'A68', 'A69', 'A70', 'A71', 'A72', 'A73', 'A74', 'A75', 'A76', 'A77', 'A78', 'A79', 'A80', 'A81', 'A82', 'A83', 'A84', 'A85', 'A86', 'A87', 'A88', 'A89', 'A90', 'A91', 'A92', 'A93', 'A94', 'A95', 'A96', 'A97', 'A98', 'A99', 'A100', 'A101', 'A102', 'A103', 'A104', 'A105', 'A106', 'A107', 'A108', 'A109', 'A110', 'A111', 'A112', 'A113', 'A114', 'A115', 'A116', 'A117', 'A118', 'A119', 'A120', 'A121', 'A122', 'A123', 'A124', 'A125', 'A126', 'A127', 'A128', 'A129', 'A130', 'A131', 'A132', 'A133', 'A134', 'A135', 'A136', 'A137', 'A138', 'A139', 'A140', 'A141', 'A142', 'A143', 'A144', 'A145', 'A146', 'A147', 'A148', 'A149', 'A150', 'A151', 'A162', 'A163', 'A164', 'A165', 'A166', 'A167', 'A168', 'A169', 'A170', 'A171', 'A172', 'A173', 'A174', 'A175', 'A176', 'A177', 'A178', 'A179', 'A180', 'A181', 'A182', 'A183', 'A184', 'A185', 'A186', 'A187', 'A188', 'A189', 'A190', 'A191', 'A192', 'A193', 'A194', 'A195', 'A196', 'A197', 'A198', 'A199', 'A200', 'A201', 'A202', 'A203', 'A204', 'A205', 'A206', 'A207', 'A208', 'A209', 'A210', 'A211', 'A212', 'A213', 'A214', 'A215', 'A216', 'A217', 'A218', 'A219', 'A220', 'A221', 'A222', 'A223', 'A224', 'A225', 'A226', 'A227', 'A228', 'A229', 'A230', 'A231', 'A232', 'A233', 'A234', 'A235', 'A236', 'A237', 'A238', 'A239', 'A240', 'A241', 'A242', 'A243', 'A244', 'A245', 'A246', 'A247', 'A248', 'A249', 'A250', 'A251', 'A252', 'A253', 'A254', 'A255', 'A256', 'A257', 'A258', 'A259', 'A260', 'A261', 'A262', 'A263', 'A264', 'A265', 'A266', 'A267', 'A268', 'A269', 'A270', 'A271', 'A272', 'A273', 'A274', 'A275', 'A276', 'A277', 'A278', 'A279', 'A280', 'A281', 'A282', 'A283', 'A284', 'A285', 'A286', 'A287', 'A288', 'A289', 'A290', 'A291', 'A292', 'A293', 'A294', 'A295', 'A296', 'A297', 'A298']
These residues will be fixed:  []
The number of ligand atoms parsed is equal to: 26
Type: C, Coords [ 0.541 26.668 10.236], Mask 1
Type: O, Coords [-0.255 25.927  9.699], Mask 1
Type: N, Coords [ 0.439 28.002 10.069], Mask 1
Type: C, Coords [-0.635 28.556  9.239], Mask 1
Type: C, Coords [-0.356 30.003  8.928], Mask 1
Type: C, Coords [-1.137 30.764  9.753], Mask 1
Type: C, Coords [-1.055 32.157  9.652], Mask 1
Type: N, Coords [-0.245 32.704  8.785], Mask 1
Type: N, Coords [ 0.498 32.012  7.999], Mask 1
Type: C, Coords [ 0.49  30.663  8.02 ], Mask 1
Type: O, Coords [ 1.206 30.026  7.263], Mask 1
Type: C, Coords [-1.901 33.028 10.545], Mask 1
Type: C, Coords [-1.938 29.823 10.616], Mask 1
Type: O, Coords [-1.88  28.539  9.963], Mask 1
Type: C, Coords [-1.32  29.734 12.013], Mask 1
Type: C, Coords [ 1.645 26.098 11.088], Mask 1
Type: C, Coords [ 2.033 23.298 11.679], Mask 1
Type: C, Coords [ 0.745 24.067 11.979], Mask 1
Type: C, Coords [ 0.05  23.448 13.188], Mask 1
Type: C, Coords [-0.046 22.077 13.414], Mask 1
Type: C, Coords [-0.681 21.616 14.518], Mask 1
Type: S, Coords [-1.188 23.134 15.313], Mask 1
Type: C, Coords [-0.521 24.26  14.121], Mask 1
Type: C, Coords [-0.553 25.753 14.097], Mask 1
Type: C, Coords [-0.141 26.203 12.685], Mask 1
Type: N, Coords [ 1.066 25.467 12.281], Mask 1
Designing protein from this path: /home/tedeschg/prj/protein-perturbation/data/cdk2/03.complexes_dude/decoys_28_ZINC39604175_best_CNNaffinity.pdb
These residues will be redesigned:  ['A1', 'A2', 'A3', 'A4', 'A5', 'A6', 'A7', 'A8', 'A9', 'A10', 'A11', 'A12', 'A15', 'A16', 'A17', 'A18', 'A19', 'A20', 'A21', 'A22', 'A23', 'A24', 'A25', 'A26', 'A27', 'A28', 'A29', 'A30', 'A31', 'A32', 'A33', 'A34', 'A35', 'A44', 'A45', 'A46', 'A47', 'A48', 'A49', 'A50', 'A51', 'A52', 'A53', 'A54', 'A55', 'A56', 'A57', 'A58', 'A59', 'A60', 'A61', 'A62', 'A63', 'A64', 'A65', 'A66', 'A67', 'A68', 'A69', 'A70', 'A71', 'A72', 'A73', 'A74', 'A75', 'A76', 'A77', 'A78', 'A79', 'A80', 'A81', 'A82', 'A83', 'A84', 'A85', 'A86', 'A87', 'A88', 'A89', 'A90', 'A91', 'A92', 'A93', 'A94', 'A95', 'A96', 'A97', 'A98', 'A99', 'A100', 'A101', 'A102', 'A103', 'A104', 'A105', 'A106', 'A107', 'A108', 'A109', 'A110', 'A111', 'A112', 'A113', 'A114', 'A115', 'A116', 'A117', 'A118', 'A119', 'A120', 'A121', 'A122', 'A123', 'A124', 'A125', 'A126', 'A127', 'A128', 'A129', 'A130', 'A131', 'A132', 'A133', 'A134', 'A135', 'A136', 'A137', 'A138', 'A139', 'A140', 'A141', 'A142', 'A143', 'A144', 'A145', 'A146', 'A147', 'A148', 'A149', 'A150', 'A151', 'A162', 'A163', 'A164', 'A165', 'A166', 'A167', 'A168', 'A169', 'A170', 'A171', 'A172', 'A173', 'A174', 'A175', 'A176', 'A177', 'A178', 'A179', 'A180', 'A181', 'A182', 'A183', 'A184', 'A185', 'A186', 'A187', 'A188', 'A189', 'A190', 'A191', 'A192', 'A193', 'A194', 'A195', 'A196', 'A197', 'A198', 'A199', 'A200', 'A201', 'A202', 'A203', 'A204', 'A205', 'A206', 'A207', 'A208', 'A209', 'A210', 'A211', 'A212', 'A213', 'A214', 'A215', 'A216', 'A217', 'A218', 'A219', 'A220', 'A221', 'A222', 'A223', 'A224', 'A225', 'A226', 'A227', 'A228', 'A229', 'A230', 'A231', 'A232', 'A233', 'A234', 'A235', 'A236', 'A237', 'A238', 'A239', 'A240', 'A241', 'A242', 'A243', 'A244', 'A245', 'A246', 'A247', 'A248', 'A249', 'A250', 'A251', 'A252', 'A253', 'A254', 'A255', 'A256', 'A257', 'A258', 'A259', 'A260', 'A261', 'A262', 'A263', 'A264', 'A265', 'A266', 'A267', 'A268', 'A269', 'A270', 'A271', 'A272', 'A273', 'A274', 'A275', 'A276', 'A277', 'A278', 'A279', 'A280', 'A281', 'A282', 'A283', 'A284', 'A285', 'A286', 'A287', 'A288', 'A289', 'A290', 'A291', 'A292', 'A293', 'A294', 'A295', 'A296', 'A297', 'A298']
These residues will be fixed:  []
The number of ligand atoms parsed is equal to: 36
Type: C, Coords [-1.453 26.122 10.652], Mask 1
Type: C, Coords [-0.359 26.494  9.627], Mask 1
Type: N, Coords [ 0.864 26.694 10.44 ], Mask 1
Type: C, Coords [ 0.802 25.627 11.467], Mask 1
Type: C, Coords [-0.687 25.55  11.857], Mask 1
Type: C, Coords [-0.951 26.395 13.099], Mask 1
Type: C, Coords [-0.225 25.775 14.296], Mask 1
Type: N, Coords [-0.703 24.402 14.503], Mask 1
Type: C, Coords [-0.363 23.573 13.34 ], Mask 1
Type: C, Coords [-1.095 24.101 12.103], Mask 1
Type: C, Coords [ 1.817 27.634 10.281], Mask 1
Type: O, Coords [ 2.814 27.611 10.976], Mask 1
Type: C, Coords [ 1.649 28.69   9.265], Mask 1
Type: C, Coords [ 0.406 29.306  9.076], Mask 1
Type: C, Coords [ 0.302 30.292  8.111], Mask 1
Type: C, Coords [ 1.416 30.637  7.367], Mask 1
Type: N, Coords [ 2.578 30.043  7.562], Mask 1
Type: C, Coords [ 2.734 29.1    8.475], Mask 1
Type: O, Coords [ 3.946 28.521  8.645], Mask 1
Type: C, Coords [ 4.453 27.788  7.618], Mask 1
Type: C, Coords [ 4.03  28.029  6.318], Mask 1
Type: C, Coords [ 4.547 27.283  5.276], Mask 1
Type: C, Coords [ 5.484 26.297  5.528], Mask 1
Type: C, Coords [ 5.906 26.055  6.823], Mask 1
Type: C, Coords [ 5.397 26.803  7.867], Mask 1
Type: CL, Coords [ 6.131 25.361  4.217], Mask 1
Type: N, Coords [-1.875 28.558 10.584], Mask 1
Type: C, Coords [-2.23  27.348 11.057], Mask 1
Type: O, Coords [-3.176 27.244 11.81 ], Mask 1
Type: C, Coords [-2.631 29.75  10.978], Mask 1
Type: C, Coords [-3.72  30.029  9.941], Mask 1
Type: C, Coords [-3.227 31.058  8.958], Mask 1
Type: O, Coords [-3.634 31.052  7.821], Mask 1
Type: O, Coords [-2.334 31.983  9.346], Mask 1
Type: C, Coords [-2.204 33.621 11.118], Mask 1
Type: C, Coords [-2.13  32.137 10.752], Mask 1
Designing protein from this path: /home/tedeschg/prj/protein-perturbation/data/cdk2/03.complexes_dude/decoys_29_ZINC28048731_best_CNNaffinity.pdb
These residues will be redesigned:  ['A1', 'A2', 'A3', 'A4', 'A5', 'A6', 'A7', 'A8', 'A9', 'A10', 'A11', 'A12', 'A15', 'A16', 'A17', 'A18', 'A19', 'A20', 'A21', 'A22', 'A23', 'A24', 'A25', 'A26', 'A27', 'A28', 'A29', 'A30', 'A31', 'A32', 'A33', 'A34', 'A35', 'A44', 'A45', 'A46', 'A47', 'A48', 'A49', 'A50', 'A51', 'A52', 'A53', 'A54', 'A55', 'A56', 'A57', 'A58', 'A59', 'A60', 'A61', 'A62', 'A63', 'A64', 'A65', 'A66', 'A67', 'A68', 'A69', 'A70', 'A71', 'A72', 'A73', 'A74', 'A75', 'A76', 'A77', 'A78', 'A79', 'A80', 'A81', 'A82', 'A83', 'A84', 'A85', 'A86', 'A87', 'A88', 'A89', 'A90', 'A91', 'A92', 'A93', 'A94', 'A95', 'A96', 'A97', 'A98', 'A99', 'A100', 'A101', 'A102', 'A103', 'A104', 'A105', 'A106', 'A107', 'A108', 'A109', 'A110', 'A111', 'A112', 'A113', 'A114', 'A115', 'A116', 'A117', 'A118', 'A119', 'A120', 'A121', 'A122', 'A123', 'A124', 'A125', 'A126', 'A127', 'A128', 'A129', 'A130', 'A131', 'A132', 'A133', 'A134', 'A135', 'A136', 'A137', 'A138', 'A139', 'A140', 'A141', 'A142', 'A143', 'A144', 'A145', 'A146', 'A147', 'A148', 'A149', 'A150', 'A151', 'A162', 'A163', 'A164', 'A165', 'A166', 'A167', 'A168', 'A169', 'A170', 'A171', 'A172', 'A173', 'A174', 'A175', 'A176', 'A177', 'A178', 'A179', 'A180', 'A181', 'A182', 'A183', 'A184', 'A185', 'A186', 'A187', 'A188', 'A189', 'A190', 'A191', 'A192', 'A193', 'A194', 'A195', 'A196', 'A197', 'A198', 'A199', 'A200', 'A201', 'A202', 'A203', 'A204', 'A205', 'A206', 'A207', 'A208', 'A209', 'A210', 'A211', 'A212', 'A213', 'A214', 'A215', 'A216', 'A217', 'A218', 'A219', 'A220', 'A221', 'A222', 'A223', 'A224', 'A225', 'A226', 'A227', 'A228', 'A229', 'A230', 'A231', 'A232', 'A233', 'A234', 'A235', 'A236', 'A237', 'A238', 'A239', 'A240', 'A241', 'A242', 'A243', 'A244', 'A245', 'A246', 'A247', 'A248', 'A249', 'A250', 'A251', 'A252', 'A253', 'A254', 'A255', 'A256', 'A257', 'A258', 'A259', 'A260', 'A261', 'A262', 'A263', 'A264', 'A265', 'A266', 'A267', 'A268', 'A269', 'A270', 'A271', 'A272', 'A273', 'A274', 'A275', 'A276', 'A277', 'A278', 'A279', 'A280', 'A281', 'A282', 'A283', 'A284', 'A285', 'A286', 'A287', 'A288', 'A289', 'A290', 'A291', 'A292', 'A293', 'A294', 'A295', 'A296', 'A297', 'A298']
These residues will be fixed:  []
The number of ligand atoms parsed is equal to: 25
Type: N, Coords [ 1.707 28.233 10.379], Mask 1
Type: C, Coords [ 1.255 29.212  9.515], Mask 1
Type: C, Coords [-0.118 29.733  9.608], Mask 1
Type: C, Coords [-1.004 29.254 10.575], Mask 1
Type: C, Coords [-2.283 29.762 10.638], Mask 1
Type: C, Coords [-2.692 30.741  9.744], Mask 1
Type: C, Coords [-1.824 31.227  8.788], Mask 1
Type: C, Coords [-0.53  30.728  8.708], Mask 1
Type: O, Coords [ 0.328 31.192  7.774], Mask 1
Type: C, Coords [ 1.584 30.729  7.672], Mask 1
Type: O, Coords [ 2.316 31.185  6.81 ], Mask 1
Type: C, Coords [ 2.079 29.734  8.533], Mask 1
Type: N, Coords [ 3.401 29.272  8.398], Mask 1
Type: C, Coords [ 3.74  28.497  7.348], Mask 1
Type: O, Coords [ 2.934 28.286  6.463], Mask 1
Type: N, Coords [ 4.972 27.956  7.28 ], Mask 1
Type: C, Coords [ 5.362 27.243  6.141], Mask 1
Type: C, Coords [ 4.968 27.675  4.881], Mask 1
Type: C, Coords [ 5.358 26.972  3.758], Mask 1
Type: C, Coords [ 6.132 25.833  3.887], Mask 1
Type: C, Coords [ 6.522 25.396  5.139], Mask 1
Type: C, Coords [ 6.139 26.098  6.267], Mask 1
Type: CL, Coords [ 6.628 25.549  7.84 ], Mask 1
Type: C, Coords [ 2.042 25.815 10.568], Mask 1
Type: C, Coords [ 2.121 27.031  9.644], Mask 1
Designing protein from this path: /home/tedeschg/prj/protein-perturbation/data/cdk2/03.complexes_dude/decoys_30_ZINC39035034_best_CNNaffinity.pdb
These residues will be redesigned:  ['A1', 'A2', 'A3', 'A4', 'A5', 'A6', 'A7', 'A8', 'A9', 'A10', 'A11', 'A12', 'A15', 'A16', 'A17', 'A18', 'A19', 'A20', 'A21', 'A22', 'A23', 'A24', 'A25', 'A26', 'A27', 'A28', 'A29', 'A30', 'A31', 'A32', 'A33', 'A34', 'A35', 'A44', 'A45', 'A46', 'A47', 'A48', 'A49', 'A50', 'A51', 'A52', 'A53', 'A54', 'A55', 'A56', 'A57', 'A58', 'A59', 'A60', 'A61', 'A62', 'A63', 'A64', 'A65', 'A66', 'A67', 'A68', 'A69', 'A70', 'A71', 'A72', 'A73', 'A74', 'A75', 'A76', 'A77', 'A78', 'A79', 'A80', 'A81', 'A82', 'A83', 'A84', 'A85', 'A86', 'A87', 'A88', 'A89', 'A90', 'A91', 'A92', 'A93', 'A94', 'A95', 'A96', 'A97', 'A98', 'A99', 'A100', 'A101', 'A102', 'A103', 'A104', 'A105', 'A106', 'A107', 'A108', 'A109', 'A110', 'A111', 'A112', 'A113', 'A114', 'A115', 'A116', 'A117', 'A118', 'A119', 'A120', 'A121', 'A122', 'A123', 'A124', 'A125', 'A126', 'A127', 'A128', 'A129', 'A130', 'A131', 'A132', 'A133', 'A134', 'A135', 'A136', 'A137', 'A138', 'A139', 'A140', 'A141', 'A142', 'A143', 'A144', 'A145', 'A146', 'A147', 'A148', 'A149', 'A150', 'A151', 'A162', 'A163', 'A164', 'A165', 'A166', 'A167', 'A168', 'A169', 'A170', 'A171', 'A172', 'A173', 'A174', 'A175', 'A176', 'A177', 'A178', 'A179', 'A180', 'A181', 'A182', 'A183', 'A184', 'A185', 'A186', 'A187', 'A188', 'A189', 'A190', 'A191', 'A192', 'A193', 'A194', 'A195', 'A196', 'A197', 'A198', 'A199', 'A200', 'A201', 'A202', 'A203', 'A204', 'A205', 'A206', 'A207', 'A208', 'A209', 'A210', 'A211', 'A212', 'A213', 'A214', 'A215', 'A216', 'A217', 'A218', 'A219', 'A220', 'A221', 'A222', 'A223', 'A224', 'A225', 'A226', 'A227', 'A228', 'A229', 'A230', 'A231', 'A232', 'A233', 'A234', 'A235', 'A236', 'A237', 'A238', 'A239', 'A240', 'A241', 'A242', 'A243', 'A244', 'A245', 'A246', 'A247', 'A248', 'A249', 'A250', 'A251', 'A252', 'A253', 'A254', 'A255', 'A256', 'A257', 'A258', 'A259', 'A260', 'A261', 'A262', 'A263', 'A264', 'A265', 'A266', 'A267', 'A268', 'A269', 'A270', 'A271', 'A272', 'A273', 'A274', 'A275', 'A276', 'A277', 'A278', 'A279', 'A280', 'A281', 'A282', 'A283', 'A284', 'A285', 'A286', 'A287', 'A288', 'A289', 'A290', 'A291', 'A292', 'A293', 'A294', 'A295', 'A296', 'A297', 'A298']
These residues will be fixed:  []
The number of ligand atoms parsed is equal to: 27
Type: C, Coords [-8.269 18.861  6.753], Mask 1
Type: C, Coords [-9.065 19.52   7.66 ], Mask 1
Type: C, Coords [-10.178  20.266   7.258], Mask 1
Type: C, Coords [-10.442  20.314   5.903], Mask 1
Type: C, Coords [-9.622 19.638  4.965], Mask 1
Type: C, Coords [-8.524 18.901  5.379], Mask 1
Type: C, Coords [-10.179  19.901   3.634], Mask 1
Type: C, Coords [-11.285  20.698   3.758], Mask 1
Type: C, Coords [-11.507  20.986   5.128], Mask 1
Type: O, Coords [-12.409  21.663   5.583], Mask 1
Type: C, Coords [-12.112  21.177   2.588], Mask 1
Type: C, Coords [-11.812  20.277   1.38 ], Mask 1
Type: C, Coords [-10.325  20.031   1.312], Mask 1
Type: N, Coords [-9.622 20.355  0.267], Mask 1
Type: C, Coords [-10.165  20.939  -0.807], Mask 1
Type: N, Coords [-11.456  21.229  -0.869], Mask 1
Type: C, Coords [-12.282  20.95    0.122], Mask 1
Type: O, Coords [-1.3456e+01  2.1245e+01  1.1000e-02], Mask 1
Type: N, Coords [-9.364 21.247 -1.873], Mask 1
Type: N, Coords [-9.722 19.454  2.403], Mask 1
Type: C, Coords [-11.751  22.604   2.264], Mask 1
Type: C, Coords [-10.426  22.998   2.263], Mask 1
Type: C, Coords [-10.095  24.307   1.966], Mask 1
Type: C, Coords [-11.089  25.222   1.669], Mask 1
Type: C, Coords [-12.415  24.826   1.67 ], Mask 1
Type: C, Coords [-12.745  23.516   1.962], Mask 1
Type: CL, Coords [-10.673  26.866   1.297], Mask 1
Designing protein from this path: /home/tedeschg/prj/protein-perturbation/data/cdk2/03.complexes_dude/decoys_31_ZINC09329280_best_CNNaffinity.pdb
These residues will be redesigned:  ['A1', 'A2', 'A3', 'A4', 'A5', 'A6', 'A7', 'A8', 'A9', 'A10', 'A11', 'A12', 'A15', 'A16', 'A17', 'A18', 'A19', 'A20', 'A21', 'A22', 'A23', 'A24', 'A25', 'A26', 'A27', 'A28', 'A29', 'A30', 'A31', 'A32', 'A33', 'A34', 'A35', 'A44', 'A45', 'A46', 'A47', 'A48', 'A49', 'A50', 'A51', 'A52', 'A53', 'A54', 'A55', 'A56', 'A57', 'A58', 'A59', 'A60', 'A61', 'A62', 'A63', 'A64', 'A65', 'A66', 'A67', 'A68', 'A69', 'A70', 'A71', 'A72', 'A73', 'A74', 'A75', 'A76', 'A77', 'A78', 'A79', 'A80', 'A81', 'A82', 'A83', 'A84', 'A85', 'A86', 'A87', 'A88', 'A89', 'A90', 'A91', 'A92', 'A93', 'A94', 'A95', 'A96', 'A97', 'A98', 'A99', 'A100', 'A101', 'A102', 'A103', 'A104', 'A105', 'A106', 'A107', 'A108', 'A109', 'A110', 'A111', 'A112', 'A113', 'A114', 'A115', 'A116', 'A117', 'A118', 'A119', 'A120', 'A121', 'A122', 'A123', 'A124', 'A125', 'A126', 'A127', 'A128', 'A129', 'A130', 'A131', 'A132', 'A133', 'A134', 'A135', 'A136', 'A137', 'A138', 'A139', 'A140', 'A141', 'A142', 'A143', 'A144', 'A145', 'A146', 'A147', 'A148', 'A149', 'A150', 'A151', 'A162', 'A163', 'A164', 'A165', 'A166', 'A167', 'A168', 'A169', 'A170', 'A171', 'A172', 'A173', 'A174', 'A175', 'A176', 'A177', 'A178', 'A179', 'A180', 'A181', 'A182', 'A183', 'A184', 'A185', 'A186', 'A187', 'A188', 'A189', 'A190', 'A191', 'A192', 'A193', 'A194', 'A195', 'A196', 'A197', 'A198', 'A199', 'A200', 'A201', 'A202', 'A203', 'A204', 'A205', 'A206', 'A207', 'A208', 'A209', 'A210', 'A211', 'A212', 'A213', 'A214', 'A215', 'A216', 'A217', 'A218', 'A219', 'A220', 'A221', 'A222', 'A223', 'A224', 'A225', 'A226', 'A227', 'A228', 'A229', 'A230', 'A231', 'A232', 'A233', 'A234', 'A235', 'A236', 'A237', 'A238', 'A239', 'A240', 'A241', 'A242', 'A243', 'A244', 'A245', 'A246', 'A247', 'A248', 'A249', 'A250', 'A251', 'A252', 'A253', 'A254', 'A255', 'A256', 'A257', 'A258', 'A259', 'A260', 'A261', 'A262', 'A263', 'A264', 'A265', 'A266', 'A267', 'A268', 'A269', 'A270', 'A271', 'A272', 'A273', 'A274', 'A275', 'A276', 'A277', 'A278', 'A279', 'A280', 'A281', 'A282', 'A283', 'A284', 'A285', 'A286', 'A287', 'A288', 'A289', 'A290', 'A291', 'A292', 'A293', 'A294', 'A295', 'A296', 'A297', 'A298']
These residues will be fixed:  []
The number of ligand atoms parsed is equal to: 31
Type: C, Coords [-17.048  22.026   3.486], Mask 1
Type: C, Coords [-16.808  23.091   4.359], Mask 1
Type: C, Coords [-17.729  23.026   5.367], Mask 1
Type: N, Coords [-18.517  21.956   5.134], Mask 1
Type: N, Coords [-18.08   21.345   3.949], Mask 1
Type: O, Coords [-17.765  23.926   6.381], Mask 1
Type: C, Coords [-17.042  25.056   6.25 ], Mask 1
Type: C, Coords [-16.093  25.234   5.301], Mask 1
Type: C, Coords [-15.76   24.166   4.296], Mask 1
Type: C, Coords [-14.394  23.606   4.529], Mask 1
Type: C, Coords [-13.845  22.951   5.61 ], Mask 1
Type: C, Coords [-12.517  22.553   5.499], Mask 1
Type: C, Coords [-11.784  22.805   4.357], Mask 1
Type: C, Coords [-12.329  23.464   3.266], Mask 1
Type: C, Coords [-13.661  23.869   3.364], Mask 1
Type: N, Coords [-14.446  24.538   2.442], Mask 1
Type: C, Coords [-15.695  24.756   2.905], Mask 1
Type: O, Coords [-16.595  25.318   2.317], Mask 1
Type: N, Coords [-17.28   26.083   7.129], Mask 1
Type: C, Coords [-14.071  20.832  -1.298], Mask 1
Type: C, Coords [-14.85   21.144  -0.046], Mask 1
Type: C, Coords [-16.015  21.886  -0.126], Mask 1
Type: C, Coords [-16.733  22.174   1.017], Mask 1
Type: C, Coords [-16.281  21.718   2.253], Mask 1
Type: C, Coords [-15.107  20.972   2.329], Mask 1
Type: C, Coords [-14.4    20.684   1.178], Mask 1
Type: N, Coords [-11.876  21.845   6.63 ], Mask 1
Type: O, Coords [-12.026  20.652   6.759], Mask 1
Type: O, Coords [-11.202  22.459   7.423], Mask 1
Type: C, Coords [-15.385  26.478   5.252], Mask 1
Type: N, Coords [-14.823  27.464   5.213], Mask 1
Designing protein from this path: /home/tedeschg/prj/protein-perturbation/data/cdk2/03.complexes_dude/decoys_33_ZINC15224945_best_CNNaffinity.pdb
These residues will be redesigned:  ['A1', 'A2', 'A3', 'A4', 'A5', 'A6', 'A7', 'A8', 'A9', 'A10', 'A11', 'A12', 'A15', 'A16', 'A17', 'A18', 'A19', 'A20', 'A21', 'A22', 'A23', 'A24', 'A25', 'A26', 'A27', 'A28', 'A29', 'A30', 'A31', 'A32', 'A33', 'A34', 'A35', 'A44', 'A45', 'A46', 'A47', 'A48', 'A49', 'A50', 'A51', 'A52', 'A53', 'A54', 'A55', 'A56', 'A57', 'A58', 'A59', 'A60', 'A61', 'A62', 'A63', 'A64', 'A65', 'A66', 'A67', 'A68', 'A69', 'A70', 'A71', 'A72', 'A73', 'A74', 'A75', 'A76', 'A77', 'A78', 'A79', 'A80', 'A81', 'A82', 'A83', 'A84', 'A85', 'A86', 'A87', 'A88', 'A89', 'A90', 'A91', 'A92', 'A93', 'A94', 'A95', 'A96', 'A97', 'A98', 'A99', 'A100', 'A101', 'A102', 'A103', 'A104', 'A105', 'A106', 'A107', 'A108', 'A109', 'A110', 'A111', 'A112', 'A113', 'A114', 'A115', 'A116', 'A117', 'A118', 'A119', 'A120', 'A121', 'A122', 'A123', 'A124', 'A125', 'A126', 'A127', 'A128', 'A129', 'A130', 'A131', 'A132', 'A133', 'A134', 'A135', 'A136', 'A137', 'A138', 'A139', 'A140', 'A141', 'A142', 'A143', 'A144', 'A145', 'A146', 'A147', 'A148', 'A149', 'A150', 'A151', 'A162', 'A163', 'A164', 'A165', 'A166', 'A167', 'A168', 'A169', 'A170', 'A171', 'A172', 'A173', 'A174', 'A175', 'A176', 'A177', 'A178', 'A179', 'A180', 'A181', 'A182', 'A183', 'A184', 'A185', 'A186', 'A187', 'A188', 'A189', 'A190', 'A191', 'A192', 'A193', 'A194', 'A195', 'A196', 'A197', 'A198', 'A199', 'A200', 'A201', 'A202', 'A203', 'A204', 'A205', 'A206', 'A207', 'A208', 'A209', 'A210', 'A211', 'A212', 'A213', 'A214', 'A215', 'A216', 'A217', 'A218', 'A219', 'A220', 'A221', 'A222', 'A223', 'A224', 'A225', 'A226', 'A227', 'A228', 'A229', 'A230', 'A231', 'A232', 'A233', 'A234', 'A235', 'A236', 'A237', 'A238', 'A239', 'A240', 'A241', 'A242', 'A243', 'A244', 'A245', 'A246', 'A247', 'A248', 'A249', 'A250', 'A251', 'A252', 'A253', 'A254', 'A255', 'A256', 'A257', 'A258', 'A259', 'A260', 'A261', 'A262', 'A263', 'A264', 'A265', 'A266', 'A267', 'A268', 'A269', 'A270', 'A271', 'A272', 'A273', 'A274', 'A275', 'A276', 'A277', 'A278', 'A279', 'A280', 'A281', 'A282', 'A283', 'A284', 'A285', 'A286', 'A287', 'A288', 'A289', 'A290', 'A291', 'A292', 'A293', 'A294', 'A295', 'A296', 'A297', 'A298']
These residues will be fixed:  []
The number of ligand atoms parsed is equal to: 33
Type: C, Coords [-1.714 26.489 13.67 ], Mask 1
Type: C, Coords [-1.859 25.503 12.691], Mask 1
Type: C, Coords [-1.571 25.796 11.375], Mask 1
Type: C, Coords [-1.139 27.063 11.023], Mask 1
Type: C, Coords [-0.993 28.044 11.988], Mask 1
Type: C, Coords [-1.283 27.766 13.308], Mask 1
Type: S, Coords [-0.443 29.653 11.529], Mask 1
Type: O, Coords [-1.555 30.523 11.686], Mask 1
Type: O, Coords [ 0.792 29.867 12.2  ], Mask 1
Type: N, Coords [-0.1   29.61   9.909], Mask 1
Type: C, Coords [ 1.148 29.16   9.471], Mask 1
Type: C, Coords [ 1.812 29.832  8.452], Mask 1
Type: C, Coords [ 3.048 29.389  8.025], Mask 1
Type: C, Coords [ 3.62  28.269  8.603], Mask 1
Type: C, Coords [ 2.959 27.594  9.614], Mask 1
Type: C, Coords [ 1.725 28.037 10.049], Mask 1
Type: CL, Coords [ 5.171 27.71   8.058], Mask 1
Type: C, Coords [-1.105 30.044  8.936], Mask 1
Type: C, Coords [-1.475 31.481  9.202], Mask 1
Type: C, Coords [-0.712 32.447  8.754], Mask 1
Type: C, Coords [-2.022 26.182 15.082], Mask 1
Type: O, Coords [-2.023 27.071 15.91 ], Mask 1
Type: O, Coords [-2.301 24.917 15.452], Mask 1
Type: C, Coords [-3.54  24.345 14.958], Mask 1
Type: C, Coords [-3.495 22.823 15.11 ], Mask 1
Type: N, Coords [-5.326 27.359 18.25 ], Mask 1
Type: C, Coords [-5.53  26.372 17.354], Mask 1
Type: O, Coords [-6.648 25.927 17.185], Mask 1
Type: N, Coords [-4.495 25.881 16.646], Mask 1
Type: C, Coords [-4.699 24.894 15.75 ], Mask 1
Type: O, Coords [-5.814 24.45  15.582], Mask 1
Type: C, Coords [-6.841 29.267 18.468], Mask 1
Type: C, Coords [-6.452 27.893 19.02 ], Mask 1
Designing protein from this path: /home/tedeschg/prj/protein-perturbation/data/cdk2/03.complexes_dude/decoys_34_ZINC09646592_best_CNNaffinity.pdb
These residues will be redesigned:  ['A1', 'A2', 'A3', 'A4', 'A5', 'A6', 'A7', 'A8', 'A9', 'A10', 'A11', 'A12', 'A15', 'A16', 'A17', 'A18', 'A19', 'A20', 'A21', 'A22', 'A23', 'A24', 'A25', 'A26', 'A27', 'A28', 'A29', 'A30', 'A31', 'A32', 'A33', 'A34', 'A35', 'A44', 'A45', 'A46', 'A47', 'A48', 'A49', 'A50', 'A51', 'A52', 'A53', 'A54', 'A55', 'A56', 'A57', 'A58', 'A59', 'A60', 'A61', 'A62', 'A63', 'A64', 'A65', 'A66', 'A67', 'A68', 'A69', 'A70', 'A71', 'A72', 'A73', 'A74', 'A75', 'A76', 'A77', 'A78', 'A79', 'A80', 'A81', 'A82', 'A83', 'A84', 'A85', 'A86', 'A87', 'A88', 'A89', 'A90', 'A91', 'A92', 'A93', 'A94', 'A95', 'A96', 'A97', 'A98', 'A99', 'A100', 'A101', 'A102', 'A103', 'A104', 'A105', 'A106', 'A107', 'A108', 'A109', 'A110', 'A111', 'A112', 'A113', 'A114', 'A115', 'A116', 'A117', 'A118', 'A119', 'A120', 'A121', 'A122', 'A123', 'A124', 'A125', 'A126', 'A127', 'A128', 'A129', 'A130', 'A131', 'A132', 'A133', 'A134', 'A135', 'A136', 'A137', 'A138', 'A139', 'A140', 'A141', 'A142', 'A143', 'A144', 'A145', 'A146', 'A147', 'A148', 'A149', 'A150', 'A151', 'A162', 'A163', 'A164', 'A165', 'A166', 'A167', 'A168', 'A169', 'A170', 'A171', 'A172', 'A173', 'A174', 'A175', 'A176', 'A177', 'A178', 'A179', 'A180', 'A181', 'A182', 'A183', 'A184', 'A185', 'A186', 'A187', 'A188', 'A189', 'A190', 'A191', 'A192', 'A193', 'A194', 'A195', 'A196', 'A197', 'A198', 'A199', 'A200', 'A201', 'A202', 'A203', 'A204', 'A205', 'A206', 'A207', 'A208', 'A209', 'A210', 'A211', 'A212', 'A213', 'A214', 'A215', 'A216', 'A217', 'A218', 'A219', 'A220', 'A221', 'A222', 'A223', 'A224', 'A225', 'A226', 'A227', 'A228', 'A229', 'A230', 'A231', 'A232', 'A233', 'A234', 'A235', 'A236', 'A237', 'A238', 'A239', 'A240', 'A241', 'A242', 'A243', 'A244', 'A245', 'A246', 'A247', 'A248', 'A249', 'A250', 'A251', 'A252', 'A253', 'A254', 'A255', 'A256', 'A257', 'A258', 'A259', 'A260', 'A261', 'A262', 'A263', 'A264', 'A265', 'A266', 'A267', 'A268', 'A269', 'A270', 'A271', 'A272', 'A273', 'A274', 'A275', 'A276', 'A277', 'A278', 'A279', 'A280', 'A281', 'A282', 'A283', 'A284', 'A285', 'A286', 'A287', 'A288', 'A289', 'A290', 'A291', 'A292', 'A293', 'A294', 'A295', 'A296', 'A297', 'A298']
These residues will be fixed:  []
The number of ligand atoms parsed is equal to: 27
Type: C, Coords [-0.886 32.987  8.893], Mask 1
Type: C, Coords [-1.766 32.781  9.952], Mask 1
Type: C, Coords [-1.776 31.603 10.638], Mask 1
Type: C, Coords [-0.887 30.582 10.273], Mask 1
Type: C, Coords [7.0000e-03 3.0794e+01 9.1950e+00], Mask 1
Type: C, Coords [-9.0000e-03  3.2014e+01  8.5120e+00], Mask 1
Type: C, Coords [ 0.893 29.746  8.84 ], Mask 1
Type: N, Coords [ 0.848 28.621  9.54 ], Mask 1
Type: C, Coords [-9.0000e-03  2.8464e+01  1.0546e+01], Mask 1
Type: N, Coords [-0.858 29.406 10.915], Mask 1
Type: C, Coords [-1.1000e-02  2.7178e+01  1.1284e+01], Mask 1
Type: C, Coords [-0.442 27.133 12.609], Mask 1
Type: C, Coords [-0.446 25.932 13.29 ], Mask 1
Type: C, Coords [-1.4000e-02  2.4776e+01  1.2662e+01], Mask 1
Type: C, Coords [ 0.419 24.817 11.348], Mask 1
Type: C, Coords [ 0.423 26.011 10.657], Mask 1
Type: BR, Coords [-1.6000e-02  2.3136e+01  1.3603e+01], Mask 1
Type: S, Coords [ 2.033 29.937  7.51 ], Mask 1
Type: C, Coords [ 3.58  29.546  8.363], Mask 1
Type: C, Coords [ 4.293 28.44   7.629], Mask 1
Type: N, Coords [ 5.149 27.665  8.273], Mask 1
Type: C, Coords [ 5.777 26.685  7.629], Mask 1
Type: N, Coords [ 5.551 26.491  6.334], Mask 1
Type: C, Coords [ 4.694 27.275  5.689], Mask 1
Type: N, Coords [ 4.066 28.25   6.341], Mask 1
Type: N, Coords [ 4.456 27.078  4.344], Mask 1
Type: N, Coords [ 6.666 25.873  8.304], Mask 1
Designing protein from this path: /home/tedeschg/prj/protein-perturbation/data/cdk2/03.complexes_dude/decoys_35_ZINC16033235_best_CNNaffinity.pdb
These residues will be redesigned:  ['A1', 'A2', 'A3', 'A4', 'A5', 'A6', 'A7', 'A8', 'A9', 'A10', 'A11', 'A12', 'A15', 'A16', 'A17', 'A18', 'A19', 'A20', 'A21', 'A22', 'A23', 'A24', 'A25', 'A26', 'A27', 'A28', 'A29', 'A30', 'A31', 'A32', 'A33', 'A34', 'A35', 'A44', 'A45', 'A46', 'A47', 'A48', 'A49', 'A50', 'A51', 'A52', 'A53', 'A54', 'A55', 'A56', 'A57', 'A58', 'A59', 'A60', 'A61', 'A62', 'A63', 'A64', 'A65', 'A66', 'A67', 'A68', 'A69', 'A70', 'A71', 'A72', 'A73', 'A74', 'A75', 'A76', 'A77', 'A78', 'A79', 'A80', 'A81', 'A82', 'A83', 'A84', 'A85', 'A86', 'A87', 'A88', 'A89', 'A90', 'A91', 'A92', 'A93', 'A94', 'A95', 'A96', 'A97', 'A98', 'A99', 'A100', 'A101', 'A102', 'A103', 'A104', 'A105', 'A106', 'A107', 'A108', 'A109', 'A110', 'A111', 'A112', 'A113', 'A114', 'A115', 'A116', 'A117', 'A118', 'A119', 'A120', 'A121', 'A122', 'A123', 'A124', 'A125', 'A126', 'A127', 'A128', 'A129', 'A130', 'A131', 'A132', 'A133', 'A134', 'A135', 'A136', 'A137', 'A138', 'A139', 'A140', 'A141', 'A142', 'A143', 'A144', 'A145', 'A146', 'A147', 'A148', 'A149', 'A150', 'A151', 'A162', 'A163', 'A164', 'A165', 'A166', 'A167', 'A168', 'A169', 'A170', 'A171', 'A172', 'A173', 'A174', 'A175', 'A176', 'A177', 'A178', 'A179', 'A180', 'A181', 'A182', 'A183', 'A184', 'A185', 'A186', 'A187', 'A188', 'A189', 'A190', 'A191', 'A192', 'A193', 'A194', 'A195', 'A196', 'A197', 'A198', 'A199', 'A200', 'A201', 'A202', 'A203', 'A204', 'A205', 'A206', 'A207', 'A208', 'A209', 'A210', 'A211', 'A212', 'A213', 'A214', 'A215', 'A216', 'A217', 'A218', 'A219', 'A220', 'A221', 'A222', 'A223', 'A224', 'A225', 'A226', 'A227', 'A228', 'A229', 'A230', 'A231', 'A232', 'A233', 'A234', 'A235', 'A236', 'A237', 'A238', 'A239', 'A240', 'A241', 'A242', 'A243', 'A244', 'A245', 'A246', 'A247', 'A248', 'A249', 'A250', 'A251', 'A252', 'A253', 'A254', 'A255', 'A256', 'A257', 'A258', 'A259', 'A260', 'A261', 'A262', 'A263', 'A264', 'A265', 'A266', 'A267', 'A268', 'A269', 'A270', 'A271', 'A272', 'A273', 'A274', 'A275', 'A276', 'A277', 'A278', 'A279', 'A280', 'A281', 'A282', 'A283', 'A284', 'A285', 'A286', 'A287', 'A288', 'A289', 'A290', 'A291', 'A292', 'A293', 'A294', 'A295', 'A296', 'A297', 'A298']
These residues will be fixed:  []
The number of ligand atoms parsed is equal to: 30
Type: C, Coords [ 4.354 24.779  8.146], Mask 1
Type: C, Coords [ 3.585 25.922  8.758], Mask 1
Type: C, Coords [ 4.003 27.221  8.551], Mask 1
Type: C, Coords [ 3.304 28.277  9.109], Mask 1
Type: C, Coords [ 2.181 28.028  9.88 ], Mask 1
Type: C, Coords [ 1.762 26.734 10.088], Mask 1
Type: C, Coords [ 2.453 25.665  9.526], Mask 1
Type: N, Coords [ 1.836 24.459  9.868], Mask 1
Type: C, Coords [ 0.748 24.645 10.638], Mask 1
Type: O, Coords [2.0000e-02 2.3782e+01 1.1081e+01], Mask 1
Type: C, Coords [ 0.615 26.131 10.854], Mask 1
Type: C, Coords [-0.731 26.628 10.304], Mask 1
Type: C, Coords [-1.604 26.746 11.583], Mask 1
Type: C, Coords [-0.561 27.204 12.634], Mask 1
Type: N, Coords [ 0.68  26.481 12.277], Mask 1
Type: C, Coords [-1.02  26.818 14.042], Mask 1
Type: CL, Coords [ 3.836 29.908  8.845], Mask 1
Type: C, Coords [-0.572 27.97   9.637], Mask 1
Type: O, Coords [-0.568 28.049  8.426], Mask 1
Type: N, Coords [-0.433 29.083 10.385], Mask 1
Type: C, Coords [-0.376 30.339  9.768], Mask 1
Type: C, Coords [-1.043 31.419 10.328], Mask 1
Type: C, Coords [-0.985 32.661  9.715], Mask 1
Type: C, Coords [-0.26  32.825  8.543], Mask 1
Type: C, Coords [ 0.405 31.75   7.983], Mask 1
Type: C, Coords [ 0.355 30.508  8.595], Mask 1
Type: O, Coords [ 1.015 29.452  8.046], Mask 1
Type: C, Coords [ 1.641 29.666  6.78 ], Mask 1
Type: O, Coords [-1.638 33.721 10.263], Mask 1
Type: C, Coords [-2.445 33.461 11.413], Mask 1
Designing protein from this path: /home/tedeschg/prj/protein-perturbation/data/cdk2/03.complexes_dude/decoys_37_ZINC67189709_best_CNNaffinity.pdb
These residues will be redesigned:  ['A1', 'A2', 'A3', 'A4', 'A5', 'A6', 'A7', 'A8', 'A9', 'A10', 'A11', 'A12', 'A15', 'A16', 'A17', 'A18', 'A19', 'A20', 'A21', 'A22', 'A23', 'A24', 'A25', 'A26', 'A27', 'A28', 'A29', 'A30', 'A31', 'A32', 'A33', 'A34', 'A35', 'A44', 'A45', 'A46', 'A47', 'A48', 'A49', 'A50', 'A51', 'A52', 'A53', 'A54', 'A55', 'A56', 'A57', 'A58', 'A59', 'A60', 'A61', 'A62', 'A63', 'A64', 'A65', 'A66', 'A67', 'A68', 'A69', 'A70', 'A71', 'A72', 'A73', 'A74', 'A75', 'A76', 'A77', 'A78', 'A79', 'A80', 'A81', 'A82', 'A83', 'A84', 'A85', 'A86', 'A87', 'A88', 'A89', 'A90', 'A91', 'A92', 'A93', 'A94', 'A95', 'A96', 'A97', 'A98', 'A99', 'A100', 'A101', 'A102', 'A103', 'A104', 'A105', 'A106', 'A107', 'A108', 'A109', 'A110', 'A111', 'A112', 'A113', 'A114', 'A115', 'A116', 'A117', 'A118', 'A119', 'A120', 'A121', 'A122', 'A123', 'A124', 'A125', 'A126', 'A127', 'A128', 'A129', 'A130', 'A131', 'A132', 'A133', 'A134', 'A135', 'A136', 'A137', 'A138', 'A139', 'A140', 'A141', 'A142', 'A143', 'A144', 'A145', 'A146', 'A147', 'A148', 'A149', 'A150', 'A151', 'A162', 'A163', 'A164', 'A165', 'A166', 'A167', 'A168', 'A169', 'A170', 'A171', 'A172', 'A173', 'A174', 'A175', 'A176', 'A177', 'A178', 'A179', 'A180', 'A181', 'A182', 'A183', 'A184', 'A185', 'A186', 'A187', 'A188', 'A189', 'A190', 'A191', 'A192', 'A193', 'A194', 'A195', 'A196', 'A197', 'A198', 'A199', 'A200', 'A201', 'A202', 'A203', 'A204', 'A205', 'A206', 'A207', 'A208', 'A209', 'A210', 'A211', 'A212', 'A213', 'A214', 'A215', 'A216', 'A217', 'A218', 'A219', 'A220', 'A221', 'A222', 'A223', 'A224', 'A225', 'A226', 'A227', 'A228', 'A229', 'A230', 'A231', 'A232', 'A233', 'A234', 'A235', 'A236', 'A237', 'A238', 'A239', 'A240', 'A241', 'A242', 'A243', 'A244', 'A245', 'A246', 'A247', 'A248', 'A249', 'A250', 'A251', 'A252', 'A253', 'A254', 'A255', 'A256', 'A257', 'A258', 'A259', 'A260', 'A261', 'A262', 'A263', 'A264', 'A265', 'A266', 'A267', 'A268', 'A269', 'A270', 'A271', 'A272', 'A273', 'A274', 'A275', 'A276', 'A277', 'A278', 'A279', 'A280', 'A281', 'A282', 'A283', 'A284', 'A285', 'A286', 'A287', 'A288', 'A289', 'A290', 'A291', 'A292', 'A293', 'A294', 'A295', 'A296', 'A297', 'A298']
These residues will be fixed:  []
The number of ligand atoms parsed is equal to: 22
Type: C, Coords [ 0.82  27.209 10.835], Mask 1
Type: C, Coords [-0.088 27.992 11.515], Mask 1
Type: C, Coords [ 3.933 27.933  8.88 ], Mask 1
Type: C, Coords [ 3.064 27.35   9.78 ], Mask 1
Type: C, Coords [ 1.748 27.822  9.883], Mask 1
Type: C, Coords [ 1.323 28.883  9.071], Mask 1
Type: C, Coords [ 2.198 29.457  8.176], Mask 1
Type: C, Coords [ 3.505 28.991  8.079], Mask 1
Type: O, Coords [ 4.364 29.565  7.199], Mask 1
Type: CL, Coords [ 1.671 30.77   7.17 ], Mask 1
Type: C, Coords [ 5.466 26.478  7.789], Mask 1
Type: O, Coords [ 5.211 27.477  8.778], Mask 1
Type: C, Coords [-2.6000e-02  2.9457e+01  1.1400e+01], Mask 1
Type: O, Coords [ 0.791 30.085 12.047], Mask 1
Type: N, Coords [-0.875 30.105 10.577], Mask 1
Type: C, Coords [-1.805 29.356  9.72 ], Mask 1
Type: C, Coords [-3.226 29.87   9.967], Mask 1
Type: C, Coords [-3.26  31.385  9.758], Mask 1
Type: C, Coords [-2.321 32.062 10.759], Mask 1
Type: C, Coords [-0.894 31.573 10.525], Mask 1
Type: C, Coords [-1.091 27.379 12.334], Mask 1
Type: N, Coords [-1.886 26.893 12.983], Mask 1
Designing protein from this path: /home/tedeschg/prj/protein-perturbation/data/cdk2/03.complexes_dude/decoys_38_ZINC67000535_best_CNNaffinity.pdb
These residues will be redesigned:  ['A1', 'A2', 'A3', 'A4', 'A5', 'A6', 'A7', 'A8', 'A9', 'A10', 'A11', 'A12', 'A15', 'A16', 'A17', 'A18', 'A19', 'A20', 'A21', 'A22', 'A23', 'A24', 'A25', 'A26', 'A27', 'A28', 'A29', 'A30', 'A31', 'A32', 'A33', 'A34', 'A35', 'A44', 'A45', 'A46', 'A47', 'A48', 'A49', 'A50', 'A51', 'A52', 'A53', 'A54', 'A55', 'A56', 'A57', 'A58', 'A59', 'A60', 'A61', 'A62', 'A63', 'A64', 'A65', 'A66', 'A67', 'A68', 'A69', 'A70', 'A71', 'A72', 'A73', 'A74', 'A75', 'A76', 'A77', 'A78', 'A79', 'A80', 'A81', 'A82', 'A83', 'A84', 'A85', 'A86', 'A87', 'A88', 'A89', 'A90', 'A91', 'A92', 'A93', 'A94', 'A95', 'A96', 'A97', 'A98', 'A99', 'A100', 'A101', 'A102', 'A103', 'A104', 'A105', 'A106', 'A107', 'A108', 'A109', 'A110', 'A111', 'A112', 'A113', 'A114', 'A115', 'A116', 'A117', 'A118', 'A119', 'A120', 'A121', 'A122', 'A123', 'A124', 'A125', 'A126', 'A127', 'A128', 'A129', 'A130', 'A131', 'A132', 'A133', 'A134', 'A135', 'A136', 'A137', 'A138', 'A139', 'A140', 'A141', 'A142', 'A143', 'A144', 'A145', 'A146', 'A147', 'A148', 'A149', 'A150', 'A151', 'A162', 'A163', 'A164', 'A165', 'A166', 'A167', 'A168', 'A169', 'A170', 'A171', 'A172', 'A173', 'A174', 'A175', 'A176', 'A177', 'A178', 'A179', 'A180', 'A181', 'A182', 'A183', 'A184', 'A185', 'A186', 'A187', 'A188', 'A189', 'A190', 'A191', 'A192', 'A193', 'A194', 'A195', 'A196', 'A197', 'A198', 'A199', 'A200', 'A201', 'A202', 'A203', 'A204', 'A205', 'A206', 'A207', 'A208', 'A209', 'A210', 'A211', 'A212', 'A213', 'A214', 'A215', 'A216', 'A217', 'A218', 'A219', 'A220', 'A221', 'A222', 'A223', 'A224', 'A225', 'A226', 'A227', 'A228', 'A229', 'A230', 'A231', 'A232', 'A233', 'A234', 'A235', 'A236', 'A237', 'A238', 'A239', 'A240', 'A241', 'A242', 'A243', 'A244', 'A245', 'A246', 'A247', 'A248', 'A249', 'A250', 'A251', 'A252', 'A253', 'A254', 'A255', 'A256', 'A257', 'A258', 'A259', 'A260', 'A261', 'A262', 'A263', 'A264', 'A265', 'A266', 'A267', 'A268', 'A269', 'A270', 'A271', 'A272', 'A273', 'A274', 'A275', 'A276', 'A277', 'A278', 'A279', 'A280', 'A281', 'A282', 'A283', 'A284', 'A285', 'A286', 'A287', 'A288', 'A289', 'A290', 'A291', 'A292', 'A293', 'A294', 'A295', 'A296', 'A297', 'A298']
These residues will be fixed:  []
The number of ligand atoms parsed is equal to: 29
Type: C, Coords [ 1.49  30.755  7.946], Mask 1
Type: O, Coords [ 1.769 31.777  7.355], Mask 1
Type: N, Coords [ 0.354 30.682  8.667], Mask 1
Type: N, Coords [ 3.355 29.519  6.919], Mask 1
Type: C, Coords [ 2.406 29.577  7.874], Mask 1
Type: O, Coords [ 2.295 28.672  8.676], Mask 1
Type: C, Coords [ 5.696 26.099  6.516], Mask 1
Type: C, Coords [ 4.886 26.521  5.459], Mask 1
Type: C, Coords [ 4.113 27.652  5.596], Mask 1
Type: C, Coords [ 4.138 28.375  6.785], Mask 1
Type: C, Coords [ 4.945 27.957  7.839], Mask 1
Type: C, Coords [ 5.715 26.824  7.711], Mask 1
Type: N, Coords [ 6.338 23.84   7.202], Mask 1
Type: C, Coords [ 6.526 24.887  6.374], Mask 1
Type: O, Coords [ 7.38  24.832  5.509], Mask 1
Type: C, Coords [ 6.315 21.4    7.367], Mask 1
Type: C, Coords [ 7.162 22.637  7.06 ], Mask 1
Type: C, Coords [-0.544 31.837  8.738], Mask 1
Type: C, Coords [-1.717 31.515  9.666], Mask 1
Type: C, Coords [-2.912 31.062  8.83 ], Mask 1
Type: C, Coords [-3.996 30.539  9.779], Mask 1
Type: C, Coords [-3.512 29.223 10.385], Mask 1
Type: C, Coords [-2.13  29.384 10.964], Mask 1
Type: C, Coords [-1.305 30.435 10.631], Mask 1
Type: C, Coords [-0.039 30.521 11.196], Mask 1
Type: C, Coords [ 0.396 29.565 12.091], Mask 1
Type: C, Coords [-0.434 28.512 12.428], Mask 1
Type: C, Coords [-1.692 28.424 11.866], Mask 1
Type: O, Coords [-2.074 32.689 10.398], Mask 1
Designing protein from this path: /home/tedeschg/prj/protein-perturbation/data/cdk2/03.complexes_dude/decoys_39_ZINC54043596_best_CNNaffinity.pdb
These residues will be redesigned:  ['A1', 'A2', 'A3', 'A4', 'A5', 'A6', 'A7', 'A8', 'A9', 'A10', 'A11', 'A12', 'A15', 'A16', 'A17', 'A18', 'A19', 'A20', 'A21', 'A22', 'A23', 'A24', 'A25', 'A26', 'A27', 'A28', 'A29', 'A30', 'A31', 'A32', 'A33', 'A34', 'A35', 'A44', 'A45', 'A46', 'A47', 'A48', 'A49', 'A50', 'A51', 'A52', 'A53', 'A54', 'A55', 'A56', 'A57', 'A58', 'A59', 'A60', 'A61', 'A62', 'A63', 'A64', 'A65', 'A66', 'A67', 'A68', 'A69', 'A70', 'A71', 'A72', 'A73', 'A74', 'A75', 'A76', 'A77', 'A78', 'A79', 'A80', 'A81', 'A82', 'A83', 'A84', 'A85', 'A86', 'A87', 'A88', 'A89', 'A90', 'A91', 'A92', 'A93', 'A94', 'A95', 'A96', 'A97', 'A98', 'A99', 'A100', 'A101', 'A102', 'A103', 'A104', 'A105', 'A106', 'A107', 'A108', 'A109', 'A110', 'A111', 'A112', 'A113', 'A114', 'A115', 'A116', 'A117', 'A118', 'A119', 'A120', 'A121', 'A122', 'A123', 'A124', 'A125', 'A126', 'A127', 'A128', 'A129', 'A130', 'A131', 'A132', 'A133', 'A134', 'A135', 'A136', 'A137', 'A138', 'A139', 'A140', 'A141', 'A142', 'A143', 'A144', 'A145', 'A146', 'A147', 'A148', 'A149', 'A150', 'A151', 'A162', 'A163', 'A164', 'A165', 'A166', 'A167', 'A168', 'A169', 'A170', 'A171', 'A172', 'A173', 'A174', 'A175', 'A176', 'A177', 'A178', 'A179', 'A180', 'A181', 'A182', 'A183', 'A184', 'A185', 'A186', 'A187', 'A188', 'A189', 'A190', 'A191', 'A192', 'A193', 'A194', 'A195', 'A196', 'A197', 'A198', 'A199', 'A200', 'A201', 'A202', 'A203', 'A204', 'A205', 'A206', 'A207', 'A208', 'A209', 'A210', 'A211', 'A212', 'A213', 'A214', 'A215', 'A216', 'A217', 'A218', 'A219', 'A220', 'A221', 'A222', 'A223', 'A224', 'A225', 'A226', 'A227', 'A228', 'A229', 'A230', 'A231', 'A232', 'A233', 'A234', 'A235', 'A236', 'A237', 'A238', 'A239', 'A240', 'A241', 'A242', 'A243', 'A244', 'A245', 'A246', 'A247', 'A248', 'A249', 'A250', 'A251', 'A252', 'A253', 'A254', 'A255', 'A256', 'A257', 'A258', 'A259', 'A260', 'A261', 'A262', 'A263', 'A264', 'A265', 'A266', 'A267', 'A268', 'A269', 'A270', 'A271', 'A272', 'A273', 'A274', 'A275', 'A276', 'A277', 'A278', 'A279', 'A280', 'A281', 'A282', 'A283', 'A284', 'A285', 'A286', 'A287', 'A288', 'A289', 'A290', 'A291', 'A292', 'A293', 'A294', 'A295', 'A296', 'A297', 'A298']
These residues will be fixed:  []
The number of ligand atoms parsed is equal to: 29
Type: N, Coords [ 2.8   26.21  10.416], Mask 1
Type: C, Coords [ 1.532 26.059 10.849], Mask 1
Type: O, Coords [ 1.177 25.001 11.333], Mask 1
Type: N, Coords [ 0.659 27.08  10.745], Mask 1
Type: C, Coords [ 3.889 27.442  8.695], Mask 1
Type: O, Coords [ 4.147 26.4    8.131], Mask 1
Type: N, Coords [ 3.209 27.428  9.859], Mask 1
Type: C, Coords [ 4.33  28.753  8.096], Mask 1
Type: O, Coords [ 3.428 29.126  7.052], Mask 1
Type: C, Coords [ 1.106 33.364  7.741], Mask 1
Type: C, Coords [ 1.133 31.858  7.768], Mask 1
Type: C, Coords [1.2000e-02 3.1154e+01 8.1670e+00], Mask 1
Type: C, Coords [ 0.033 29.771  8.193], Mask 1
Type: C, Coords [ 1.176 29.09   7.82 ], Mask 1
Type: C, Coords [ 2.302 29.794  7.419], Mask 1
Type: C, Coords [ 2.276 31.181  7.388], Mask 1
Type: C, Coords [-0.719 26.915 11.215], Mask 1
Type: C, Coords [-1.054 28.026 12.212], Mask 1
Type: C, Coords [-1.678 29.187 11.481], Mask 1
Type: C, Coords [-2.763 28.977 10.65 ], Mask 1
Type: C, Coords [-3.336 30.041  9.98 ], Mask 1
Type: C, Coords [-2.824 31.315 10.14 ], Mask 1
Type: C, Coords [-1.74  31.525 10.972], Mask 1
Type: C, Coords [-1.17  30.462 11.646], Mask 1
Type: N, Coords [-1.997 27.515 13.216], Mask 1
Type: C, Coords [-2.533 26.197 12.79 ], Mask 1
Type: C, Coords [-3.014 25.564 14.12 ], Mask 1
Type: C, Coords [-1.938 26.023 15.131], Mask 1
Type: C, Coords [-1.296 27.271 14.496], Mask 1
Designing protein from this path: /home/tedeschg/prj/protein-perturbation/data/cdk2/03.complexes_dude/decoys_40_ZINC65349259_best_CNNaffinity.pdb
These residues will be redesigned:  ['A1', 'A2', 'A3', 'A4', 'A5', 'A6', 'A7', 'A8', 'A9', 'A10', 'A11', 'A12', 'A15', 'A16', 'A17', 'A18', 'A19', 'A20', 'A21', 'A22', 'A23', 'A24', 'A25', 'A26', 'A27', 'A28', 'A29', 'A30', 'A31', 'A32', 'A33', 'A34', 'A35', 'A44', 'A45', 'A46', 'A47', 'A48', 'A49', 'A50', 'A51', 'A52', 'A53', 'A54', 'A55', 'A56', 'A57', 'A58', 'A59', 'A60', 'A61', 'A62', 'A63', 'A64', 'A65', 'A66', 'A67', 'A68', 'A69', 'A70', 'A71', 'A72', 'A73', 'A74', 'A75', 'A76', 'A77', 'A78', 'A79', 'A80', 'A81', 'A82', 'A83', 'A84', 'A85', 'A86', 'A87', 'A88', 'A89', 'A90', 'A91', 'A92', 'A93', 'A94', 'A95', 'A96', 'A97', 'A98', 'A99', 'A100', 'A101', 'A102', 'A103', 'A104', 'A105', 'A106', 'A107', 'A108', 'A109', 'A110', 'A111', 'A112', 'A113', 'A114', 'A115', 'A116', 'A117', 'A118', 'A119', 'A120', 'A121', 'A122', 'A123', 'A124', 'A125', 'A126', 'A127', 'A128', 'A129', 'A130', 'A131', 'A132', 'A133', 'A134', 'A135', 'A136', 'A137', 'A138', 'A139', 'A140', 'A141', 'A142', 'A143', 'A144', 'A145', 'A146', 'A147', 'A148', 'A149', 'A150', 'A151', 'A162', 'A163', 'A164', 'A165', 'A166', 'A167', 'A168', 'A169', 'A170', 'A171', 'A172', 'A173', 'A174', 'A175', 'A176', 'A177', 'A178', 'A179', 'A180', 'A181', 'A182', 'A183', 'A184', 'A185', 'A186', 'A187', 'A188', 'A189', 'A190', 'A191', 'A192', 'A193', 'A194', 'A195', 'A196', 'A197', 'A198', 'A199', 'A200', 'A201', 'A202', 'A203', 'A204', 'A205', 'A206', 'A207', 'A208', 'A209', 'A210', 'A211', 'A212', 'A213', 'A214', 'A215', 'A216', 'A217', 'A218', 'A219', 'A220', 'A221', 'A222', 'A223', 'A224', 'A225', 'A226', 'A227', 'A228', 'A229', 'A230', 'A231', 'A232', 'A233', 'A234', 'A235', 'A236', 'A237', 'A238', 'A239', 'A240', 'A241', 'A242', 'A243', 'A244', 'A245', 'A246', 'A247', 'A248', 'A249', 'A250', 'A251', 'A252', 'A253', 'A254', 'A255', 'A256', 'A257', 'A258', 'A259', 'A260', 'A261', 'A262', 'A263', 'A264', 'A265', 'A266', 'A267', 'A268', 'A269', 'A270', 'A271', 'A272', 'A273', 'A274', 'A275', 'A276', 'A277', 'A278', 'A279', 'A280', 'A281', 'A282', 'A283', 'A284', 'A285', 'A286', 'A287', 'A288', 'A289', 'A290', 'A291', 'A292', 'A293', 'A294', 'A295', 'A296', 'A297', 'A298']
These residues will be fixed:  []
The number of ligand atoms parsed is equal to: 24
Type: C, Coords [-1.924 26.607 12.213], Mask 1
Type: C, Coords [-1.629 27.855 12.75 ], Mask 1
Type: C, Coords [-1.153 28.861 11.938], Mask 1
Type: C, Coords [-0.968 28.627 10.574], Mask 1
Type: C, Coords [-1.265 27.373 10.038], Mask 1
Type: C, Coords [-1.735 26.369 10.856], Mask 1
Type: C, Coords [-0.457 29.706  9.699], Mask 1
Type: C, Coords [ 0.801 29.604  9.109], Mask 1
Type: N, Coords [ 1.26  30.56   8.329], Mask 1
Type: C, Coords [ 0.561 31.654  8.069], Mask 1
Type: C, Coords [-0.704 31.842  8.614], Mask 1
Type: C, Coords [-1.239 30.854  9.444], Mask 1
Type: N, Coords [ 1.099 32.629  7.237], Mask 1
Type: C, Coords [-2.58  31.007 10.04 ], Mask 1
Type: O, Coords [-3.526 30.379  9.586], Mask 1
Type: O, Coords [-2.745 31.761 10.989], Mask 1
Type: C, Coords [-1.607 25.051 13.982], Mask 1
Type: O, Coords [-0.444 25.395 14.061], Mask 1
Type: N, Coords [-2.406 25.588 13.039], Mask 1
Type: O, Coords [-2.098 24.133 14.837], Mask 1
Type: C, Coords [-0.552 22.442 15.606], Mask 1
Type: C, Coords [-1.689 22.779 14.639], Mask 1
Type: C, Coords [-1.205 22.597 13.199], Mask 1
Type: C, Coords [-2.873 21.845 14.9  ], Mask 1
Designing protein from this path: /home/tedeschg/prj/protein-perturbation/data/cdk2/03.complexes_dude/decoys_41_ZINC51093957_best_CNNaffinity.pdb
These residues will be redesigned:  ['A1', 'A2', 'A3', 'A4', 'A5', 'A6', 'A7', 'A8', 'A9', 'A10', 'A11', 'A12', 'A15', 'A16', 'A17', 'A18', 'A19', 'A20', 'A21', 'A22', 'A23', 'A24', 'A25', 'A26', 'A27', 'A28', 'A29', 'A30', 'A31', 'A32', 'A33', 'A34', 'A35', 'A44', 'A45', 'A46', 'A47', 'A48', 'A49', 'A50', 'A51', 'A52', 'A53', 'A54', 'A55', 'A56', 'A57', 'A58', 'A59', 'A60', 'A61', 'A62', 'A63', 'A64', 'A65', 'A66', 'A67', 'A68', 'A69', 'A70', 'A71', 'A72', 'A73', 'A74', 'A75', 'A76', 'A77', 'A78', 'A79', 'A80', 'A81', 'A82', 'A83', 'A84', 'A85', 'A86', 'A87', 'A88', 'A89', 'A90', 'A91', 'A92', 'A93', 'A94', 'A95', 'A96', 'A97', 'A98', 'A99', 'A100', 'A101', 'A102', 'A103', 'A104', 'A105', 'A106', 'A107', 'A108', 'A109', 'A110', 'A111', 'A112', 'A113', 'A114', 'A115', 'A116', 'A117', 'A118', 'A119', 'A120', 'A121', 'A122', 'A123', 'A124', 'A125', 'A126', 'A127', 'A128', 'A129', 'A130', 'A131', 'A132', 'A133', 'A134', 'A135', 'A136', 'A137', 'A138', 'A139', 'A140', 'A141', 'A142', 'A143', 'A144', 'A145', 'A146', 'A147', 'A148', 'A149', 'A150', 'A151', 'A162', 'A163', 'A164', 'A165', 'A166', 'A167', 'A168', 'A169', 'A170', 'A171', 'A172', 'A173', 'A174', 'A175', 'A176', 'A177', 'A178', 'A179', 'A180', 'A181', 'A182', 'A183', 'A184', 'A185', 'A186', 'A187', 'A188', 'A189', 'A190', 'A191', 'A192', 'A193', 'A194', 'A195', 'A196', 'A197', 'A198', 'A199', 'A200', 'A201', 'A202', 'A203', 'A204', 'A205', 'A206', 'A207', 'A208', 'A209', 'A210', 'A211', 'A212', 'A213', 'A214', 'A215', 'A216', 'A217', 'A218', 'A219', 'A220', 'A221', 'A222', 'A223', 'A224', 'A225', 'A226', 'A227', 'A228', 'A229', 'A230', 'A231', 'A232', 'A233', 'A234', 'A235', 'A236', 'A237', 'A238', 'A239', 'A240', 'A241', 'A242', 'A243', 'A244', 'A245', 'A246', 'A247', 'A248', 'A249', 'A250', 'A251', 'A252', 'A253', 'A254', 'A255', 'A256', 'A257', 'A258', 'A259', 'A260', 'A261', 'A262', 'A263', 'A264', 'A265', 'A266', 'A267', 'A268', 'A269', 'A270', 'A271', 'A272', 'A273', 'A274', 'A275', 'A276', 'A277', 'A278', 'A279', 'A280', 'A281', 'A282', 'A283', 'A284', 'A285', 'A286', 'A287', 'A288', 'A289', 'A290', 'A291', 'A292', 'A293', 'A294', 'A295', 'A296', 'A297', 'A298']
These residues will be fixed:  []
The number of ligand atoms parsed is equal to: 19
Type: C, Coords [-0.473 29.199 10.098], Mask 1
Type: C, Coords [ 0.36  29.285  8.982], Mask 1
Type: C, Coords [ 0.485 30.506  8.328], Mask 1
Type: N, Coords [-0.173 31.572  8.754], Mask 1
Type: C, Coords [-0.969 31.527  9.806], Mask 1
Type: C, Coords [-1.152 30.352 10.508], Mask 1
Type: CL, Coords [-1.802 32.964 10.31 ], Mask 1
Type: N, Coords [ 1.311 30.608  7.214], Mask 1
Type: N, Coords [ 1.906 31.799  6.911], Mask 1
Type: N, Coords [ 0.138 27.647 11.895], Mask 1
Type: C, Coords [-0.638 27.92  10.827], Mask 1
Type: O, Coords [-1.473 27.116 10.462], Mask 1
Type: C, Coords [ 0.956 25.332 12.065], Mask 1
Type: C, Coords [ 0.1   24.17  11.521], Mask 1
Type: C, Coords [-1.237 24.289 12.293], Mask 1
Type: C, Coords [-1.444 25.821 12.384], Mask 1
Type: C, Coords [-2.5000e-02  2.6382e+01  1.2615e+01], Mask 1
Type: C, Coords [ 2.319 24.931 10.135], Mask 1
Type: O, Coords [ 1.74  25.898 11.013], Mask 1
Designing protein from this path: /home/tedeschg/prj/protein-perturbation/data/cdk2/03.complexes_dude/decoys_42_ZINC01445045_best_CNNaffinity.pdb
These residues will be redesigned:  ['A1', 'A2', 'A3', 'A4', 'A5', 'A6', 'A7', 'A8', 'A9', 'A10', 'A11', 'A12', 'A15', 'A16', 'A17', 'A18', 'A19', 'A20', 'A21', 'A22', 'A23', 'A24', 'A25', 'A26', 'A27', 'A28', 'A29', 'A30', 'A31', 'A32', 'A33', 'A34', 'A35', 'A44', 'A45', 'A46', 'A47', 'A48', 'A49', 'A50', 'A51', 'A52', 'A53', 'A54', 'A55', 'A56', 'A57', 'A58', 'A59', 'A60', 'A61', 'A62', 'A63', 'A64', 'A65', 'A66', 'A67', 'A68', 'A69', 'A70', 'A71', 'A72', 'A73', 'A74', 'A75', 'A76', 'A77', 'A78', 'A79', 'A80', 'A81', 'A82', 'A83', 'A84', 'A85', 'A86', 'A87', 'A88', 'A89', 'A90', 'A91', 'A92', 'A93', 'A94', 'A95', 'A96', 'A97', 'A98', 'A99', 'A100', 'A101', 'A102', 'A103', 'A104', 'A105', 'A106', 'A107', 'A108', 'A109', 'A110', 'A111', 'A112', 'A113', 'A114', 'A115', 'A116', 'A117', 'A118', 'A119', 'A120', 'A121', 'A122', 'A123', 'A124', 'A125', 'A126', 'A127', 'A128', 'A129', 'A130', 'A131', 'A132', 'A133', 'A134', 'A135', 'A136', 'A137', 'A138', 'A139', 'A140', 'A141', 'A142', 'A143', 'A144', 'A145', 'A146', 'A147', 'A148', 'A149', 'A150', 'A151', 'A162', 'A163', 'A164', 'A165', 'A166', 'A167', 'A168', 'A169', 'A170', 'A171', 'A172', 'A173', 'A174', 'A175', 'A176', 'A177', 'A178', 'A179', 'A180', 'A181', 'A182', 'A183', 'A184', 'A185', 'A186', 'A187', 'A188', 'A189', 'A190', 'A191', 'A192', 'A193', 'A194', 'A195', 'A196', 'A197', 'A198', 'A199', 'A200', 'A201', 'A202', 'A203', 'A204', 'A205', 'A206', 'A207', 'A208', 'A209', 'A210', 'A211', 'A212', 'A213', 'A214', 'A215', 'A216', 'A217', 'A218', 'A219', 'A220', 'A221', 'A222', 'A223', 'A224', 'A225', 'A226', 'A227', 'A228', 'A229', 'A230', 'A231', 'A232', 'A233', 'A234', 'A235', 'A236', 'A237', 'A238', 'A239', 'A240', 'A241', 'A242', 'A243', 'A244', 'A245', 'A246', 'A247', 'A248', 'A249', 'A250', 'A251', 'A252', 'A253', 'A254', 'A255', 'A256', 'A257', 'A258', 'A259', 'A260', 'A261', 'A262', 'A263', 'A264', 'A265', 'A266', 'A267', 'A268', 'A269', 'A270', 'A271', 'A272', 'A273', 'A274', 'A275', 'A276', 'A277', 'A278', 'A279', 'A280', 'A281', 'A282', 'A283', 'A284', 'A285', 'A286', 'A287', 'A288', 'A289', 'A290', 'A291', 'A292', 'A293', 'A294', 'A295', 'A296', 'A297', 'A298']
These residues will be fixed:  []
The number of ligand atoms parsed is equal to: 28
Type: C, Coords [-0.282 23.125 12.476], Mask 1
Type: C, Coords [-0.393 21.777 12.338], Mask 1
Type: C, Coords [ 0.646 20.982 11.6  ], Mask 1
Type: C, Coords [ 1.522 21.879 10.774], Mask 1
Type: C, Coords [ 1.561 23.206 10.974], Mask 1
Type: N, Coords [ 0.794 23.797 11.941], Mask 1
Type: C, Coords [ 2.465 24.059 10.12 ], Mask 1
Type: C, Coords [ 1.498 20.242 12.6  ], Mask 1
Type: C, Coords [ 2.293 20.945 13.485], Mask 1
Type: C, Coords [ 3.075 20.267 14.401], Mask 1
Type: C, Coords [ 3.062 18.885 14.433], Mask 1
Type: C, Coords [ 2.267 18.181 13.549], Mask 1
Type: C, Coords [ 1.48  18.859 12.635], Mask 1
Type: CL, Coords [ 0.476 17.975 11.528], Mask 1
Type: C, Coords [ 2.325 21.311  9.756], Mask 1
Type: O, Coords [ 3.531 21.232  9.906], Mask 1
Type: N, Coords [ 1.756 20.859  8.621], Mask 1
Type: C, Coords [ 2.558 20.387  7.577], Mask 1
Type: C, Coords [ 2.276 20.747  6.266], Mask 1
Type: C, Coords [ 3.072 20.283  5.237], Mask 1
Type: C, Coords [ 4.143 19.451  5.511], Mask 1
Type: C, Coords [ 4.423 19.087  6.816], Mask 1
Type: C, Coords [ 3.634 19.552  7.849], Mask 1
Type: C, Coords [-1.524 21.103 12.902], Mask 1
Type: N, Coords [-2.421 20.569 13.348], Mask 1
Type: S, Coords [-1.522 24.019 13.354], Mask 1
Type: C, Coords [-0.6   26.129 14.823], Mask 1
Type: C, Coords [-0.767 25.664 13.376], Mask 1
Designing protein from this path: /home/tedeschg/prj/protein-perturbation/data/cdk2/03.complexes_dude/decoys_43_ZINC22797752_best_CNNaffinity.pdb
These residues will be redesigned:  ['A1', 'A2', 'A3', 'A4', 'A5', 'A6', 'A7', 'A8', 'A9', 'A10', 'A11', 'A12', 'A15', 'A16', 'A17', 'A18', 'A19', 'A20', 'A21', 'A22', 'A23', 'A24', 'A25', 'A26', 'A27', 'A28', 'A29', 'A30', 'A31', 'A32', 'A33', 'A34', 'A35', 'A44', 'A45', 'A46', 'A47', 'A48', 'A49', 'A50', 'A51', 'A52', 'A53', 'A54', 'A55', 'A56', 'A57', 'A58', 'A59', 'A60', 'A61', 'A62', 'A63', 'A64', 'A65', 'A66', 'A67', 'A68', 'A69', 'A70', 'A71', 'A72', 'A73', 'A74', 'A75', 'A76', 'A77', 'A78', 'A79', 'A80', 'A81', 'A82', 'A83', 'A84', 'A85', 'A86', 'A87', 'A88', 'A89', 'A90', 'A91', 'A92', 'A93', 'A94', 'A95', 'A96', 'A97', 'A98', 'A99', 'A100', 'A101', 'A102', 'A103', 'A104', 'A105', 'A106', 'A107', 'A108', 'A109', 'A110', 'A111', 'A112', 'A113', 'A114', 'A115', 'A116', 'A117', 'A118', 'A119', 'A120', 'A121', 'A122', 'A123', 'A124', 'A125', 'A126', 'A127', 'A128', 'A129', 'A130', 'A131', 'A132', 'A133', 'A134', 'A135', 'A136', 'A137', 'A138', 'A139', 'A140', 'A141', 'A142', 'A143', 'A144', 'A145', 'A146', 'A147', 'A148', 'A149', 'A150', 'A151', 'A162', 'A163', 'A164', 'A165', 'A166', 'A167', 'A168', 'A169', 'A170', 'A171', 'A172', 'A173', 'A174', 'A175', 'A176', 'A177', 'A178', 'A179', 'A180', 'A181', 'A182', 'A183', 'A184', 'A185', 'A186', 'A187', 'A188', 'A189', 'A190', 'A191', 'A192', 'A193', 'A194', 'A195', 'A196', 'A197', 'A198', 'A199', 'A200', 'A201', 'A202', 'A203', 'A204', 'A205', 'A206', 'A207', 'A208', 'A209', 'A210', 'A211', 'A212', 'A213', 'A214', 'A215', 'A216', 'A217', 'A218', 'A219', 'A220', 'A221', 'A222', 'A223', 'A224', 'A225', 'A226', 'A227', 'A228', 'A229', 'A230', 'A231', 'A232', 'A233', 'A234', 'A235', 'A236', 'A237', 'A238', 'A239', 'A240', 'A241', 'A242', 'A243', 'A244', 'A245', 'A246', 'A247', 'A248', 'A249', 'A250', 'A251', 'A252', 'A253', 'A254', 'A255', 'A256', 'A257', 'A258', 'A259', 'A260', 'A261', 'A262', 'A263', 'A264', 'A265', 'A266', 'A267', 'A268', 'A269', 'A270', 'A271', 'A272', 'A273', 'A274', 'A275', 'A276', 'A277', 'A278', 'A279', 'A280', 'A281', 'A282', 'A283', 'A284', 'A285', 'A286', 'A287', 'A288', 'A289', 'A290', 'A291', 'A292', 'A293', 'A294', 'A295', 'A296', 'A297', 'A298']
These residues will be fixed:  []
The number of ligand atoms parsed is equal to: 29
Type: C, Coords [ 4.774 27.769  8.456], Mask 1
Type: N, Coords [ 2.711 29.134  8.468], Mask 1
Type: C, Coords [ 3.347 28.017  8.872], Mask 1
Type: O, Coords [ 2.771 27.21   9.571], Mask 1
Type: C, Coords [-3.196 30.982  9.096], Mask 1
Type: C, Coords [-3.21  30.407 10.515], Mask 1
Type: C, Coords [-2.384 29.112 10.532], Mask 1
Type: C, Coords [-1.082 29.374  9.84 ], Mask 1
Type: C, Coords [-0.777 30.426  9.049], Mask 1
Type: C, Coords [ 0.573 30.426  8.513], Mask 1
Type: C, Coords [ 1.397 29.362  8.851], Mask 1
Type: S, Coords [ 0.39  28.391  9.873], Mask 1
Type: C, Coords [-1.801 31.518  8.766], Mask 1
Type: C, Coords [ 1.035 31.482  7.665], Mask 1
Type: N, Coords [ 1.402 32.321  6.991], Mask 1
Type: C, Coords [ 4.926 26.319  7.993], Mask 1
Type: N, Coords [ 5.06  26.283  6.531], Mask 1
Type: C, Coords [ 4.739 27.59   5.94 ], Mask 1
Type: C, Coords [ 4.813 27.489  4.415], Mask 1
Type: N, Coords [ 6.159 27.052  4.019], Mask 1
Type: C, Coords [ 6.479 25.745  4.61 ], Mask 1
Type: C, Coords [ 6.406 25.846  6.135], Mask 1
Type: C, Coords [ 6.292 27.016  2.557], Mask 1
Type: C, Coords [ 7.103 25.774  2.15 ], Mask 1
Type: C, Coords [ 7.498 25.922  0.652], Mask 1
Type: S, Coords [ 7.933 27.712  0.595], Mask 1
Type: O, Coords [ 7.356 28.291 -0.568], Mask 1
Type: O, Coords [ 9.327 27.856  0.829], Mask 1
Type: C, Coords [ 7.013 28.298  2.075], Mask 1
Designing protein from this path: /home/tedeschg/prj/protein-perturbation/data/cdk2/03.complexes_dude/decoys_44_ZINC67414932_best_CNNaffinity.pdb
These residues will be redesigned:  ['A1', 'A2', 'A3', 'A4', 'A5', 'A6', 'A7', 'A8', 'A9', 'A10', 'A11', 'A12', 'A15', 'A16', 'A17', 'A18', 'A19', 'A20', 'A21', 'A22', 'A23', 'A24', 'A25', 'A26', 'A27', 'A28', 'A29', 'A30', 'A31', 'A32', 'A33', 'A34', 'A35', 'A44', 'A45', 'A46', 'A47', 'A48', 'A49', 'A50', 'A51', 'A52', 'A53', 'A54', 'A55', 'A56', 'A57', 'A58', 'A59', 'A60', 'A61', 'A62', 'A63', 'A64', 'A65', 'A66', 'A67', 'A68', 'A69', 'A70', 'A71', 'A72', 'A73', 'A74', 'A75', 'A76', 'A77', 'A78', 'A79', 'A80', 'A81', 'A82', 'A83', 'A84', 'A85', 'A86', 'A87', 'A88', 'A89', 'A90', 'A91', 'A92', 'A93', 'A94', 'A95', 'A96', 'A97', 'A98', 'A99', 'A100', 'A101', 'A102', 'A103', 'A104', 'A105', 'A106', 'A107', 'A108', 'A109', 'A110', 'A111', 'A112', 'A113', 'A114', 'A115', 'A116', 'A117', 'A118', 'A119', 'A120', 'A121', 'A122', 'A123', 'A124', 'A125', 'A126', 'A127', 'A128', 'A129', 'A130', 'A131', 'A132', 'A133', 'A134', 'A135', 'A136', 'A137', 'A138', 'A139', 'A140', 'A141', 'A142', 'A143', 'A144', 'A145', 'A146', 'A147', 'A148', 'A149', 'A150', 'A151', 'A162', 'A163', 'A164', 'A165', 'A166', 'A167', 'A168', 'A169', 'A170', 'A171', 'A172', 'A173', 'A174', 'A175', 'A176', 'A177', 'A178', 'A179', 'A180', 'A181', 'A182', 'A183', 'A184', 'A185', 'A186', 'A187', 'A188', 'A189', 'A190', 'A191', 'A192', 'A193', 'A194', 'A195', 'A196', 'A197', 'A198', 'A199', 'A200', 'A201', 'A202', 'A203', 'A204', 'A205', 'A206', 'A207', 'A208', 'A209', 'A210', 'A211', 'A212', 'A213', 'A214', 'A215', 'A216', 'A217', 'A218', 'A219', 'A220', 'A221', 'A222', 'A223', 'A224', 'A225', 'A226', 'A227', 'A228', 'A229', 'A230', 'A231', 'A232', 'A233', 'A234', 'A235', 'A236', 'A237', 'A238', 'A239', 'A240', 'A241', 'A242', 'A243', 'A244', 'A245', 'A246', 'A247', 'A248', 'A249', 'A250', 'A251', 'A252', 'A253', 'A254', 'A255', 'A256', 'A257', 'A258', 'A259', 'A260', 'A261', 'A262', 'A263', 'A264', 'A265', 'A266', 'A267', 'A268', 'A269', 'A270', 'A271', 'A272', 'A273', 'A274', 'A275', 'A276', 'A277', 'A278', 'A279', 'A280', 'A281', 'A282', 'A283', 'A284', 'A285', 'A286', 'A287', 'A288', 'A289', 'A290', 'A291', 'A292', 'A293', 'A294', 'A295', 'A296', 'A297', 'A298']
These residues will be fixed:  []
The number of ligand atoms parsed is equal to: 28
Type: C, Coords [ 2.872 29.522  7.67 ], Mask 1
Type: O, Coords [ 2.34  28.633  8.3  ], Mask 1
Type: N, Coords [ 3.891 29.24   6.834], Mask 1
Type: N, Coords [ 4.335 27.919  6.692], Mask 1
Type: C, Coords [ 4.986 27.231  7.652], Mask 1
Type: O, Coords [ 5.287 27.622  8.759], Mask 1
Type: C, Coords [ 5.261 25.869  7.057], Mask 1
Type: C, Coords [ 4.57  24.782  7.873], Mask 1
Type: C, Coords [ 4.835 23.416  7.237], Mask 1
Type: C, Coords [ 6.343 23.16   7.19 ], Mask 1
Type: C, Coords [ 7.02  24.245  6.349], Mask 1
Type: C, Coords [ 6.763 25.615  6.982], Mask 1
Type: N, Coords [ 4.684 25.946  5.709], Mask 1
Type: C, Coords [ 4.161 27.181  5.589], Mask 1
Type: O, Coords [ 3.597 27.582  4.59 ], Mask 1
Type: C, Coords [ 2.395 30.943  7.822], Mask 1
Type: C, Coords [ 0.9   31.016  7.501], Mask 1
Type: C, Coords [-1.537 30.395 10.287], Mask 1
Type: C, Coords [-2.291 31.727 10.234], Mask 1
Type: C, Coords [-1.299 32.852  9.925], Mask 1
Type: C, Coords [-0.577 32.542  8.612], Mask 1
Type: N, Coords [ 0.146 31.271  8.736], Mask 1
Type: C, Coords [-0.805 30.176  8.961], Mask 1
Type: C, Coords [-2.53  29.254 10.517], Mask 1
Type: C, Coords [-1.894 26.769 13.359], Mask 1
Type: C, Coords [-2.113 27.358 11.989], Mask 1
Type: O, Coords [-2.107 26.639 11.012], Mask 1
Type: N, Coords [-2.317 28.683 11.849], Mask 1
Designing protein from this path: /home/tedeschg/prj/protein-perturbation/data/cdk2/03.complexes_dude/decoys_45_ZINC06825719_best_CNNaffinity.pdb
These residues will be redesigned:  ['A1', 'A2', 'A3', 'A4', 'A5', 'A6', 'A7', 'A8', 'A9', 'A10', 'A11', 'A12', 'A15', 'A16', 'A17', 'A18', 'A19', 'A20', 'A21', 'A22', 'A23', 'A24', 'A25', 'A26', 'A27', 'A28', 'A29', 'A30', 'A31', 'A32', 'A33', 'A34', 'A35', 'A44', 'A45', 'A46', 'A47', 'A48', 'A49', 'A50', 'A51', 'A52', 'A53', 'A54', 'A55', 'A56', 'A57', 'A58', 'A59', 'A60', 'A61', 'A62', 'A63', 'A64', 'A65', 'A66', 'A67', 'A68', 'A69', 'A70', 'A71', 'A72', 'A73', 'A74', 'A75', 'A76', 'A77', 'A78', 'A79', 'A80', 'A81', 'A82', 'A83', 'A84', 'A85', 'A86', 'A87', 'A88', 'A89', 'A90', 'A91', 'A92', 'A93', 'A94', 'A95', 'A96', 'A97', 'A98', 'A99', 'A100', 'A101', 'A102', 'A103', 'A104', 'A105', 'A106', 'A107', 'A108', 'A109', 'A110', 'A111', 'A112', 'A113', 'A114', 'A115', 'A116', 'A117', 'A118', 'A119', 'A120', 'A121', 'A122', 'A123', 'A124', 'A125', 'A126', 'A127', 'A128', 'A129', 'A130', 'A131', 'A132', 'A133', 'A134', 'A135', 'A136', 'A137', 'A138', 'A139', 'A140', 'A141', 'A142', 'A143', 'A144', 'A145', 'A146', 'A147', 'A148', 'A149', 'A150', 'A151', 'A162', 'A163', 'A164', 'A165', 'A166', 'A167', 'A168', 'A169', 'A170', 'A171', 'A172', 'A173', 'A174', 'A175', 'A176', 'A177', 'A178', 'A179', 'A180', 'A181', 'A182', 'A183', 'A184', 'A185', 'A186', 'A187', 'A188', 'A189', 'A190', 'A191', 'A192', 'A193', 'A194', 'A195', 'A196', 'A197', 'A198', 'A199', 'A200', 'A201', 'A202', 'A203', 'A204', 'A205', 'A206', 'A207', 'A208', 'A209', 'A210', 'A211', 'A212', 'A213', 'A214', 'A215', 'A216', 'A217', 'A218', 'A219', 'A220', 'A221', 'A222', 'A223', 'A224', 'A225', 'A226', 'A227', 'A228', 'A229', 'A230', 'A231', 'A232', 'A233', 'A234', 'A235', 'A236', 'A237', 'A238', 'A239', 'A240', 'A241', 'A242', 'A243', 'A244', 'A245', 'A246', 'A247', 'A248', 'A249', 'A250', 'A251', 'A252', 'A253', 'A254', 'A255', 'A256', 'A257', 'A258', 'A259', 'A260', 'A261', 'A262', 'A263', 'A264', 'A265', 'A266', 'A267', 'A268', 'A269', 'A270', 'A271', 'A272', 'A273', 'A274', 'A275', 'A276', 'A277', 'A278', 'A279', 'A280', 'A281', 'A282', 'A283', 'A284', 'A285', 'A286', 'A287', 'A288', 'A289', 'A290', 'A291', 'A292', 'A293', 'A294', 'A295', 'A296', 'A297', 'A298']
These residues will be fixed:  []
The number of ligand atoms parsed is equal to: 28
Type: C, Coords [ 3.652 27.621  8.833], Mask 1
Type: O, Coords [ 2.988 26.865  9.511], Mask 1
Type: N, Coords [ 3.173 28.84   8.517], Mask 1
Type: C, Coords [ 1.92  29.23   8.965], Mask 1
Type: C, Coords [ 1.121 30.262  8.499], Mask 1
Type: C, Coords [-0.169 30.464  9.143], Mask 1
Type: C, Coords [-0.44  29.613 10.155], Mask 1
Type: S, Coords [ 0.977 28.551 10.248], Mask 1
Type: C, Coords [-1.66  29.579 11.021], Mask 1
Type: C, Coords [-2.912 29.63  10.136], Mask 1
Type: C, Coords [-3.287 31.093  9.916], Mask 1
Type: C, Coords [-2.03  31.958  9.877], Mask 1
Type: C, Coords [-1.141 31.553  8.706], Mask 1
Type: C, Coords [ 1.56  31.12   7.393], Mask 1
Type: O, Coords [ 1.467 32.33   7.487], Mask 1
Type: N, Coords [ 2.065 30.568  6.272], Mask 1
Type: C, Coords [ 5.014 27.196  8.346], Mask 1
Type: O, Coords [ 4.875 26.104  7.436], Mask 1
Type: C, Coords [ 6.084 26.744  3.543], Mask 1
Type: C, Coords [ 5.042 27.483  4.073], Mask 1
Type: C, Coords [ 4.636 27.271  5.376], Mask 1
Type: C, Coords [ 5.273 26.315  6.154], Mask 1
Type: C, Coords [ 6.318 25.574  5.619], Mask 1
Type: C, Coords [ 6.721 25.79   4.316], Mask 1
Type: C, Coords [ 5.33  27.44   1.286], Mask 1
Type: C, Coords [ 6.525 26.977  2.121], Mask 1
Type: C, Coords [ 7.613 28.052  2.095], Mask 1
Type: C, Coords [ 7.08  25.675  1.54 ], Mask 1
Designing protein from this path: /home/tedeschg/prj/protein-perturbation/data/cdk2/03.complexes_dude/decoys_46_ZINC39631261_best_CNNaffinity.pdb
These residues will be redesigned:  ['A1', 'A2', 'A3', 'A4', 'A5', 'A6', 'A7', 'A8', 'A9', 'A10', 'A11', 'A12', 'A15', 'A16', 'A17', 'A18', 'A19', 'A20', 'A21', 'A22', 'A23', 'A24', 'A25', 'A26', 'A27', 'A28', 'A29', 'A30', 'A31', 'A32', 'A33', 'A34', 'A35', 'A44', 'A45', 'A46', 'A47', 'A48', 'A49', 'A50', 'A51', 'A52', 'A53', 'A54', 'A55', 'A56', 'A57', 'A58', 'A59', 'A60', 'A61', 'A62', 'A63', 'A64', 'A65', 'A66', 'A67', 'A68', 'A69', 'A70', 'A71', 'A72', 'A73', 'A74', 'A75', 'A76', 'A77', 'A78', 'A79', 'A80', 'A81', 'A82', 'A83', 'A84', 'A85', 'A86', 'A87', 'A88', 'A89', 'A90', 'A91', 'A92', 'A93', 'A94', 'A95', 'A96', 'A97', 'A98', 'A99', 'A100', 'A101', 'A102', 'A103', 'A104', 'A105', 'A106', 'A107', 'A108', 'A109', 'A110', 'A111', 'A112', 'A113', 'A114', 'A115', 'A116', 'A117', 'A118', 'A119', 'A120', 'A121', 'A122', 'A123', 'A124', 'A125', 'A126', 'A127', 'A128', 'A129', 'A130', 'A131', 'A132', 'A133', 'A134', 'A135', 'A136', 'A137', 'A138', 'A139', 'A140', 'A141', 'A142', 'A143', 'A144', 'A145', 'A146', 'A147', 'A148', 'A149', 'A150', 'A151', 'A162', 'A163', 'A164', 'A165', 'A166', 'A167', 'A168', 'A169', 'A170', 'A171', 'A172', 'A173', 'A174', 'A175', 'A176', 'A177', 'A178', 'A179', 'A180', 'A181', 'A182', 'A183', 'A184', 'A185', 'A186', 'A187', 'A188', 'A189', 'A190', 'A191', 'A192', 'A193', 'A194', 'A195', 'A196', 'A197', 'A198', 'A199', 'A200', 'A201', 'A202', 'A203', 'A204', 'A205', 'A206', 'A207', 'A208', 'A209', 'A210', 'A211', 'A212', 'A213', 'A214', 'A215', 'A216', 'A217', 'A218', 'A219', 'A220', 'A221', 'A222', 'A223', 'A224', 'A225', 'A226', 'A227', 'A228', 'A229', 'A230', 'A231', 'A232', 'A233', 'A234', 'A235', 'A236', 'A237', 'A238', 'A239', 'A240', 'A241', 'A242', 'A243', 'A244', 'A245', 'A246', 'A247', 'A248', 'A249', 'A250', 'A251', 'A252', 'A253', 'A254', 'A255', 'A256', 'A257', 'A258', 'A259', 'A260', 'A261', 'A262', 'A263', 'A264', 'A265', 'A266', 'A267', 'A268', 'A269', 'A270', 'A271', 'A272', 'A273', 'A274', 'A275', 'A276', 'A277', 'A278', 'A279', 'A280', 'A281', 'A282', 'A283', 'A284', 'A285', 'A286', 'A287', 'A288', 'A289', 'A290', 'A291', 'A292', 'A293', 'A294', 'A295', 'A296', 'A297', 'A298']
These residues will be fixed:  []
The number of ligand atoms parsed is equal to: 35
Type: C, Coords [-8.688 26.36  17.212], Mask 1
Type: C, Coords [-10.188  26.295  17.579], Mask 1
Type: N, Coords [-10.315  27.142  18.788], Mask 1
Type: C, Coords [-9.416 28.293 18.527], Mask 1
Type: C, Coords [-8.186 27.674 17.833], Mask 1
Type: C, Coords [-7.668 28.609 16.745], Mask 1
Type: C, Coords [-7.121 29.885 17.392], Mask 1
Type: N, Coords [-6.04  29.539 18.322], Mask 1
Type: C, Coords [-6.567 28.716 19.418], Mask 1
Type: C, Coords [-7.091 27.391 18.856], Mask 1
Type: C, Coords [-11.075  26.918  19.877], Mask 1
Type: O, Coords [-11.072  27.714  20.793], Mask 1
Type: C, Coords [-11.931  25.68   19.958], Mask 1
Type: C, Coords [-11.041  24.422  19.876], Mask 1
Type: C, Coords [-11.889  23.451  19.013], Mask 1
Type: C, Coords [-12.565  24.429  18.02 ], Mask 1
Type: N, Coords [-12.858  25.637  18.818], Mask 1
Type: C, Coords [-13.813  26.549  18.548], Mask 1
Type: O, Coords [-13.962  27.506  19.278], Mask 1
Type: C, Coords [-14.697  26.379  17.339], Mask 1
Type: F, Coords [-15.376  25.159  17.426], Mask 1
Type: F, Coords [-15.623  27.426  17.288], Mask 1
Type: F, Coords [-13.911  26.394  16.181], Mask 1
Type: N, Coords [-7.167 24.419 17.021], Mask 1
Type: C, Coords [-7.952 25.185 17.803], Mask 1
Type: O, Coords [-8.066 24.93  18.983], Mask 1
Type: C, Coords [-7.116 21.977 17.14 ], Mask 1
Type: C, Coords [-6.451 23.277 17.595], Mask 1
Type: C, Coords [-4.995 23.298 17.123], Mask 1
Type: C, Coords [-4.895 24.081 15.813], Mask 1
Type: C, Coords [-3.995 25.302 16.016], Mask 1
Type: C, Coords [-3.089 25.475 14.795], Mask 1
Type: C, Coords [-1.913 26.384 15.159], Mask 1
Type: C, Coords [-2.56  24.109 14.354], Mask 1
Type: O, Coords [-3.834 26.064 13.728], Mask 1
Designing protein from this path: /home/tedeschg/prj/protein-perturbation/data/cdk2/03.complexes_dude/decoys_47_ZINC36110843_best_CNNaffinity.pdb
These residues will be redesigned:  ['A1', 'A2', 'A3', 'A4', 'A5', 'A6', 'A7', 'A8', 'A9', 'A10', 'A11', 'A12', 'A15', 'A16', 'A17', 'A18', 'A19', 'A20', 'A21', 'A22', 'A23', 'A24', 'A25', 'A26', 'A27', 'A28', 'A29', 'A30', 'A31', 'A32', 'A33', 'A34', 'A35', 'A44', 'A45', 'A46', 'A47', 'A48', 'A49', 'A50', 'A51', 'A52', 'A53', 'A54', 'A55', 'A56', 'A57', 'A58', 'A59', 'A60', 'A61', 'A62', 'A63', 'A64', 'A65', 'A66', 'A67', 'A68', 'A69', 'A70', 'A71', 'A72', 'A73', 'A74', 'A75', 'A76', 'A77', 'A78', 'A79', 'A80', 'A81', 'A82', 'A83', 'A84', 'A85', 'A86', 'A87', 'A88', 'A89', 'A90', 'A91', 'A92', 'A93', 'A94', 'A95', 'A96', 'A97', 'A98', 'A99', 'A100', 'A101', 'A102', 'A103', 'A104', 'A105', 'A106', 'A107', 'A108', 'A109', 'A110', 'A111', 'A112', 'A113', 'A114', 'A115', 'A116', 'A117', 'A118', 'A119', 'A120', 'A121', 'A122', 'A123', 'A124', 'A125', 'A126', 'A127', 'A128', 'A129', 'A130', 'A131', 'A132', 'A133', 'A134', 'A135', 'A136', 'A137', 'A138', 'A139', 'A140', 'A141', 'A142', 'A143', 'A144', 'A145', 'A146', 'A147', 'A148', 'A149', 'A150', 'A151', 'A162', 'A163', 'A164', 'A165', 'A166', 'A167', 'A168', 'A169', 'A170', 'A171', 'A172', 'A173', 'A174', 'A175', 'A176', 'A177', 'A178', 'A179', 'A180', 'A181', 'A182', 'A183', 'A184', 'A185', 'A186', 'A187', 'A188', 'A189', 'A190', 'A191', 'A192', 'A193', 'A194', 'A195', 'A196', 'A197', 'A198', 'A199', 'A200', 'A201', 'A202', 'A203', 'A204', 'A205', 'A206', 'A207', 'A208', 'A209', 'A210', 'A211', 'A212', 'A213', 'A214', 'A215', 'A216', 'A217', 'A218', 'A219', 'A220', 'A221', 'A222', 'A223', 'A224', 'A225', 'A226', 'A227', 'A228', 'A229', 'A230', 'A231', 'A232', 'A233', 'A234', 'A235', 'A236', 'A237', 'A238', 'A239', 'A240', 'A241', 'A242', 'A243', 'A244', 'A245', 'A246', 'A247', 'A248', 'A249', 'A250', 'A251', 'A252', 'A253', 'A254', 'A255', 'A256', 'A257', 'A258', 'A259', 'A260', 'A261', 'A262', 'A263', 'A264', 'A265', 'A266', 'A267', 'A268', 'A269', 'A270', 'A271', 'A272', 'A273', 'A274', 'A275', 'A276', 'A277', 'A278', 'A279', 'A280', 'A281', 'A282', 'A283', 'A284', 'A285', 'A286', 'A287', 'A288', 'A289', 'A290', 'A291', 'A292', 'A293', 'A294', 'A295', 'A296', 'A297', 'A298']
These residues will be fixed:  []
The number of ligand atoms parsed is equal to: 18
Type: C, Coords [-2.53  26.661 11.051], Mask 1
Type: S, Coords [-1.053 25.772 11.616], Mask 1
Type: O, Coords [-0.648 26.256 12.89 ], Mask 1
Type: O, Coords [-1.202 24.378 11.384], Mask 1
Type: N, Coords [ 0.15  26.247 10.582], Mask 1
Type: C, Coords [ 0.097 27.559  9.923], Mask 1
Type: C, Coords [ 1.406 28.304 10.201], Mask 1
Type: C, Coords [ 2.587 27.431  9.769], Mask 1
Type: C, Coords [ 2.588 26.134 10.581], Mask 1
Type: C, Coords [ 1.295 25.366 10.312], Mask 1
Type: C, Coords [-2.662 27.975 11.824], Mask 1
Type: C, Coords [-1.997 30.186 11.049], Mask 1
Type: O, Coords [-1.226 30.25  11.983], Mask 1
Type: N, Coords [-2.761 29.09  10.88 ], Mask 1
Type: C, Coords [-0.787 31.464  9.301], Mask 1
Type: C, Coords [-2.099 31.334 10.077], Mask 1
Type: C, Coords [-2.369 32.63  10.844], Mask 1
Type: C, Coords [-3.246 31.072  9.098], Mask 1
Designing protein from this path: /home/tedeschg/prj/protein-perturbation/data/cdk2/03.complexes_dude/decoys_48_ZINC03846493_best_CNNaffinity.pdb
These residues will be redesigned:  ['A1', 'A2', 'A3', 'A4', 'A5', 'A6', 'A7', 'A8', 'A9', 'A10', 'A11', 'A12', 'A15', 'A16', 'A17', 'A18', 'A19', 'A20', 'A21', 'A22', 'A23', 'A24', 'A25', 'A26', 'A27', 'A28', 'A29', 'A30', 'A31', 'A32', 'A33', 'A34', 'A35', 'A44', 'A45', 'A46', 'A47', 'A48', 'A49', 'A50', 'A51', 'A52', 'A53', 'A54', 'A55', 'A56', 'A57', 'A58', 'A59', 'A60', 'A61', 'A62', 'A63', 'A64', 'A65', 'A66', 'A67', 'A68', 'A69', 'A70', 'A71', 'A72', 'A73', 'A74', 'A75', 'A76', 'A77', 'A78', 'A79', 'A80', 'A81', 'A82', 'A83', 'A84', 'A85', 'A86', 'A87', 'A88', 'A89', 'A90', 'A91', 'A92', 'A93', 'A94', 'A95', 'A96', 'A97', 'A98', 'A99', 'A100', 'A101', 'A102', 'A103', 'A104', 'A105', 'A106', 'A107', 'A108', 'A109', 'A110', 'A111', 'A112', 'A113', 'A114', 'A115', 'A116', 'A117', 'A118', 'A119', 'A120', 'A121', 'A122', 'A123', 'A124', 'A125', 'A126', 'A127', 'A128', 'A129', 'A130', 'A131', 'A132', 'A133', 'A134', 'A135', 'A136', 'A137', 'A138', 'A139', 'A140', 'A141', 'A142', 'A143', 'A144', 'A145', 'A146', 'A147', 'A148', 'A149', 'A150', 'A151', 'A162', 'A163', 'A164', 'A165', 'A166', 'A167', 'A168', 'A169', 'A170', 'A171', 'A172', 'A173', 'A174', 'A175', 'A176', 'A177', 'A178', 'A179', 'A180', 'A181', 'A182', 'A183', 'A184', 'A185', 'A186', 'A187', 'A188', 'A189', 'A190', 'A191', 'A192', 'A193', 'A194', 'A195', 'A196', 'A197', 'A198', 'A199', 'A200', 'A201', 'A202', 'A203', 'A204', 'A205', 'A206', 'A207', 'A208', 'A209', 'A210', 'A211', 'A212', 'A213', 'A214', 'A215', 'A216', 'A217', 'A218', 'A219', 'A220', 'A221', 'A222', 'A223', 'A224', 'A225', 'A226', 'A227', 'A228', 'A229', 'A230', 'A231', 'A232', 'A233', 'A234', 'A235', 'A236', 'A237', 'A238', 'A239', 'A240', 'A241', 'A242', 'A243', 'A244', 'A245', 'A246', 'A247', 'A248', 'A249', 'A250', 'A251', 'A252', 'A253', 'A254', 'A255', 'A256', 'A257', 'A258', 'A259', 'A260', 'A261', 'A262', 'A263', 'A264', 'A265', 'A266', 'A267', 'A268', 'A269', 'A270', 'A271', 'A272', 'A273', 'A274', 'A275', 'A276', 'A277', 'A278', 'A279', 'A280', 'A281', 'A282', 'A283', 'A284', 'A285', 'A286', 'A287', 'A288', 'A289', 'A290', 'A291', 'A292', 'A293', 'A294', 'A295', 'A296', 'A297', 'A298']
These residues will be fixed:  []
The number of ligand atoms parsed is equal to: 26
Type: C, Coords [-0.756 27.386 11.155], Mask 1
Type: C, Coords [-1.463 26.418 10.562], Mask 1
Type: C, Coords [-1.639 25.103 11.261], Mask 1
Type: N, Coords [-2.335 25.267 12.521], Mask 1
Type: N, Coords [-1.624 25.742 13.544], Mask 1
Type: C, Coords [-0.657 26.651 13.465], Mask 1
Type: O, Coords [-0.137 26.955 14.521], Mask 1
Type: N, Coords [-0.18  27.266 12.399], Mask 1
Type: C, Coords [-2.319 31.969 10.237], Mask 1
Type: N, Coords [-1.35  30.898  9.987], Mask 1
Type: C, Coords [-0.321 31.115  9.094], Mask 1
Type: C, Coords [-0.196 32.334  8.434], Mask 1
Type: C, Coords [ 0.84  32.529  7.546], Mask 1
Type: C, Coords [ 1.763 31.522  7.302], Mask 1
Type: C, Coords [ 1.661 30.317  7.938], Mask 1
Type: C, Coords [ 0.618 30.097  8.843], Mask 1
Type: C, Coords [ 0.481 28.815  9.542], Mask 1
Type: O, Coords [ 1.362 27.811  9.329], Mask 1
Type: C, Coords [-0.578 28.659 10.428], Mask 1
Type: C, Coords [-1.482 29.729 10.636], Mask 1
Type: O, Coords [-2.404 29.585 11.419], Mask 1
Type: C, Coords [-0.283 24.498 11.522], Mask 1
Type: C, Coords [ 0.896 24.746 10.902], Mask 1
Type: C, Coords [ 2.026 24.065 11.314], Mask 1
Type: C, Coords [ 1.921 23.169 12.326], Mask 1
Type: S, Coords [ 0.186 23.274 12.734], Mask 1
Designing protein from this path: /home/tedeschg/prj/protein-perturbation/data/cdk2/03.complexes_dude/decoys_49_ZINC39680642_best_CNNaffinity.pdb
These residues will be redesigned:  ['A1', 'A2', 'A3', 'A4', 'A5', 'A6', 'A7', 'A8', 'A9', 'A10', 'A11', 'A12', 'A15', 'A16', 'A17', 'A18', 'A19', 'A20', 'A21', 'A22', 'A23', 'A24', 'A25', 'A26', 'A27', 'A28', 'A29', 'A30', 'A31', 'A32', 'A33', 'A34', 'A35', 'A44', 'A45', 'A46', 'A47', 'A48', 'A49', 'A50', 'A51', 'A52', 'A53', 'A54', 'A55', 'A56', 'A57', 'A58', 'A59', 'A60', 'A61', 'A62', 'A63', 'A64', 'A65', 'A66', 'A67', 'A68', 'A69', 'A70', 'A71', 'A72', 'A73', 'A74', 'A75', 'A76', 'A77', 'A78', 'A79', 'A80', 'A81', 'A82', 'A83', 'A84', 'A85', 'A86', 'A87', 'A88', 'A89', 'A90', 'A91', 'A92', 'A93', 'A94', 'A95', 'A96', 'A97', 'A98', 'A99', 'A100', 'A101', 'A102', 'A103', 'A104', 'A105', 'A106', 'A107', 'A108', 'A109', 'A110', 'A111', 'A112', 'A113', 'A114', 'A115', 'A116', 'A117', 'A118', 'A119', 'A120', 'A121', 'A122', 'A123', 'A124', 'A125', 'A126', 'A127', 'A128', 'A129', 'A130', 'A131', 'A132', 'A133', 'A134', 'A135', 'A136', 'A137', 'A138', 'A139', 'A140', 'A141', 'A142', 'A143', 'A144', 'A145', 'A146', 'A147', 'A148', 'A149', 'A150', 'A151', 'A162', 'A163', 'A164', 'A165', 'A166', 'A167', 'A168', 'A169', 'A170', 'A171', 'A172', 'A173', 'A174', 'A175', 'A176', 'A177', 'A178', 'A179', 'A180', 'A181', 'A182', 'A183', 'A184', 'A185', 'A186', 'A187', 'A188', 'A189', 'A190', 'A191', 'A192', 'A193', 'A194', 'A195', 'A196', 'A197', 'A198', 'A199', 'A200', 'A201', 'A202', 'A203', 'A204', 'A205', 'A206', 'A207', 'A208', 'A209', 'A210', 'A211', 'A212', 'A213', 'A214', 'A215', 'A216', 'A217', 'A218', 'A219', 'A220', 'A221', 'A222', 'A223', 'A224', 'A225', 'A226', 'A227', 'A228', 'A229', 'A230', 'A231', 'A232', 'A233', 'A234', 'A235', 'A236', 'A237', 'A238', 'A239', 'A240', 'A241', 'A242', 'A243', 'A244', 'A245', 'A246', 'A247', 'A248', 'A249', 'A250', 'A251', 'A252', 'A253', 'A254', 'A255', 'A256', 'A257', 'A258', 'A259', 'A260', 'A261', 'A262', 'A263', 'A264', 'A265', 'A266', 'A267', 'A268', 'A269', 'A270', 'A271', 'A272', 'A273', 'A274', 'A275', 'A276', 'A277', 'A278', 'A279', 'A280', 'A281', 'A282', 'A283', 'A284', 'A285', 'A286', 'A287', 'A288', 'A289', 'A290', 'A291', 'A292', 'A293', 'A294', 'A295', 'A296', 'A297', 'A298']
These residues will be fixed:  []
The number of ligand atoms parsed is equal to: 35
Type: C, Coords [-1.34  25.888 10.634], Mask 1
Type: C, Coords [-0.226 26.294  9.644], Mask 1
Type: N, Coords [ 0.935 26.627 10.502], Mask 1
Type: C, Coords [ 0.901 25.609 11.579], Mask 1
Type: C, Coords [-0.596 25.435 11.902], Mask 1
Type: C, Coords [-0.985 26.316 13.086], Mask 1
Type: C, Coords [-0.276 25.811 14.345], Mask 1
Type: N, Coords [-0.659 24.417 14.6  ], Mask 1
Type: C, Coords [-0.2   23.562 13.499], Mask 1
Type: C, Coords [-0.905 23.972 12.203], Mask 1
Type: C, Coords [ 1.821 27.63  10.341], Mask 1
Type: O, Coords [ 2.781 27.718 11.082], Mask 1
Type: C, Coords [ 1.626 28.62   9.265], Mask 1
Type: C, Coords [ 0.355 29.145  9.001], Mask 1
Type: C, Coords [ 0.226 30.071  7.981], Mask 1
Type: C, Coords [ 1.344 30.45   7.26 ], Mask 1
Type: N, Coords [ 2.532 29.942  7.525], Mask 1
Type: C, Coords [ 2.712 29.058  8.492], Mask 1
Type: O, Coords [ 3.951 28.568  8.734], Mask 1
Type: C, Coords [ 4.522 27.781  7.785], Mask 1
Type: C, Coords [ 4.166 27.93   6.452], Mask 1
Type: C, Coords [ 4.748 27.129  5.489], Mask 1
Type: C, Coords [ 5.686 26.178  5.852], Mask 1
Type: C, Coords [ 6.042 26.028  7.181], Mask 1
Type: C, Coords [ 5.467 26.831  8.146], Mask 1
Type: CL, Coords [ 6.415 25.173  4.64 ], Mask 1
Type: N, Coords [-2.056 28.228 10.277], Mask 1
Type: C, Coords [-2.227 27.067 10.94 ], Mask 1
Type: O, Coords [-3.095 26.972 11.781], Mask 1
Type: C, Coords [-2.918 29.375 10.574], Mask 1
Type: C, Coords [-1.304 32.804 10.033], Mask 1
Type: N, Coords [-2.128 31.606  9.854], Mask 1
Type: C, Coords [-3.016 31.494  8.694], Mask 1
Type: C, Coords [-2.07  30.607 10.757], Mask 1
Type: O, Coords [-1.335 30.7   11.718], Mask 1
Designing protein from this path: /home/tedeschg/prj/protein-perturbation/data/cdk2/03.complexes_dude/decoys_50_ZINC39991461_best_CNNaffinity.pdb
These residues will be redesigned:  ['A1', 'A2', 'A3', 'A4', 'A5', 'A6', 'A7', 'A8', 'A9', 'A10', 'A11', 'A12', 'A15', 'A16', 'A17', 'A18', 'A19', 'A20', 'A21', 'A22', 'A23', 'A24', 'A25', 'A26', 'A27', 'A28', 'A29', 'A30', 'A31', 'A32', 'A33', 'A34', 'A35', 'A44', 'A45', 'A46', 'A47', 'A48', 'A49', 'A50', 'A51', 'A52', 'A53', 'A54', 'A55', 'A56', 'A57', 'A58', 'A59', 'A60', 'A61', 'A62', 'A63', 'A64', 'A65', 'A66', 'A67', 'A68', 'A69', 'A70', 'A71', 'A72', 'A73', 'A74', 'A75', 'A76', 'A77', 'A78', 'A79', 'A80', 'A81', 'A82', 'A83', 'A84', 'A85', 'A86', 'A87', 'A88', 'A89', 'A90', 'A91', 'A92', 'A93', 'A94', 'A95', 'A96', 'A97', 'A98', 'A99', 'A100', 'A101', 'A102', 'A103', 'A104', 'A105', 'A106', 'A107', 'A108', 'A109', 'A110', 'A111', 'A112', 'A113', 'A114', 'A115', 'A116', 'A117', 'A118', 'A119', 'A120', 'A121', 'A122', 'A123', 'A124', 'A125', 'A126', 'A127', 'A128', 'A129', 'A130', 'A131', 'A132', 'A133', 'A134', 'A135', 'A136', 'A137', 'A138', 'A139', 'A140', 'A141', 'A142', 'A143', 'A144', 'A145', 'A146', 'A147', 'A148', 'A149', 'A150', 'A151', 'A162', 'A163', 'A164', 'A165', 'A166', 'A167', 'A168', 'A169', 'A170', 'A171', 'A172', 'A173', 'A174', 'A175', 'A176', 'A177', 'A178', 'A179', 'A180', 'A181', 'A182', 'A183', 'A184', 'A185', 'A186', 'A187', 'A188', 'A189', 'A190', 'A191', 'A192', 'A193', 'A194', 'A195', 'A196', 'A197', 'A198', 'A199', 'A200', 'A201', 'A202', 'A203', 'A204', 'A205', 'A206', 'A207', 'A208', 'A209', 'A210', 'A211', 'A212', 'A213', 'A214', 'A215', 'A216', 'A217', 'A218', 'A219', 'A220', 'A221', 'A222', 'A223', 'A224', 'A225', 'A226', 'A227', 'A228', 'A229', 'A230', 'A231', 'A232', 'A233', 'A234', 'A235', 'A236', 'A237', 'A238', 'A239', 'A240', 'A241', 'A242', 'A243', 'A244', 'A245', 'A246', 'A247', 'A248', 'A249', 'A250', 'A251', 'A252', 'A253', 'A254', 'A255', 'A256', 'A257', 'A258', 'A259', 'A260', 'A261', 'A262', 'A263', 'A264', 'A265', 'A266', 'A267', 'A268', 'A269', 'A270', 'A271', 'A272', 'A273', 'A274', 'A275', 'A276', 'A277', 'A278', 'A279', 'A280', 'A281', 'A282', 'A283', 'A284', 'A285', 'A286', 'A287', 'A288', 'A289', 'A290', 'A291', 'A292', 'A293', 'A294', 'A295', 'A296', 'A297', 'A298']
These residues will be fixed:  []
The number of ligand atoms parsed is equal to: 29
Type: C, Coords [-1.376 29.652 11.153], Mask 1
Type: C, Coords [-2.122 28.585 10.349], Mask 1
Type: C, Coords [-2.427 27.389 11.256], Mask 1
Type: N, Coords [-1.172 26.922 11.861], Mask 1
Type: C, Coords [-0.332 27.889 12.58 ], Mask 1
Type: C, Coords [-0.05  29.079 11.658], Mask 1
Type: C, Coords [-0.799 25.631 11.758], Mask 1
Type: O, Coords [-1.502 24.842 11.161], Mask 1
Type: C, Coords [ 1.437 31.568  7.127], Mask 1
Type: C, Coords [ 1.512 30.295  7.666], Mask 1
Type: C, Coords [ 0.703 29.94   8.728], Mask 1
Type: C, Coords [-0.188 30.863  9.256], Mask 1
Type: C, Coords [-0.263 32.147  8.712], Mask 1
Type: C, Coords [ 0.553 32.494  7.646], Mask 1
Type: N, Coords [-1.23  32.836  9.44 ], Mask 1
Type: C, Coords [-1.721 32.01  10.382], Mask 1
Type: O, Coords [-2.584 32.301 11.189], Mask 1
Type: N, Coords [-1.112 30.812 10.297], Mask 1
Type: C, Coords [ 0.491 25.167 12.383], Mask 1
Type: N, Coords [ 1.508 25.003 11.341], Mask 1
Type: N, Coords [ 2.12  23.832 10.988], Mask 1
Type: N, Coords [ 2.995 24.125  9.979], Mask 1
Type: C, Coords [ 2.907 25.493  9.721], Mask 1
Type: N, Coords [ 2.023 26.015 10.522], Mask 1
Type: C, Coords [ 3.682 26.225  8.706], Mask 1
Type: C, Coords [ 3.932 27.571  8.614], Mask 1
Type: C, Coords [ 4.693 28.031  7.563], Mask 1
Type: C, Coords [ 5.171 27.144  6.653], Mask 1
Type: S, Coords [ 4.548 25.593  7.279], Mask 1
Designing protein from this path: /home/tedeschg/prj/protein-perturbation/data/cdk2/03.complexes_dude/decoys_51_ZINC39617617_best_CNNaffinity.pdb
These residues will be redesigned:  ['A1', 'A2', 'A3', 'A4', 'A5', 'A6', 'A7', 'A8', 'A9', 'A10', 'A11', 'A12', 'A15', 'A16', 'A17', 'A18', 'A19', 'A20', 'A21', 'A22', 'A23', 'A24', 'A25', 'A26', 'A27', 'A28', 'A29', 'A30', 'A31', 'A32', 'A33', 'A34', 'A35', 'A44', 'A45', 'A46', 'A47', 'A48', 'A49', 'A50', 'A51', 'A52', 'A53', 'A54', 'A55', 'A56', 'A57', 'A58', 'A59', 'A60', 'A61', 'A62', 'A63', 'A64', 'A65', 'A66', 'A67', 'A68', 'A69', 'A70', 'A71', 'A72', 'A73', 'A74', 'A75', 'A76', 'A77', 'A78', 'A79', 'A80', 'A81', 'A82', 'A83', 'A84', 'A85', 'A86', 'A87', 'A88', 'A89', 'A90', 'A91', 'A92', 'A93', 'A94', 'A95', 'A96', 'A97', 'A98', 'A99', 'A100', 'A101', 'A102', 'A103', 'A104', 'A105', 'A106', 'A107', 'A108', 'A109', 'A110', 'A111', 'A112', 'A113', 'A114', 'A115', 'A116', 'A117', 'A118', 'A119', 'A120', 'A121', 'A122', 'A123', 'A124', 'A125', 'A126', 'A127', 'A128', 'A129', 'A130', 'A131', 'A132', 'A133', 'A134', 'A135', 'A136', 'A137', 'A138', 'A139', 'A140', 'A141', 'A142', 'A143', 'A144', 'A145', 'A146', 'A147', 'A148', 'A149', 'A150', 'A151', 'A162', 'A163', 'A164', 'A165', 'A166', 'A167', 'A168', 'A169', 'A170', 'A171', 'A172', 'A173', 'A174', 'A175', 'A176', 'A177', 'A178', 'A179', 'A180', 'A181', 'A182', 'A183', 'A184', 'A185', 'A186', 'A187', 'A188', 'A189', 'A190', 'A191', 'A192', 'A193', 'A194', 'A195', 'A196', 'A197', 'A198', 'A199', 'A200', 'A201', 'A202', 'A203', 'A204', 'A205', 'A206', 'A207', 'A208', 'A209', 'A210', 'A211', 'A212', 'A213', 'A214', 'A215', 'A216', 'A217', 'A218', 'A219', 'A220', 'A221', 'A222', 'A223', 'A224', 'A225', 'A226', 'A227', 'A228', 'A229', 'A230', 'A231', 'A232', 'A233', 'A234', 'A235', 'A236', 'A237', 'A238', 'A239', 'A240', 'A241', 'A242', 'A243', 'A244', 'A245', 'A246', 'A247', 'A248', 'A249', 'A250', 'A251', 'A252', 'A253', 'A254', 'A255', 'A256', 'A257', 'A258', 'A259', 'A260', 'A261', 'A262', 'A263', 'A264', 'A265', 'A266', 'A267', 'A268', 'A269', 'A270', 'A271', 'A272', 'A273', 'A274', 'A275', 'A276', 'A277', 'A278', 'A279', 'A280', 'A281', 'A282', 'A283', 'A284', 'A285', 'A286', 'A287', 'A288', 'A289', 'A290', 'A291', 'A292', 'A293', 'A294', 'A295', 'A296', 'A297', 'A298']
These residues will be fixed:  []
The number of ligand atoms parsed is equal to: 33
Type: C, Coords [-0.046 26.298 10.911], Mask 1
Type: O, Coords [-0.639 25.328 10.501], Mask 1
Type: C, Coords [ 1.458 26.353 10.825], Mask 1
Type: C, Coords [ 1.987 25.026 10.279], Mask 1
Type: S, Coords [ 1.951 27.703  9.718], Mask 1
Type: C, Coords [ 3.754 27.54   9.602], Mask 1
Type: C, Coords [ 4.44  23.276  3.685], Mask 1
Type: C, Coords [ 5.424 24.025  4.585], Mask 1
Type: C, Coords [ 5.147 25.511  4.573], Mask 1
Type: C, Coords [ 4.804 26.091  5.733], Mask 1
Type: C, Coords [ 4.724 25.232  6.934], Mask 1
Type: N, Coords [ 4.394 25.74   8.097], Mask 1
Type: C, Coords [ 4.125 27.029  8.234], Mask 1
Type: N, Coords [ 4.164 27.885  7.241], Mask 1
Type: C, Coords [ 4.481 27.531  5.991], Mask 1
Type: O, Coords [ 4.508 28.353  5.091], Mask 1
Type: S, Coords [ 5.147 23.607  6.354], Mask 1
Type: C, Coords [ 5.252 26.313  3.302], Mask 1
Type: O, Coords [-0.726 27.325 11.444], Mask 1
Type: C, Coords [-2.027 27.042 11.962], Mask 1
Type: C, Coords [-3.013 28.044 11.418], Mask 1
Type: O, Coords [-4.2   27.901 11.624], Mask 1
Type: C, Coords [-2.537 29.193 10.637], Mask 1
Type: C, Coords [-3.202 30.423 10.722], Mask 1
Type: C, Coords [-2.756 31.501  9.991], Mask 1
Type: C, Coords [-1.646 31.372  9.168], Mask 1
Type: C, Coords [-0.977 30.148  9.078], Mask 1
Type: C, Coords [-1.414 29.064  9.811], Mask 1
Type: N, Coords [ 0.142 30.04   8.239], Mask 1
Type: C, Coords [ 0.737 31.167  7.792], Mask 1
Type: O, Coords [ 1.688 31.098  7.042], Mask 1
Type: C, Coords [ 0.212 32.512  8.228], Mask 1
Type: O, Coords [-1.199 32.431  8.444], Mask 1
Designing protein from this path: /home/tedeschg/prj/protein-perturbation/data/cdk2/03.complexes_dude/decoys_52_ZINC49776625_best_CNNaffinity.pdb
These residues will be redesigned:  ['A1', 'A2', 'A3', 'A4', 'A5', 'A6', 'A7', 'A8', 'A9', 'A10', 'A11', 'A12', 'A15', 'A16', 'A17', 'A18', 'A19', 'A20', 'A21', 'A22', 'A23', 'A24', 'A25', 'A26', 'A27', 'A28', 'A29', 'A30', 'A31', 'A32', 'A33', 'A34', 'A35', 'A44', 'A45', 'A46', 'A47', 'A48', 'A49', 'A50', 'A51', 'A52', 'A53', 'A54', 'A55', 'A56', 'A57', 'A58', 'A59', 'A60', 'A61', 'A62', 'A63', 'A64', 'A65', 'A66', 'A67', 'A68', 'A69', 'A70', 'A71', 'A72', 'A73', 'A74', 'A75', 'A76', 'A77', 'A78', 'A79', 'A80', 'A81', 'A82', 'A83', 'A84', 'A85', 'A86', 'A87', 'A88', 'A89', 'A90', 'A91', 'A92', 'A93', 'A94', 'A95', 'A96', 'A97', 'A98', 'A99', 'A100', 'A101', 'A102', 'A103', 'A104', 'A105', 'A106', 'A107', 'A108', 'A109', 'A110', 'A111', 'A112', 'A113', 'A114', 'A115', 'A116', 'A117', 'A118', 'A119', 'A120', 'A121', 'A122', 'A123', 'A124', 'A125', 'A126', 'A127', 'A128', 'A129', 'A130', 'A131', 'A132', 'A133', 'A134', 'A135', 'A136', 'A137', 'A138', 'A139', 'A140', 'A141', 'A142', 'A143', 'A144', 'A145', 'A146', 'A147', 'A148', 'A149', 'A150', 'A151', 'A162', 'A163', 'A164', 'A165', 'A166', 'A167', 'A168', 'A169', 'A170', 'A171', 'A172', 'A173', 'A174', 'A175', 'A176', 'A177', 'A178', 'A179', 'A180', 'A181', 'A182', 'A183', 'A184', 'A185', 'A186', 'A187', 'A188', 'A189', 'A190', 'A191', 'A192', 'A193', 'A194', 'A195', 'A196', 'A197', 'A198', 'A199', 'A200', 'A201', 'A202', 'A203', 'A204', 'A205', 'A206', 'A207', 'A208', 'A209', 'A210', 'A211', 'A212', 'A213', 'A214', 'A215', 'A216', 'A217', 'A218', 'A219', 'A220', 'A221', 'A222', 'A223', 'A224', 'A225', 'A226', 'A227', 'A228', 'A229', 'A230', 'A231', 'A232', 'A233', 'A234', 'A235', 'A236', 'A237', 'A238', 'A239', 'A240', 'A241', 'A242', 'A243', 'A244', 'A245', 'A246', 'A247', 'A248', 'A249', 'A250', 'A251', 'A252', 'A253', 'A254', 'A255', 'A256', 'A257', 'A258', 'A259', 'A260', 'A261', 'A262', 'A263', 'A264', 'A265', 'A266', 'A267', 'A268', 'A269', 'A270', 'A271', 'A272', 'A273', 'A274', 'A275', 'A276', 'A277', 'A278', 'A279', 'A280', 'A281', 'A282', 'A283', 'A284', 'A285', 'A286', 'A287', 'A288', 'A289', 'A290', 'A291', 'A292', 'A293', 'A294', 'A295', 'A296', 'A297', 'A298']
These residues will be fixed:  []
The number of ligand atoms parsed is equal to: 16
Type: C, Coords [ 3.536 28.856  7.696], Mask 1
Type: C, Coords [ 2.338 28.82   8.61 ], Mask 1
Type: N, Coords [ 1.163 29.239  8.262], Mask 1
Type: C, Coords [ 0.284 29.032  9.428], Mask 1
Type: C, Coords [ 1.218 28.425 10.457], Mask 1
Type: N, Coords [ 2.382 28.348  9.861], Mask 1
Type: N, Coords [ 0.913 28.039 11.724], Mask 1
Type: N, Coords [-0.258 30.311  9.903], Mask 1
Type: C, Coords [-0.233 31.322  8.838], Mask 1
Type: C, Coords [-0.666 32.675  9.407], Mask 1
Type: C, Coords [-2.078 32.552  9.986], Mask 1
Type: C, Coords [-2.087 31.46  11.059], Mask 1
Type: C, Coords [-1.613 30.142 10.443], Mask 1
Type: C, Coords [-1.601 29.052 11.517], Mask 1
Type: C, Coords [-2.858 28.189 11.382], Mask 1
Type: O, Coords [-4.001 29.034 11.236], Mask 1
Designing protein from this path: /home/tedeschg/prj/protein-perturbation/data/cdk2/03.complexes_dude/decoys_53_ZINC66732945_best_CNNaffinity.pdb
These residues will be redesigned:  ['A1', 'A2', 'A3', 'A4', 'A5', 'A6', 'A7', 'A8', 'A9', 'A10', 'A11', 'A12', 'A15', 'A16', 'A17', 'A18', 'A19', 'A20', 'A21', 'A22', 'A23', 'A24', 'A25', 'A26', 'A27', 'A28', 'A29', 'A30', 'A31', 'A32', 'A33', 'A34', 'A35', 'A44', 'A45', 'A46', 'A47', 'A48', 'A49', 'A50', 'A51', 'A52', 'A53', 'A54', 'A55', 'A56', 'A57', 'A58', 'A59', 'A60', 'A61', 'A62', 'A63', 'A64', 'A65', 'A66', 'A67', 'A68', 'A69', 'A70', 'A71', 'A72', 'A73', 'A74', 'A75', 'A76', 'A77', 'A78', 'A79', 'A80', 'A81', 'A82', 'A83', 'A84', 'A85', 'A86', 'A87', 'A88', 'A89', 'A90', 'A91', 'A92', 'A93', 'A94', 'A95', 'A96', 'A97', 'A98', 'A99', 'A100', 'A101', 'A102', 'A103', 'A104', 'A105', 'A106', 'A107', 'A108', 'A109', 'A110', 'A111', 'A112', 'A113', 'A114', 'A115', 'A116', 'A117', 'A118', 'A119', 'A120', 'A121', 'A122', 'A123', 'A124', 'A125', 'A126', 'A127', 'A128', 'A129', 'A130', 'A131', 'A132', 'A133', 'A134', 'A135', 'A136', 'A137', 'A138', 'A139', 'A140', 'A141', 'A142', 'A143', 'A144', 'A145', 'A146', 'A147', 'A148', 'A149', 'A150', 'A151', 'A162', 'A163', 'A164', 'A165', 'A166', 'A167', 'A168', 'A169', 'A170', 'A171', 'A172', 'A173', 'A174', 'A175', 'A176', 'A177', 'A178', 'A179', 'A180', 'A181', 'A182', 'A183', 'A184', 'A185', 'A186', 'A187', 'A188', 'A189', 'A190', 'A191', 'A192', 'A193', 'A194', 'A195', 'A196', 'A197', 'A198', 'A199', 'A200', 'A201', 'A202', 'A203', 'A204', 'A205', 'A206', 'A207', 'A208', 'A209', 'A210', 'A211', 'A212', 'A213', 'A214', 'A215', 'A216', 'A217', 'A218', 'A219', 'A220', 'A221', 'A222', 'A223', 'A224', 'A225', 'A226', 'A227', 'A228', 'A229', 'A230', 'A231', 'A232', 'A233', 'A234', 'A235', 'A236', 'A237', 'A238', 'A239', 'A240', 'A241', 'A242', 'A243', 'A244', 'A245', 'A246', 'A247', 'A248', 'A249', 'A250', 'A251', 'A252', 'A253', 'A254', 'A255', 'A256', 'A257', 'A258', 'A259', 'A260', 'A261', 'A262', 'A263', 'A264', 'A265', 'A266', 'A267', 'A268', 'A269', 'A270', 'A271', 'A272', 'A273', 'A274', 'A275', 'A276', 'A277', 'A278', 'A279', 'A280', 'A281', 'A282', 'A283', 'A284', 'A285', 'A286', 'A287', 'A288', 'A289', 'A290', 'A291', 'A292', 'A293', 'A294', 'A295', 'A296', 'A297', 'A298']
These residues will be fixed:  []
The number of ligand atoms parsed is equal to: 29
Type: N, Coords [ 0.199 31.425  8.513], Mask 1
Type: C, Coords [ 0.081 30.291  9.293], Mask 1
Type: C, Coords [ 1.097 29.318  9.222], Mask 1
Type: C, Coords [ 1.004 28.167  9.996], Mask 1
Type: C, Coords [-0.115 28.027 10.826], Mask 1
Type: C, Coords [-1.082 29.038 10.841], Mask 1
Type: N, Coords [-0.959 30.114 10.093], Mask 1
Type: C, Coords [ 2.236 29.557  8.319], Mask 1
Type: O, Coords [ 3.138 28.747  8.222], Mask 1
Type: N, Coords [ 2.251 30.701  7.6  ], Mask 1
Type: C, Coords [ 1.255 31.595  7.7  ], Mask 1
Type: O, Coords [ 1.312 32.606  7.029], Mask 1
Type: C, Coords [-0.273 26.829 11.673], Mask 1
Type: O, Coords [-1.254 26.71  12.381], Mask 1
Type: N, Coords [ 0.67  25.866 11.661], Mask 1
Type: C, Coords [ 1.883 26.02  10.847], Mask 1
Type: C, Coords [ 2.136 24.689 10.126], Mask 1
Type: C, Coords [ 2.406 23.605 11.17 ], Mask 1
Type: C, Coords [ 1.321 23.598 12.215], Mask 1
Type: C, Coords [ 0.512 24.704 12.428], Mask 1
Type: C, Coords [-0.474 24.669 13.408], Mask 1
Type: C, Coords [-0.648 23.532 14.172], Mask 1
Type: C, Coords [ 0.16  22.43  13.962], Mask 1
Type: C, Coords [ 1.137 22.46  12.981], Mask 1
Type: C, Coords [ 2.015 21.255 12.758], Mask 1
Type: C, Coords [-1.716 23.494 15.234], Mask 1
Type: C, Coords [-0.844 32.453  8.569], Mask 1
Type: C, Coords [-1.947 33.132 10.705], Mask 1
Type: C, Coords [-1.891 32.061  9.613], Mask 1
Designing protein from this path: /home/tedeschg/prj/protein-perturbation/data/cdk2/03.complexes_dude/decoys_54_ZINC13550346_best_CNNaffinity.pdb
These residues will be redesigned:  ['A1', 'A2', 'A3', 'A4', 'A5', 'A6', 'A7', 'A8', 'A9', 'A10', 'A11', 'A12', 'A15', 'A16', 'A17', 'A18', 'A19', 'A20', 'A21', 'A22', 'A23', 'A24', 'A25', 'A26', 'A27', 'A28', 'A29', 'A30', 'A31', 'A32', 'A33', 'A34', 'A35', 'A44', 'A45', 'A46', 'A47', 'A48', 'A49', 'A50', 'A51', 'A52', 'A53', 'A54', 'A55', 'A56', 'A57', 'A58', 'A59', 'A60', 'A61', 'A62', 'A63', 'A64', 'A65', 'A66', 'A67', 'A68', 'A69', 'A70', 'A71', 'A72', 'A73', 'A74', 'A75', 'A76', 'A77', 'A78', 'A79', 'A80', 'A81', 'A82', 'A83', 'A84', 'A85', 'A86', 'A87', 'A88', 'A89', 'A90', 'A91', 'A92', 'A93', 'A94', 'A95', 'A96', 'A97', 'A98', 'A99', 'A100', 'A101', 'A102', 'A103', 'A104', 'A105', 'A106', 'A107', 'A108', 'A109', 'A110', 'A111', 'A112', 'A113', 'A114', 'A115', 'A116', 'A117', 'A118', 'A119', 'A120', 'A121', 'A122', 'A123', 'A124', 'A125', 'A126', 'A127', 'A128', 'A129', 'A130', 'A131', 'A132', 'A133', 'A134', 'A135', 'A136', 'A137', 'A138', 'A139', 'A140', 'A141', 'A142', 'A143', 'A144', 'A145', 'A146', 'A147', 'A148', 'A149', 'A150', 'A151', 'A162', 'A163', 'A164', 'A165', 'A166', 'A167', 'A168', 'A169', 'A170', 'A171', 'A172', 'A173', 'A174', 'A175', 'A176', 'A177', 'A178', 'A179', 'A180', 'A181', 'A182', 'A183', 'A184', 'A185', 'A186', 'A187', 'A188', 'A189', 'A190', 'A191', 'A192', 'A193', 'A194', 'A195', 'A196', 'A197', 'A198', 'A199', 'A200', 'A201', 'A202', 'A203', 'A204', 'A205', 'A206', 'A207', 'A208', 'A209', 'A210', 'A211', 'A212', 'A213', 'A214', 'A215', 'A216', 'A217', 'A218', 'A219', 'A220', 'A221', 'A222', 'A223', 'A224', 'A225', 'A226', 'A227', 'A228', 'A229', 'A230', 'A231', 'A232', 'A233', 'A234', 'A235', 'A236', 'A237', 'A238', 'A239', 'A240', 'A241', 'A242', 'A243', 'A244', 'A245', 'A246', 'A247', 'A248', 'A249', 'A250', 'A251', 'A252', 'A253', 'A254', 'A255', 'A256', 'A257', 'A258', 'A259', 'A260', 'A261', 'A262', 'A263', 'A264', 'A265', 'A266', 'A267', 'A268', 'A269', 'A270', 'A271', 'A272', 'A273', 'A274', 'A275', 'A276', 'A277', 'A278', 'A279', 'A280', 'A281', 'A282', 'A283', 'A284', 'A285', 'A286', 'A287', 'A288', 'A289', 'A290', 'A291', 'A292', 'A293', 'A294', 'A295', 'A296', 'A297', 'A298']
These residues will be fixed:  []
The number of ligand atoms parsed is equal to: 30
Type: C, Coords [ 3.339 25.408  9.407], Mask 1
Type: C, Coords [ 3.583 26.576  8.487], Mask 1
Type: C, Coords [ 4.197 26.384  7.172], Mask 1
Type: C, Coords [ 4.574 25.109  6.733], Mask 1
Type: C, Coords [ 5.144 24.957  5.502], Mask 1
Type: C, Coords [ 5.353 26.064  4.679], Mask 1
Type: C, Coords [ 4.986 27.331  5.098], Mask 1
Type: C, Coords [ 4.405 27.503  6.346], Mask 1
Type: O, Coords [ 4.038 28.731  6.773], Mask 1
Type: C, Coords [ 3.475 28.915  7.977], Mask 1
Type: O, Coords [ 3.161 30.04   8.32 ], Mask 1
Type: C, Coords [ 3.233 27.837  8.854], Mask 1
Type: CL, Coords [ 5.612 23.376  4.957], Mask 1
Type: C, Coords [ 2.594 28.084 10.196], Mask 1
Type: C, Coords [ 1.194 27.526 10.195], Mask 1
Type: O, Coords [ 0.99  26.398 10.591], Mask 1
Type: N, Coords [ 0.168 28.281  9.755], Mask 1
Type: C, Coords [-1.206 27.756  9.752], Mask 1
Type: C, Coords [-2.061 28.583 10.721], Mask 1
Type: C, Coords [-1.77  30.044 10.499], Mask 1
Type: C, Coords [-0.683 30.526  9.859], Mask 1
Type: N, Coords [-0.759 31.859  9.857], Mask 1
Type: C, Coords [-1.855 32.226 10.468], Mask 1
Type: N, Coords [-2.514 31.119 10.883], Mask 1
Type: C, Coords [ 0.394 29.654  9.27 ], Mask 1
Type: O, Coords [ 5.922 25.897  3.458], Mask 1
Type: C, Coords [ 7.317 26.183  3.348], Mask 1
Type: C, Coords [ 7.519 27.355  2.423], Mask 1
Type: C, Coords [ 6.529 27.776  1.674], Mask 1
Type: C, Coords [ 8.857 28.044  2.359], Mask 1
Designing protein from this path: /home/tedeschg/prj/protein-perturbation/data/cdk2/03.complexes_dude/decoys_55_ZINC14232991_best_CNNaffinity.pdb
These residues will be redesigned:  ['A1', 'A2', 'A3', 'A4', 'A5', 'A6', 'A7', 'A8', 'A9', 'A10', 'A11', 'A12', 'A15', 'A16', 'A17', 'A18', 'A19', 'A20', 'A21', 'A22', 'A23', 'A24', 'A25', 'A26', 'A27', 'A28', 'A29', 'A30', 'A31', 'A32', 'A33', 'A34', 'A35', 'A44', 'A45', 'A46', 'A47', 'A48', 'A49', 'A50', 'A51', 'A52', 'A53', 'A54', 'A55', 'A56', 'A57', 'A58', 'A59', 'A60', 'A61', 'A62', 'A63', 'A64', 'A65', 'A66', 'A67', 'A68', 'A69', 'A70', 'A71', 'A72', 'A73', 'A74', 'A75', 'A76', 'A77', 'A78', 'A79', 'A80', 'A81', 'A82', 'A83', 'A84', 'A85', 'A86', 'A87', 'A88', 'A89', 'A90', 'A91', 'A92', 'A93', 'A94', 'A95', 'A96', 'A97', 'A98', 'A99', 'A100', 'A101', 'A102', 'A103', 'A104', 'A105', 'A106', 'A107', 'A108', 'A109', 'A110', 'A111', 'A112', 'A113', 'A114', 'A115', 'A116', 'A117', 'A118', 'A119', 'A120', 'A121', 'A122', 'A123', 'A124', 'A125', 'A126', 'A127', 'A128', 'A129', 'A130', 'A131', 'A132', 'A133', 'A134', 'A135', 'A136', 'A137', 'A138', 'A139', 'A140', 'A141', 'A142', 'A143', 'A144', 'A145', 'A146', 'A147', 'A148', 'A149', 'A150', 'A151', 'A162', 'A163', 'A164', 'A165', 'A166', 'A167', 'A168', 'A169', 'A170', 'A171', 'A172', 'A173', 'A174', 'A175', 'A176', 'A177', 'A178', 'A179', 'A180', 'A181', 'A182', 'A183', 'A184', 'A185', 'A186', 'A187', 'A188', 'A189', 'A190', 'A191', 'A192', 'A193', 'A194', 'A195', 'A196', 'A197', 'A198', 'A199', 'A200', 'A201', 'A202', 'A203', 'A204', 'A205', 'A206', 'A207', 'A208', 'A209', 'A210', 'A211', 'A212', 'A213', 'A214', 'A215', 'A216', 'A217', 'A218', 'A219', 'A220', 'A221', 'A222', 'A223', 'A224', 'A225', 'A226', 'A227', 'A228', 'A229', 'A230', 'A231', 'A232', 'A233', 'A234', 'A235', 'A236', 'A237', 'A238', 'A239', 'A240', 'A241', 'A242', 'A243', 'A244', 'A245', 'A246', 'A247', 'A248', 'A249', 'A250', 'A251', 'A252', 'A253', 'A254', 'A255', 'A256', 'A257', 'A258', 'A259', 'A260', 'A261', 'A262', 'A263', 'A264', 'A265', 'A266', 'A267', 'A268', 'A269', 'A270', 'A271', 'A272', 'A273', 'A274', 'A275', 'A276', 'A277', 'A278', 'A279', 'A280', 'A281', 'A282', 'A283', 'A284', 'A285', 'A286', 'A287', 'A288', 'A289', 'A290', 'A291', 'A292', 'A293', 'A294', 'A295', 'A296', 'A297', 'A298']
These residues will be fixed:  []
The number of ligand atoms parsed is equal to: 32
Type: C, Coords [-2.045 28.773 10.841], Mask 1
Type: O, Coords [-1.829 28.718  9.649], Mask 1
Type: N, Coords [-1.664 29.858 11.544], Mask 1
Type: C, Coords [-2.738 27.63  11.536], Mask 1
Type: C, Coords [ 2.523 21.772 12.957], Mask 1
Type: C, Coords [ 1.462 22.54  12.166], Mask 1
Type: C, Coords [ 0.17  22.612 12.983], Mask 1
Type: C, Coords [-0.895 23.369 12.186], Mask 1
Type: C, Coords [-0.394 24.774 11.871], Mask 1
Type: C, Coords [ 0.907 24.719 11.078], Mask 1
Type: C, Coords [ 1.964 23.956 11.879], Mask 1
Type: C, Coords [-1.444 25.549 11.107], Mask 1
Type: O, Coords [-1.91  25.278 10.021], Mask 1
Type: N, Coords [-1.753 26.604 11.889], Mask 1
Type: C, Coords [-1.044 26.601 13.024], Mask 1
Type: O, Coords [-1.144 27.452 13.886], Mask 1
Type: N, Coords [-0.211 25.546 13.107], Mask 1
Type: C, Coords [-0.99  30.97  10.869], Mask 1
Type: C, Coords [-1.7000e-02  3.0426e+01  9.8550e+00], Mask 1
Type: C, Coords [ 0.086 31.019  8.611], Mask 1
Type: C, Coords [ 0.977 30.526  7.675], Mask 1
Type: C, Coords [ 1.767 29.433  7.989], Mask 1
Type: C, Coords [ 1.664 28.837  9.238], Mask 1
Type: C, Coords [ 0.776 29.338 10.175], Mask 1
Type: O, Coords [ 2.447 27.761  9.539], Mask 1
Type: C, Coords [ 3.847 28.021  9.661], Mask 1
Type: C, Coords [ 4.522 27.991  8.299], Mask 1
Type: C, Coords [ 4.033 29.105  7.386], Mask 1
Type: O, Coords [ 2.649 28.935  7.075], Mask 1
Type: C, Coords [-2.029 31.842 10.162], Mask 1
Type: C, Coords [-3.404 31.178 10.261], Mask 1
Type: C, Coords [-2.078 33.218 10.828], Mask 1
Designing protein from this path: /home/tedeschg/prj/protein-perturbation/data/cdk2/03.complexes_dude/decoys_56_ZINC38613236_best_CNNaffinity.pdb
These residues will be redesigned:  ['A1', 'A2', 'A3', 'A4', 'A5', 'A6', 'A7', 'A8', 'A9', 'A10', 'A11', 'A12', 'A15', 'A16', 'A17', 'A18', 'A19', 'A20', 'A21', 'A22', 'A23', 'A24', 'A25', 'A26', 'A27', 'A28', 'A29', 'A30', 'A31', 'A32', 'A33', 'A34', 'A35', 'A44', 'A45', 'A46', 'A47', 'A48', 'A49', 'A50', 'A51', 'A52', 'A53', 'A54', 'A55', 'A56', 'A57', 'A58', 'A59', 'A60', 'A61', 'A62', 'A63', 'A64', 'A65', 'A66', 'A67', 'A68', 'A69', 'A70', 'A71', 'A72', 'A73', 'A74', 'A75', 'A76', 'A77', 'A78', 'A79', 'A80', 'A81', 'A82', 'A83', 'A84', 'A85', 'A86', 'A87', 'A88', 'A89', 'A90', 'A91', 'A92', 'A93', 'A94', 'A95', 'A96', 'A97', 'A98', 'A99', 'A100', 'A101', 'A102', 'A103', 'A104', 'A105', 'A106', 'A107', 'A108', 'A109', 'A110', 'A111', 'A112', 'A113', 'A114', 'A115', 'A116', 'A117', 'A118', 'A119', 'A120', 'A121', 'A122', 'A123', 'A124', 'A125', 'A126', 'A127', 'A128', 'A129', 'A130', 'A131', 'A132', 'A133', 'A134', 'A135', 'A136', 'A137', 'A138', 'A139', 'A140', 'A141', 'A142', 'A143', 'A144', 'A145', 'A146', 'A147', 'A148', 'A149', 'A150', 'A151', 'A162', 'A163', 'A164', 'A165', 'A166', 'A167', 'A168', 'A169', 'A170', 'A171', 'A172', 'A173', 'A174', 'A175', 'A176', 'A177', 'A178', 'A179', 'A180', 'A181', 'A182', 'A183', 'A184', 'A185', 'A186', 'A187', 'A188', 'A189', 'A190', 'A191', 'A192', 'A193', 'A194', 'A195', 'A196', 'A197', 'A198', 'A199', 'A200', 'A201', 'A202', 'A203', 'A204', 'A205', 'A206', 'A207', 'A208', 'A209', 'A210', 'A211', 'A212', 'A213', 'A214', 'A215', 'A216', 'A217', 'A218', 'A219', 'A220', 'A221', 'A222', 'A223', 'A224', 'A225', 'A226', 'A227', 'A228', 'A229', 'A230', 'A231', 'A232', 'A233', 'A234', 'A235', 'A236', 'A237', 'A238', 'A239', 'A240', 'A241', 'A242', 'A243', 'A244', 'A245', 'A246', 'A247', 'A248', 'A249', 'A250', 'A251', 'A252', 'A253', 'A254', 'A255', 'A256', 'A257', 'A258', 'A259', 'A260', 'A261', 'A262', 'A263', 'A264', 'A265', 'A266', 'A267', 'A268', 'A269', 'A270', 'A271', 'A272', 'A273', 'A274', 'A275', 'A276', 'A277', 'A278', 'A279', 'A280', 'A281', 'A282', 'A283', 'A284', 'A285', 'A286', 'A287', 'A288', 'A289', 'A290', 'A291', 'A292', 'A293', 'A294', 'A295', 'A296', 'A297', 'A298']
These residues will be fixed:  []
The number of ligand atoms parsed is equal to: 23
Type: C, Coords [-0.705 27.217 11.701], Mask 1
Type: O, Coords [-1.143 26.136 11.371], Mask 1
Type: N, Coords [ 0.617 27.464 11.614], Mask 1
Type: C, Coords [-2.165 30.125 11.026], Mask 1
Type: C, Coords [-2.494 28.833 11.081], Mask 1
Type: C, Coords [-1.639 28.285 12.21 ], Mask 1
Type: N, Coords [-0.887 29.469 12.66 ], Mask 1
Type: N, Coords [-1.232 30.422 11.957], Mask 1
Type: C, Coords [-1.95  32.419 10.111], Mask 1
Type: C, Coords [-2.75  31.116 10.053], Mask 1
Type: C, Coords [-2.685 30.54   8.637], Mask 1
Type: N, Coords [ 1.485 26.472 11.141], Mask 1
Type: C, Coords [ 2.099 26.633 10.009], Mask 1
Type: C, Coords [ 2.884 25.494  9.409], Mask 1
Type: C, Coords [ 2.029 27.929  9.31 ], Mask 1
Type: C, Coords [ 0.81  28.602  9.199], Mask 1
Type: C, Coords [ 0.752 29.814  8.544], Mask 1
Type: C, Coords [ 1.897 30.364  7.996], Mask 1
Type: C, Coords [ 3.108 29.703  8.101], Mask 1
Type: C, Coords [ 3.183 28.493  8.76 ], Mask 1
Type: N, Coords [ 1.827 31.665  7.294], Mask 1
Type: O, Coords [ 2.092 32.686  7.885], Mask 1
Type: O, Coords [ 1.504 31.707  6.13 ], Mask 1
Designing protein from this path: /home/tedeschg/prj/protein-perturbation/data/cdk2/03.complexes_dude/decoys_58_ZINC10315666_best_CNNaffinity.pdb
These residues will be redesigned:  ['A1', 'A2', 'A3', 'A4', 'A5', 'A6', 'A7', 'A8', 'A9', 'A10', 'A11', 'A12', 'A15', 'A16', 'A17', 'A18', 'A19', 'A20', 'A21', 'A22', 'A23', 'A24', 'A25', 'A26', 'A27', 'A28', 'A29', 'A30', 'A31', 'A32', 'A33', 'A34', 'A35', 'A44', 'A45', 'A46', 'A47', 'A48', 'A49', 'A50', 'A51', 'A52', 'A53', 'A54', 'A55', 'A56', 'A57', 'A58', 'A59', 'A60', 'A61', 'A62', 'A63', 'A64', 'A65', 'A66', 'A67', 'A68', 'A69', 'A70', 'A71', 'A72', 'A73', 'A74', 'A75', 'A76', 'A77', 'A78', 'A79', 'A80', 'A81', 'A82', 'A83', 'A84', 'A85', 'A86', 'A87', 'A88', 'A89', 'A90', 'A91', 'A92', 'A93', 'A94', 'A95', 'A96', 'A97', 'A98', 'A99', 'A100', 'A101', 'A102', 'A103', 'A104', 'A105', 'A106', 'A107', 'A108', 'A109', 'A110', 'A111', 'A112', 'A113', 'A114', 'A115', 'A116', 'A117', 'A118', 'A119', 'A120', 'A121', 'A122', 'A123', 'A124', 'A125', 'A126', 'A127', 'A128', 'A129', 'A130', 'A131', 'A132', 'A133', 'A134', 'A135', 'A136', 'A137', 'A138', 'A139', 'A140', 'A141', 'A142', 'A143', 'A144', 'A145', 'A146', 'A147', 'A148', 'A149', 'A150', 'A151', 'A162', 'A163', 'A164', 'A165', 'A166', 'A167', 'A168', 'A169', 'A170', 'A171', 'A172', 'A173', 'A174', 'A175', 'A176', 'A177', 'A178', 'A179', 'A180', 'A181', 'A182', 'A183', 'A184', 'A185', 'A186', 'A187', 'A188', 'A189', 'A190', 'A191', 'A192', 'A193', 'A194', 'A195', 'A196', 'A197', 'A198', 'A199', 'A200', 'A201', 'A202', 'A203', 'A204', 'A205', 'A206', 'A207', 'A208', 'A209', 'A210', 'A211', 'A212', 'A213', 'A214', 'A215', 'A216', 'A217', 'A218', 'A219', 'A220', 'A221', 'A222', 'A223', 'A224', 'A225', 'A226', 'A227', 'A228', 'A229', 'A230', 'A231', 'A232', 'A233', 'A234', 'A235', 'A236', 'A237', 'A238', 'A239', 'A240', 'A241', 'A242', 'A243', 'A244', 'A245', 'A246', 'A247', 'A248', 'A249', 'A250', 'A251', 'A252', 'A253', 'A254', 'A255', 'A256', 'A257', 'A258', 'A259', 'A260', 'A261', 'A262', 'A263', 'A264', 'A265', 'A266', 'A267', 'A268', 'A269', 'A270', 'A271', 'A272', 'A273', 'A274', 'A275', 'A276', 'A277', 'A278', 'A279', 'A280', 'A281', 'A282', 'A283', 'A284', 'A285', 'A286', 'A287', 'A288', 'A289', 'A290', 'A291', 'A292', 'A293', 'A294', 'A295', 'A296', 'A297', 'A298']
These residues will be fixed:  []
The number of ligand atoms parsed is equal to: 35
Type: C, Coords [ 3.567 27.843  8.878], Mask 1
Type: C, Coords [ 3.199 26.413  9.177], Mask 1
Type: C, Coords [ 2.167 26.027  9.944], Mask 1
Type: C, Coords [ 2.175 24.562  9.966], Mask 1
Type: C, Coords [ 1.371 23.596 10.575], Mask 1
Type: C, Coords [ 1.648 22.271 10.395], Mask 1
Type: C, Coords [ 2.727 21.876  9.616], Mask 1
Type: C, Coords [ 3.53  22.811  9.001], Mask 1
Type: C, Coords [ 3.265 24.167  9.17 ], Mask 1
Type: N, Coords [ 3.867 25.315  8.706], Mask 1
Type: C, Coords [ 5.046 25.356  7.838], Mask 1
Type: C, Coords [ 4.638 25.799  6.457], Mask 1
Type: C, Coords [ 4.581 27.146  6.152], Mask 1
Type: C, Coords [ 4.212 27.553  4.884], Mask 1
Type: C, Coords [ 3.889 26.612  3.922], Mask 1
Type: C, Coords [ 3.94  25.265  4.228], Mask 1
Type: C, Coords [ 4.315 24.858  5.496], Mask 1
Type: CL, Coords [ 4.379 23.166  5.881], Mask 1
Type: CL, Coords [ 3.418 27.124  2.331], Mask 1
Type: C, Coords [ 1.187 26.929 10.649], Mask 1
Type: N, Coords [ 0.951 26.415 12.011], Mask 1
Type: C, Coords [-0.49  26.442 12.326], Mask 1
Type: C, Coords [-0.876 27.849 12.788], Mask 1
Type: S, Coords [-0.195 29.07  11.639], Mask 1
Type: C, Coords [-1.672 29.577 10.822], Mask 1
Type: N, Coords [-2.905 29.34  11.216], Mask 1
Type: N, Coords [-3.746 29.85  10.391], Mask 1
Type: N, Coords [-3.129 30.441  9.426], Mask 1
Type: N, Coords [-1.752 30.291  9.671], Mask 1
Type: C, Coords [-0.691 30.773  8.891], Mask 1
Type: C, Coords [-0.455 32.139  8.807], Mask 1
Type: C, Coords [ 0.594 32.611  8.043], Mask 1
Type: C, Coords [ 1.402 31.725  7.353], Mask 1
Type: C, Coords [ 1.166 30.365  7.431], Mask 1
Type: C, Coords [ 0.122 29.887  8.198], Mask 1
Designing protein from this path: /home/tedeschg/prj/protein-perturbation/data/cdk2/03.complexes_dude/decoys_59_ZINC16026456_best_CNNaffinity.pdb
These residues will be redesigned:  ['A1', 'A2', 'A3', 'A4', 'A5', 'A6', 'A7', 'A8', 'A9', 'A10', 'A11', 'A12', 'A15', 'A16', 'A17', 'A18', 'A19', 'A20', 'A21', 'A22', 'A23', 'A24', 'A25', 'A26', 'A27', 'A28', 'A29', 'A30', 'A31', 'A32', 'A33', 'A34', 'A35', 'A44', 'A45', 'A46', 'A47', 'A48', 'A49', 'A50', 'A51', 'A52', 'A53', 'A54', 'A55', 'A56', 'A57', 'A58', 'A59', 'A60', 'A61', 'A62', 'A63', 'A64', 'A65', 'A66', 'A67', 'A68', 'A69', 'A70', 'A71', 'A72', 'A73', 'A74', 'A75', 'A76', 'A77', 'A78', 'A79', 'A80', 'A81', 'A82', 'A83', 'A84', 'A85', 'A86', 'A87', 'A88', 'A89', 'A90', 'A91', 'A92', 'A93', 'A94', 'A95', 'A96', 'A97', 'A98', 'A99', 'A100', 'A101', 'A102', 'A103', 'A104', 'A105', 'A106', 'A107', 'A108', 'A109', 'A110', 'A111', 'A112', 'A113', 'A114', 'A115', 'A116', 'A117', 'A118', 'A119', 'A120', 'A121', 'A122', 'A123', 'A124', 'A125', 'A126', 'A127', 'A128', 'A129', 'A130', 'A131', 'A132', 'A133', 'A134', 'A135', 'A136', 'A137', 'A138', 'A139', 'A140', 'A141', 'A142', 'A143', 'A144', 'A145', 'A146', 'A147', 'A148', 'A149', 'A150', 'A151', 'A162', 'A163', 'A164', 'A165', 'A166', 'A167', 'A168', 'A169', 'A170', 'A171', 'A172', 'A173', 'A174', 'A175', 'A176', 'A177', 'A178', 'A179', 'A180', 'A181', 'A182', 'A183', 'A184', 'A185', 'A186', 'A187', 'A188', 'A189', 'A190', 'A191', 'A192', 'A193', 'A194', 'A195', 'A196', 'A197', 'A198', 'A199', 'A200', 'A201', 'A202', 'A203', 'A204', 'A205', 'A206', 'A207', 'A208', 'A209', 'A210', 'A211', 'A212', 'A213', 'A214', 'A215', 'A216', 'A217', 'A218', 'A219', 'A220', 'A221', 'A222', 'A223', 'A224', 'A225', 'A226', 'A227', 'A228', 'A229', 'A230', 'A231', 'A232', 'A233', 'A234', 'A235', 'A236', 'A237', 'A238', 'A239', 'A240', 'A241', 'A242', 'A243', 'A244', 'A245', 'A246', 'A247', 'A248', 'A249', 'A250', 'A251', 'A252', 'A253', 'A254', 'A255', 'A256', 'A257', 'A258', 'A259', 'A260', 'A261', 'A262', 'A263', 'A264', 'A265', 'A266', 'A267', 'A268', 'A269', 'A270', 'A271', 'A272', 'A273', 'A274', 'A275', 'A276', 'A277', 'A278', 'A279', 'A280', 'A281', 'A282', 'A283', 'A284', 'A285', 'A286', 'A287', 'A288', 'A289', 'A290', 'A291', 'A292', 'A293', 'A294', 'A295', 'A296', 'A297', 'A298']
These residues will be fixed:  []
The number of ligand atoms parsed is equal to: 27
Type: N, Coords [-1.286 30.851  8.687], Mask 1
Type: C, Coords [-0.033 30.719  8.16 ], Mask 1
Type: O, Coords [ 0.52  31.475  7.39 ], Mask 1
Type: C, Coords [ 0.519 29.442  8.733], Mask 1
Type: C, Coords [ 1.972 29.408  9.222], Mask 1
Type: N, Coords [ 1.903 28.478 10.398], Mask 1
Type: C, Coords [ 0.515 28.561 10.949], Mask 1
Type: C, Coords [-0.167 29.592 10.15 ], Mask 1
Type: C, Coords [-1.487 30.052  9.785], Mask 1
Type: O, Coords [-2.539 29.789 10.328], Mask 1
Type: C, Coords [-0.141 27.207 10.86 ], Mask 1
Type: C, Coords [-0.485 26.394  9.804], Mask 1
Type: C, Coords [-1.094 25.174 10.04 ], Mask 1
Type: C, Coords [-1.354 24.774 11.338], Mask 1
Type: C, Coords [-1.008 25.585 12.399], Mask 1
Type: C, Coords [-0.396 26.815 12.17 ], Mask 1
Type: N, Coords [ 0.042 27.796 13.061], Mask 1
Type: C, Coords [ 0.588 28.85  12.429], Mask 1
Type: O, Coords [ 1.05  29.844 12.949], Mask 1
Type: C, Coords [-2.305 31.752  8.142], Mask 1
Type: C, Coords [-4.511 30.879  7.564], Mask 1
Type: C, Coords [-3.675 31.24   8.506], Mask 1
Type: C, Coords [ 2.897 28.85   8.138], Mask 1
Type: C, Coords [ 4.098 28.167  8.794], Mask 1
Type: C, Coords [ 5.091 27.77   7.732], Mask 1
Type: O, Coords [ 6.006 27.022  8.007], Mask 1
Type: N, Coords [ 4.964 28.246  6.478], Mask 1
Designing protein from this path: /home/tedeschg/prj/protein-perturbation/data/cdk2/03.complexes_dude/decoys_60_ZINC39676264_best_CNNaffinity.pdb
These residues will be redesigned:  ['A1', 'A2', 'A3', 'A4', 'A5', 'A6', 'A7', 'A8', 'A9', 'A10', 'A11', 'A12', 'A15', 'A16', 'A17', 'A18', 'A19', 'A20', 'A21', 'A22', 'A23', 'A24', 'A25', 'A26', 'A27', 'A28', 'A29', 'A30', 'A31', 'A32', 'A33', 'A34', 'A35', 'A44', 'A45', 'A46', 'A47', 'A48', 'A49', 'A50', 'A51', 'A52', 'A53', 'A54', 'A55', 'A56', 'A57', 'A58', 'A59', 'A60', 'A61', 'A62', 'A63', 'A64', 'A65', 'A66', 'A67', 'A68', 'A69', 'A70', 'A71', 'A72', 'A73', 'A74', 'A75', 'A76', 'A77', 'A78', 'A79', 'A80', 'A81', 'A82', 'A83', 'A84', 'A85', 'A86', 'A87', 'A88', 'A89', 'A90', 'A91', 'A92', 'A93', 'A94', 'A95', 'A96', 'A97', 'A98', 'A99', 'A100', 'A101', 'A102', 'A103', 'A104', 'A105', 'A106', 'A107', 'A108', 'A109', 'A110', 'A111', 'A112', 'A113', 'A114', 'A115', 'A116', 'A117', 'A118', 'A119', 'A120', 'A121', 'A122', 'A123', 'A124', 'A125', 'A126', 'A127', 'A128', 'A129', 'A130', 'A131', 'A132', 'A133', 'A134', 'A135', 'A136', 'A137', 'A138', 'A139', 'A140', 'A141', 'A142', 'A143', 'A144', 'A145', 'A146', 'A147', 'A148', 'A149', 'A150', 'A151', 'A162', 'A163', 'A164', 'A165', 'A166', 'A167', 'A168', 'A169', 'A170', 'A171', 'A172', 'A173', 'A174', 'A175', 'A176', 'A177', 'A178', 'A179', 'A180', 'A181', 'A182', 'A183', 'A184', 'A185', 'A186', 'A187', 'A188', 'A189', 'A190', 'A191', 'A192', 'A193', 'A194', 'A195', 'A196', 'A197', 'A198', 'A199', 'A200', 'A201', 'A202', 'A203', 'A204', 'A205', 'A206', 'A207', 'A208', 'A209', 'A210', 'A211', 'A212', 'A213', 'A214', 'A215', 'A216', 'A217', 'A218', 'A219', 'A220', 'A221', 'A222', 'A223', 'A224', 'A225', 'A226', 'A227', 'A228', 'A229', 'A230', 'A231', 'A232', 'A233', 'A234', 'A235', 'A236', 'A237', 'A238', 'A239', 'A240', 'A241', 'A242', 'A243', 'A244', 'A245', 'A246', 'A247', 'A248', 'A249', 'A250', 'A251', 'A252', 'A253', 'A254', 'A255', 'A256', 'A257', 'A258', 'A259', 'A260', 'A261', 'A262', 'A263', 'A264', 'A265', 'A266', 'A267', 'A268', 'A269', 'A270', 'A271', 'A272', 'A273', 'A274', 'A275', 'A276', 'A277', 'A278', 'A279', 'A280', 'A281', 'A282', 'A283', 'A284', 'A285', 'A286', 'A287', 'A288', 'A289', 'A290', 'A291', 'A292', 'A293', 'A294', 'A295', 'A296', 'A297', 'A298']
These residues will be fixed:  []
The number of ligand atoms parsed is equal to: 36
Type: C, Coords [ 1.216 25.024 12.099], Mask 1
Type: C, Coords [ 1.2   23.494 11.888], Mask 1
Type: N, Coords [-2.2000e-02  2.3032e+01  1.2586e+01], Mask 1
Type: C, Coords [-1.033 24.075 12.288], Mask 1
Type: C, Coords [-0.252 25.402 12.36 ], Mask 1
Type: C, Coords [-0.749 26.365 11.286], Mask 1
Type: C, Coords [-2.192 26.771 11.6  ], Mask 1
Type: N, Coords [-2.247 27.409 12.921], Mask 1
Type: C, Coords [-1.856 26.447 13.958], Mask 1
Type: C, Coords [-0.399 26.026 13.744], Mask 1
Type: C, Coords [-0.18  21.916 13.326], Mask 1
Type: O, Coords [-1.253 21.674 13.837], Mask 1
Type: N, Coords [ 2.201 26.977 10.944], Mask 1
Type: C, Coords [ 1.724 25.719 10.862], Mask 1
Type: O, Coords [ 1.704 25.147  9.793], Mask 1
Type: C, Coords [ 2.695 27.653  9.741], Mask 1
Type: C, Coords [-1.709 32.277  9.484], Mask 1
Type: C, Coords [-1.879 31.511 10.63 ], Mask 1
Type: C, Coords [-1.042 30.452 10.901], Mask 1
Type: C, Coords [-1.0000e-02  3.0141e+01  1.0013e+01], Mask 1
Type: C, Coords [ 0.159 30.922  8.848], Mask 1
Type: C, Coords [-0.698 31.99   8.593], Mask 1
Type: C, Coords [ 1.255 30.569  7.934], Mask 1
Type: O, Coords [ 1.456 31.201  6.913], Mask 1
Type: N, Coords [ 2.033 29.514  8.272], Mask 1
Type: C, Coords [ 1.797 28.818  9.415], Mask 1
Type: N, Coords [ 0.837 29.106 10.241], Mask 1
Type: C, Coords [ 0.977 20.97  13.517], Mask 1
Type: O, Coords [ 1.256 20.303 12.284], Mask 1
Type: C, Coords [ 0.304 19.457 11.811], Mask 1
Type: C, Coords [-0.163 18.421 12.608], Mask 1
Type: C, Coords [-1.131 17.562 12.126], Mask 1
Type: C, Coords [-1.636 17.733 10.85 ], Mask 1
Type: C, Coords [-1.172 18.764 10.053], Mask 1
Type: C, Coords [-0.207 19.63  10.533], Mask 1
Type: CL, Coords [-1.807 18.976  8.451], Mask 1
Designing protein from this path: /home/tedeschg/prj/protein-perturbation/data/cdk2/03.complexes_dude/decoys_61_ZINC23281215_best_CNNaffinity.pdb
These residues will be redesigned:  ['A1', 'A2', 'A3', 'A4', 'A5', 'A6', 'A7', 'A8', 'A9', 'A10', 'A11', 'A12', 'A15', 'A16', 'A17', 'A18', 'A19', 'A20', 'A21', 'A22', 'A23', 'A24', 'A25', 'A26', 'A27', 'A28', 'A29', 'A30', 'A31', 'A32', 'A33', 'A34', 'A35', 'A44', 'A45', 'A46', 'A47', 'A48', 'A49', 'A50', 'A51', 'A52', 'A53', 'A54', 'A55', 'A56', 'A57', 'A58', 'A59', 'A60', 'A61', 'A62', 'A63', 'A64', 'A65', 'A66', 'A67', 'A68', 'A69', 'A70', 'A71', 'A72', 'A73', 'A74', 'A75', 'A76', 'A77', 'A78', 'A79', 'A80', 'A81', 'A82', 'A83', 'A84', 'A85', 'A86', 'A87', 'A88', 'A89', 'A90', 'A91', 'A92', 'A93', 'A94', 'A95', 'A96', 'A97', 'A98', 'A99', 'A100', 'A101', 'A102', 'A103', 'A104', 'A105', 'A106', 'A107', 'A108', 'A109', 'A110', 'A111', 'A112', 'A113', 'A114', 'A115', 'A116', 'A117', 'A118', 'A119', 'A120', 'A121', 'A122', 'A123', 'A124', 'A125', 'A126', 'A127', 'A128', 'A129', 'A130', 'A131', 'A132', 'A133', 'A134', 'A135', 'A136', 'A137', 'A138', 'A139', 'A140', 'A141', 'A142', 'A143', 'A144', 'A145', 'A146', 'A147', 'A148', 'A149', 'A150', 'A151', 'A162', 'A163', 'A164', 'A165', 'A166', 'A167', 'A168', 'A169', 'A170', 'A171', 'A172', 'A173', 'A174', 'A175', 'A176', 'A177', 'A178', 'A179', 'A180', 'A181', 'A182', 'A183', 'A184', 'A185', 'A186', 'A187', 'A188', 'A189', 'A190', 'A191', 'A192', 'A193', 'A194', 'A195', 'A196', 'A197', 'A198', 'A199', 'A200', 'A201', 'A202', 'A203', 'A204', 'A205', 'A206', 'A207', 'A208', 'A209', 'A210', 'A211', 'A212', 'A213', 'A214', 'A215', 'A216', 'A217', 'A218', 'A219', 'A220', 'A221', 'A222', 'A223', 'A224', 'A225', 'A226', 'A227', 'A228', 'A229', 'A230', 'A231', 'A232', 'A233', 'A234', 'A235', 'A236', 'A237', 'A238', 'A239', 'A240', 'A241', 'A242', 'A243', 'A244', 'A245', 'A246', 'A247', 'A248', 'A249', 'A250', 'A251', 'A252', 'A253', 'A254', 'A255', 'A256', 'A257', 'A258', 'A259', 'A260', 'A261', 'A262', 'A263', 'A264', 'A265', 'A266', 'A267', 'A268', 'A269', 'A270', 'A271', 'A272', 'A273', 'A274', 'A275', 'A276', 'A277', 'A278', 'A279', 'A280', 'A281', 'A282', 'A283', 'A284', 'A285', 'A286', 'A287', 'A288', 'A289', 'A290', 'A291', 'A292', 'A293', 'A294', 'A295', 'A296', 'A297', 'A298']
These residues will be fixed:  []
The number of ligand atoms parsed is equal to: 25
Type: C, Coords [-0.093 26.82   9.955], Mask 1
Type: O, Coords [-1.004 26.17   9.488], Mask 1
Type: N, Coords [-0.27  28.128 10.23 ], Mask 1
Type: C, Coords [ 1.238 26.166 10.227], Mask 1
Type: C, Coords [ 1.116 25.254 11.45 ], Mask 1
Type: S, Coords [ 2.482 27.441 10.548], Mask 1
Type: C, Coords [ 5.219 25.669  6.351], Mask 1
Type: C, Coords [ 4.548 26.571  7.355], Mask 1
Type: N, Coords [ 4.52  27.873  7.326], Mask 1
Type: N, Coords [ 3.861 28.323  8.334], Mask 1
Type: C, Coords [ 3.43  27.323  9.067], Mask 1
Type: N, Coords [ 3.85  26.173  8.462], Mask 1
Type: N, Coords [ 3.623 24.892  8.878], Mask 1
Type: C, Coords [-1.563 28.763  9.964], Mask 1
Type: C, Coords [-2.509 28.504 11.139], Mask 1
Type: C, Coords [-1.367 30.248  9.794], Mask 1
Type: C, Coords [-2.119 31.124 10.516], Mask 1
Type: C, Coords [-1.949 32.5   10.376], Mask 1
Type: C, Coords [-1.034 33.008  9.506], Mask 1
Type: C, Coords [-0.243 32.135  8.74 ], Mask 1
Type: C, Coords [-0.413 30.735  8.886], Mask 1
Type: C, Coords [ 0.379 29.862  8.12 ], Mask 1
Type: C, Coords [ 1.294 30.37   7.251], Mask 1
Type: C, Coords [ 1.461 31.747  7.108], Mask 1
Type: C, Coords [ 0.713 32.622  7.832], Mask 1
Designing protein from this path: /home/tedeschg/prj/protein-perturbation/data/cdk2/03.complexes_dude/decoys_62_ZINC06049249_best_CNNaffinity.pdb
These residues will be redesigned:  ['A1', 'A2', 'A3', 'A4', 'A5', 'A6', 'A7', 'A8', 'A9', 'A10', 'A11', 'A12', 'A15', 'A16', 'A17', 'A18', 'A19', 'A20', 'A21', 'A22', 'A23', 'A24', 'A25', 'A26', 'A27', 'A28', 'A29', 'A30', 'A31', 'A32', 'A33', 'A34', 'A35', 'A44', 'A45', 'A46', 'A47', 'A48', 'A49', 'A50', 'A51', 'A52', 'A53', 'A54', 'A55', 'A56', 'A57', 'A58', 'A59', 'A60', 'A61', 'A62', 'A63', 'A64', 'A65', 'A66', 'A67', 'A68', 'A69', 'A70', 'A71', 'A72', 'A73', 'A74', 'A75', 'A76', 'A77', 'A78', 'A79', 'A80', 'A81', 'A82', 'A83', 'A84', 'A85', 'A86', 'A87', 'A88', 'A89', 'A90', 'A91', 'A92', 'A93', 'A94', 'A95', 'A96', 'A97', 'A98', 'A99', 'A100', 'A101', 'A102', 'A103', 'A104', 'A105', 'A106', 'A107', 'A108', 'A109', 'A110', 'A111', 'A112', 'A113', 'A114', 'A115', 'A116', 'A117', 'A118', 'A119', 'A120', 'A121', 'A122', 'A123', 'A124', 'A125', 'A126', 'A127', 'A128', 'A129', 'A130', 'A131', 'A132', 'A133', 'A134', 'A135', 'A136', 'A137', 'A138', 'A139', 'A140', 'A141', 'A142', 'A143', 'A144', 'A145', 'A146', 'A147', 'A148', 'A149', 'A150', 'A151', 'A162', 'A163', 'A164', 'A165', 'A166', 'A167', 'A168', 'A169', 'A170', 'A171', 'A172', 'A173', 'A174', 'A175', 'A176', 'A177', 'A178', 'A179', 'A180', 'A181', 'A182', 'A183', 'A184', 'A185', 'A186', 'A187', 'A188', 'A189', 'A190', 'A191', 'A192', 'A193', 'A194', 'A195', 'A196', 'A197', 'A198', 'A199', 'A200', 'A201', 'A202', 'A203', 'A204', 'A205', 'A206', 'A207', 'A208', 'A209', 'A210', 'A211', 'A212', 'A213', 'A214', 'A215', 'A216', 'A217', 'A218', 'A219', 'A220', 'A221', 'A222', 'A223', 'A224', 'A225', 'A226', 'A227', 'A228', 'A229', 'A230', 'A231', 'A232', 'A233', 'A234', 'A235', 'A236', 'A237', 'A238', 'A239', 'A240', 'A241', 'A242', 'A243', 'A244', 'A245', 'A246', 'A247', 'A248', 'A249', 'A250', 'A251', 'A252', 'A253', 'A254', 'A255', 'A256', 'A257', 'A258', 'A259', 'A260', 'A261', 'A262', 'A263', 'A264', 'A265', 'A266', 'A267', 'A268', 'A269', 'A270', 'A271', 'A272', 'A273', 'A274', 'A275', 'A276', 'A277', 'A278', 'A279', 'A280', 'A281', 'A282', 'A283', 'A284', 'A285', 'A286', 'A287', 'A288', 'A289', 'A290', 'A291', 'A292', 'A293', 'A294', 'A295', 'A296', 'A297', 'A298']
These residues will be fixed:  []
The number of ligand atoms parsed is equal to: 23
Type: C, Coords [ 4.388 28.467  5.984], Mask 1
Type: N, Coords [ 6.014 26.651  5.566], Mask 1
Type: C, Coords [ 4.726 27.043  5.626], Mask 1
Type: O, Coords [ 3.84  26.25   5.391], Mask 1
Type: C, Coords [ 7.474 22.658  5.926], Mask 1
Type: C, Coords [ 5.963 22.868  5.808], Mask 1
Type: C, Coords [ 5.519 22.585  4.372], Mask 1
Type: C, Coords [ 6.243 23.537  3.417], Mask 1
Type: C, Coords [ 5.899 24.983  3.781], Mask 1
Type: C, Coords [ 6.343 25.266  5.218], Mask 1
Type: C, Coords [ 5.62  24.314  6.173], Mask 1
Type: C, Coords [ 6.064 24.598  7.609], Mask 1
Type: O, Coords [ 4.668 28.691  7.391], Mask 1
Type: C, Coords [ 3.652 28.503  8.255], Mask 1
Type: O, Coords [ 3.682 27.573  9.034], Mask 1
Type: C, Coords [ 2.497 29.433  8.254], Mask 1
Type: C, Coords [ 1.442 29.216  9.082], Mask 1
Type: C, Coords [ 0.318 30.16   9.042], Mask 1
Type: O, Coords [-0.649 30.001  9.763], Mask 1
Type: N, Coords [ 0.379 31.209  8.196], Mask 1
Type: C, Coords [ 1.447 31.378  7.397], Mask 1
Type: O, Coords [ 1.474 32.329  6.64 ], Mask 1
Type: N, Coords [ 2.484 30.525  7.413], Mask 1
Designing protein from this path: /home/tedeschg/prj/protein-perturbation/data/cdk2/03.complexes_dude/decoys_63_ZINC06631494_best_CNNaffinity.pdb
These residues will be redesigned:  ['A1', 'A2', 'A3', 'A4', 'A5', 'A6', 'A7', 'A8', 'A9', 'A10', 'A11', 'A12', 'A15', 'A16', 'A17', 'A18', 'A19', 'A20', 'A21', 'A22', 'A23', 'A24', 'A25', 'A26', 'A27', 'A28', 'A29', 'A30', 'A31', 'A32', 'A33', 'A34', 'A35', 'A44', 'A45', 'A46', 'A47', 'A48', 'A49', 'A50', 'A51', 'A52', 'A53', 'A54', 'A55', 'A56', 'A57', 'A58', 'A59', 'A60', 'A61', 'A62', 'A63', 'A64', 'A65', 'A66', 'A67', 'A68', 'A69', 'A70', 'A71', 'A72', 'A73', 'A74', 'A75', 'A76', 'A77', 'A78', 'A79', 'A80', 'A81', 'A82', 'A83', 'A84', 'A85', 'A86', 'A87', 'A88', 'A89', 'A90', 'A91', 'A92', 'A93', 'A94', 'A95', 'A96', 'A97', 'A98', 'A99', 'A100', 'A101', 'A102', 'A103', 'A104', 'A105', 'A106', 'A107', 'A108', 'A109', 'A110', 'A111', 'A112', 'A113', 'A114', 'A115', 'A116', 'A117', 'A118', 'A119', 'A120', 'A121', 'A122', 'A123', 'A124', 'A125', 'A126', 'A127', 'A128', 'A129', 'A130', 'A131', 'A132', 'A133', 'A134', 'A135', 'A136', 'A137', 'A138', 'A139', 'A140', 'A141', 'A142', 'A143', 'A144', 'A145', 'A146', 'A147', 'A148', 'A149', 'A150', 'A151', 'A162', 'A163', 'A164', 'A165', 'A166', 'A167', 'A168', 'A169', 'A170', 'A171', 'A172', 'A173', 'A174', 'A175', 'A176', 'A177', 'A178', 'A179', 'A180', 'A181', 'A182', 'A183', 'A184', 'A185', 'A186', 'A187', 'A188', 'A189', 'A190', 'A191', 'A192', 'A193', 'A194', 'A195', 'A196', 'A197', 'A198', 'A199', 'A200', 'A201', 'A202', 'A203', 'A204', 'A205', 'A206', 'A207', 'A208', 'A209', 'A210', 'A211', 'A212', 'A213', 'A214', 'A215', 'A216', 'A217', 'A218', 'A219', 'A220', 'A221', 'A222', 'A223', 'A224', 'A225', 'A226', 'A227', 'A228', 'A229', 'A230', 'A231', 'A232', 'A233', 'A234', 'A235', 'A236', 'A237', 'A238', 'A239', 'A240', 'A241', 'A242', 'A243', 'A244', 'A245', 'A246', 'A247', 'A248', 'A249', 'A250', 'A251', 'A252', 'A253', 'A254', 'A255', 'A256', 'A257', 'A258', 'A259', 'A260', 'A261', 'A262', 'A263', 'A264', 'A265', 'A266', 'A267', 'A268', 'A269', 'A270', 'A271', 'A272', 'A273', 'A274', 'A275', 'A276', 'A277', 'A278', 'A279', 'A280', 'A281', 'A282', 'A283', 'A284', 'A285', 'A286', 'A287', 'A288', 'A289', 'A290', 'A291', 'A292', 'A293', 'A294', 'A295', 'A296', 'A297', 'A298']
These residues will be fixed:  []
The number of ligand atoms parsed is equal to: 34
Type: N, Coords [ 1.101 24.672 11.759], Mask 1
Type: C, Coords [ 2.236 25.327 11.441], Mask 1
Type: O, Coords [ 3.317 24.835 11.706], Mask 1
Type: C, Coords [ 2.167 26.63  10.777], Mask 1
Type: C, Coords [ 2.851 27.085  9.648], Mask 1
Type: C, Coords [ 2.515 28.397  9.313], Mask 1
Type: N, Coords [ 1.646 29.047 10.054], Mask 1
Type: S, Coords [ 1.196 28.061 11.198], Mask 1
Type: N, Coords [ 3.761 26.315  8.936], Mask 1
Type: C, Coords [ 3.134 29.049  8.144], Mask 1
Type: O, Coords [ 2.454 29.339  7.179], Mask 1
Type: N, Coords [ 4.454 29.322  8.146], Mask 1
Type: C, Coords [-0.87  25.9   12.441], Mask 1
Type: C, Coords [-2.1   26.458 12.133], Mask 1
Type: C, Coords [-2.604 26.357 10.85 ], Mask 1
Type: C, Coords [-1.884 25.7    9.87 ], Mask 1
Type: C, Coords [-0.655 25.14  10.168], Mask 1
Type: C, Coords [-0.143 25.238 11.454], Mask 1
Type: O, Coords [-0.373 25.999 13.703], Mask 1
Type: C, Coords [-1.806 26.682 15.525], Mask 1
Type: C, Coords [-0.785 27.128 14.476], Mask 1
Type: C, Coords [ 1.169 23.368 12.423], Mask 1
Type: C, Coords [ 1.736 22.348 11.47 ], Mask 1
Type: C, Coords [ 1.672 22.316 10.116], Mask 1
Type: C, Coords [ 2.273 21.27   9.441], Mask 1
Type: C, Coords [ 2.909 20.307 10.152], Mask 1
Type: S, Coords [ 2.674 20.872 11.83 ], Mask 1
Type: C, Coords [-0.214 22.946 12.846], Mask 1
Type: O, Coords [-1.048 22.674 12.008], Mask 1
Type: N, Coords [-0.525 22.872 14.155], Mask 1
Type: C, Coords [-1.871 22.462 14.566], Mask 1
Type: C, Coords [-1.862 22.1   16.052], Mask 1
Type: C, Coords [-2.85  23.612 14.326], Mask 1
Type: C, Coords [-2.305 21.244 13.747], Mask 1
Designing protein from this path: /home/tedeschg/prj/protein-perturbation/data/cdk2/03.complexes_dude/decoys_64_ZINC39684224_best_CNNaffinity.pdb
These residues will be redesigned:  ['A1', 'A2', 'A3', 'A4', 'A5', 'A6', 'A7', 'A8', 'A9', 'A10', 'A11', 'A12', 'A15', 'A16', 'A17', 'A18', 'A19', 'A20', 'A21', 'A22', 'A23', 'A24', 'A25', 'A26', 'A27', 'A28', 'A29', 'A30', 'A31', 'A32', 'A33', 'A34', 'A35', 'A44', 'A45', 'A46', 'A47', 'A48', 'A49', 'A50', 'A51', 'A52', 'A53', 'A54', 'A55', 'A56', 'A57', 'A58', 'A59', 'A60', 'A61', 'A62', 'A63', 'A64', 'A65', 'A66', 'A67', 'A68', 'A69', 'A70', 'A71', 'A72', 'A73', 'A74', 'A75', 'A76', 'A77', 'A78', 'A79', 'A80', 'A81', 'A82', 'A83', 'A84', 'A85', 'A86', 'A87', 'A88', 'A89', 'A90', 'A91', 'A92', 'A93', 'A94', 'A95', 'A96', 'A97', 'A98', 'A99', 'A100', 'A101', 'A102', 'A103', 'A104', 'A105', 'A106', 'A107', 'A108', 'A109', 'A110', 'A111', 'A112', 'A113', 'A114', 'A115', 'A116', 'A117', 'A118', 'A119', 'A120', 'A121', 'A122', 'A123', 'A124', 'A125', 'A126', 'A127', 'A128', 'A129', 'A130', 'A131', 'A132', 'A133', 'A134', 'A135', 'A136', 'A137', 'A138', 'A139', 'A140', 'A141', 'A142', 'A143', 'A144', 'A145', 'A146', 'A147', 'A148', 'A149', 'A150', 'A151', 'A162', 'A163', 'A164', 'A165', 'A166', 'A167', 'A168', 'A169', 'A170', 'A171', 'A172', 'A173', 'A174', 'A175', 'A176', 'A177', 'A178', 'A179', 'A180', 'A181', 'A182', 'A183', 'A184', 'A185', 'A186', 'A187', 'A188', 'A189', 'A190', 'A191', 'A192', 'A193', 'A194', 'A195', 'A196', 'A197', 'A198', 'A199', 'A200', 'A201', 'A202', 'A203', 'A204', 'A205', 'A206', 'A207', 'A208', 'A209', 'A210', 'A211', 'A212', 'A213', 'A214', 'A215', 'A216', 'A217', 'A218', 'A219', 'A220', 'A221', 'A222', 'A223', 'A224', 'A225', 'A226', 'A227', 'A228', 'A229', 'A230', 'A231', 'A232', 'A233', 'A234', 'A235', 'A236', 'A237', 'A238', 'A239', 'A240', 'A241', 'A242', 'A243', 'A244', 'A245', 'A246', 'A247', 'A248', 'A249', 'A250', 'A251', 'A252', 'A253', 'A254', 'A255', 'A256', 'A257', 'A258', 'A259', 'A260', 'A261', 'A262', 'A263', 'A264', 'A265', 'A266', 'A267', 'A268', 'A269', 'A270', 'A271', 'A272', 'A273', 'A274', 'A275', 'A276', 'A277', 'A278', 'A279', 'A280', 'A281', 'A282', 'A283', 'A284', 'A285', 'A286', 'A287', 'A288', 'A289', 'A290', 'A291', 'A292', 'A293', 'A294', 'A295', 'A296', 'A297', 'A298']
These residues will be fixed:  []
The number of ligand atoms parsed is equal to: 39
Type: C, Coords [-0.144 26.39  13.211], Mask 1
Type: C, Coords [-1.135 27.563 13.042], Mask 1
Type: N, Coords [-2.439 26.915 12.764], Mask 1
Type: C, Coords [-2.46  25.732 13.658], Mask 1
Type: C, Coords [-1.017 25.192 13.619], Mask 1
Type: C, Coords [-0.606 24.683 14.997], Mask 1
Type: C, Coords [-1.448 23.455 15.356], Mask 1
Type: N, Coords [-1.245 22.409 14.346], Mask 1
Type: C, Coords [-1.729 22.873 13.04 ], Mask 1
Type: C, Coords [-0.899 24.076 12.584], Mask 1
Type: C, Coords [-3.39  27.311 11.896], Mask 1
Type: O, Coords [-4.416 26.666 11.78 ], Mask 1
Type: C, Coords [-3.19  28.518 11.09 ], Mask 1
Type: C, Coords [-4.166 29.42  10.726], Mask 1
Type: C, Coords [-3.538 30.411  9.967], Mask 1
Type: C, Coords [-2.214 30.083  9.895], Mask 1
Type: O, Coords [-2.015 28.945 10.58 ], Mask 1
Type: C, Coords [-1.173 30.855  9.186], Mask 1
Type: C, Coords [-1.195 32.251  9.214], Mask 1
Type: C, Coords [-0.221 32.966  8.551], Mask 1
Type: C, Coords [ 0.78  32.302  7.859], Mask 1
Type: C, Coords [ 0.807 30.917  7.828], Mask 1
Type: C, Coords [-0.159 30.191  8.492], Mask 1
Type: F, Coords [ 1.733 33.008  7.211], Mask 1
Type: N, Coords [ 1.274 27.078 11.304], Mask 1
Type: C, Coords [ 0.561 26.108 11.91 ], Mask 1
Type: O, Coords [ 0.488 25.006 11.407], Mask 1
Type: C, Coords [ 1.959 26.803 10.039], Mask 1
Type: C, Coords [ 3.265 27.599  9.984], Mask 1
Type: C, Coords [ 5.143 27.322  4.007], Mask 1
Type: C, Coords [ 4.846 26.645  5.321], Mask 1
Type: C, Coords [ 5.02  25.285  5.452], Mask 1
Type: C, Coords [ 4.75  24.65   6.656], Mask 1
Type: C, Coords [ 4.307 25.364  7.734], Mask 1
Type: C, Coords [ 4.125 26.743  7.623], Mask 1
Type: C, Coords [ 3.677 27.789  8.547], Mask 1
Type: C, Coords [ 3.703 28.948  7.87 ], Mask 1
Type: N, Coords [ 4.13  28.73   6.589], Mask 1
Type: C, Coords [ 4.402 27.393  6.406], Mask 1
Designing protein from this path: /home/tedeschg/prj/protein-perturbation/data/cdk2/03.complexes_dude/decoys_65_ZINC02395284_best_CNNaffinity.pdb
These residues will be redesigned:  ['A1', 'A2', 'A3', 'A4', 'A5', 'A6', 'A7', 'A8', 'A9', 'A10', 'A11', 'A12', 'A15', 'A16', 'A17', 'A18', 'A19', 'A20', 'A21', 'A22', 'A23', 'A24', 'A25', 'A26', 'A27', 'A28', 'A29', 'A30', 'A31', 'A32', 'A33', 'A34', 'A35', 'A44', 'A45', 'A46', 'A47', 'A48', 'A49', 'A50', 'A51', 'A52', 'A53', 'A54', 'A55', 'A56', 'A57', 'A58', 'A59', 'A60', 'A61', 'A62', 'A63', 'A64', 'A65', 'A66', 'A67', 'A68', 'A69', 'A70', 'A71', 'A72', 'A73', 'A74', 'A75', 'A76', 'A77', 'A78', 'A79', 'A80', 'A81', 'A82', 'A83', 'A84', 'A85', 'A86', 'A87', 'A88', 'A89', 'A90', 'A91', 'A92', 'A93', 'A94', 'A95', 'A96', 'A97', 'A98', 'A99', 'A100', 'A101', 'A102', 'A103', 'A104', 'A105', 'A106', 'A107', 'A108', 'A109', 'A110', 'A111', 'A112', 'A113', 'A114', 'A115', 'A116', 'A117', 'A118', 'A119', 'A120', 'A121', 'A122', 'A123', 'A124', 'A125', 'A126', 'A127', 'A128', 'A129', 'A130', 'A131', 'A132', 'A133', 'A134', 'A135', 'A136', 'A137', 'A138', 'A139', 'A140', 'A141', 'A142', 'A143', 'A144', 'A145', 'A146', 'A147', 'A148', 'A149', 'A150', 'A151', 'A162', 'A163', 'A164', 'A165', 'A166', 'A167', 'A168', 'A169', 'A170', 'A171', 'A172', 'A173', 'A174', 'A175', 'A176', 'A177', 'A178', 'A179', 'A180', 'A181', 'A182', 'A183', 'A184', 'A185', 'A186', 'A187', 'A188', 'A189', 'A190', 'A191', 'A192', 'A193', 'A194', 'A195', 'A196', 'A197', 'A198', 'A199', 'A200', 'A201', 'A202', 'A203', 'A204', 'A205', 'A206', 'A207', 'A208', 'A209', 'A210', 'A211', 'A212', 'A213', 'A214', 'A215', 'A216', 'A217', 'A218', 'A219', 'A220', 'A221', 'A222', 'A223', 'A224', 'A225', 'A226', 'A227', 'A228', 'A229', 'A230', 'A231', 'A232', 'A233', 'A234', 'A235', 'A236', 'A237', 'A238', 'A239', 'A240', 'A241', 'A242', 'A243', 'A244', 'A245', 'A246', 'A247', 'A248', 'A249', 'A250', 'A251', 'A252', 'A253', 'A254', 'A255', 'A256', 'A257', 'A258', 'A259', 'A260', 'A261', 'A262', 'A263', 'A264', 'A265', 'A266', 'A267', 'A268', 'A269', 'A270', 'A271', 'A272', 'A273', 'A274', 'A275', 'A276', 'A277', 'A278', 'A279', 'A280', 'A281', 'A282', 'A283', 'A284', 'A285', 'A286', 'A287', 'A288', 'A289', 'A290', 'A291', 'A292', 'A293', 'A294', 'A295', 'A296', 'A297', 'A298']
These residues will be fixed:  []
The number of ligand atoms parsed is equal to: 27
Type: C, Coords [ 1.6   29.236  9.156], Mask 1
Type: N, Coords [ 1.119 30.35   8.636], Mask 1
Type: C, Coords [ 0.053 30.948  9.183], Mask 1
Type: C, Coords [-0.485 32.132  8.658], Mask 1
Type: C, Coords [-1.571 32.7    9.253], Mask 1
Type: C, Coords [-2.157 32.123 10.377], Mask 1
Type: C, Coords [-1.659 30.972 10.915], Mask 1
Type: C, Coords [-0.545 30.363 10.328], Mask 1
Type: C, Coords [1.4000e-02 2.9168e+01 1.0841e+01], Mask 1
Type: N, Coords [ 1.065 28.651 10.226], Mask 1
Type: C, Coords [ 4.234 28.334  6.614], Mask 1
Type: C, Coords [ 4.991 27.422  7.33 ], Mask 1
Type: C, Coords [ 4.65  27.101  8.633], Mask 1
Type: C, Coords [ 3.552 27.686  9.229], Mask 1
Type: C, Coords [ 2.78  28.606  8.519], Mask 1
Type: C, Coords [ 3.128 28.936  7.206], Mask 1
Type: O, Coords [ 2.386 29.835  6.508], Mask 1
Type: C, Coords [ 4.745 27.556  4.426], Mask 1
Type: O, Coords [ 4.574 28.646  5.335], Mask 1
Type: O, Coords [-0.517 28.567 11.931], Mask 1
Type: C, Coords [-0.574 27.209 11.946], Mask 1
Type: C, Coords [-1.103 26.524 10.862], Mask 1
Type: C, Coords [-1.16  25.144 10.88 ], Mask 1
Type: C, Coords [-0.69  24.445 11.978], Mask 1
Type: C, Coords [-0.162 25.127 13.06 ], Mask 1
Type: C, Coords [-0.098 26.506 13.044], Mask 1
Type: CL, Coords [-0.764 22.71  11.998], Mask 1
Designing protein from this path: /home/tedeschg/prj/protein-perturbation/data/cdk2/03.complexes_dude/decoys_66_ZINC50397239_best_CNNaffinity.pdb
These residues will be redesigned:  ['A1', 'A2', 'A3', 'A4', 'A5', 'A6', 'A7', 'A8', 'A9', 'A10', 'A11', 'A12', 'A15', 'A16', 'A17', 'A18', 'A19', 'A20', 'A21', 'A22', 'A23', 'A24', 'A25', 'A26', 'A27', 'A28', 'A29', 'A30', 'A31', 'A32', 'A33', 'A34', 'A35', 'A44', 'A45', 'A46', 'A47', 'A48', 'A49', 'A50', 'A51', 'A52', 'A53', 'A54', 'A55', 'A56', 'A57', 'A58', 'A59', 'A60', 'A61', 'A62', 'A63', 'A64', 'A65', 'A66', 'A67', 'A68', 'A69', 'A70', 'A71', 'A72', 'A73', 'A74', 'A75', 'A76', 'A77', 'A78', 'A79', 'A80', 'A81', 'A82', 'A83', 'A84', 'A85', 'A86', 'A87', 'A88', 'A89', 'A90', 'A91', 'A92', 'A93', 'A94', 'A95', 'A96', 'A97', 'A98', 'A99', 'A100', 'A101', 'A102', 'A103', 'A104', 'A105', 'A106', 'A107', 'A108', 'A109', 'A110', 'A111', 'A112', 'A113', 'A114', 'A115', 'A116', 'A117', 'A118', 'A119', 'A120', 'A121', 'A122', 'A123', 'A124', 'A125', 'A126', 'A127', 'A128', 'A129', 'A130', 'A131', 'A132', 'A133', 'A134', 'A135', 'A136', 'A137', 'A138', 'A139', 'A140', 'A141', 'A142', 'A143', 'A144', 'A145', 'A146', 'A147', 'A148', 'A149', 'A150', 'A151', 'A162', 'A163', 'A164', 'A165', 'A166', 'A167', 'A168', 'A169', 'A170', 'A171', 'A172', 'A173', 'A174', 'A175', 'A176', 'A177', 'A178', 'A179', 'A180', 'A181', 'A182', 'A183', 'A184', 'A185', 'A186', 'A187', 'A188', 'A189', 'A190', 'A191', 'A192', 'A193', 'A194', 'A195', 'A196', 'A197', 'A198', 'A199', 'A200', 'A201', 'A202', 'A203', 'A204', 'A205', 'A206', 'A207', 'A208', 'A209', 'A210', 'A211', 'A212', 'A213', 'A214', 'A215', 'A216', 'A217', 'A218', 'A219', 'A220', 'A221', 'A222', 'A223', 'A224', 'A225', 'A226', 'A227', 'A228', 'A229', 'A230', 'A231', 'A232', 'A233', 'A234', 'A235', 'A236', 'A237', 'A238', 'A239', 'A240', 'A241', 'A242', 'A243', 'A244', 'A245', 'A246', 'A247', 'A248', 'A249', 'A250', 'A251', 'A252', 'A253', 'A254', 'A255', 'A256', 'A257', 'A258', 'A259', 'A260', 'A261', 'A262', 'A263', 'A264', 'A265', 'A266', 'A267', 'A268', 'A269', 'A270', 'A271', 'A272', 'A273', 'A274', 'A275', 'A276', 'A277', 'A278', 'A279', 'A280', 'A281', 'A282', 'A283', 'A284', 'A285', 'A286', 'A287', 'A288', 'A289', 'A290', 'A291', 'A292', 'A293', 'A294', 'A295', 'A296', 'A297', 'A298']
These residues will be fixed:  []
The number of ligand atoms parsed is equal to: 20
Type: S, Coords [-1.906 29.383 11.095], Mask 1
Type: O, Coords [-1.291 29.534 12.367], Mask 1
Type: O, Coords [-3.317 29.409 10.923], Mask 1
Type: C, Coords [ 1.318 31.018  7.322], Mask 1
Type: C, Coords [ 0.248 31.348  8.33 ], Mask 1
Type: C, Coords [-0.215 32.646  8.444], Mask 1
Type: C, Coords [-1.196 32.953  9.367], Mask 1
Type: C, Coords [-1.717 31.955 10.182], Mask 1
Type: C, Coords [-1.249 30.652 10.064], Mask 1
Type: C, Coords [-0.273 30.352  9.135], Mask 1
Type: C, Coords [ 0.231 28.938  9.002], Mask 1
Type: N, Coords [-2.708 32.261 11.117], Mask 1
Type: N, Coords [-1.382 27.936 10.484], Mask 1
Type: C, Coords [-1.434 26.729 11.313], Mask 1
Type: C, Coords [-2.508 26.898 12.39 ], Mask 1
Type: C, Coords [-2.36  25.757 13.405], Mask 1
Type: C, Coords [-1.044 25.942 14.161], Mask 1
Type: N, Coords [ 0.058 26.135 13.227], Mask 1
Type: C, Coords [-0.096 26.509 11.958], Mask 1
Type: O, Coords [ 0.9   26.678 11.286], Mask 1
Designing protein from this path: /home/tedeschg/prj/protein-perturbation/data/cdk2/03.complexes_dude/decoys_67_ZINC38659106_best_CNNaffinity.pdb
These residues will be redesigned:  ['A1', 'A2', 'A3', 'A4', 'A5', 'A6', 'A7', 'A8', 'A9', 'A10', 'A11', 'A12', 'A15', 'A16', 'A17', 'A18', 'A19', 'A20', 'A21', 'A22', 'A23', 'A24', 'A25', 'A26', 'A27', 'A28', 'A29', 'A30', 'A31', 'A32', 'A33', 'A34', 'A35', 'A44', 'A45', 'A46', 'A47', 'A48', 'A49', 'A50', 'A51', 'A52', 'A53', 'A54', 'A55', 'A56', 'A57', 'A58', 'A59', 'A60', 'A61', 'A62', 'A63', 'A64', 'A65', 'A66', 'A67', 'A68', 'A69', 'A70', 'A71', 'A72', 'A73', 'A74', 'A75', 'A76', 'A77', 'A78', 'A79', 'A80', 'A81', 'A82', 'A83', 'A84', 'A85', 'A86', 'A87', 'A88', 'A89', 'A90', 'A91', 'A92', 'A93', 'A94', 'A95', 'A96', 'A97', 'A98', 'A99', 'A100', 'A101', 'A102', 'A103', 'A104', 'A105', 'A106', 'A107', 'A108', 'A109', 'A110', 'A111', 'A112', 'A113', 'A114', 'A115', 'A116', 'A117', 'A118', 'A119', 'A120', 'A121', 'A122', 'A123', 'A124', 'A125', 'A126', 'A127', 'A128', 'A129', 'A130', 'A131', 'A132', 'A133', 'A134', 'A135', 'A136', 'A137', 'A138', 'A139', 'A140', 'A141', 'A142', 'A143', 'A144', 'A145', 'A146', 'A147', 'A148', 'A149', 'A150', 'A151', 'A162', 'A163', 'A164', 'A165', 'A166', 'A167', 'A168', 'A169', 'A170', 'A171', 'A172', 'A173', 'A174', 'A175', 'A176', 'A177', 'A178', 'A179', 'A180', 'A181', 'A182', 'A183', 'A184', 'A185', 'A186', 'A187', 'A188', 'A189', 'A190', 'A191', 'A192', 'A193', 'A194', 'A195', 'A196', 'A197', 'A198', 'A199', 'A200', 'A201', 'A202', 'A203', 'A204', 'A205', 'A206', 'A207', 'A208', 'A209', 'A210', 'A211', 'A212', 'A213', 'A214', 'A215', 'A216', 'A217', 'A218', 'A219', 'A220', 'A221', 'A222', 'A223', 'A224', 'A225', 'A226', 'A227', 'A228', 'A229', 'A230', 'A231', 'A232', 'A233', 'A234', 'A235', 'A236', 'A237', 'A238', 'A239', 'A240', 'A241', 'A242', 'A243', 'A244', 'A245', 'A246', 'A247', 'A248', 'A249', 'A250', 'A251', 'A252', 'A253', 'A254', 'A255', 'A256', 'A257', 'A258', 'A259', 'A260', 'A261', 'A262', 'A263', 'A264', 'A265', 'A266', 'A267', 'A268', 'A269', 'A270', 'A271', 'A272', 'A273', 'A274', 'A275', 'A276', 'A277', 'A278', 'A279', 'A280', 'A281', 'A282', 'A283', 'A284', 'A285', 'A286', 'A287', 'A288', 'A289', 'A290', 'A291', 'A292', 'A293', 'A294', 'A295', 'A296', 'A297', 'A298']
These residues will be fixed:  []
The number of ligand atoms parsed is equal to: 31
Type: C, Coords [-0.516 28.793  9.612], Mask 1
Type: C, Coords [ 0.954 28.621  9.337], Mask 1
Type: C, Coords [ 1.607 27.493  9.802], Mask 1
Type: C, Coords [ 2.955 27.32   9.559], Mask 1
Type: C, Coords [ 3.66  28.279  8.845], Mask 1
Type: C, Coords [ 3.01  29.409  8.378], Mask 1
Type: C, Coords [ 1.653 29.582  8.623], Mask 1
Type: O, Coords [ 1.031 30.694  8.16 ], Mask 1
Type: C, Coords [-0.141 31.077  8.692], Mask 1
Type: C, Coords [-0.92  30.224  9.394], Mask 1
Type: N, Coords [-0.558 32.374  8.521], Mask 1
Type: C, Coords [-2.325 26.298 13.606], Mask 1
Type: C, Coords [-1.592 27.32  12.776], Mask 1
Type: C, Coords [-0.868 28.349 13.254], Mask 1
Type: C, Coords [-0.361 29.048 12.135], Mask 1
Type: C, Coords [-0.805 28.405 11.04 ], Mask 1
Type: O, Coords [-1.546 27.356 11.434], Mask 1
Type: C, Coords [-2.158 30.695  9.938], Mask 1
Type: N, Coords [-3.14  31.068 10.37 ], Mask 1
Type: O, Coords [ 4.987 28.109  8.605], Mask 1
Type: C, Coords [ 5.391 26.933  8.101], Mask 1
Type: O, Coords [ 6.558 26.621  8.154], Mask 1
Type: C, Coords [ 4.391 26.     7.468], Mask 1
Type: O, Coords [ 5.038 25.221  6.46 ], Mask 1
Type: C, Coords [ 5.173 25.788  5.232], Mask 1
Type: C, Coords [ 4.07  26.336  4.595], Mask 1
Type: C, Coords [ 4.21  26.913  3.347], Mask 1
Type: C, Coords [ 5.45  26.944  2.734], Mask 1
Type: C, Coords [ 6.551 26.398  3.368], Mask 1
Type: C, Coords [ 6.417 25.826  4.618], Mask 1
Type: CL, Coords [ 5.623 27.669  1.166], Mask 1
Designing protein from this path: /home/tedeschg/prj/protein-perturbation/data/cdk2/03.complexes_dude/decoys_68_ZINC35092965_best_CNNaffinity.pdb
These residues will be redesigned:  ['A1', 'A2', 'A3', 'A4', 'A5', 'A6', 'A7', 'A8', 'A9', 'A10', 'A11', 'A12', 'A15', 'A16', 'A17', 'A18', 'A19', 'A20', 'A21', 'A22', 'A23', 'A24', 'A25', 'A26', 'A27', 'A28', 'A29', 'A30', 'A31', 'A32', 'A33', 'A34', 'A35', 'A44', 'A45', 'A46', 'A47', 'A48', 'A49', 'A50', 'A51', 'A52', 'A53', 'A54', 'A55', 'A56', 'A57', 'A58', 'A59', 'A60', 'A61', 'A62', 'A63', 'A64', 'A65', 'A66', 'A67', 'A68', 'A69', 'A70', 'A71', 'A72', 'A73', 'A74', 'A75', 'A76', 'A77', 'A78', 'A79', 'A80', 'A81', 'A82', 'A83', 'A84', 'A85', 'A86', 'A87', 'A88', 'A89', 'A90', 'A91', 'A92', 'A93', 'A94', 'A95', 'A96', 'A97', 'A98', 'A99', 'A100', 'A101', 'A102', 'A103', 'A104', 'A105', 'A106', 'A107', 'A108', 'A109', 'A110', 'A111', 'A112', 'A113', 'A114', 'A115', 'A116', 'A117', 'A118', 'A119', 'A120', 'A121', 'A122', 'A123', 'A124', 'A125', 'A126', 'A127', 'A128', 'A129', 'A130', 'A131', 'A132', 'A133', 'A134', 'A135', 'A136', 'A137', 'A138', 'A139', 'A140', 'A141', 'A142', 'A143', 'A144', 'A145', 'A146', 'A147', 'A148', 'A149', 'A150', 'A151', 'A162', 'A163', 'A164', 'A165', 'A166', 'A167', 'A168', 'A169', 'A170', 'A171', 'A172', 'A173', 'A174', 'A175', 'A176', 'A177', 'A178', 'A179', 'A180', 'A181', 'A182', 'A183', 'A184', 'A185', 'A186', 'A187', 'A188', 'A189', 'A190', 'A191', 'A192', 'A193', 'A194', 'A195', 'A196', 'A197', 'A198', 'A199', 'A200', 'A201', 'A202', 'A203', 'A204', 'A205', 'A206', 'A207', 'A208', 'A209', 'A210', 'A211', 'A212', 'A213', 'A214', 'A215', 'A216', 'A217', 'A218', 'A219', 'A220', 'A221', 'A222', 'A223', 'A224', 'A225', 'A226', 'A227', 'A228', 'A229', 'A230', 'A231', 'A232', 'A233', 'A234', 'A235', 'A236', 'A237', 'A238', 'A239', 'A240', 'A241', 'A242', 'A243', 'A244', 'A245', 'A246', 'A247', 'A248', 'A249', 'A250', 'A251', 'A252', 'A253', 'A254', 'A255', 'A256', 'A257', 'A258', 'A259', 'A260', 'A261', 'A262', 'A263', 'A264', 'A265', 'A266', 'A267', 'A268', 'A269', 'A270', 'A271', 'A272', 'A273', 'A274', 'A275', 'A276', 'A277', 'A278', 'A279', 'A280', 'A281', 'A282', 'A283', 'A284', 'A285', 'A286', 'A287', 'A288', 'A289', 'A290', 'A291', 'A292', 'A293', 'A294', 'A295', 'A296', 'A297', 'A298']
These residues will be fixed:  []
The number of ligand atoms parsed is equal to: 31
Type: C, Coords [-1.833 28.186 10.53 ], Mask 1
Type: C, Coords [-0.722 27.249 10.045], Mask 1
Type: C, Coords [ 0.561 27.572 10.819], Mask 1
Type: N, Coords [ 0.292 27.475 12.255], Mask 1
Type: C, Coords [-0.928 27.721 12.754], Mask 1
Type: O, Coords [-1.094 27.638 13.956], Mask 1
Type: N, Coords [-1.973 28.056 11.981], Mask 1
Type: O, Coords [ 0.99  28.897 10.501], Mask 1
Type: C, Coords [-0.391 31.185  8.741], Mask 1
Type: C, Coords [-0.718 29.877  9.061], Mask 1
Type: C, Coords [-1.479 29.61  10.183], Mask 1
Type: C, Coords [-1.917 30.645 10.988], Mask 1
Type: C, Coords [-1.595 31.952 10.675], Mask 1
Type: C, Coords [-0.826 32.226  9.554], Mask 1
Type: O, Coords [-0.504 33.511  9.247], Mask 1
Type: O, Coords [ 0.358 31.45   7.637], Mask 1
Type: C, Coords [ 2.534 30.419  7.848], Mask 1
Type: C, Coords [ 1.178 30.39   7.14 ], Mask 1
Type: C, Coords [ 1.655 26.573 10.435], Mask 1
Type: F, Coords [ 1.141 25.649  9.518], Mask 1
Type: F, Coords [ 2.728 27.258  9.855], Mask 1
Type: F, Coords [ 2.094 25.9   11.579], Mask 1
Type: C, Coords [-1.122 25.818 10.294], Mask 1
Type: O, Coords [-1.535 25.136  9.381], Mask 1
Type: C, Coords [-1.011 25.248 11.647], Mask 1
Type: C, Coords [-2.098 25.305 12.525], Mask 1
Type: C, Coords [-1.986 24.768 13.79 ], Mask 1
Type: C, Coords [-0.802 24.174 14.192], Mask 1
Type: C, Coords [ 0.278 24.114 13.329], Mask 1
Type: C, Coords [ 0.18  24.641 12.058], Mask 1
Type: C, Coords [-0.689 23.59  15.576], Mask 1
Designing protein from this path: /home/tedeschg/prj/protein-perturbation/data/cdk2/03.complexes_dude/decoys_69_ZINC39496630_best_CNNaffinity.pdb
These residues will be redesigned:  ['A1', 'A2', 'A3', 'A4', 'A5', 'A6', 'A7', 'A8', 'A9', 'A10', 'A11', 'A12', 'A15', 'A16', 'A17', 'A18', 'A19', 'A20', 'A21', 'A22', 'A23', 'A24', 'A25', 'A26', 'A27', 'A28', 'A29', 'A30', 'A31', 'A32', 'A33', 'A34', 'A35', 'A44', 'A45', 'A46', 'A47', 'A48', 'A49', 'A50', 'A51', 'A52', 'A53', 'A54', 'A55', 'A56', 'A57', 'A58', 'A59', 'A60', 'A61', 'A62', 'A63', 'A64', 'A65', 'A66', 'A67', 'A68', 'A69', 'A70', 'A71', 'A72', 'A73', 'A74', 'A75', 'A76', 'A77', 'A78', 'A79', 'A80', 'A81', 'A82', 'A83', 'A84', 'A85', 'A86', 'A87', 'A88', 'A89', 'A90', 'A91', 'A92', 'A93', 'A94', 'A95', 'A96', 'A97', 'A98', 'A99', 'A100', 'A101', 'A102', 'A103', 'A104', 'A105', 'A106', 'A107', 'A108', 'A109', 'A110', 'A111', 'A112', 'A113', 'A114', 'A115', 'A116', 'A117', 'A118', 'A119', 'A120', 'A121', 'A122', 'A123', 'A124', 'A125', 'A126', 'A127', 'A128', 'A129', 'A130', 'A131', 'A132', 'A133', 'A134', 'A135', 'A136', 'A137', 'A138', 'A139', 'A140', 'A141', 'A142', 'A143', 'A144', 'A145', 'A146', 'A147', 'A148', 'A149', 'A150', 'A151', 'A162', 'A163', 'A164', 'A165', 'A166', 'A167', 'A168', 'A169', 'A170', 'A171', 'A172', 'A173', 'A174', 'A175', 'A176', 'A177', 'A178', 'A179', 'A180', 'A181', 'A182', 'A183', 'A184', 'A185', 'A186', 'A187', 'A188', 'A189', 'A190', 'A191', 'A192', 'A193', 'A194', 'A195', 'A196', 'A197', 'A198', 'A199', 'A200', 'A201', 'A202', 'A203', 'A204', 'A205', 'A206', 'A207', 'A208', 'A209', 'A210', 'A211', 'A212', 'A213', 'A214', 'A215', 'A216', 'A217', 'A218', 'A219', 'A220', 'A221', 'A222', 'A223', 'A224', 'A225', 'A226', 'A227', 'A228', 'A229', 'A230', 'A231', 'A232', 'A233', 'A234', 'A235', 'A236', 'A237', 'A238', 'A239', 'A240', 'A241', 'A242', 'A243', 'A244', 'A245', 'A246', 'A247', 'A248', 'A249', 'A250', 'A251', 'A252', 'A253', 'A254', 'A255', 'A256', 'A257', 'A258', 'A259', 'A260', 'A261', 'A262', 'A263', 'A264', 'A265', 'A266', 'A267', 'A268', 'A269', 'A270', 'A271', 'A272', 'A273', 'A274', 'A275', 'A276', 'A277', 'A278', 'A279', 'A280', 'A281', 'A282', 'A283', 'A284', 'A285', 'A286', 'A287', 'A288', 'A289', 'A290', 'A291', 'A292', 'A293', 'A294', 'A295', 'A296', 'A297', 'A298']
These residues will be fixed:  []
The number of ligand atoms parsed is equal to: 22
Type: C, Coords [-1.391 29.276 11.024], Mask 1
Type: C, Coords [-0.286 28.595 11.533], Mask 1
Type: C, Coords [-0.46  27.396 12.194], Mask 1
Type: C, Coords [-1.728 26.865 12.354], Mask 1
Type: C, Coords [-2.833 27.533 11.852], Mask 1
Type: C, Coords [-2.671 28.744 11.189], Mask 1
Type: O, Coords [-3.753 29.404 10.7  ], Mask 1
Type: O, Coords [-4.077 27.006 12.012], Mask 1
Type: C, Coords [-1.536 32.94  10.196], Mask 1
Type: C, Coords [-0.864 32.975  8.987], Mask 1
Type: C, Coords [-0.361 31.812  8.435], Mask 1
Type: C, Coords [-0.528 30.603  9.092], Mask 1
Type: C, Coords [-1.207 30.565 10.313], Mask 1
Type: C, Coords [-1.71  31.743 10.861], Mask 1
Type: O, Coords [-0.035 29.459  8.55 ], Mask 1
Type: C, Coords [-1.906 25.555 13.077], Mask 1
Type: N, Coords [-0.595 24.949 13.322], Mask 1
Type: C, Coords [-0.248 23.814 12.684], Mask 1
Type: O, Coords [-1.02  23.294 11.907], Mask 1
Type: C, Coords [-2.611 25.801 14.413], Mask 1
Type: C, Coords [-1.703 26.587 15.323], Mask 1
Type: O, Coords [-2.172 27.357 16.126], Mask 1
Designing protein from this path: /home/tedeschg/prj/protein-perturbation/data/cdk2/03.complexes_dude/decoys_70_ZINC40804646_best_CNNaffinity.pdb
These residues will be redesigned:  ['A1', 'A2', 'A3', 'A4', 'A5', 'A6', 'A7', 'A8', 'A9', 'A10', 'A11', 'A12', 'A15', 'A16', 'A17', 'A18', 'A19', 'A20', 'A21', 'A22', 'A23', 'A24', 'A25', 'A26', 'A27', 'A28', 'A29', 'A30', 'A31', 'A32', 'A33', 'A34', 'A35', 'A44', 'A45', 'A46', 'A47', 'A48', 'A49', 'A50', 'A51', 'A52', 'A53', 'A54', 'A55', 'A56', 'A57', 'A58', 'A59', 'A60', 'A61', 'A62', 'A63', 'A64', 'A65', 'A66', 'A67', 'A68', 'A69', 'A70', 'A71', 'A72', 'A73', 'A74', 'A75', 'A76', 'A77', 'A78', 'A79', 'A80', 'A81', 'A82', 'A83', 'A84', 'A85', 'A86', 'A87', 'A88', 'A89', 'A90', 'A91', 'A92', 'A93', 'A94', 'A95', 'A96', 'A97', 'A98', 'A99', 'A100', 'A101', 'A102', 'A103', 'A104', 'A105', 'A106', 'A107', 'A108', 'A109', 'A110', 'A111', 'A112', 'A113', 'A114', 'A115', 'A116', 'A117', 'A118', 'A119', 'A120', 'A121', 'A122', 'A123', 'A124', 'A125', 'A126', 'A127', 'A128', 'A129', 'A130', 'A131', 'A132', 'A133', 'A134', 'A135', 'A136', 'A137', 'A138', 'A139', 'A140', 'A141', 'A142', 'A143', 'A144', 'A145', 'A146', 'A147', 'A148', 'A149', 'A150', 'A151', 'A162', 'A163', 'A164', 'A165', 'A166', 'A167', 'A168', 'A169', 'A170', 'A171', 'A172', 'A173', 'A174', 'A175', 'A176', 'A177', 'A178', 'A179', 'A180', 'A181', 'A182', 'A183', 'A184', 'A185', 'A186', 'A187', 'A188', 'A189', 'A190', 'A191', 'A192', 'A193', 'A194', 'A195', 'A196', 'A197', 'A198', 'A199', 'A200', 'A201', 'A202', 'A203', 'A204', 'A205', 'A206', 'A207', 'A208', 'A209', 'A210', 'A211', 'A212', 'A213', 'A214', 'A215', 'A216', 'A217', 'A218', 'A219', 'A220', 'A221', 'A222', 'A223', 'A224', 'A225', 'A226', 'A227', 'A228', 'A229', 'A230', 'A231', 'A232', 'A233', 'A234', 'A235', 'A236', 'A237', 'A238', 'A239', 'A240', 'A241', 'A242', 'A243', 'A244', 'A245', 'A246', 'A247', 'A248', 'A249', 'A250', 'A251', 'A252', 'A253', 'A254', 'A255', 'A256', 'A257', 'A258', 'A259', 'A260', 'A261', 'A262', 'A263', 'A264', 'A265', 'A266', 'A267', 'A268', 'A269', 'A270', 'A271', 'A272', 'A273', 'A274', 'A275', 'A276', 'A277', 'A278', 'A279', 'A280', 'A281', 'A282', 'A283', 'A284', 'A285', 'A286', 'A287', 'A288', 'A289', 'A290', 'A291', 'A292', 'A293', 'A294', 'A295', 'A296', 'A297', 'A298']
These residues will be fixed:  []
The number of ligand atoms parsed is equal to: 31
Type: N, Coords [-1.767 27.209 11.209], Mask 1
Type: C, Coords [-2.021 28.404 10.769], Mask 1
Type: C, Coords [-3.272 29.172 11.169], Mask 1
Type: C, Coords [-3.832 29.861  9.921], Mask 1
Type: C, Coords [-2.849 30.91   9.395], Mask 1
Type: C, Coords [-1.494 30.277  9.207], Mask 1
Type: C, Coords [-1.112 29.12   9.846], Mask 1
Type: C, Coords [ 0.197 28.827  9.444], Mask 1
Type: C, Coords [ 0.563 29.822  8.581], Mask 1
Type: O, Coords [-0.477 30.682  8.449], Mask 1
Type: C, Coords [ 1.034 27.651  9.875], Mask 1
Type: C, Coords [-2.2   25.895 13.146], Mask 1
Type: O, Coords [-1.003 25.825 13.349], Mask 1
Type: N, Coords [-2.664 26.579 12.081], Mask 1
Type: C, Coords [-5.883 23.305 16.729], Mask 1
Type: C, Coords [-4.919 23.984 15.791], Mask 1
Type: C, Coords [-3.629 23.499 15.659], Mask 1
Type: C, Coords [-2.741 24.115 14.802], Mask 1
Type: C, Coords [-3.146 25.23  14.066], Mask 1
Type: C, Coords [-4.449 25.714 14.203], Mask 1
Type: C, Coords [-5.328 25.085 15.06 ], Mask 1
Type: C, Coords [ 1.859 29.934  7.903], Mask 1
Type: O, Coords [ 1.986 30.686  6.955], Mask 1
Type: N, Coords [ 2.908 29.204  8.329], Mask 1
Type: N, Coords [ 4.146 29.311  7.681], Mask 1
Type: C, Coords [ 4.624 28.25   6.909], Mask 1
Type: C, Coords [ 4.324 28.184  5.554], Mask 1
Type: C, Coords [ 4.798 27.134  4.794], Mask 1
Type: C, Coords [ 5.571 26.148  5.379], Mask 1
Type: C, Coords [ 5.872 26.21   6.727], Mask 1
Type: C, Coords [ 5.405 27.261  7.493], Mask 1
Designing protein from this path: /home/tedeschg/prj/protein-perturbation/data/cdk2/03.complexes_dude/decoys_71_ZINC62840274_best_CNNaffinity.pdb
These residues will be redesigned:  ['A1', 'A2', 'A3', 'A4', 'A5', 'A6', 'A7', 'A8', 'A9', 'A10', 'A11', 'A12', 'A15', 'A16', 'A17', 'A18', 'A19', 'A20', 'A21', 'A22', 'A23', 'A24', 'A25', 'A26', 'A27', 'A28', 'A29', 'A30', 'A31', 'A32', 'A33', 'A34', 'A35', 'A44', 'A45', 'A46', 'A47', 'A48', 'A49', 'A50', 'A51', 'A52', 'A53', 'A54', 'A55', 'A56', 'A57', 'A58', 'A59', 'A60', 'A61', 'A62', 'A63', 'A64', 'A65', 'A66', 'A67', 'A68', 'A69', 'A70', 'A71', 'A72', 'A73', 'A74', 'A75', 'A76', 'A77', 'A78', 'A79', 'A80', 'A81', 'A82', 'A83', 'A84', 'A85', 'A86', 'A87', 'A88', 'A89', 'A90', 'A91', 'A92', 'A93', 'A94', 'A95', 'A96', 'A97', 'A98', 'A99', 'A100', 'A101', 'A102', 'A103', 'A104', 'A105', 'A106', 'A107', 'A108', 'A109', 'A110', 'A111', 'A112', 'A113', 'A114', 'A115', 'A116', 'A117', 'A118', 'A119', 'A120', 'A121', 'A122', 'A123', 'A124', 'A125', 'A126', 'A127', 'A128', 'A129', 'A130', 'A131', 'A132', 'A133', 'A134', 'A135', 'A136', 'A137', 'A138', 'A139', 'A140', 'A141', 'A142', 'A143', 'A144', 'A145', 'A146', 'A147', 'A148', 'A149', 'A150', 'A151', 'A162', 'A163', 'A164', 'A165', 'A166', 'A167', 'A168', 'A169', 'A170', 'A171', 'A172', 'A173', 'A174', 'A175', 'A176', 'A177', 'A178', 'A179', 'A180', 'A181', 'A182', 'A183', 'A184', 'A185', 'A186', 'A187', 'A188', 'A189', 'A190', 'A191', 'A192', 'A193', 'A194', 'A195', 'A196', 'A197', 'A198', 'A199', 'A200', 'A201', 'A202', 'A203', 'A204', 'A205', 'A206', 'A207', 'A208', 'A209', 'A210', 'A211', 'A212', 'A213', 'A214', 'A215', 'A216', 'A217', 'A218', 'A219', 'A220', 'A221', 'A222', 'A223', 'A224', 'A225', 'A226', 'A227', 'A228', 'A229', 'A230', 'A231', 'A232', 'A233', 'A234', 'A235', 'A236', 'A237', 'A238', 'A239', 'A240', 'A241', 'A242', 'A243', 'A244', 'A245', 'A246', 'A247', 'A248', 'A249', 'A250', 'A251', 'A252', 'A253', 'A254', 'A255', 'A256', 'A257', 'A258', 'A259', 'A260', 'A261', 'A262', 'A263', 'A264', 'A265', 'A266', 'A267', 'A268', 'A269', 'A270', 'A271', 'A272', 'A273', 'A274', 'A275', 'A276', 'A277', 'A278', 'A279', 'A280', 'A281', 'A282', 'A283', 'A284', 'A285', 'A286', 'A287', 'A288', 'A289', 'A290', 'A291', 'A292', 'A293', 'A294', 'A295', 'A296', 'A297', 'A298']
These residues will be fixed:  []
The number of ligand atoms parsed is equal to: 21
Type: C, Coords [-0.173 28.415 10.486], Mask 1
Type: O, Coords [-0.51  28.017  9.391], Mask 1
Type: N, Coords [ 1.065 28.15  10.947], Mask 1
Type: C, Coords [-1.114 30.674 10.895], Mask 1
Type: C, Coords [-1.138 29.207 11.33 ], Mask 1
Type: C, Coords [-2.552 28.645 11.158], Mask 1
Type: C, Coords [-2.587 27.203 11.669], Mask 1
Type: N, Coords [-2.216 27.174 13.089], Mask 1
Type: C, Coords [-0.836 27.645 13.253], Mask 1
Type: C, Coords [-0.733 29.104 12.803], Mask 1
Type: C, Coords [ 1.923 27.323 10.213], Mask 1
Type: C, Coords [ 2.864 27.88   9.358], Mask 1
Type: C, Coords [ 3.709 27.061  8.635], Mask 1
Type: C, Coords [ 3.619 25.687  8.762], Mask 1
Type: C, Coords [ 2.683 25.129  9.613], Mask 1
Type: C, Coords [ 1.839 25.943 10.343], Mask 1
Type: C, Coords [ 4.543 24.797  7.972], Mask 1
Type: S, Coords [ 5.877 25.794  7.254], Mask 1
Type: O, Coords [ 6.71  24.982  6.438], Mask 1
Type: O, Coords [ 5.359 27.023  6.764], Mask 1
Type: N, Coords [ 6.83  26.219  8.54 ], Mask 1
Designing protein from this path: /home/tedeschg/prj/protein-perturbation/data/cdk2/03.complexes_dude/decoys_72_ZINC07737864_best_CNNaffinity.pdb
These residues will be redesigned:  ['A1', 'A2', 'A3', 'A4', 'A5', 'A6', 'A7', 'A8', 'A9', 'A10', 'A11', 'A12', 'A15', 'A16', 'A17', 'A18', 'A19', 'A20', 'A21', 'A22', 'A23', 'A24', 'A25', 'A26', 'A27', 'A28', 'A29', 'A30', 'A31', 'A32', 'A33', 'A34', 'A35', 'A44', 'A45', 'A46', 'A47', 'A48', 'A49', 'A50', 'A51', 'A52', 'A53', 'A54', 'A55', 'A56', 'A57', 'A58', 'A59', 'A60', 'A61', 'A62', 'A63', 'A64', 'A65', 'A66', 'A67', 'A68', 'A69', 'A70', 'A71', 'A72', 'A73', 'A74', 'A75', 'A76', 'A77', 'A78', 'A79', 'A80', 'A81', 'A82', 'A83', 'A84', 'A85', 'A86', 'A87', 'A88', 'A89', 'A90', 'A91', 'A92', 'A93', 'A94', 'A95', 'A96', 'A97', 'A98', 'A99', 'A100', 'A101', 'A102', 'A103', 'A104', 'A105', 'A106', 'A107', 'A108', 'A109', 'A110', 'A111', 'A112', 'A113', 'A114', 'A115', 'A116', 'A117', 'A118', 'A119', 'A120', 'A121', 'A122', 'A123', 'A124', 'A125', 'A126', 'A127', 'A128', 'A129', 'A130', 'A131', 'A132', 'A133', 'A134', 'A135', 'A136', 'A137', 'A138', 'A139', 'A140', 'A141', 'A142', 'A143', 'A144', 'A145', 'A146', 'A147', 'A148', 'A149', 'A150', 'A151', 'A162', 'A163', 'A164', 'A165', 'A166', 'A167', 'A168', 'A169', 'A170', 'A171', 'A172', 'A173', 'A174', 'A175', 'A176', 'A177', 'A178', 'A179', 'A180', 'A181', 'A182', 'A183', 'A184', 'A185', 'A186', 'A187', 'A188', 'A189', 'A190', 'A191', 'A192', 'A193', 'A194', 'A195', 'A196', 'A197', 'A198', 'A199', 'A200', 'A201', 'A202', 'A203', 'A204', 'A205', 'A206', 'A207', 'A208', 'A209', 'A210', 'A211', 'A212', 'A213', 'A214', 'A215', 'A216', 'A217', 'A218', 'A219', 'A220', 'A221', 'A222', 'A223', 'A224', 'A225', 'A226', 'A227', 'A228', 'A229', 'A230', 'A231', 'A232', 'A233', 'A234', 'A235', 'A236', 'A237', 'A238', 'A239', 'A240', 'A241', 'A242', 'A243', 'A244', 'A245', 'A246', 'A247', 'A248', 'A249', 'A250', 'A251', 'A252', 'A253', 'A254', 'A255', 'A256', 'A257', 'A258', 'A259', 'A260', 'A261', 'A262', 'A263', 'A264', 'A265', 'A266', 'A267', 'A268', 'A269', 'A270', 'A271', 'A272', 'A273', 'A274', 'A275', 'A276', 'A277', 'A278', 'A279', 'A280', 'A281', 'A282', 'A283', 'A284', 'A285', 'A286', 'A287', 'A288', 'A289', 'A290', 'A291', 'A292', 'A293', 'A294', 'A295', 'A296', 'A297', 'A298']
These residues will be fixed:  []
The number of ligand atoms parsed is equal to: 24
Type: O, Coords [-1.352 27.34  10.685], Mask 1
Type: C, Coords [-0.518 27.884 12.908], Mask 1
Type: C, Coords [-0.247 27.13  11.604], Mask 1
Type: C, Coords [ 1.026 27.644 10.983], Mask 1
Type: O, Coords [ 1.405 28.771 11.219], Mask 1
Type: N, Coords [ 1.745 26.849 10.165], Mask 1
Type: C, Coords [ 1.23  25.532  9.785], Mask 1
Type: C, Coords [ 3.041 27.304  9.655], Mask 1
Type: C, Coords [ 2.851 28.595  8.855], Mask 1
Type: C, Coords [ 4.204 29.07   8.323], Mask 1
Type: C, Coords [ 4.802 27.992  7.417], Mask 1
Type: C, Coords [ 4.993 26.701  8.216], Mask 1
Type: C, Coords [ 3.639 26.226  8.748], Mask 1
Type: C, Coords [-2.066 28.473 10.835], Mask 1
Type: O, Coords [-3.097 28.461 11.477], Mask 1
Type: C, Coords [-1.598 29.726 10.214], Mask 1
Type: C, Coords [-1.995 30.959 10.739], Mask 1
Type: C, Coords [-1.552 32.128 10.16 ], Mask 1
Type: C, Coords [-0.72  32.082  9.046], Mask 1
Type: C, Coords [-0.327 30.858  8.517], Mask 1
Type: C, Coords [-0.761 29.684  9.095], Mask 1
Type: CL, Coords [ 0.712 30.807  7.127], Mask 1
Type: O, Coords [-0.289 33.236  8.475], Mask 1
Type: CL, Coords [-2.037 33.66  10.817], Mask 1
Designing protein from this path: /home/tedeschg/prj/protein-perturbation/data/cdk2/03.complexes_dude/decoys_73_ZINC49978845_best_CNNaffinity.pdb
These residues will be redesigned:  ['A1', 'A2', 'A3', 'A4', 'A5', 'A6', 'A7', 'A8', 'A9', 'A10', 'A11', 'A12', 'A15', 'A16', 'A17', 'A18', 'A19', 'A20', 'A21', 'A22', 'A23', 'A24', 'A25', 'A26', 'A27', 'A28', 'A29', 'A30', 'A31', 'A32', 'A33', 'A34', 'A35', 'A44', 'A45', 'A46', 'A47', 'A48', 'A49', 'A50', 'A51', 'A52', 'A53', 'A54', 'A55', 'A56', 'A57', 'A58', 'A59', 'A60', 'A61', 'A62', 'A63', 'A64', 'A65', 'A66', 'A67', 'A68', 'A69', 'A70', 'A71', 'A72', 'A73', 'A74', 'A75', 'A76', 'A77', 'A78', 'A79', 'A80', 'A81', 'A82', 'A83', 'A84', 'A85', 'A86', 'A87', 'A88', 'A89', 'A90', 'A91', 'A92', 'A93', 'A94', 'A95', 'A96', 'A97', 'A98', 'A99', 'A100', 'A101', 'A102', 'A103', 'A104', 'A105', 'A106', 'A107', 'A108', 'A109', 'A110', 'A111', 'A112', 'A113', 'A114', 'A115', 'A116', 'A117', 'A118', 'A119', 'A120', 'A121', 'A122', 'A123', 'A124', 'A125', 'A126', 'A127', 'A128', 'A129', 'A130', 'A131', 'A132', 'A133', 'A134', 'A135', 'A136', 'A137', 'A138', 'A139', 'A140', 'A141', 'A142', 'A143', 'A144', 'A145', 'A146', 'A147', 'A148', 'A149', 'A150', 'A151', 'A162', 'A163', 'A164', 'A165', 'A166', 'A167', 'A168', 'A169', 'A170', 'A171', 'A172', 'A173', 'A174', 'A175', 'A176', 'A177', 'A178', 'A179', 'A180', 'A181', 'A182', 'A183', 'A184', 'A185', 'A186', 'A187', 'A188', 'A189', 'A190', 'A191', 'A192', 'A193', 'A194', 'A195', 'A196', 'A197', 'A198', 'A199', 'A200', 'A201', 'A202', 'A203', 'A204', 'A205', 'A206', 'A207', 'A208', 'A209', 'A210', 'A211', 'A212', 'A213', 'A214', 'A215', 'A216', 'A217', 'A218', 'A219', 'A220', 'A221', 'A222', 'A223', 'A224', 'A225', 'A226', 'A227', 'A228', 'A229', 'A230', 'A231', 'A232', 'A233', 'A234', 'A235', 'A236', 'A237', 'A238', 'A239', 'A240', 'A241', 'A242', 'A243', 'A244', 'A245', 'A246', 'A247', 'A248', 'A249', 'A250', 'A251', 'A252', 'A253', 'A254', 'A255', 'A256', 'A257', 'A258', 'A259', 'A260', 'A261', 'A262', 'A263', 'A264', 'A265', 'A266', 'A267', 'A268', 'A269', 'A270', 'A271', 'A272', 'A273', 'A274', 'A275', 'A276', 'A277', 'A278', 'A279', 'A280', 'A281', 'A282', 'A283', 'A284', 'A285', 'A286', 'A287', 'A288', 'A289', 'A290', 'A291', 'A292', 'A293', 'A294', 'A295', 'A296', 'A297', 'A298']
These residues will be fixed:  []
The number of ligand atoms parsed is equal to: 20
Type: S, Coords [-2.057 29.32  11.092], Mask 1
Type: O, Coords [-1.42  30.196 12.012], Mask 1
Type: O, Coords [-3.309 28.707 11.367], Mask 1
Type: C, Coords [-0.918 28.015 10.768], Mask 1
Type: C, Coords [-1.343 26.873 10.118], Mask 1
Type: C, Coords [-0.45  25.848  9.863], Mask 1
Type: C, Coords [ 0.872 25.964 10.257], Mask 1
Type: C, Coords [ 1.303 27.104 10.908], Mask 1
Type: C, Coords [ 0.409 28.138 11.16 ], Mask 1
Type: N, Coords [ 0.842 29.294 11.811], Mask 1
Type: CL, Coords [ 1.989 24.675  9.934], Mask 1
Type: N, Coords [-2.244 30.169  9.683], Mask 1
Type: C, Coords [-3.587 30.43   9.158], Mask 1
Type: C, Coords [-1.534 32.908  9.975], Mask 1
Type: C, Coords [-0.739 31.965  9.108], Mask 1
Type: C, Coords [ 0.374 32.422  8.43 ], Mask 1
Type: C, Coords [ 1.104 31.558  7.634], Mask 1
Type: C, Coords [ 0.722 30.234  7.514], Mask 1
Type: C, Coords [-0.39  29.771  8.19 ], Mask 1
Type: C, Coords [-1.122 30.635  8.994], Mask 1
Designing protein from this path: /home/tedeschg/prj/protein-perturbation/data/cdk2/03.complexes_dude/decoys_74_ZINC58866805_best_CNNaffinity.pdb
These residues will be redesigned:  ['A1', 'A2', 'A3', 'A4', 'A5', 'A6', 'A7', 'A8', 'A9', 'A10', 'A11', 'A12', 'A15', 'A16', 'A17', 'A18', 'A19', 'A20', 'A21', 'A22', 'A23', 'A24', 'A25', 'A26', 'A27', 'A28', 'A29', 'A30', 'A31', 'A32', 'A33', 'A34', 'A35', 'A44', 'A45', 'A46', 'A47', 'A48', 'A49', 'A50', 'A51', 'A52', 'A53', 'A54', 'A55', 'A56', 'A57', 'A58', 'A59', 'A60', 'A61', 'A62', 'A63', 'A64', 'A65', 'A66', 'A67', 'A68', 'A69', 'A70', 'A71', 'A72', 'A73', 'A74', 'A75', 'A76', 'A77', 'A78', 'A79', 'A80', 'A81', 'A82', 'A83', 'A84', 'A85', 'A86', 'A87', 'A88', 'A89', 'A90', 'A91', 'A92', 'A93', 'A94', 'A95', 'A96', 'A97', 'A98', 'A99', 'A100', 'A101', 'A102', 'A103', 'A104', 'A105', 'A106', 'A107', 'A108', 'A109', 'A110', 'A111', 'A112', 'A113', 'A114', 'A115', 'A116', 'A117', 'A118', 'A119', 'A120', 'A121', 'A122', 'A123', 'A124', 'A125', 'A126', 'A127', 'A128', 'A129', 'A130', 'A131', 'A132', 'A133', 'A134', 'A135', 'A136', 'A137', 'A138', 'A139', 'A140', 'A141', 'A142', 'A143', 'A144', 'A145', 'A146', 'A147', 'A148', 'A149', 'A150', 'A151', 'A162', 'A163', 'A164', 'A165', 'A166', 'A167', 'A168', 'A169', 'A170', 'A171', 'A172', 'A173', 'A174', 'A175', 'A176', 'A177', 'A178', 'A179', 'A180', 'A181', 'A182', 'A183', 'A184', 'A185', 'A186', 'A187', 'A188', 'A189', 'A190', 'A191', 'A192', 'A193', 'A194', 'A195', 'A196', 'A197', 'A198', 'A199', 'A200', 'A201', 'A202', 'A203', 'A204', 'A205', 'A206', 'A207', 'A208', 'A209', 'A210', 'A211', 'A212', 'A213', 'A214', 'A215', 'A216', 'A217', 'A218', 'A219', 'A220', 'A221', 'A222', 'A223', 'A224', 'A225', 'A226', 'A227', 'A228', 'A229', 'A230', 'A231', 'A232', 'A233', 'A234', 'A235', 'A236', 'A237', 'A238', 'A239', 'A240', 'A241', 'A242', 'A243', 'A244', 'A245', 'A246', 'A247', 'A248', 'A249', 'A250', 'A251', 'A252', 'A253', 'A254', 'A255', 'A256', 'A257', 'A258', 'A259', 'A260', 'A261', 'A262', 'A263', 'A264', 'A265', 'A266', 'A267', 'A268', 'A269', 'A270', 'A271', 'A272', 'A273', 'A274', 'A275', 'A276', 'A277', 'A278', 'A279', 'A280', 'A281', 'A282', 'A283', 'A284', 'A285', 'A286', 'A287', 'A288', 'A289', 'A290', 'A291', 'A292', 'A293', 'A294', 'A295', 'A296', 'A297', 'A298']
These residues will be fixed:  []
The number of ligand atoms parsed is equal to: 28
Type: C, Coords [-1.497 27.66  13.023], Mask 1
Type: N, Coords [-0.141 27.122 12.857], Mask 1
Type: C, Coords [-0.21  25.817 12.186], Mask 1
Type: N, Coords [ 1.98  26.231 11.113], Mask 1
Type: C, Coords [ 0.703 25.82  10.986], Mask 1
Type: O, Coords [ 0.287 25.454  9.908], Mask 1
Type: C, Coords [ 3.214 27.586  9.539], Mask 1
Type: C, Coords [ 4.019 27.689  8.422], Mask 1
Type: C, Coords [ 4.41  26.549  7.742], Mask 1
Type: C, Coords [ 3.995 25.303  8.179], Mask 1
Type: C, Coords [ 3.189 25.195  9.296], Mask 1
Type: C, Coords [ 2.796 26.338  9.98 ], Mask 1
Type: CL, Coords [ 5.421 26.682  6.337], Mask 1
Type: C, Coords [-2.119 27.91  11.647], Mask 1
Type: N, Coords [-2.107 29.346 11.359], Mask 1
Type: C, Coords [-1.254 29.854 10.377], Mask 1
Type: C, Coords [-0.27  29.045  9.822], Mask 1
Type: C, Coords [ 0.571 29.55   8.851], Mask 1
Type: C, Coords [ 0.435 30.861  8.43 ], Mask 1
Type: C, Coords [-0.542 31.669  8.98 ], Mask 1
Type: C, Coords [-1.391 31.168  9.948], Mask 1
Type: C, Coords [ 1.355 31.409  7.369], Mask 1
Type: F, Coords [ 2.682 31.294  7.798], Mask 1
Type: F, Coords [ 1.183 30.686  6.184], Mask 1
Type: F, Coords [ 1.054 32.756  7.142], Mask 1
Type: N, Coords [-2.441 32.032 10.532], Mask 1
Type: O, Coords [-3.566 31.611 10.665], Mask 1
Type: O, Coords [-2.173 33.16  10.877], Mask 1
Designing protein from this path: /home/tedeschg/prj/protein-perturbation/data/cdk2/03.complexes_dude/decoys_75_ZINC13956920_best_CNNaffinity.pdb
These residues will be redesigned:  ['A1', 'A2', 'A3', 'A4', 'A5', 'A6', 'A7', 'A8', 'A9', 'A10', 'A11', 'A12', 'A15', 'A16', 'A17', 'A18', 'A19', 'A20', 'A21', 'A22', 'A23', 'A24', 'A25', 'A26', 'A27', 'A28', 'A29', 'A30', 'A31', 'A32', 'A33', 'A34', 'A35', 'A44', 'A45', 'A46', 'A47', 'A48', 'A49', 'A50', 'A51', 'A52', 'A53', 'A54', 'A55', 'A56', 'A57', 'A58', 'A59', 'A60', 'A61', 'A62', 'A63', 'A64', 'A65', 'A66', 'A67', 'A68', 'A69', 'A70', 'A71', 'A72', 'A73', 'A74', 'A75', 'A76', 'A77', 'A78', 'A79', 'A80', 'A81', 'A82', 'A83', 'A84', 'A85', 'A86', 'A87', 'A88', 'A89', 'A90', 'A91', 'A92', 'A93', 'A94', 'A95', 'A96', 'A97', 'A98', 'A99', 'A100', 'A101', 'A102', 'A103', 'A104', 'A105', 'A106', 'A107', 'A108', 'A109', 'A110', 'A111', 'A112', 'A113', 'A114', 'A115', 'A116', 'A117', 'A118', 'A119', 'A120', 'A121', 'A122', 'A123', 'A124', 'A125', 'A126', 'A127', 'A128', 'A129', 'A130', 'A131', 'A132', 'A133', 'A134', 'A135', 'A136', 'A137', 'A138', 'A139', 'A140', 'A141', 'A142', 'A143', 'A144', 'A145', 'A146', 'A147', 'A148', 'A149', 'A150', 'A151', 'A162', 'A163', 'A164', 'A165', 'A166', 'A167', 'A168', 'A169', 'A170', 'A171', 'A172', 'A173', 'A174', 'A175', 'A176', 'A177', 'A178', 'A179', 'A180', 'A181', 'A182', 'A183', 'A184', 'A185', 'A186', 'A187', 'A188', 'A189', 'A190', 'A191', 'A192', 'A193', 'A194', 'A195', 'A196', 'A197', 'A198', 'A199', 'A200', 'A201', 'A202', 'A203', 'A204', 'A205', 'A206', 'A207', 'A208', 'A209', 'A210', 'A211', 'A212', 'A213', 'A214', 'A215', 'A216', 'A217', 'A218', 'A219', 'A220', 'A221', 'A222', 'A223', 'A224', 'A225', 'A226', 'A227', 'A228', 'A229', 'A230', 'A231', 'A232', 'A233', 'A234', 'A235', 'A236', 'A237', 'A238', 'A239', 'A240', 'A241', 'A242', 'A243', 'A244', 'A245', 'A246', 'A247', 'A248', 'A249', 'A250', 'A251', 'A252', 'A253', 'A254', 'A255', 'A256', 'A257', 'A258', 'A259', 'A260', 'A261', 'A262', 'A263', 'A264', 'A265', 'A266', 'A267', 'A268', 'A269', 'A270', 'A271', 'A272', 'A273', 'A274', 'A275', 'A276', 'A277', 'A278', 'A279', 'A280', 'A281', 'A282', 'A283', 'A284', 'A285', 'A286', 'A287', 'A288', 'A289', 'A290', 'A291', 'A292', 'A293', 'A294', 'A295', 'A296', 'A297', 'A298']
These residues will be fixed:  []
The number of ligand atoms parsed is equal to: 31
Type: C, Coords [-0.604 28.195 10.884], Mask 1
Type: N, Coords [-1.247 29.342 10.976], Mask 1
Type: C, Coords [-0.769 30.205 10.078], Mask 1
Type: C, Coords [ 0.246 29.562  9.377], Mask 1
Type: N, Coords [ 0.332 28.28   9.901], Mask 1
Type: C, Coords [ 0.919 30.255  8.355], Mask 1
Type: O, Coords [ 1.808 29.71   7.724], Mask 1
Type: N, Coords [ 0.575 31.531  8.085], Mask 1
Type: C, Coords [-0.403 32.145  8.773], Mask 1
Type: O, Coords [-0.687 33.296  8.501], Mask 1
Type: N, Coords [-1.077 31.516  9.754], Mask 1
Type: C, Coords [-2.138 32.22  10.48 ], Mask 1
Type: C, Coords [ 1.166 23.966 12.453], Mask 1
Type: C, Coords [-0.041 24.907 12.437], Mask 1
Type: C, Coords [ 0.291 26.151 11.609], Mask 1
Type: N, Coords [-0.843 27.085 11.661], Mask 1
Type: C, Coords [-1.14  27.467 13.049], Mask 1
Type: C, Coords [-1.458 26.209 13.862], Mask 1
Type: O, Coords [-0.357 25.301 13.774], Mask 1
Type: C, Coords [-1.69  26.592 15.325], Mask 1
Type: C, Coords [ 1.256 27.224  9.482], Mask 1
Type: C, Coords [ 2.62  27.45  10.137], Mask 1
Type: C, Coords [ 3.667 27.726  9.055], Mask 1
Type: S, Coords [ 4.242 26.154  8.356], Mask 1
Type: C, Coords [ 4.239 26.433  6.616], Mask 1
Type: C, Coords [ 4.059 25.369  5.741], Mask 1
Type: C, Coords [ 4.052 25.592  4.378], Mask 1
Type: C, Coords [ 4.234 26.873  3.883], Mask 1
Type: C, Coords [ 4.419 27.934  4.754], Mask 1
Type: C, Coords [ 4.421 27.717  6.118], Mask 1
Type: F, Coords [ 4.231 27.087  2.55 ], Mask 1
Designing protein from this path: /home/tedeschg/prj/protein-perturbation/data/cdk2/03.complexes_dude/decoys_76_ZINC48653986_best_CNNaffinity.pdb
These residues will be redesigned:  ['A1', 'A2', 'A3', 'A4', 'A5', 'A6', 'A7', 'A8', 'A9', 'A10', 'A11', 'A12', 'A15', 'A16', 'A17', 'A18', 'A19', 'A20', 'A21', 'A22', 'A23', 'A24', 'A25', 'A26', 'A27', 'A28', 'A29', 'A30', 'A31', 'A32', 'A33', 'A34', 'A35', 'A44', 'A45', 'A46', 'A47', 'A48', 'A49', 'A50', 'A51', 'A52', 'A53', 'A54', 'A55', 'A56', 'A57', 'A58', 'A59', 'A60', 'A61', 'A62', 'A63', 'A64', 'A65', 'A66', 'A67', 'A68', 'A69', 'A70', 'A71', 'A72', 'A73', 'A74', 'A75', 'A76', 'A77', 'A78', 'A79', 'A80', 'A81', 'A82', 'A83', 'A84', 'A85', 'A86', 'A87', 'A88', 'A89', 'A90', 'A91', 'A92', 'A93', 'A94', 'A95', 'A96', 'A97', 'A98', 'A99', 'A100', 'A101', 'A102', 'A103', 'A104', 'A105', 'A106', 'A107', 'A108', 'A109', 'A110', 'A111', 'A112', 'A113', 'A114', 'A115', 'A116', 'A117', 'A118', 'A119', 'A120', 'A121', 'A122', 'A123', 'A124', 'A125', 'A126', 'A127', 'A128', 'A129', 'A130', 'A131', 'A132', 'A133', 'A134', 'A135', 'A136', 'A137', 'A138', 'A139', 'A140', 'A141', 'A142', 'A143', 'A144', 'A145', 'A146', 'A147', 'A148', 'A149', 'A150', 'A151', 'A162', 'A163', 'A164', 'A165', 'A166', 'A167', 'A168', 'A169', 'A170', 'A171', 'A172', 'A173', 'A174', 'A175', 'A176', 'A177', 'A178', 'A179', 'A180', 'A181', 'A182', 'A183', 'A184', 'A185', 'A186', 'A187', 'A188', 'A189', 'A190', 'A191', 'A192', 'A193', 'A194', 'A195', 'A196', 'A197', 'A198', 'A199', 'A200', 'A201', 'A202', 'A203', 'A204', 'A205', 'A206', 'A207', 'A208', 'A209', 'A210', 'A211', 'A212', 'A213', 'A214', 'A215', 'A216', 'A217', 'A218', 'A219', 'A220', 'A221', 'A222', 'A223', 'A224', 'A225', 'A226', 'A227', 'A228', 'A229', 'A230', 'A231', 'A232', 'A233', 'A234', 'A235', 'A236', 'A237', 'A238', 'A239', 'A240', 'A241', 'A242', 'A243', 'A244', 'A245', 'A246', 'A247', 'A248', 'A249', 'A250', 'A251', 'A252', 'A253', 'A254', 'A255', 'A256', 'A257', 'A258', 'A259', 'A260', 'A261', 'A262', 'A263', 'A264', 'A265', 'A266', 'A267', 'A268', 'A269', 'A270', 'A271', 'A272', 'A273', 'A274', 'A275', 'A276', 'A277', 'A278', 'A279', 'A280', 'A281', 'A282', 'A283', 'A284', 'A285', 'A286', 'A287', 'A288', 'A289', 'A290', 'A291', 'A292', 'A293', 'A294', 'A295', 'A296', 'A297', 'A298']
These residues will be fixed:  []
The number of ligand atoms parsed is equal to: 20
Type: S, Coords [-1.388 29.674 11.336], Mask 1
Type: O, Coords [-1.022 30.213 12.599], Mask 1
Type: O, Coords [-2.728 29.328 11.015], Mask 1
Type: C, Coords [-2.405 32.797 10.815], Mask 1
Type: C, Coords [-1.344 32.142  9.968], Mask 1
Type: C, Coords [-0.863 30.837 10.121], Mask 1
Type: C, Coords [ 0.079 30.627  9.17 ], Mask 1
Type: N, Coords [ 0.188 31.759  8.443], Mask 1
Type: N, Coords [-0.719 32.693  8.96 ], Mask 1
Type: C, Coords [ 1.092 31.971  7.31 ], Mask 1
Type: CL, Coords [ 0.983 29.165  8.931], Mask 1
Type: N, Coords [-0.482 28.304 11.125], Mask 1
Type: C, Coords [-0.689 27.195 11.951], Mask 1
Type: C, Coords [-0.507 27.306 13.324], Mask 1
Type: C, Coords [-0.713 26.209 14.137], Mask 1
Type: C, Coords [-1.099 25.    13.587], Mask 1
Type: C, Coords [-1.281 24.886 12.22 ], Mask 1
Type: C, Coords [-1.082 25.981 11.401], Mask 1
Type: CL, Coords [-1.317 25.839  9.687], Mask 1
Type: I, Coords [-1.409 23.339 14.825], Mask 1
Designing protein from this path: /home/tedeschg/prj/protein-perturbation/data/cdk2/03.complexes_dude/decoys_77_ZINC33154863_best_CNNaffinity.pdb
These residues will be redesigned:  ['A1', 'A2', 'A3', 'A4', 'A5', 'A6', 'A7', 'A8', 'A9', 'A10', 'A11', 'A12', 'A15', 'A16', 'A17', 'A18', 'A19', 'A20', 'A21', 'A22', 'A23', 'A24', 'A25', 'A26', 'A27', 'A28', 'A29', 'A30', 'A31', 'A32', 'A33', 'A34', 'A35', 'A44', 'A45', 'A46', 'A47', 'A48', 'A49', 'A50', 'A51', 'A52', 'A53', 'A54', 'A55', 'A56', 'A57', 'A58', 'A59', 'A60', 'A61', 'A62', 'A63', 'A64', 'A65', 'A66', 'A67', 'A68', 'A69', 'A70', 'A71', 'A72', 'A73', 'A74', 'A75', 'A76', 'A77', 'A78', 'A79', 'A80', 'A81', 'A82', 'A83', 'A84', 'A85', 'A86', 'A87', 'A88', 'A89', 'A90', 'A91', 'A92', 'A93', 'A94', 'A95', 'A96', 'A97', 'A98', 'A99', 'A100', 'A101', 'A102', 'A103', 'A104', 'A105', 'A106', 'A107', 'A108', 'A109', 'A110', 'A111', 'A112', 'A113', 'A114', 'A115', 'A116', 'A117', 'A118', 'A119', 'A120', 'A121', 'A122', 'A123', 'A124', 'A125', 'A126', 'A127', 'A128', 'A129', 'A130', 'A131', 'A132', 'A133', 'A134', 'A135', 'A136', 'A137', 'A138', 'A139', 'A140', 'A141', 'A142', 'A143', 'A144', 'A145', 'A146', 'A147', 'A148', 'A149', 'A150', 'A151', 'A162', 'A163', 'A164', 'A165', 'A166', 'A167', 'A168', 'A169', 'A170', 'A171', 'A172', 'A173', 'A174', 'A175', 'A176', 'A177', 'A178', 'A179', 'A180', 'A181', 'A182', 'A183', 'A184', 'A185', 'A186', 'A187', 'A188', 'A189', 'A190', 'A191', 'A192', 'A193', 'A194', 'A195', 'A196', 'A197', 'A198', 'A199', 'A200', 'A201', 'A202', 'A203', 'A204', 'A205', 'A206', 'A207', 'A208', 'A209', 'A210', 'A211', 'A212', 'A213', 'A214', 'A215', 'A216', 'A217', 'A218', 'A219', 'A220', 'A221', 'A222', 'A223', 'A224', 'A225', 'A226', 'A227', 'A228', 'A229', 'A230', 'A231', 'A232', 'A233', 'A234', 'A235', 'A236', 'A237', 'A238', 'A239', 'A240', 'A241', 'A242', 'A243', 'A244', 'A245', 'A246', 'A247', 'A248', 'A249', 'A250', 'A251', 'A252', 'A253', 'A254', 'A255', 'A256', 'A257', 'A258', 'A259', 'A260', 'A261', 'A262', 'A263', 'A264', 'A265', 'A266', 'A267', 'A268', 'A269', 'A270', 'A271', 'A272', 'A273', 'A274', 'A275', 'A276', 'A277', 'A278', 'A279', 'A280', 'A281', 'A282', 'A283', 'A284', 'A285', 'A286', 'A287', 'A288', 'A289', 'A290', 'A291', 'A292', 'A293', 'A294', 'A295', 'A296', 'A297', 'A298']
These residues will be fixed:  []
The number of ligand atoms parsed is equal to: 30
Type: C, Coords [ 1.403 24.135 10.35 ], Mask 1
Type: N, Coords [ 3.351 23.829  8.857], Mask 1
Type: C, Coords [ 2.645 23.398  9.921], Mask 1
Type: O, Coords [ 3.01  22.416 10.533], Mask 1
Type: C, Coords [ 5.021 23.367  7.288], Mask 1
Type: N, Coords [ 4.506 23.144  8.458], Mask 1
Type: C, Coords [ 3.966 25.846  4.671], Mask 1
Type: C, Coords [ 4.268 27.047  5.299], Mask 1
Type: C, Coords [ 4.804 27.053  6.572], Mask 1
Type: C, Coords [ 5.055 25.858  7.227], Mask 1
Type: C, Coords [ 4.757 24.643  6.598], Mask 1
Type: C, Coords [ 4.21  24.645  5.313], Mask 1
Type: O, Coords [ 5.588 25.866  8.477], Mask 1
Type: C, Coords [ 3.639 27.023  2.631], Mask 1
Type: O, Coords [ 3.433 25.85   3.42 ], Mask 1
Type: C, Coords [ 1.798 25.373 11.158], Mask 1
Type: C, Coords [ 1.041 26.57  10.644], Mask 1
Type: O, Coords [ 0.12  26.419  9.869], Mask 1
Type: N, Coords [ 1.387 27.809 11.046], Mask 1
Type: C, Coords [ 0.757 28.928 10.487], Mask 1
Type: C, Coords [ 1.277 29.521  9.345], Mask 1
Type: C, Coords [ 0.651 30.622  8.793], Mask 1
Type: C, Coords [-0.488 31.139  9.383], Mask 1
Type: C, Coords [-1.007 30.554 10.523], Mask 1
Type: C, Coords [-0.388 29.45  11.078], Mask 1
Type: CL, Coords [-1.039 28.715 12.509], Mask 1
Type: C, Coords [ 1.213 31.263  7.551], Mask 1
Type: F, Coords [ 0.826 30.523  6.428], Mask 1
Type: F, Coords [ 0.725 32.569  7.439], Mask 1
Type: F, Coords [ 2.609 31.292  7.631], Mask 1
Designing protein from this path: /home/tedeschg/prj/protein-perturbation/data/cdk2/03.complexes_dude/decoys_78_ZINC39665804_best_CNNaffinity.pdb
These residues will be redesigned:  ['A1', 'A2', 'A3', 'A4', 'A5', 'A6', 'A7', 'A8', 'A9', 'A10', 'A11', 'A12', 'A15', 'A16', 'A17', 'A18', 'A19', 'A20', 'A21', 'A22', 'A23', 'A24', 'A25', 'A26', 'A27', 'A28', 'A29', 'A30', 'A31', 'A32', 'A33', 'A34', 'A35', 'A44', 'A45', 'A46', 'A47', 'A48', 'A49', 'A50', 'A51', 'A52', 'A53', 'A54', 'A55', 'A56', 'A57', 'A58', 'A59', 'A60', 'A61', 'A62', 'A63', 'A64', 'A65', 'A66', 'A67', 'A68', 'A69', 'A70', 'A71', 'A72', 'A73', 'A74', 'A75', 'A76', 'A77', 'A78', 'A79', 'A80', 'A81', 'A82', 'A83', 'A84', 'A85', 'A86', 'A87', 'A88', 'A89', 'A90', 'A91', 'A92', 'A93', 'A94', 'A95', 'A96', 'A97', 'A98', 'A99', 'A100', 'A101', 'A102', 'A103', 'A104', 'A105', 'A106', 'A107', 'A108', 'A109', 'A110', 'A111', 'A112', 'A113', 'A114', 'A115', 'A116', 'A117', 'A118', 'A119', 'A120', 'A121', 'A122', 'A123', 'A124', 'A125', 'A126', 'A127', 'A128', 'A129', 'A130', 'A131', 'A132', 'A133', 'A134', 'A135', 'A136', 'A137', 'A138', 'A139', 'A140', 'A141', 'A142', 'A143', 'A144', 'A145', 'A146', 'A147', 'A148', 'A149', 'A150', 'A151', 'A162', 'A163', 'A164', 'A165', 'A166', 'A167', 'A168', 'A169', 'A170', 'A171', 'A172', 'A173', 'A174', 'A175', 'A176', 'A177', 'A178', 'A179', 'A180', 'A181', 'A182', 'A183', 'A184', 'A185', 'A186', 'A187', 'A188', 'A189', 'A190', 'A191', 'A192', 'A193', 'A194', 'A195', 'A196', 'A197', 'A198', 'A199', 'A200', 'A201', 'A202', 'A203', 'A204', 'A205', 'A206', 'A207', 'A208', 'A209', 'A210', 'A211', 'A212', 'A213', 'A214', 'A215', 'A216', 'A217', 'A218', 'A219', 'A220', 'A221', 'A222', 'A223', 'A224', 'A225', 'A226', 'A227', 'A228', 'A229', 'A230', 'A231', 'A232', 'A233', 'A234', 'A235', 'A236', 'A237', 'A238', 'A239', 'A240', 'A241', 'A242', 'A243', 'A244', 'A245', 'A246', 'A247', 'A248', 'A249', 'A250', 'A251', 'A252', 'A253', 'A254', 'A255', 'A256', 'A257', 'A258', 'A259', 'A260', 'A261', 'A262', 'A263', 'A264', 'A265', 'A266', 'A267', 'A268', 'A269', 'A270', 'A271', 'A272', 'A273', 'A274', 'A275', 'A276', 'A277', 'A278', 'A279', 'A280', 'A281', 'A282', 'A283', 'A284', 'A285', 'A286', 'A287', 'A288', 'A289', 'A290', 'A291', 'A292', 'A293', 'A294', 'A295', 'A296', 'A297', 'A298']
These residues will be fixed:  []
The number of ligand atoms parsed is equal to: 36
Type: C, Coords [ 1.425 27.187  9.56 ], Mask 1
Type: C, Coords [ 1.331 28.62  10.13 ], Mask 1
Type: N, Coords [ 0.168 28.582 11.048], Mask 1
Type: C, Coords [ 0.27  27.264 11.718], Mask 1
Type: C, Coords [ 0.729 26.3   10.606], Mask 1
Type: C, Coords [ 1.71  25.276 11.168], Mask 1
Type: C, Coords [ 0.98  24.368 12.162], Mask 1
Type: N, Coords [-0.131 23.69  11.483], Mask 1
Type: C, Coords [-1.117 24.677 11.027], Mask 1
Type: C, Coords [-0.476 25.598  9.985], Mask 1
Type: C, Coords [-0.77  29.532 11.231], Mask 1
Type: O, Coords [-1.629 29.382 12.08 ], Mask 1
Type: C, Coords [-0.756 30.748 10.408], Mask 1
Type: C, Coords [-1.487 31.838 10.756], Mask 1
Type: S, Coords [-1.185 32.977  9.562], Mask 1
Type: C, Coords [-0.068 32.065  8.533], Mask 1
Type: C, Coords [ 0.052 30.824  9.188], Mask 1
Type: C, Coords [ 0.897 29.864  8.601], Mask 1
Type: C, Coords [ 1.571 30.149  7.439], Mask 1
Type: C, Coords [ 1.439 31.381  6.816], Mask 1
Type: C, Coords [ 0.609 32.339  7.364], Mask 1
Type: N, Coords [ 3.175 25.604  8.817], Mask 1
Type: C, Coords [ 2.867 26.779  9.403], Mask 1
Type: O, Coords [ 3.751 27.507  9.803], Mask 1
Type: C, Coords [ 4.577 25.207  8.664], Mask 1
Type: C, Coords [ 4.651 22.944  7.609], Mask 1
Type: C, Coords [ 4.751 24.448  7.348], Mask 1
Type: O, Coords [ 6.032 24.75   6.789], Mask 1
Type: C, Coords [ 6.062 25.133  5.485], Mask 1
Type: C, Coords [ 5.259 26.177  5.051], Mask 1
Type: C, Coords [ 5.289 26.567  3.725], Mask 1
Type: C, Coords [ 6.123 25.913  2.83 ], Mask 1
Type: C, Coords [ 6.926 24.87   3.264], Mask 1
Type: C, Coords [ 6.899 24.483  4.59 ], Mask 1
Type: O, Coords [ 6.152 26.296  1.525], Mask 1
Type: C, Coords [ 5.865 27.668  1.245], Mask 1
Designing protein from this path: /home/tedeschg/prj/protein-perturbation/data/cdk2/03.complexes_dude/decoys_79_ZINC38828210_best_CNNaffinity.pdb
These residues will be redesigned:  ['A1', 'A2', 'A3', 'A4', 'A5', 'A6', 'A7', 'A8', 'A9', 'A10', 'A11', 'A12', 'A15', 'A16', 'A17', 'A18', 'A19', 'A20', 'A21', 'A22', 'A23', 'A24', 'A25', 'A26', 'A27', 'A28', 'A29', 'A30', 'A31', 'A32', 'A33', 'A34', 'A35', 'A44', 'A45', 'A46', 'A47', 'A48', 'A49', 'A50', 'A51', 'A52', 'A53', 'A54', 'A55', 'A56', 'A57', 'A58', 'A59', 'A60', 'A61', 'A62', 'A63', 'A64', 'A65', 'A66', 'A67', 'A68', 'A69', 'A70', 'A71', 'A72', 'A73', 'A74', 'A75', 'A76', 'A77', 'A78', 'A79', 'A80', 'A81', 'A82', 'A83', 'A84', 'A85', 'A86', 'A87', 'A88', 'A89', 'A90', 'A91', 'A92', 'A93', 'A94', 'A95', 'A96', 'A97', 'A98', 'A99', 'A100', 'A101', 'A102', 'A103', 'A104', 'A105', 'A106', 'A107', 'A108', 'A109', 'A110', 'A111', 'A112', 'A113', 'A114', 'A115', 'A116', 'A117', 'A118', 'A119', 'A120', 'A121', 'A122', 'A123', 'A124', 'A125', 'A126', 'A127', 'A128', 'A129', 'A130', 'A131', 'A132', 'A133', 'A134', 'A135', 'A136', 'A137', 'A138', 'A139', 'A140', 'A141', 'A142', 'A143', 'A144', 'A145', 'A146', 'A147', 'A148', 'A149', 'A150', 'A151', 'A162', 'A163', 'A164', 'A165', 'A166', 'A167', 'A168', 'A169', 'A170', 'A171', 'A172', 'A173', 'A174', 'A175', 'A176', 'A177', 'A178', 'A179', 'A180', 'A181', 'A182', 'A183', 'A184', 'A185', 'A186', 'A187', 'A188', 'A189', 'A190', 'A191', 'A192', 'A193', 'A194', 'A195', 'A196', 'A197', 'A198', 'A199', 'A200', 'A201', 'A202', 'A203', 'A204', 'A205', 'A206', 'A207', 'A208', 'A209', 'A210', 'A211', 'A212', 'A213', 'A214', 'A215', 'A216', 'A217', 'A218', 'A219', 'A220', 'A221', 'A222', 'A223', 'A224', 'A225', 'A226', 'A227', 'A228', 'A229', 'A230', 'A231', 'A232', 'A233', 'A234', 'A235', 'A236', 'A237', 'A238', 'A239', 'A240', 'A241', 'A242', 'A243', 'A244', 'A245', 'A246', 'A247', 'A248', 'A249', 'A250', 'A251', 'A252', 'A253', 'A254', 'A255', 'A256', 'A257', 'A258', 'A259', 'A260', 'A261', 'A262', 'A263', 'A264', 'A265', 'A266', 'A267', 'A268', 'A269', 'A270', 'A271', 'A272', 'A273', 'A274', 'A275', 'A276', 'A277', 'A278', 'A279', 'A280', 'A281', 'A282', 'A283', 'A284', 'A285', 'A286', 'A287', 'A288', 'A289', 'A290', 'A291', 'A292', 'A293', 'A294', 'A295', 'A296', 'A297', 'A298']
These residues will be fixed:  []
The number of ligand atoms parsed is equal to: 31
Type: C, Coords [ 3.266 29.445  8.122], Mask 1
Type: C, Coords [ 2.732 29.997  6.799], Mask 1
Type: C, Coords [ 1.564 30.91   7.066], Mask 1
Type: O, Coords [ 1.418 31.909  6.394], Mask 1
Type: N, Coords [ 0.683 30.629  8.041], Mask 1
Type: C, Coords [ 0.881 29.556  8.891], Mask 1
Type: C, Coords [ 2.119 28.941  8.956], Mask 1
Type: C, Coords [ 2.29  27.844  9.807], Mask 1
Type: O, Coords [ 3.367 27.273  9.878], Mask 1
Type: N, Coords [ 1.24  27.43  10.548], Mask 1
Type: C, Coords [ 0.052 28.09  10.475], Mask 1
Type: N, Coords [-0.113 29.121  9.674], Mask 1
Type: N, Coords [-0.995 27.672 11.252], Mask 1
Type: C, Coords [-1.36  28.404 12.472], Mask 1
Type: C, Coords [-1.393 27.422 13.647], Mask 1
Type: C, Coords [-2.328 26.259 13.308], Mask 1
Type: C, Coords [-1.801 25.521 12.075], Mask 1
Type: C, Coords [-1.777 26.485 10.88 ], Mask 1
Type: C, Coords [-1.126 25.799  9.677], Mask 1
Type: C, Coords [-0.325 29.498 12.743], Mask 1
Type: N, Coords [ 3.889 27.352  6.96 ], Mask 1
Type: C, Coords [ 4.221 28.313  7.845], Mask 1
Type: O, Coords [ 5.289 28.267  8.418], Mask 1
Type: C, Coords [ 7.268 22.845  6.265], Mask 1
Type: C, Coords [ 6.37  24.042  6.449], Mask 1
Type: C, Coords [ 6.545 24.875  7.539], Mask 1
Type: C, Coords [ 5.724 25.973  7.711], Mask 1
Type: C, Coords [ 4.723 26.24   6.788], Mask 1
Type: C, Coords [ 4.549 25.402  5.692], Mask 1
Type: C, Coords [ 5.377 24.307  5.524], Mask 1
Type: F, Coords [ 3.575 25.658  4.792], Mask 1
Designing protein from this path: /home/tedeschg/prj/protein-perturbation/data/cdk2/03.complexes_dude/decoys_80_ZINC12715302_best_CNNaffinity.pdb
These residues will be redesigned:  ['A1', 'A2', 'A3', 'A4', 'A5', 'A6', 'A7', 'A8', 'A9', 'A10', 'A11', 'A12', 'A15', 'A16', 'A17', 'A18', 'A19', 'A20', 'A21', 'A22', 'A23', 'A24', 'A25', 'A26', 'A27', 'A28', 'A29', 'A30', 'A31', 'A32', 'A33', 'A34', 'A35', 'A44', 'A45', 'A46', 'A47', 'A48', 'A49', 'A50', 'A51', 'A52', 'A53', 'A54', 'A55', 'A56', 'A57', 'A58', 'A59', 'A60', 'A61', 'A62', 'A63', 'A64', 'A65', 'A66', 'A67', 'A68', 'A69', 'A70', 'A71', 'A72', 'A73', 'A74', 'A75', 'A76', 'A77', 'A78', 'A79', 'A80', 'A81', 'A82', 'A83', 'A84', 'A85', 'A86', 'A87', 'A88', 'A89', 'A90', 'A91', 'A92', 'A93', 'A94', 'A95', 'A96', 'A97', 'A98', 'A99', 'A100', 'A101', 'A102', 'A103', 'A104', 'A105', 'A106', 'A107', 'A108', 'A109', 'A110', 'A111', 'A112', 'A113', 'A114', 'A115', 'A116', 'A117', 'A118', 'A119', 'A120', 'A121', 'A122', 'A123', 'A124', 'A125', 'A126', 'A127', 'A128', 'A129', 'A130', 'A131', 'A132', 'A133', 'A134', 'A135', 'A136', 'A137', 'A138', 'A139', 'A140', 'A141', 'A142', 'A143', 'A144', 'A145', 'A146', 'A147', 'A148', 'A149', 'A150', 'A151', 'A162', 'A163', 'A164', 'A165', 'A166', 'A167', 'A168', 'A169', 'A170', 'A171', 'A172', 'A173', 'A174', 'A175', 'A176', 'A177', 'A178', 'A179', 'A180', 'A181', 'A182', 'A183', 'A184', 'A185', 'A186', 'A187', 'A188', 'A189', 'A190', 'A191', 'A192', 'A193', 'A194', 'A195', 'A196', 'A197', 'A198', 'A199', 'A200', 'A201', 'A202', 'A203', 'A204', 'A205', 'A206', 'A207', 'A208', 'A209', 'A210', 'A211', 'A212', 'A213', 'A214', 'A215', 'A216', 'A217', 'A218', 'A219', 'A220', 'A221', 'A222', 'A223', 'A224', 'A225', 'A226', 'A227', 'A228', 'A229', 'A230', 'A231', 'A232', 'A233', 'A234', 'A235', 'A236', 'A237', 'A238', 'A239', 'A240', 'A241', 'A242', 'A243', 'A244', 'A245', 'A246', 'A247', 'A248', 'A249', 'A250', 'A251', 'A252', 'A253', 'A254', 'A255', 'A256', 'A257', 'A258', 'A259', 'A260', 'A261', 'A262', 'A263', 'A264', 'A265', 'A266', 'A267', 'A268', 'A269', 'A270', 'A271', 'A272', 'A273', 'A274', 'A275', 'A276', 'A277', 'A278', 'A279', 'A280', 'A281', 'A282', 'A283', 'A284', 'A285', 'A286', 'A287', 'A288', 'A289', 'A290', 'A291', 'A292', 'A293', 'A294', 'A295', 'A296', 'A297', 'A298']
These residues will be fixed:  []
The number of ligand atoms parsed is equal to: 34
Type: N, Coords [ 1.487 28.004  9.99 ], Mask 1
Type: C, Coords [ 1.364 26.729 10.408], Mask 1
Type: O, Coords [ 2.313 25.97  10.335], Mask 1
Type: C, Coords [-2.783 31.66  10.75 ], Mask 1
Type: C, Coords [-1.649 30.689 10.548], Mask 1
Type: C, Coords [-0.733 30.477 11.562], Mask 1
Type: C, Coords [ 0.308 29.588 11.38 ], Mask 1
Type: C, Coords [ 0.434 28.905 10.177], Mask 1
Type: C, Coords [-0.487 29.12   9.161], Mask 1
Type: C, Coords [-1.523 30.015  9.347], Mask 1
Type: C, Coords [-2.521 30.252  8.243], Mask 1
Type: C, Coords [ 0.09  26.256 10.951], Mask 1
Type: C, Coords [-0.333 26.18  12.28 ], Mask 1
Type: C, Coords [-1.627 25.674 12.401], Mask 1
Type: N, Coords [-2.285 25.325 11.318], Mask 1
Type: S, Coords [-1.335 25.616 10.095], Mask 1
Type: N, Coords [ 0.448 26.569 13.361], Mask 1
Type: C, Coords [-2.248 25.525 13.73 ], Mask 1
Type: O, Coords [-1.692 24.87  14.591], Mask 1
Type: N, Coords [-3.431 26.114 13.991], Mask 1
Type: C, Coords [ 2.723 28.446  9.339], Mask 1
Type: C, Coords [ 2.413 29.568  8.382], Mask 1
Type: C, Coords [ 2.554 29.523  7.045], Mask 1
Type: C, Coords [ 2.152 30.785  6.549], Mask 1
Type: C, Coords [ 1.79  31.525  7.612], Mask 1
Type: O, Coords [ 1.944 30.781  8.719], Mask 1
Type: C, Coords [ 1.288 32.945  7.567], Mask 1
Type: C, Coords [ 3.331 27.294  8.582], Mask 1
Type: O, Coords [ 2.615 26.493  8.018], Mask 1
Type: N, Coords [ 4.671 27.153  8.531], Mask 1
Type: C, Coords [ 5.262 26.033  7.795], Mask 1
Type: C, Coords [ 5.025 26.226  6.296], Mask 1
Type: C, Coords [ 6.766 25.979  8.071], Mask 1
Type: C, Coords [ 4.613 24.724  8.25 ], Mask 1
Designing protein from this path: /home/tedeschg/prj/protein-perturbation/data/cdk2/03.complexes_dude/decoys_81_ZINC63723535_best_CNNaffinity.pdb
These residues will be redesigned:  ['A1', 'A2', 'A3', 'A4', 'A5', 'A6', 'A7', 'A8', 'A9', 'A10', 'A11', 'A12', 'A15', 'A16', 'A17', 'A18', 'A19', 'A20', 'A21', 'A22', 'A23', 'A24', 'A25', 'A26', 'A27', 'A28', 'A29', 'A30', 'A31', 'A32', 'A33', 'A34', 'A35', 'A44', 'A45', 'A46', 'A47', 'A48', 'A49', 'A50', 'A51', 'A52', 'A53', 'A54', 'A55', 'A56', 'A57', 'A58', 'A59', 'A60', 'A61', 'A62', 'A63', 'A64', 'A65', 'A66', 'A67', 'A68', 'A69', 'A70', 'A71', 'A72', 'A73', 'A74', 'A75', 'A76', 'A77', 'A78', 'A79', 'A80', 'A81', 'A82', 'A83', 'A84', 'A85', 'A86', 'A87', 'A88', 'A89', 'A90', 'A91', 'A92', 'A93', 'A94', 'A95', 'A96', 'A97', 'A98', 'A99', 'A100', 'A101', 'A102', 'A103', 'A104', 'A105', 'A106', 'A107', 'A108', 'A109', 'A110', 'A111', 'A112', 'A113', 'A114', 'A115', 'A116', 'A117', 'A118', 'A119', 'A120', 'A121', 'A122', 'A123', 'A124', 'A125', 'A126', 'A127', 'A128', 'A129', 'A130', 'A131', 'A132', 'A133', 'A134', 'A135', 'A136', 'A137', 'A138', 'A139', 'A140', 'A141', 'A142', 'A143', 'A144', 'A145', 'A146', 'A147', 'A148', 'A149', 'A150', 'A151', 'A162', 'A163', 'A164', 'A165', 'A166', 'A167', 'A168', 'A169', 'A170', 'A171', 'A172', 'A173', 'A174', 'A175', 'A176', 'A177', 'A178', 'A179', 'A180', 'A181', 'A182', 'A183', 'A184', 'A185', 'A186', 'A187', 'A188', 'A189', 'A190', 'A191', 'A192', 'A193', 'A194', 'A195', 'A196', 'A197', 'A198', 'A199', 'A200', 'A201', 'A202', 'A203', 'A204', 'A205', 'A206', 'A207', 'A208', 'A209', 'A210', 'A211', 'A212', 'A213', 'A214', 'A215', 'A216', 'A217', 'A218', 'A219', 'A220', 'A221', 'A222', 'A223', 'A224', 'A225', 'A226', 'A227', 'A228', 'A229', 'A230', 'A231', 'A232', 'A233', 'A234', 'A235', 'A236', 'A237', 'A238', 'A239', 'A240', 'A241', 'A242', 'A243', 'A244', 'A245', 'A246', 'A247', 'A248', 'A249', 'A250', 'A251', 'A252', 'A253', 'A254', 'A255', 'A256', 'A257', 'A258', 'A259', 'A260', 'A261', 'A262', 'A263', 'A264', 'A265', 'A266', 'A267', 'A268', 'A269', 'A270', 'A271', 'A272', 'A273', 'A274', 'A275', 'A276', 'A277', 'A278', 'A279', 'A280', 'A281', 'A282', 'A283', 'A284', 'A285', 'A286', 'A287', 'A288', 'A289', 'A290', 'A291', 'A292', 'A293', 'A294', 'A295', 'A296', 'A297', 'A298']
These residues will be fixed:  []
The number of ligand atoms parsed is equal to: 21
Type: C, Coords [-1.462 28.698 12.073], Mask 1
Type: O, Coords [-0.721 29.211 12.884], Mask 1
Type: N, Coords [-1.601 27.357 12.041], Mask 1
Type: C, Coords [-2.506 26.759 11.039], Mask 1
Type: C, Coords [-1.887 25.493 10.42 ], Mask 1
Type: C, Coords [-0.409 25.716 10.191], Mask 1
Type: N, Coords [ 0.338 25.224 11.347], Mask 1
Type: C, Coords [ 0.513 26.165 12.386], Mask 1
Type: C, Coords [-0.852 26.555 12.987], Mask 1
Type: C, Coords [ 1.664 24.787 10.89 ], Mask 1
Type: C, Coords [ 1.554 23.394 10.266], Mask 1
Type: C, Coords [ 2.195 25.773  9.848], Mask 1
Type: C, Coords [ 2.623 24.738 12.081], Mask 1
Type: C, Coords [-2.229 29.558 11.102], Mask 1
Type: C, Coords [-1.935 32.526 10.239], Mask 1
Type: C, Coords [-1.114 31.401  9.663], Mask 1
Type: C, Coords [-1.281 30.121 10.074], Mask 1
Type: S, Coords [-0.07  29.285  9.064], Mask 1
Type: C, Coords [ 0.513 30.63   8.237], Mask 1
Type: S, Coords [ 1.771 30.698  7.005], Mask 1
Type: N, Coords [-0.204 31.619  8.731], Mask 1
Designing protein from this path: /home/tedeschg/prj/protein-perturbation/data/cdk2/03.complexes_dude/decoys_82_ZINC63160915_best_CNNaffinity.pdb
These residues will be redesigned:  ['A1', 'A2', 'A3', 'A4', 'A5', 'A6', 'A7', 'A8', 'A9', 'A10', 'A11', 'A12', 'A15', 'A16', 'A17', 'A18', 'A19', 'A20', 'A21', 'A22', 'A23', 'A24', 'A25', 'A26', 'A27', 'A28', 'A29', 'A30', 'A31', 'A32', 'A33', 'A34', 'A35', 'A44', 'A45', 'A46', 'A47', 'A48', 'A49', 'A50', 'A51', 'A52', 'A53', 'A54', 'A55', 'A56', 'A57', 'A58', 'A59', 'A60', 'A61', 'A62', 'A63', 'A64', 'A65', 'A66', 'A67', 'A68', 'A69', 'A70', 'A71', 'A72', 'A73', 'A74', 'A75', 'A76', 'A77', 'A78', 'A79', 'A80', 'A81', 'A82', 'A83', 'A84', 'A85', 'A86', 'A87', 'A88', 'A89', 'A90', 'A91', 'A92', 'A93', 'A94', 'A95', 'A96', 'A97', 'A98', 'A99', 'A100', 'A101', 'A102', 'A103', 'A104', 'A105', 'A106', 'A107', 'A108', 'A109', 'A110', 'A111', 'A112', 'A113', 'A114', 'A115', 'A116', 'A117', 'A118', 'A119', 'A120', 'A121', 'A122', 'A123', 'A124', 'A125', 'A126', 'A127', 'A128', 'A129', 'A130', 'A131', 'A132', 'A133', 'A134', 'A135', 'A136', 'A137', 'A138', 'A139', 'A140', 'A141', 'A142', 'A143', 'A144', 'A145', 'A146', 'A147', 'A148', 'A149', 'A150', 'A151', 'A162', 'A163', 'A164', 'A165', 'A166', 'A167', 'A168', 'A169', 'A170', 'A171', 'A172', 'A173', 'A174', 'A175', 'A176', 'A177', 'A178', 'A179', 'A180', 'A181', 'A182', 'A183', 'A184', 'A185', 'A186', 'A187', 'A188', 'A189', 'A190', 'A191', 'A192', 'A193', 'A194', 'A195', 'A196', 'A197', 'A198', 'A199', 'A200', 'A201', 'A202', 'A203', 'A204', 'A205', 'A206', 'A207', 'A208', 'A209', 'A210', 'A211', 'A212', 'A213', 'A214', 'A215', 'A216', 'A217', 'A218', 'A219', 'A220', 'A221', 'A222', 'A223', 'A224', 'A225', 'A226', 'A227', 'A228', 'A229', 'A230', 'A231', 'A232', 'A233', 'A234', 'A235', 'A236', 'A237', 'A238', 'A239', 'A240', 'A241', 'A242', 'A243', 'A244', 'A245', 'A246', 'A247', 'A248', 'A249', 'A250', 'A251', 'A252', 'A253', 'A254', 'A255', 'A256', 'A257', 'A258', 'A259', 'A260', 'A261', 'A262', 'A263', 'A264', 'A265', 'A266', 'A267', 'A268', 'A269', 'A270', 'A271', 'A272', 'A273', 'A274', 'A275', 'A276', 'A277', 'A278', 'A279', 'A280', 'A281', 'A282', 'A283', 'A284', 'A285', 'A286', 'A287', 'A288', 'A289', 'A290', 'A291', 'A292', 'A293', 'A294', 'A295', 'A296', 'A297', 'A298']
These residues will be fixed:  []
The number of ligand atoms parsed is equal to: 28
Type: N, Coords [ 2.916 26.291 10.331], Mask 1
Type: C, Coords [ 1.739 26.944 10.407], Mask 1
Type: O, Coords [ 0.76  26.501  9.839], Mask 1
Type: N, Coords [ 1.649 28.089 11.112], Mask 1
Type: C, Coords [ 0.455 28.825 11.105], Mask 1
Type: C, Coords [ 0.265 29.826 10.193], Mask 1
Type: C, Coords [-0.938 30.546 10.207], Mask 1
Type: C, Coords [-1.895 30.247 11.114], Mask 1
Type: N, Coords [-1.708 29.253 12.022], Mask 1
Type: C, Coords [-0.568 28.536 12.034], Mask 1
Type: O, Coords [-0.416 27.642 12.851], Mask 1
Type: C, Coords [-1.164 31.654  9.21 ], Mask 1
Type: F, Coords [-1.036 32.891  9.85 ], Mask 1
Type: F, Coords [-0.218 31.558  8.184], Mask 1
Type: F, Coords [-2.45  31.539  8.67 ], Mask 1
Type: C, Coords [ 3.014 25.047  9.564], Mask 1
Type: C, Coords [ 4.464 24.161  7.726], Mask 1
Type: C, Coords [ 5.302 24.344  6.646], Mask 1
Type: C, Coords [ 5.612 25.636  6.218], Mask 1
Type: C, Coords [ 5.07  26.735  6.887], Mask 1
Type: C, Coords [ 4.233 26.538  7.966], Mask 1
Type: C, Coords [ 3.93  25.254  8.385], Mask 1
Type: C, Coords [ 6.51  25.84   5.062], Mask 1
Type: O, Coords [ 7.522 25.175  4.954], Mask 1
Type: N, Coords [ 6.207 26.762  4.127], Mask 1
Type: C, Coords [ 7.097 26.964  2.981], Mask 1
Type: C, Coords [ 6.876 28.214  2.127], Mask 1
Type: C, Coords [ 6.489 26.838  1.583], Mask 1
Designing protein from this path: /home/tedeschg/prj/protein-perturbation/data/cdk2/03.complexes_dude/decoys_83_ZINC12653890_best_CNNaffinity.pdb
These residues will be redesigned:  ['A1', 'A2', 'A3', 'A4', 'A5', 'A6', 'A7', 'A8', 'A9', 'A10', 'A11', 'A12', 'A15', 'A16', 'A17', 'A18', 'A19', 'A20', 'A21', 'A22', 'A23', 'A24', 'A25', 'A26', 'A27', 'A28', 'A29', 'A30', 'A31', 'A32', 'A33', 'A34', 'A35', 'A44', 'A45', 'A46', 'A47', 'A48', 'A49', 'A50', 'A51', 'A52', 'A53', 'A54', 'A55', 'A56', 'A57', 'A58', 'A59', 'A60', 'A61', 'A62', 'A63', 'A64', 'A65', 'A66', 'A67', 'A68', 'A69', 'A70', 'A71', 'A72', 'A73', 'A74', 'A75', 'A76', 'A77', 'A78', 'A79', 'A80', 'A81', 'A82', 'A83', 'A84', 'A85', 'A86', 'A87', 'A88', 'A89', 'A90', 'A91', 'A92', 'A93', 'A94', 'A95', 'A96', 'A97', 'A98', 'A99', 'A100', 'A101', 'A102', 'A103', 'A104', 'A105', 'A106', 'A107', 'A108', 'A109', 'A110', 'A111', 'A112', 'A113', 'A114', 'A115', 'A116', 'A117', 'A118', 'A119', 'A120', 'A121', 'A122', 'A123', 'A124', 'A125', 'A126', 'A127', 'A128', 'A129', 'A130', 'A131', 'A132', 'A133', 'A134', 'A135', 'A136', 'A137', 'A138', 'A139', 'A140', 'A141', 'A142', 'A143', 'A144', 'A145', 'A146', 'A147', 'A148', 'A149', 'A150', 'A151', 'A162', 'A163', 'A164', 'A165', 'A166', 'A167', 'A168', 'A169', 'A170', 'A171', 'A172', 'A173', 'A174', 'A175', 'A176', 'A177', 'A178', 'A179', 'A180', 'A181', 'A182', 'A183', 'A184', 'A185', 'A186', 'A187', 'A188', 'A189', 'A190', 'A191', 'A192', 'A193', 'A194', 'A195', 'A196', 'A197', 'A198', 'A199', 'A200', 'A201', 'A202', 'A203', 'A204', 'A205', 'A206', 'A207', 'A208', 'A209', 'A210', 'A211', 'A212', 'A213', 'A214', 'A215', 'A216', 'A217', 'A218', 'A219', 'A220', 'A221', 'A222', 'A223', 'A224', 'A225', 'A226', 'A227', 'A228', 'A229', 'A230', 'A231', 'A232', 'A233', 'A234', 'A235', 'A236', 'A237', 'A238', 'A239', 'A240', 'A241', 'A242', 'A243', 'A244', 'A245', 'A246', 'A247', 'A248', 'A249', 'A250', 'A251', 'A252', 'A253', 'A254', 'A255', 'A256', 'A257', 'A258', 'A259', 'A260', 'A261', 'A262', 'A263', 'A264', 'A265', 'A266', 'A267', 'A268', 'A269', 'A270', 'A271', 'A272', 'A273', 'A274', 'A275', 'A276', 'A277', 'A278', 'A279', 'A280', 'A281', 'A282', 'A283', 'A284', 'A285', 'A286', 'A287', 'A288', 'A289', 'A290', 'A291', 'A292', 'A293', 'A294', 'A295', 'A296', 'A297', 'A298']
These residues will be fixed:  []
The number of ligand atoms parsed is equal to: 12
Type: C, Coords [ 0.686 30.426  8.362], Mask 1
Type: C, Coords [ 0.958 29.341  9.19 ], Mask 1
Type: O, Coords [1.8000e-02 2.8870e+01 1.0021e+01], Mask 1
Type: N, Coords [ 2.178 28.769  9.146], Mask 1
Type: C, Coords [ 3.117 29.232  8.323], Mask 1
Type: N, Coords [ 2.888 30.269  7.518], Mask 1
Type: C, Coords [ 1.687 30.882  7.51 ], Mask 1
Type: O, Coords [ 1.462 31.921  6.694], Mask 1
Type: N, Coords [ 4.344 28.63   8.303], Mask 1
Type: C, Coords [-0.666 31.09   8.384], Mask 1
Type: C, Coords [-1.932 32.347 10.134], Mask 1
Type: C, Coords [-0.63  32.291  9.332], Mask 1
Designing protein from this path: /home/tedeschg/prj/protein-perturbation/data/cdk2/03.complexes_dude/decoys_84_ZINC15276481_best_CNNaffinity.pdb
These residues will be redesigned:  ['A1', 'A2', 'A3', 'A4', 'A5', 'A6', 'A7', 'A8', 'A9', 'A10', 'A11', 'A12', 'A15', 'A16', 'A17', 'A18', 'A19', 'A20', 'A21', 'A22', 'A23', 'A24', 'A25', 'A26', 'A27', 'A28', 'A29', 'A30', 'A31', 'A32', 'A33', 'A34', 'A35', 'A44', 'A45', 'A46', 'A47', 'A48', 'A49', 'A50', 'A51', 'A52', 'A53', 'A54', 'A55', 'A56', 'A57', 'A58', 'A59', 'A60', 'A61', 'A62', 'A63', 'A64', 'A65', 'A66', 'A67', 'A68', 'A69', 'A70', 'A71', 'A72', 'A73', 'A74', 'A75', 'A76', 'A77', 'A78', 'A79', 'A80', 'A81', 'A82', 'A83', 'A84', 'A85', 'A86', 'A87', 'A88', 'A89', 'A90', 'A91', 'A92', 'A93', 'A94', 'A95', 'A96', 'A97', 'A98', 'A99', 'A100', 'A101', 'A102', 'A103', 'A104', 'A105', 'A106', 'A107', 'A108', 'A109', 'A110', 'A111', 'A112', 'A113', 'A114', 'A115', 'A116', 'A117', 'A118', 'A119', 'A120', 'A121', 'A122', 'A123', 'A124', 'A125', 'A126', 'A127', 'A128', 'A129', 'A130', 'A131', 'A132', 'A133', 'A134', 'A135', 'A136', 'A137', 'A138', 'A139', 'A140', 'A141', 'A142', 'A143', 'A144', 'A145', 'A146', 'A147', 'A148', 'A149', 'A150', 'A151', 'A162', 'A163', 'A164', 'A165', 'A166', 'A167', 'A168', 'A169', 'A170', 'A171', 'A172', 'A173', 'A174', 'A175', 'A176', 'A177', 'A178', 'A179', 'A180', 'A181', 'A182', 'A183', 'A184', 'A185', 'A186', 'A187', 'A188', 'A189', 'A190', 'A191', 'A192', 'A193', 'A194', 'A195', 'A196', 'A197', 'A198', 'A199', 'A200', 'A201', 'A202', 'A203', 'A204', 'A205', 'A206', 'A207', 'A208', 'A209', 'A210', 'A211', 'A212', 'A213', 'A214', 'A215', 'A216', 'A217', 'A218', 'A219', 'A220', 'A221', 'A222', 'A223', 'A224', 'A225', 'A226', 'A227', 'A228', 'A229', 'A230', 'A231', 'A232', 'A233', 'A234', 'A235', 'A236', 'A237', 'A238', 'A239', 'A240', 'A241', 'A242', 'A243', 'A244', 'A245', 'A246', 'A247', 'A248', 'A249', 'A250', 'A251', 'A252', 'A253', 'A254', 'A255', 'A256', 'A257', 'A258', 'A259', 'A260', 'A261', 'A262', 'A263', 'A264', 'A265', 'A266', 'A267', 'A268', 'A269', 'A270', 'A271', 'A272', 'A273', 'A274', 'A275', 'A276', 'A277', 'A278', 'A279', 'A280', 'A281', 'A282', 'A283', 'A284', 'A285', 'A286', 'A287', 'A288', 'A289', 'A290', 'A291', 'A292', 'A293', 'A294', 'A295', 'A296', 'A297', 'A298']
These residues will be fixed:  []
The number of ligand atoms parsed is equal to: 23
Type: C, Coords [-0.445 28.394 11.433], Mask 1
Type: C, Coords [-1.953 28.444 11.4  ], Mask 1
Type: C, Coords [-2.776 27.382 11.809], Mask 1
Type: N, Coords [-4.016 27.743 11.653], Mask 1
Type: N, Coords [-4.033 29.049 11.14 ], Mask 1
Type: C, Coords [-2.75  29.457 10.994], Mask 1
Type: O, Coords [-2.34  30.663 10.525], Mask 1
Type: C, Coords [-2.244 26.072 12.337], Mask 1
Type: C, Coords [-0.774 26.274 12.727], Mask 1
Type: C, Coords [-1.7000e-02  2.6927e+01  1.1569e+01], Mask 1
Type: C, Coords [-0.695 27.176 13.96 ], Mask 1
Type: O, Coords [-0.183 25.007 13.026], Mask 1
Type: C, Coords [ 1.688 30.603  6.538], Mask 1
Type: C, Coords [ 1.132 30.028  7.815], Mask 1
Type: C, Coords [-0.236 29.943  7.997], Mask 1
Type: C, Coords [-0.747 29.414  9.168], Mask 1
Type: C, Coords [ 0.111 28.97  10.157], Mask 1
Type: C, Coords [ 1.479 29.06   9.977], Mask 1
Type: C, Coords [ 1.989 29.585  8.805], Mask 1
Type: C, Coords [-0.327 26.194 10.289], Mask 1
Type: O, Coords [-1.278 26.523  9.62 ], Mask 1
Type: O, Coords [ 0.453 25.176  9.893], Mask 1
Type: C, Coords [ 1.879 25.306 10.133], Mask 1
Designing protein from this path: /home/tedeschg/prj/protein-perturbation/data/cdk2/03.complexes_dude/decoys_85_ZINC21243368_best_CNNaffinity.pdb
These residues will be redesigned:  ['A1', 'A2', 'A3', 'A4', 'A5', 'A6', 'A7', 'A8', 'A9', 'A10', 'A11', 'A12', 'A15', 'A16', 'A17', 'A18', 'A19', 'A20', 'A21', 'A22', 'A23', 'A24', 'A25', 'A26', 'A27', 'A28', 'A29', 'A30', 'A31', 'A32', 'A33', 'A34', 'A35', 'A44', 'A45', 'A46', 'A47', 'A48', 'A49', 'A50', 'A51', 'A52', 'A53', 'A54', 'A55', 'A56', 'A57', 'A58', 'A59', 'A60', 'A61', 'A62', 'A63', 'A64', 'A65', 'A66', 'A67', 'A68', 'A69', 'A70', 'A71', 'A72', 'A73', 'A74', 'A75', 'A76', 'A77', 'A78', 'A79', 'A80', 'A81', 'A82', 'A83', 'A84', 'A85', 'A86', 'A87', 'A88', 'A89', 'A90', 'A91', 'A92', 'A93', 'A94', 'A95', 'A96', 'A97', 'A98', 'A99', 'A100', 'A101', 'A102', 'A103', 'A104', 'A105', 'A106', 'A107', 'A108', 'A109', 'A110', 'A111', 'A112', 'A113', 'A114', 'A115', 'A116', 'A117', 'A118', 'A119', 'A120', 'A121', 'A122', 'A123', 'A124', 'A125', 'A126', 'A127', 'A128', 'A129', 'A130', 'A131', 'A132', 'A133', 'A134', 'A135', 'A136', 'A137', 'A138', 'A139', 'A140', 'A141', 'A142', 'A143', 'A144', 'A145', 'A146', 'A147', 'A148', 'A149', 'A150', 'A151', 'A162', 'A163', 'A164', 'A165', 'A166', 'A167', 'A168', 'A169', 'A170', 'A171', 'A172', 'A173', 'A174', 'A175', 'A176', 'A177', 'A178', 'A179', 'A180', 'A181', 'A182', 'A183', 'A184', 'A185', 'A186', 'A187', 'A188', 'A189', 'A190', 'A191', 'A192', 'A193', 'A194', 'A195', 'A196', 'A197', 'A198', 'A199', 'A200', 'A201', 'A202', 'A203', 'A204', 'A205', 'A206', 'A207', 'A208', 'A209', 'A210', 'A211', 'A212', 'A213', 'A214', 'A215', 'A216', 'A217', 'A218', 'A219', 'A220', 'A221', 'A222', 'A223', 'A224', 'A225', 'A226', 'A227', 'A228', 'A229', 'A230', 'A231', 'A232', 'A233', 'A234', 'A235', 'A236', 'A237', 'A238', 'A239', 'A240', 'A241', 'A242', 'A243', 'A244', 'A245', 'A246', 'A247', 'A248', 'A249', 'A250', 'A251', 'A252', 'A253', 'A254', 'A255', 'A256', 'A257', 'A258', 'A259', 'A260', 'A261', 'A262', 'A263', 'A264', 'A265', 'A266', 'A267', 'A268', 'A269', 'A270', 'A271', 'A272', 'A273', 'A274', 'A275', 'A276', 'A277', 'A278', 'A279', 'A280', 'A281', 'A282', 'A283', 'A284', 'A285', 'A286', 'A287', 'A288', 'A289', 'A290', 'A291', 'A292', 'A293', 'A294', 'A295', 'A296', 'A297', 'A298']
These residues will be fixed:  []
The number of ligand atoms parsed is equal to: 35
Type: C, Coords [ 0.556 28.256 11.941], Mask 1
Type: C, Coords [-1.3000e-02  2.6886e+01  1.2226e+01], Mask 1
Type: C, Coords [ 0.616 25.715 12.033], Mask 1
Type: C, Coords [-0.095 24.404 12.327], Mask 1
Type: C, Coords [-1.057 24.586 13.499], Mask 1
Type: C, Coords [-2.075 25.662 13.104], Mask 1
Type: C, Coords [-1.332 26.911 12.738], Mask 1
Type: O, Coords [-1.883 27.985 12.885], Mask 1
Type: N, Coords [ 1.882 25.581 11.564], Mask 1
Type: C, Coords [ 2.393 26.252 10.459], Mask 1
Type: C, Coords [ 2.842 25.585  9.333], Mask 1
Type: C, Coords [ 3.44  26.303  8.311], Mask 1
Type: C, Coords [ 3.585 27.675  8.415], Mask 1
Type: C, Coords [ 3.119 28.346  9.532], Mask 1
Type: C, Coords [ 2.505 27.632 10.549], Mask 1
Type: N, Coords [ 1.979 28.268 11.671], Mask 1
Type: C, Coords [-1.583 30.509  9.779], Mask 1
Type: C, Coords [-1.471 29.887  8.546], Mask 1
Type: C, Coords [-0.706 28.743  8.415], Mask 1
Type: C, Coords [-0.051 28.217  9.514], Mask 1
Type: C, Coords [-0.159 28.832 10.747], Mask 1
Type: C, Coords [-0.929 29.976 10.885], Mask 1
Type: O, Coords [-1.04  30.58  12.099], Mask 1
Type: C, Coords [-1.639 32.883  9.919], Mask 1
Type: O, Coords [-2.335 31.634  9.909], Mask 1
Type: C, Coords [-1.77  23.288 13.781], Mask 1
Type: C, Coords [-2.779 23.246 14.724], Mask 1
Type: C, Coords [-3.439 22.059 14.983], Mask 1
Type: C, Coords [-3.086 20.907 14.299], Mask 1
Type: C, Coords [-2.066 20.948 13.353], Mask 1
Type: C, Coords [-1.409 22.141 13.099], Mask 1
Type: O, Coords [-1.716 19.82  12.68 ], Mask 1
Type: C, Coords [-0.746 19.96  11.639], Mask 1
Type: O, Coords [-3.735 19.739 14.552], Mask 1
Type: C, Coords [-5.085 19.832 15.011], Mask 1
Designing protein from this path: /home/tedeschg/prj/protein-perturbation/data/cdk2/03.complexes_dude/decoys_86_ZINC05002565_best_CNNaffinity.pdb
These residues will be redesigned:  ['A1', 'A2', 'A3', 'A4', 'A5', 'A6', 'A7', 'A8', 'A9', 'A10', 'A11', 'A12', 'A15', 'A16', 'A17', 'A18', 'A19', 'A20', 'A21', 'A22', 'A23', 'A24', 'A25', 'A26', 'A27', 'A28', 'A29', 'A30', 'A31', 'A32', 'A33', 'A34', 'A35', 'A44', 'A45', 'A46', 'A47', 'A48', 'A49', 'A50', 'A51', 'A52', 'A53', 'A54', 'A55', 'A56', 'A57', 'A58', 'A59', 'A60', 'A61', 'A62', 'A63', 'A64', 'A65', 'A66', 'A67', 'A68', 'A69', 'A70', 'A71', 'A72', 'A73', 'A74', 'A75', 'A76', 'A77', 'A78', 'A79', 'A80', 'A81', 'A82', 'A83', 'A84', 'A85', 'A86', 'A87', 'A88', 'A89', 'A90', 'A91', 'A92', 'A93', 'A94', 'A95', 'A96', 'A97', 'A98', 'A99', 'A100', 'A101', 'A102', 'A103', 'A104', 'A105', 'A106', 'A107', 'A108', 'A109', 'A110', 'A111', 'A112', 'A113', 'A114', 'A115', 'A116', 'A117', 'A118', 'A119', 'A120', 'A121', 'A122', 'A123', 'A124', 'A125', 'A126', 'A127', 'A128', 'A129', 'A130', 'A131', 'A132', 'A133', 'A134', 'A135', 'A136', 'A137', 'A138', 'A139', 'A140', 'A141', 'A142', 'A143', 'A144', 'A145', 'A146', 'A147', 'A148', 'A149', 'A150', 'A151', 'A162', 'A163', 'A164', 'A165', 'A166', 'A167', 'A168', 'A169', 'A170', 'A171', 'A172', 'A173', 'A174', 'A175', 'A176', 'A177', 'A178', 'A179', 'A180', 'A181', 'A182', 'A183', 'A184', 'A185', 'A186', 'A187', 'A188', 'A189', 'A190', 'A191', 'A192', 'A193', 'A194', 'A195', 'A196', 'A197', 'A198', 'A199', 'A200', 'A201', 'A202', 'A203', 'A204', 'A205', 'A206', 'A207', 'A208', 'A209', 'A210', 'A211', 'A212', 'A213', 'A214', 'A215', 'A216', 'A217', 'A218', 'A219', 'A220', 'A221', 'A222', 'A223', 'A224', 'A225', 'A226', 'A227', 'A228', 'A229', 'A230', 'A231', 'A232', 'A233', 'A234', 'A235', 'A236', 'A237', 'A238', 'A239', 'A240', 'A241', 'A242', 'A243', 'A244', 'A245', 'A246', 'A247', 'A248', 'A249', 'A250', 'A251', 'A252', 'A253', 'A254', 'A255', 'A256', 'A257', 'A258', 'A259', 'A260', 'A261', 'A262', 'A263', 'A264', 'A265', 'A266', 'A267', 'A268', 'A269', 'A270', 'A271', 'A272', 'A273', 'A274', 'A275', 'A276', 'A277', 'A278', 'A279', 'A280', 'A281', 'A282', 'A283', 'A284', 'A285', 'A286', 'A287', 'A288', 'A289', 'A290', 'A291', 'A292', 'A293', 'A294', 'A295', 'A296', 'A297', 'A298']
These residues will be fixed:  []
The number of ligand atoms parsed is equal to: 28
Type: C, Coords [-0.119 29.221 10.447], Mask 1
Type: C, Coords [-0.557 30.512 10.057], Mask 1
Type: C, Coords [-1.661 31.131 10.653], Mask 1
Type: C, Coords [-2.039 32.375 10.239], Mask 1
Type: C, Coords [-1.341 33.035  9.232], Mask 1
Type: C, Coords [-0.262 32.459  8.63 ], Mask 1
Type: C, Coords [ 0.154 31.182  9.032], Mask 1
Type: N, Coords [ 1.208 30.572  8.473], Mask 1
Type: C, Coords [ 1.575 29.369  8.873], Mask 1
Type: N, Coords [ 0.939 28.705  9.837], Mask 1
Type: C, Coords [ 2.746 28.732  8.228], Mask 1
Type: C, Coords [ 3.078 29.047  6.911], Mask 1
Type: C, Coords [ 4.17  28.451  6.315], Mask 1
Type: C, Coords [ 4.939 27.541  7.019], Mask 1
Type: C, Coords [ 4.62  27.221  8.324], Mask 1
Type: C, Coords [ 3.529 27.815  8.939], Mask 1
Type: O, Coords [ 3.217 27.505 10.223], Mask 1
Type: N, Coords [-0.772 28.522 11.44 ], Mask 1
Type: C, Coords [-4.22  27.185 11.927], Mask 1
Type: C, Coords [-2.718 27.312 11.907], Mask 1
Type: N, Coords [-2.163 28.364 11.386], Mask 1
Type: C, Coords [-1.88  26.244 12.478], Mask 1
Type: C, Coords [-1.429 25.197 11.671], Mask 1
Type: C, Coords [-0.645 24.2   12.213], Mask 1
Type: C, Coords [-0.302 24.233 13.553], Mask 1
Type: C, Coords [-0.741 25.264 14.363], Mask 1
Type: C, Coords [-1.526 26.276 13.834], Mask 1
Type: O, Coords [-1.954 27.291 14.627], Mask 1
Designing protein from this path: /home/tedeschg/prj/protein-perturbation/data/cdk2/03.complexes_dude/decoys_88_ZINC39590284_best_CNNaffinity.pdb
These residues will be redesigned:  ['A1', 'A2', 'A3', 'A4', 'A5', 'A6', 'A7', 'A8', 'A9', 'A10', 'A11', 'A12', 'A15', 'A16', 'A17', 'A18', 'A19', 'A20', 'A21', 'A22', 'A23', 'A24', 'A25', 'A26', 'A27', 'A28', 'A29', 'A30', 'A31', 'A32', 'A33', 'A34', 'A35', 'A44', 'A45', 'A46', 'A47', 'A48', 'A49', 'A50', 'A51', 'A52', 'A53', 'A54', 'A55', 'A56', 'A57', 'A58', 'A59', 'A60', 'A61', 'A62', 'A63', 'A64', 'A65', 'A66', 'A67', 'A68', 'A69', 'A70', 'A71', 'A72', 'A73', 'A74', 'A75', 'A76', 'A77', 'A78', 'A79', 'A80', 'A81', 'A82', 'A83', 'A84', 'A85', 'A86', 'A87', 'A88', 'A89', 'A90', 'A91', 'A92', 'A93', 'A94', 'A95', 'A96', 'A97', 'A98', 'A99', 'A100', 'A101', 'A102', 'A103', 'A104', 'A105', 'A106', 'A107', 'A108', 'A109', 'A110', 'A111', 'A112', 'A113', 'A114', 'A115', 'A116', 'A117', 'A118', 'A119', 'A120', 'A121', 'A122', 'A123', 'A124', 'A125', 'A126', 'A127', 'A128', 'A129', 'A130', 'A131', 'A132', 'A133', 'A134', 'A135', 'A136', 'A137', 'A138', 'A139', 'A140', 'A141', 'A142', 'A143', 'A144', 'A145', 'A146', 'A147', 'A148', 'A149', 'A150', 'A151', 'A162', 'A163', 'A164', 'A165', 'A166', 'A167', 'A168', 'A169', 'A170', 'A171', 'A172', 'A173', 'A174', 'A175', 'A176', 'A177', 'A178', 'A179', 'A180', 'A181', 'A182', 'A183', 'A184', 'A185', 'A186', 'A187', 'A188', 'A189', 'A190', 'A191', 'A192', 'A193', 'A194', 'A195', 'A196', 'A197', 'A198', 'A199', 'A200', 'A201', 'A202', 'A203', 'A204', 'A205', 'A206', 'A207', 'A208', 'A209', 'A210', 'A211', 'A212', 'A213', 'A214', 'A215', 'A216', 'A217', 'A218', 'A219', 'A220', 'A221', 'A222', 'A223', 'A224', 'A225', 'A226', 'A227', 'A228', 'A229', 'A230', 'A231', 'A232', 'A233', 'A234', 'A235', 'A236', 'A237', 'A238', 'A239', 'A240', 'A241', 'A242', 'A243', 'A244', 'A245', 'A246', 'A247', 'A248', 'A249', 'A250', 'A251', 'A252', 'A253', 'A254', 'A255', 'A256', 'A257', 'A258', 'A259', 'A260', 'A261', 'A262', 'A263', 'A264', 'A265', 'A266', 'A267', 'A268', 'A269', 'A270', 'A271', 'A272', 'A273', 'A274', 'A275', 'A276', 'A277', 'A278', 'A279', 'A280', 'A281', 'A282', 'A283', 'A284', 'A285', 'A286', 'A287', 'A288', 'A289', 'A290', 'A291', 'A292', 'A293', 'A294', 'A295', 'A296', 'A297', 'A298']
These residues will be fixed:  []
The number of ligand atoms parsed is equal to: 22
Type: C, Coords [-1.034 27.441 13.864], Mask 1
Type: C, Coords [-1.271 28.228 12.795], Mask 1
Type: N, Coords [-0.564 29.356 12.577], Mask 1
Type: C, Coords [-0.498 29.846 11.182], Mask 1
Type: S, Coords [-2.113 29.228 10.537], Mask 1
Type: C, Coords [-2.344 27.882 11.774], Mask 1
Type: N, Coords [-2.825 26.259 14.923], Mask 1
Type: C, Coords [-1.792 26.262 14.057], Mask 1
Type: O, Coords [-1.512 25.25  13.44 ], Mask 1
Type: C, Coords [-5.057 25.041 14.627], Mask 1
Type: C, Coords [-4.762 25.096 16.128], Mask 1
Type: C, Coords [-3.61  25.039 15.123], Mask 1
Type: N, Coords [ 0.627 29.246 10.461], Mask 1
Type: C, Coords [ 0.995 29.734  9.26 ], Mask 1
Type: O, Coords [ 0.336 30.61   8.732], Mask 1
Type: C, Coords [ 2.192 29.207  8.588], Mask 1
Type: C, Coords [ 2.989 28.247  9.209], Mask 1
Type: C, Coords [ 4.117 27.771  8.54 ], Mask 1
Type: C, Coords [ 4.426 28.241  7.304], Mask 1
Type: N, Coords [ 3.656 29.174  6.695], Mask 1
Type: C, Coords [ 2.553 29.662  7.293], Mask 1
Type: O, Coords [ 1.869 30.497  6.727], Mask 1
Designing protein from this path: /home/tedeschg/prj/protein-perturbation/data/cdk2/03.complexes_dude/decoys_89_ZINC63204731_best_CNNaffinity.pdb
These residues will be redesigned:  ['A1', 'A2', 'A3', 'A4', 'A5', 'A6', 'A7', 'A8', 'A9', 'A10', 'A11', 'A12', 'A15', 'A16', 'A17', 'A18', 'A19', 'A20', 'A21', 'A22', 'A23', 'A24', 'A25', 'A26', 'A27', 'A28', 'A29', 'A30', 'A31', 'A32', 'A33', 'A34', 'A35', 'A44', 'A45', 'A46', 'A47', 'A48', 'A49', 'A50', 'A51', 'A52', 'A53', 'A54', 'A55', 'A56', 'A57', 'A58', 'A59', 'A60', 'A61', 'A62', 'A63', 'A64', 'A65', 'A66', 'A67', 'A68', 'A69', 'A70', 'A71', 'A72', 'A73', 'A74', 'A75', 'A76', 'A77', 'A78', 'A79', 'A80', 'A81', 'A82', 'A83', 'A84', 'A85', 'A86', 'A87', 'A88', 'A89', 'A90', 'A91', 'A92', 'A93', 'A94', 'A95', 'A96', 'A97', 'A98', 'A99', 'A100', 'A101', 'A102', 'A103', 'A104', 'A105', 'A106', 'A107', 'A108', 'A109', 'A110', 'A111', 'A112', 'A113', 'A114', 'A115', 'A116', 'A117', 'A118', 'A119', 'A120', 'A121', 'A122', 'A123', 'A124', 'A125', 'A126', 'A127', 'A128', 'A129', 'A130', 'A131', 'A132', 'A133', 'A134', 'A135', 'A136', 'A137', 'A138', 'A139', 'A140', 'A141', 'A142', 'A143', 'A144', 'A145', 'A146', 'A147', 'A148', 'A149', 'A150', 'A151', 'A162', 'A163', 'A164', 'A165', 'A166', 'A167', 'A168', 'A169', 'A170', 'A171', 'A172', 'A173', 'A174', 'A175', 'A176', 'A177', 'A178', 'A179', 'A180', 'A181', 'A182', 'A183', 'A184', 'A185', 'A186', 'A187', 'A188', 'A189', 'A190', 'A191', 'A192', 'A193', 'A194', 'A195', 'A196', 'A197', 'A198', 'A199', 'A200', 'A201', 'A202', 'A203', 'A204', 'A205', 'A206', 'A207', 'A208', 'A209', 'A210', 'A211', 'A212', 'A213', 'A214', 'A215', 'A216', 'A217', 'A218', 'A219', 'A220', 'A221', 'A222', 'A223', 'A224', 'A225', 'A226', 'A227', 'A228', 'A229', 'A230', 'A231', 'A232', 'A233', 'A234', 'A235', 'A236', 'A237', 'A238', 'A239', 'A240', 'A241', 'A242', 'A243', 'A244', 'A245', 'A246', 'A247', 'A248', 'A249', 'A250', 'A251', 'A252', 'A253', 'A254', 'A255', 'A256', 'A257', 'A258', 'A259', 'A260', 'A261', 'A262', 'A263', 'A264', 'A265', 'A266', 'A267', 'A268', 'A269', 'A270', 'A271', 'A272', 'A273', 'A274', 'A275', 'A276', 'A277', 'A278', 'A279', 'A280', 'A281', 'A282', 'A283', 'A284', 'A285', 'A286', 'A287', 'A288', 'A289', 'A290', 'A291', 'A292', 'A293', 'A294', 'A295', 'A296', 'A297', 'A298']
These residues will be fixed:  []
The number of ligand atoms parsed is equal to: 27
Type: C, Coords [-1.11  28.088 10.386], Mask 1
Type: C, Coords [-1.315 29.385 10.063], Mask 1
Type: C, Coords [-0.495 30.376  9.356], Mask 1
Type: C, Coords [-0.981 31.625  9.18 ], Mask 1
Type: C, Coords [-2.246 31.998  9.656], Mask 1
Type: C, Coords [-3.058 31.144 10.315], Mask 1
Type: C, Coords [-2.648 29.803 10.555], Mask 1
Type: N, Coords [-3.243 28.804 11.159], Mask 1
Type: C, Coords [-2.357 27.635 11.113], Mask 1
Type: C, Coords [-0.14  32.645  8.455], Mask 1
Type: C, Coords [-2.011 27.194 12.512], Mask 1
Type: C, Coords [-1.033 27.649 13.334], Mask 1
Type: C, Coords [-0.9   27.09  14.591], Mask 1
Type: C, Coords [-1.75  26.104 14.965], Mask 1
Type: S, Coords [-2.787 25.942 13.521], Mask 1
Type: C, Coords [ 0.111 27.26  10.079], Mask 1
Type: C, Coords [ 1.363 28.004 10.548], Mask 1
Type: N, Coords [ 3.187 26.739  9.458], Mask 1
Type: C, Coords [ 2.448 27.864  9.512], Mask 1
Type: O, Coords [ 2.656 28.765  8.727], Mask 1
Type: C, Coords [ 5.9   25.983  6.465], Mask 1
Type: N, Coords [ 6.184 27.125  7.362], Mask 1
Type: N, Coords [ 5.249 27.342  8.35 ], Mask 1
Type: C, Coords [ 4.19  26.61   8.501], Mask 1
Type: S, Coords [ 4.315 25.397  7.194], Mask 1
Type: C, Coords [ 6.357 23.58   6.976], Mask 1
Type: C, Coords [ 6.988 24.912  6.565], Mask 1
Designing protein from this path: /home/tedeschg/prj/protein-perturbation/data/cdk2/03.complexes_dude/decoys_90_ZINC40917875_best_CNNaffinity.pdb
These residues will be redesigned:  ['A1', 'A2', 'A3', 'A4', 'A5', 'A6', 'A7', 'A8', 'A9', 'A10', 'A11', 'A12', 'A15', 'A16', 'A17', 'A18', 'A19', 'A20', 'A21', 'A22', 'A23', 'A24', 'A25', 'A26', 'A27', 'A28', 'A29', 'A30', 'A31', 'A32', 'A33', 'A34', 'A35', 'A44', 'A45', 'A46', 'A47', 'A48', 'A49', 'A50', 'A51', 'A52', 'A53', 'A54', 'A55', 'A56', 'A57', 'A58', 'A59', 'A60', 'A61', 'A62', 'A63', 'A64', 'A65', 'A66', 'A67', 'A68', 'A69', 'A70', 'A71', 'A72', 'A73', 'A74', 'A75', 'A76', 'A77', 'A78', 'A79', 'A80', 'A81', 'A82', 'A83', 'A84', 'A85', 'A86', 'A87', 'A88', 'A89', 'A90', 'A91', 'A92', 'A93', 'A94', 'A95', 'A96', 'A97', 'A98', 'A99', 'A100', 'A101', 'A102', 'A103', 'A104', 'A105', 'A106', 'A107', 'A108', 'A109', 'A110', 'A111', 'A112', 'A113', 'A114', 'A115', 'A116', 'A117', 'A118', 'A119', 'A120', 'A121', 'A122', 'A123', 'A124', 'A125', 'A126', 'A127', 'A128', 'A129', 'A130', 'A131', 'A132', 'A133', 'A134', 'A135', 'A136', 'A137', 'A138', 'A139', 'A140', 'A141', 'A142', 'A143', 'A144', 'A145', 'A146', 'A147', 'A148', 'A149', 'A150', 'A151', 'A162', 'A163', 'A164', 'A165', 'A166', 'A167', 'A168', 'A169', 'A170', 'A171', 'A172', 'A173', 'A174', 'A175', 'A176', 'A177', 'A178', 'A179', 'A180', 'A181', 'A182', 'A183', 'A184', 'A185', 'A186', 'A187', 'A188', 'A189', 'A190', 'A191', 'A192', 'A193', 'A194', 'A195', 'A196', 'A197', 'A198', 'A199', 'A200', 'A201', 'A202', 'A203', 'A204', 'A205', 'A206', 'A207', 'A208', 'A209', 'A210', 'A211', 'A212', 'A213', 'A214', 'A215', 'A216', 'A217', 'A218', 'A219', 'A220', 'A221', 'A222', 'A223', 'A224', 'A225', 'A226', 'A227', 'A228', 'A229', 'A230', 'A231', 'A232', 'A233', 'A234', 'A235', 'A236', 'A237', 'A238', 'A239', 'A240', 'A241', 'A242', 'A243', 'A244', 'A245', 'A246', 'A247', 'A248', 'A249', 'A250', 'A251', 'A252', 'A253', 'A254', 'A255', 'A256', 'A257', 'A258', 'A259', 'A260', 'A261', 'A262', 'A263', 'A264', 'A265', 'A266', 'A267', 'A268', 'A269', 'A270', 'A271', 'A272', 'A273', 'A274', 'A275', 'A276', 'A277', 'A278', 'A279', 'A280', 'A281', 'A282', 'A283', 'A284', 'A285', 'A286', 'A287', 'A288', 'A289', 'A290', 'A291', 'A292', 'A293', 'A294', 'A295', 'A296', 'A297', 'A298']
These residues will be fixed:  []
The number of ligand atoms parsed is equal to: 35
Type: N, Coords [ 3.455 26.422  9.   ], Mask 1
Type: C, Coords [ 4.266 26.024  8.   ], Mask 1
Type: O, Coords [ 4.348 24.848  7.717], Mask 1
Type: C, Coords [ 5.072 27.041  7.233], Mask 1
Type: C, Coords [ 5.83 26.35  6.08], Mask 1
Type: C, Coords [ 4.907 26.599  4.858], Mask 1
Type: C, Coords [ 4.359 28.015  5.167], Mask 1
Type: N, Coords [ 4.175 28.04   6.633], Mask 1
Type: C, Coords [ 3.328 28.841  7.308], Mask 1
Type: O, Coords [ 3.261 28.772  8.52 ], Mask 1
Type: N, Coords [ 2.554 29.72   6.64 ], Mask 1
Type: C, Coords [ 5.709 26.594  3.555], Mask 1
Type: O, Coords [ 3.85 25.64  4.81], Mask 1
Type: C, Coords [ 1.61  30.488  7.331], Mask 1
Type: C, Coords [ 0.636 29.866  8.101], Mask 1
Type: C, Coords [-0.294 30.627  8.782], Mask 1
Type: C, Coords [-0.256 32.008  8.697], Mask 1
Type: C, Coords [ 0.713 32.63   7.93 ], Mask 1
Type: C, Coords [ 1.649 31.874  7.252], Mask 1
Type: CL, Coords [-1.427 32.96   9.554], Mask 1
Type: C, Coords [ 1.503 23.587 11.355], Mask 1
Type: C, Coords [ 2.338 23.178 10.323], Mask 1
Type: C, Coords [ 2.984 24.116  9.544], Mask 1
Type: C, Coords [ 2.799 25.47   9.791], Mask 1
Type: C, Coords [ 1.963 25.881 10.823], Mask 1
Type: C, Coords [ 1.312 24.94  11.599], Mask 1
Type: F, Coords [ 1.783 27.198 11.064], Mask 1
Type: C, Coords [ 1.723 19.912 14.591], Mask 1
Type: C, Coords [ 0.922 20.844 13.718], Mask 1
Type: C, Coords [-0.44  20.764 13.693], Mask 1
Type: C, Coords [-1.163 21.642 12.873], Mask 1
Type: C, Coords [-0.509 22.555 12.119], Mask 1
Type: N, Coords [ 0.848 22.633 12.145], Mask 1
Type: C, Coords [ 1.569 21.807 12.927], Mask 1
Type: O, Coords [ 2.787 21.892 12.943], Mask 1
Designing protein from this path: /home/tedeschg/prj/protein-perturbation/data/cdk2/03.complexes_dude/decoys_91_ZINC44783392_best_CNNaffinity.pdb
These residues will be redesigned:  ['A1', 'A2', 'A3', 'A4', 'A5', 'A6', 'A7', 'A8', 'A9', 'A10', 'A11', 'A12', 'A15', 'A16', 'A17', 'A18', 'A19', 'A20', 'A21', 'A22', 'A23', 'A24', 'A25', 'A26', 'A27', 'A28', 'A29', 'A30', 'A31', 'A32', 'A33', 'A34', 'A35', 'A44', 'A45', 'A46', 'A47', 'A48', 'A49', 'A50', 'A51', 'A52', 'A53', 'A54', 'A55', 'A56', 'A57', 'A58', 'A59', 'A60', 'A61', 'A62', 'A63', 'A64', 'A65', 'A66', 'A67', 'A68', 'A69', 'A70', 'A71', 'A72', 'A73', 'A74', 'A75', 'A76', 'A77', 'A78', 'A79', 'A80', 'A81', 'A82', 'A83', 'A84', 'A85', 'A86', 'A87', 'A88', 'A89', 'A90', 'A91', 'A92', 'A93', 'A94', 'A95', 'A96', 'A97', 'A98', 'A99', 'A100', 'A101', 'A102', 'A103', 'A104', 'A105', 'A106', 'A107', 'A108', 'A109', 'A110', 'A111', 'A112', 'A113', 'A114', 'A115', 'A116', 'A117', 'A118', 'A119', 'A120', 'A121', 'A122', 'A123', 'A124', 'A125', 'A126', 'A127', 'A128', 'A129', 'A130', 'A131', 'A132', 'A133', 'A134', 'A135', 'A136', 'A137', 'A138', 'A139', 'A140', 'A141', 'A142', 'A143', 'A144', 'A145', 'A146', 'A147', 'A148', 'A149', 'A150', 'A151', 'A162', 'A163', 'A164', 'A165', 'A166', 'A167', 'A168', 'A169', 'A170', 'A171', 'A172', 'A173', 'A174', 'A175', 'A176', 'A177', 'A178', 'A179', 'A180', 'A181', 'A182', 'A183', 'A184', 'A185', 'A186', 'A187', 'A188', 'A189', 'A190', 'A191', 'A192', 'A193', 'A194', 'A195', 'A196', 'A197', 'A198', 'A199', 'A200', 'A201', 'A202', 'A203', 'A204', 'A205', 'A206', 'A207', 'A208', 'A209', 'A210', 'A211', 'A212', 'A213', 'A214', 'A215', 'A216', 'A217', 'A218', 'A219', 'A220', 'A221', 'A222', 'A223', 'A224', 'A225', 'A226', 'A227', 'A228', 'A229', 'A230', 'A231', 'A232', 'A233', 'A234', 'A235', 'A236', 'A237', 'A238', 'A239', 'A240', 'A241', 'A242', 'A243', 'A244', 'A245', 'A246', 'A247', 'A248', 'A249', 'A250', 'A251', 'A252', 'A253', 'A254', 'A255', 'A256', 'A257', 'A258', 'A259', 'A260', 'A261', 'A262', 'A263', 'A264', 'A265', 'A266', 'A267', 'A268', 'A269', 'A270', 'A271', 'A272', 'A273', 'A274', 'A275', 'A276', 'A277', 'A278', 'A279', 'A280', 'A281', 'A282', 'A283', 'A284', 'A285', 'A286', 'A287', 'A288', 'A289', 'A290', 'A291', 'A292', 'A293', 'A294', 'A295', 'A296', 'A297', 'A298']
These residues will be fixed:  []
The number of ligand atoms parsed is equal to: 16
Type: C, Coords [ 1.044 28.667 10.683], Mask 1
Type: C, Coords [1.200e-02 2.827e+01 9.626e+00], Mask 1
Type: C, Coords [-1.087 27.428 10.276], Mask 1
Type: C, Coords [-1.771 28.244 11.375], Mask 1
Type: C, Coords [-0.739 28.641 12.433], Mask 1
Type: C, Coords [ 0.36  29.483 11.782], Mask 1
Type: C, Coords [-2.854 27.415 12.016], Mask 1
Type: N, Coords [-2.546 26.346 12.673], Mask 1
Type: O, Coords [-1.186 26.009 12.879], Mask 1
Type: N, Coords [-4.172 27.797 11.902], Mask 1
Type: C, Coords [-2.378 29.486 10.775], Mask 1
Type: O, Coords [-3.584 29.616 10.74 ], Mask 1
Type: N, Coords [-1.582 30.452 10.277], Mask 1
Type: C, Coords [-2.166 31.706  9.795], Mask 1
Type: C, Coords [-1.218 32.885  9.566], Mask 1
Type: C, Coords [-2.179 32.896 10.757], Mask 1
Designing protein from this path: /home/tedeschg/prj/protein-perturbation/data/cdk2/03.complexes_dude/decoys_92_ZINC14009805_best_CNNaffinity.pdb
These residues will be redesigned:  ['A1', 'A2', 'A3', 'A4', 'A5', 'A6', 'A7', 'A8', 'A9', 'A10', 'A11', 'A12', 'A15', 'A16', 'A17', 'A18', 'A19', 'A20', 'A21', 'A22', 'A23', 'A24', 'A25', 'A26', 'A27', 'A28', 'A29', 'A30', 'A31', 'A32', 'A33', 'A34', 'A35', 'A44', 'A45', 'A46', 'A47', 'A48', 'A49', 'A50', 'A51', 'A52', 'A53', 'A54', 'A55', 'A56', 'A57', 'A58', 'A59', 'A60', 'A61', 'A62', 'A63', 'A64', 'A65', 'A66', 'A67', 'A68', 'A69', 'A70', 'A71', 'A72', 'A73', 'A74', 'A75', 'A76', 'A77', 'A78', 'A79', 'A80', 'A81', 'A82', 'A83', 'A84', 'A85', 'A86', 'A87', 'A88', 'A89', 'A90', 'A91', 'A92', 'A93', 'A94', 'A95', 'A96', 'A97', 'A98', 'A99', 'A100', 'A101', 'A102', 'A103', 'A104', 'A105', 'A106', 'A107', 'A108', 'A109', 'A110', 'A111', 'A112', 'A113', 'A114', 'A115', 'A116', 'A117', 'A118', 'A119', 'A120', 'A121', 'A122', 'A123', 'A124', 'A125', 'A126', 'A127', 'A128', 'A129', 'A130', 'A131', 'A132', 'A133', 'A134', 'A135', 'A136', 'A137', 'A138', 'A139', 'A140', 'A141', 'A142', 'A143', 'A144', 'A145', 'A146', 'A147', 'A148', 'A149', 'A150', 'A151', 'A162', 'A163', 'A164', 'A165', 'A166', 'A167', 'A168', 'A169', 'A170', 'A171', 'A172', 'A173', 'A174', 'A175', 'A176', 'A177', 'A178', 'A179', 'A180', 'A181', 'A182', 'A183', 'A184', 'A185', 'A186', 'A187', 'A188', 'A189', 'A190', 'A191', 'A192', 'A193', 'A194', 'A195', 'A196', 'A197', 'A198', 'A199', 'A200', 'A201', 'A202', 'A203', 'A204', 'A205', 'A206', 'A207', 'A208', 'A209', 'A210', 'A211', 'A212', 'A213', 'A214', 'A215', 'A216', 'A217', 'A218', 'A219', 'A220', 'A221', 'A222', 'A223', 'A224', 'A225', 'A226', 'A227', 'A228', 'A229', 'A230', 'A231', 'A232', 'A233', 'A234', 'A235', 'A236', 'A237', 'A238', 'A239', 'A240', 'A241', 'A242', 'A243', 'A244', 'A245', 'A246', 'A247', 'A248', 'A249', 'A250', 'A251', 'A252', 'A253', 'A254', 'A255', 'A256', 'A257', 'A258', 'A259', 'A260', 'A261', 'A262', 'A263', 'A264', 'A265', 'A266', 'A267', 'A268', 'A269', 'A270', 'A271', 'A272', 'A273', 'A274', 'A275', 'A276', 'A277', 'A278', 'A279', 'A280', 'A281', 'A282', 'A283', 'A284', 'A285', 'A286', 'A287', 'A288', 'A289', 'A290', 'A291', 'A292', 'A293', 'A294', 'A295', 'A296', 'A297', 'A298']
These residues will be fixed:  []
The number of ligand atoms parsed is equal to: 24
Type: C, Coords [-2.265 28.331 10.598], Mask 1
Type: C, Coords [-3.51  28.681 11.125], Mask 1
Type: C, Coords [-4.151 29.818 10.68 ], Mask 1
Type: C, Coords [-3.565 30.616  9.71 ], Mask 1
Type: C, Coords [-2.335 30.284  9.18 ], Mask 1
Type: C, Coords [-1.673 29.145  9.621], Mask 1
Type: N, Coords [-0.995 27.101 12.286], Mask 1
Type: C, Coords [-1.575 27.116 11.07 ], Mask 1
Type: O, Coords [-1.528 26.129 10.361], Mask 1
Type: C, Coords [-0.314 25.892 12.758], Mask 1
Type: C, Coords [-1.44  26.753 14.815], Mask 1
Type: C, Coords [-0.846 25.514 14.141], Mask 1
Type: N, Coords [-0.429 28.811  9.092], Mask 1
Type: C, Coords [ 0.697 29.235  9.697], Mask 1
Type: O, Coords [ 0.631 29.841 10.749], Mask 1
Type: C, Coords [ 2.014 28.964  9.083], Mask 1
Type: C, Coords [ 2.804 27.913  9.553], Mask 1
Type: C, Coords [ 4.029 27.662  8.972], Mask 1
Type: C, Coords [ 4.481 28.456  7.933], Mask 1
Type: C, Coords [ 3.706 29.502  7.466], Mask 1
Type: C, Coords [ 2.476 29.761  8.035], Mask 1
Type: N, Coords [ 1.648 30.881  7.534], Mask 1
Type: O, Coords [ 0.757 31.338  8.228], Mask 1
Type: O, Coords [ 1.858 31.347  6.428], Mask 1
Designing protein from this path: /home/tedeschg/prj/protein-perturbation/data/cdk2/03.complexes_dude/decoys_93_ZINC63873704_best_CNNaffinity.pdb
These residues will be redesigned:  ['A1', 'A2', 'A3', 'A4', 'A5', 'A6', 'A7', 'A8', 'A9', 'A10', 'A11', 'A12', 'A15', 'A16', 'A17', 'A18', 'A19', 'A20', 'A21', 'A22', 'A23', 'A24', 'A25', 'A26', 'A27', 'A28', 'A29', 'A30', 'A31', 'A32', 'A33', 'A34', 'A35', 'A44', 'A45', 'A46', 'A47', 'A48', 'A49', 'A50', 'A51', 'A52', 'A53', 'A54', 'A55', 'A56', 'A57', 'A58', 'A59', 'A60', 'A61', 'A62', 'A63', 'A64', 'A65', 'A66', 'A67', 'A68', 'A69', 'A70', 'A71', 'A72', 'A73', 'A74', 'A75', 'A76', 'A77', 'A78', 'A79', 'A80', 'A81', 'A82', 'A83', 'A84', 'A85', 'A86', 'A87', 'A88', 'A89', 'A90', 'A91', 'A92', 'A93', 'A94', 'A95', 'A96', 'A97', 'A98', 'A99', 'A100', 'A101', 'A102', 'A103', 'A104', 'A105', 'A106', 'A107', 'A108', 'A109', 'A110', 'A111', 'A112', 'A113', 'A114', 'A115', 'A116', 'A117', 'A118', 'A119', 'A120', 'A121', 'A122', 'A123', 'A124', 'A125', 'A126', 'A127', 'A128', 'A129', 'A130', 'A131', 'A132', 'A133', 'A134', 'A135', 'A136', 'A137', 'A138', 'A139', 'A140', 'A141', 'A142', 'A143', 'A144', 'A145', 'A146', 'A147', 'A148', 'A149', 'A150', 'A151', 'A162', 'A163', 'A164', 'A165', 'A166', 'A167', 'A168', 'A169', 'A170', 'A171', 'A172', 'A173', 'A174', 'A175', 'A176', 'A177', 'A178', 'A179', 'A180', 'A181', 'A182', 'A183', 'A184', 'A185', 'A186', 'A187', 'A188', 'A189', 'A190', 'A191', 'A192', 'A193', 'A194', 'A195', 'A196', 'A197', 'A198', 'A199', 'A200', 'A201', 'A202', 'A203', 'A204', 'A205', 'A206', 'A207', 'A208', 'A209', 'A210', 'A211', 'A212', 'A213', 'A214', 'A215', 'A216', 'A217', 'A218', 'A219', 'A220', 'A221', 'A222', 'A223', 'A224', 'A225', 'A226', 'A227', 'A228', 'A229', 'A230', 'A231', 'A232', 'A233', 'A234', 'A235', 'A236', 'A237', 'A238', 'A239', 'A240', 'A241', 'A242', 'A243', 'A244', 'A245', 'A246', 'A247', 'A248', 'A249', 'A250', 'A251', 'A252', 'A253', 'A254', 'A255', 'A256', 'A257', 'A258', 'A259', 'A260', 'A261', 'A262', 'A263', 'A264', 'A265', 'A266', 'A267', 'A268', 'A269', 'A270', 'A271', 'A272', 'A273', 'A274', 'A275', 'A276', 'A277', 'A278', 'A279', 'A280', 'A281', 'A282', 'A283', 'A284', 'A285', 'A286', 'A287', 'A288', 'A289', 'A290', 'A291', 'A292', 'A293', 'A294', 'A295', 'A296', 'A297', 'A298']
These residues will be fixed:  []
The number of ligand atoms parsed is equal to: 34
Type: C, Coords [ 2.836 29.777  8.02 ], Mask 1
Type: C, Coords [ 2.25  29.028  9.207], Mask 1
Type: O, Coords [ 1.463 29.546  9.97 ], Mask 1
Type: N, Coords [ 2.653 27.778  9.354], Mask 1
Type: C, Coords [ 3.548 27.182  8.491], Mask 1
Type: N, Coords [ 4.021 25.958  8.531], Mask 1
Type: S, Coords [ 3.914 28.468  7.304], Mask 1
Type: C, Coords [ 4.911 25.536  7.58 ], Mask 1
Type: C, Coords [ 6.283 25.77   7.734], Mask 1
Type: C, Coords [ 7.139 25.323  6.744], Mask 1
Type: C, Coords [ 6.619 24.666  5.644], Mask 1
Type: N, Coords [ 5.322 24.46   5.524], Mask 1
Type: C, Coords [ 4.466 24.86   6.441], Mask 1
Type: C, Coords [ 1.743 30.195  7.034], Mask 1
Type: N, Coords [ 0.195 31.548  8.411], Mask 1
Type: C, Coords [ 0.445 30.386  7.775], Mask 1
Type: O, Coords [-0.376 29.493  7.8  ], Mask 1
Type: C, Coords [-3.242 31.959 10.729], Mask 1
Type: C, Coords [-2.234 32.902 10.816], Mask 1
Type: C, Coords [-1.093 32.769 10.048], Mask 1
Type: C, Coords [-0.959 31.686  9.19 ], Mask 1
Type: C, Coords [-1.972 30.741  9.105], Mask 1
Type: C, Coords [-3.111 30.88   9.874], Mask 1
Type: C, Coords [ 2.13  26.996 10.477], Mask 1
Type: C, Coords [ 0.65  26.688 10.239], Mask 1
Type: C, Coords [-0.122 26.919 11.512], Mask 1
Type: C, Coords [-0.323 26.033 12.514], Mask 1
Type: C, Coords [ 0.102 24.642 12.71 ], Mask 1
Type: C, Coords [-0.262 23.998 13.843], Mask 1
Type: C, Coords [-1.033 24.625 14.831], Mask 1
Type: C, Coords [-1.461 25.901 14.722], Mask 1
Type: C, Coords [-1.136 26.673 13.573], Mask 1
Type: N, Coords [-1.427 27.906 13.239], Mask 1
Type: C, Coords [-0.826 28.191 11.931], Mask 1
Designing protein from this path: /home/tedeschg/prj/protein-perturbation/data/cdk2/03.complexes_dude/decoys_94_ZINC36332394_best_CNNaffinity.pdb
These residues will be redesigned:  ['A1', 'A2', 'A3', 'A4', 'A5', 'A6', 'A7', 'A8', 'A9', 'A10', 'A11', 'A12', 'A15', 'A16', 'A17', 'A18', 'A19', 'A20', 'A21', 'A22', 'A23', 'A24', 'A25', 'A26', 'A27', 'A28', 'A29', 'A30', 'A31', 'A32', 'A33', 'A34', 'A35', 'A44', 'A45', 'A46', 'A47', 'A48', 'A49', 'A50', 'A51', 'A52', 'A53', 'A54', 'A55', 'A56', 'A57', 'A58', 'A59', 'A60', 'A61', 'A62', 'A63', 'A64', 'A65', 'A66', 'A67', 'A68', 'A69', 'A70', 'A71', 'A72', 'A73', 'A74', 'A75', 'A76', 'A77', 'A78', 'A79', 'A80', 'A81', 'A82', 'A83', 'A84', 'A85', 'A86', 'A87', 'A88', 'A89', 'A90', 'A91', 'A92', 'A93', 'A94', 'A95', 'A96', 'A97', 'A98', 'A99', 'A100', 'A101', 'A102', 'A103', 'A104', 'A105', 'A106', 'A107', 'A108', 'A109', 'A110', 'A111', 'A112', 'A113', 'A114', 'A115', 'A116', 'A117', 'A118', 'A119', 'A120', 'A121', 'A122', 'A123', 'A124', 'A125', 'A126', 'A127', 'A128', 'A129', 'A130', 'A131', 'A132', 'A133', 'A134', 'A135', 'A136', 'A137', 'A138', 'A139', 'A140', 'A141', 'A142', 'A143', 'A144', 'A145', 'A146', 'A147', 'A148', 'A149', 'A150', 'A151', 'A162', 'A163', 'A164', 'A165', 'A166', 'A167', 'A168', 'A169', 'A170', 'A171', 'A172', 'A173', 'A174', 'A175', 'A176', 'A177', 'A178', 'A179', 'A180', 'A181', 'A182', 'A183', 'A184', 'A185', 'A186', 'A187', 'A188', 'A189', 'A190', 'A191', 'A192', 'A193', 'A194', 'A195', 'A196', 'A197', 'A198', 'A199', 'A200', 'A201', 'A202', 'A203', 'A204', 'A205', 'A206', 'A207', 'A208', 'A209', 'A210', 'A211', 'A212', 'A213', 'A214', 'A215', 'A216', 'A217', 'A218', 'A219', 'A220', 'A221', 'A222', 'A223', 'A224', 'A225', 'A226', 'A227', 'A228', 'A229', 'A230', 'A231', 'A232', 'A233', 'A234', 'A235', 'A236', 'A237', 'A238', 'A239', 'A240', 'A241', 'A242', 'A243', 'A244', 'A245', 'A246', 'A247', 'A248', 'A249', 'A250', 'A251', 'A252', 'A253', 'A254', 'A255', 'A256', 'A257', 'A258', 'A259', 'A260', 'A261', 'A262', 'A263', 'A264', 'A265', 'A266', 'A267', 'A268', 'A269', 'A270', 'A271', 'A272', 'A273', 'A274', 'A275', 'A276', 'A277', 'A278', 'A279', 'A280', 'A281', 'A282', 'A283', 'A284', 'A285', 'A286', 'A287', 'A288', 'A289', 'A290', 'A291', 'A292', 'A293', 'A294', 'A295', 'A296', 'A297', 'A298']
These residues will be fixed:  []
The number of ligand atoms parsed is equal to: 20
Type: S, Coords [-0.224 28.076 10.172], Mask 1
Type: O, Coords [-1.2   27.216  9.602], Mask 1
Type: O, Coords [ 1.137 28.061  9.763], Mask 1
Type: C, Coords [-1.713 32.312  9.556], Mask 1
Type: C, Coords [-0.557 31.883  8.929], Mask 1
Type: C, Coords [-0.103 30.591  9.118], Mask 1
Type: C, Coords [-0.803 29.723  9.933], Mask 1
Type: C, Coords [-1.964 30.15  10.565], Mask 1
Type: C, Coords [-2.418 31.449 10.373], Mask 1
Type: N, Coords [-2.674 29.276 11.39 ], Mask 1
Type: N, Coords [-3.992 29.018 11.139], Mask 1
Type: N, Coords [-0.231 27.787 11.803], Mask 1
Type: C, Coords [-0.987 26.654 12.342], Mask 1
Type: C, Coords [-1.405 26.966 13.776], Mask 1
Type: C, Coords [-2.416 25.925 14.264], Mask 1
Type: S, Coords [-1.615 24.294 14.29 ], Mask 1
Type: O, Coords [-2.616 23.302 14.469], Mask 1
Type: O, Coords [-0.519 24.344 15.193], Mask 1
Type: C, Coords [-0.968 24.164 12.597], Mask 1
Type: C, Coords [-0.118 25.401 12.294], Mask 1
Designing protein from this path: /home/tedeschg/prj/protein-perturbation/data/cdk2/03.complexes_dude/decoys_95_ZINC67225190_best_CNNaffinity.pdb
These residues will be redesigned:  ['A1', 'A2', 'A3', 'A4', 'A5', 'A6', 'A7', 'A8', 'A9', 'A10', 'A11', 'A12', 'A15', 'A16', 'A17', 'A18', 'A19', 'A20', 'A21', 'A22', 'A23', 'A24', 'A25', 'A26', 'A27', 'A28', 'A29', 'A30', 'A31', 'A32', 'A33', 'A34', 'A35', 'A44', 'A45', 'A46', 'A47', 'A48', 'A49', 'A50', 'A51', 'A52', 'A53', 'A54', 'A55', 'A56', 'A57', 'A58', 'A59', 'A60', 'A61', 'A62', 'A63', 'A64', 'A65', 'A66', 'A67', 'A68', 'A69', 'A70', 'A71', 'A72', 'A73', 'A74', 'A75', 'A76', 'A77', 'A78', 'A79', 'A80', 'A81', 'A82', 'A83', 'A84', 'A85', 'A86', 'A87', 'A88', 'A89', 'A90', 'A91', 'A92', 'A93', 'A94', 'A95', 'A96', 'A97', 'A98', 'A99', 'A100', 'A101', 'A102', 'A103', 'A104', 'A105', 'A106', 'A107', 'A108', 'A109', 'A110', 'A111', 'A112', 'A113', 'A114', 'A115', 'A116', 'A117', 'A118', 'A119', 'A120', 'A121', 'A122', 'A123', 'A124', 'A125', 'A126', 'A127', 'A128', 'A129', 'A130', 'A131', 'A132', 'A133', 'A134', 'A135', 'A136', 'A137', 'A138', 'A139', 'A140', 'A141', 'A142', 'A143', 'A144', 'A145', 'A146', 'A147', 'A148', 'A149', 'A150', 'A151', 'A162', 'A163', 'A164', 'A165', 'A166', 'A167', 'A168', 'A169', 'A170', 'A171', 'A172', 'A173', 'A174', 'A175', 'A176', 'A177', 'A178', 'A179', 'A180', 'A181', 'A182', 'A183', 'A184', 'A185', 'A186', 'A187', 'A188', 'A189', 'A190', 'A191', 'A192', 'A193', 'A194', 'A195', 'A196', 'A197', 'A198', 'A199', 'A200', 'A201', 'A202', 'A203', 'A204', 'A205', 'A206', 'A207', 'A208', 'A209', 'A210', 'A211', 'A212', 'A213', 'A214', 'A215', 'A216', 'A217', 'A218', 'A219', 'A220', 'A221', 'A222', 'A223', 'A224', 'A225', 'A226', 'A227', 'A228', 'A229', 'A230', 'A231', 'A232', 'A233', 'A234', 'A235', 'A236', 'A237', 'A238', 'A239', 'A240', 'A241', 'A242', 'A243', 'A244', 'A245', 'A246', 'A247', 'A248', 'A249', 'A250', 'A251', 'A252', 'A253', 'A254', 'A255', 'A256', 'A257', 'A258', 'A259', 'A260', 'A261', 'A262', 'A263', 'A264', 'A265', 'A266', 'A267', 'A268', 'A269', 'A270', 'A271', 'A272', 'A273', 'A274', 'A275', 'A276', 'A277', 'A278', 'A279', 'A280', 'A281', 'A282', 'A283', 'A284', 'A285', 'A286', 'A287', 'A288', 'A289', 'A290', 'A291', 'A292', 'A293', 'A294', 'A295', 'A296', 'A297', 'A298']
These residues will be fixed:  []
The number of ligand atoms parsed is equal to: 28
Type: C, Coords [ 2.73  19.133 15.92 ], Mask 1
Type: N, Coords [ 3.567 19.387 14.878], Mask 1
Type: C, Coords [ 3.157 20.172 13.858], Mask 1
Type: O, Coords [ 3.891 20.395 12.909], Mask 1
Type: C, Coords [ 1.873 20.724 13.912], Mask 1
Type: C, Coords [ 1.068 20.452 15.003], Mask 1
Type: N, Coords [ 1.519 19.646 15.972], Mask 1
Type: N, Coords [-0.19  21.021 15.101], Mask 1
Type: C, Coords [-0.555 22.034 14.297], Mask 1
Type: O, Coords [-1.696 22.443 14.329], Mask 1
Type: C, Coords [ 0.437 22.667 13.356], Mask 1
Type: C, Coords [ 1.37  21.594 12.791], Mask 1
Type: C, Coords [ 2.458 16.654 20.79 ], Mask 1
Type: C, Coords [ 3.087 17.003 19.439], Mask 1
Type: C, Coords [ 3.327 18.512 19.363], Mask 1
Type: C, Coords [ 3.988 18.853 18.024], Mask 1
Type: N, Coords [ 3.156 18.32  16.936], Mask 1
Type: C, Coords [ 2.789 16.897 16.961], Mask 1
Type: C, Coords [ 2.142 16.578 18.312], Mask 1
Type: C, Coords [ 0.618 20.747 11.797], Mask 1
Type: C, Coords [ 0.966 20.779 10.46 ], Mask 1
Type: C, Coords [ 0.277 20.002  9.547], Mask 1
Type: C, Coords [-0.761 19.192  9.973], Mask 1
Type: C, Coords [-1.109 19.161 11.313], Mask 1
Type: C, Coords [-0.416 19.934 12.224], Mask 1
Type: F, Coords [-1.436 18.432  9.082], Mask 1
Type: C, Coords [-0.285 23.319 12.251], Mask 1
Type: N, Coords [-0.841 23.822 11.398], Mask 1
Designing protein from this path: /home/tedeschg/prj/protein-perturbation/data/cdk2/03.complexes_dude/decoys_96_ZINC40923968_best_CNNaffinity.pdb
These residues will be redesigned:  ['A1', 'A2', 'A3', 'A4', 'A5', 'A6', 'A7', 'A8', 'A9', 'A10', 'A11', 'A12', 'A15', 'A16', 'A17', 'A18', 'A19', 'A20', 'A21', 'A22', 'A23', 'A24', 'A25', 'A26', 'A27', 'A28', 'A29', 'A30', 'A31', 'A32', 'A33', 'A34', 'A35', 'A44', 'A45', 'A46', 'A47', 'A48', 'A49', 'A50', 'A51', 'A52', 'A53', 'A54', 'A55', 'A56', 'A57', 'A58', 'A59', 'A60', 'A61', 'A62', 'A63', 'A64', 'A65', 'A66', 'A67', 'A68', 'A69', 'A70', 'A71', 'A72', 'A73', 'A74', 'A75', 'A76', 'A77', 'A78', 'A79', 'A80', 'A81', 'A82', 'A83', 'A84', 'A85', 'A86', 'A87', 'A88', 'A89', 'A90', 'A91', 'A92', 'A93', 'A94', 'A95', 'A96', 'A97', 'A98', 'A99', 'A100', 'A101', 'A102', 'A103', 'A104', 'A105', 'A106', 'A107', 'A108', 'A109', 'A110', 'A111', 'A112', 'A113', 'A114', 'A115', 'A116', 'A117', 'A118', 'A119', 'A120', 'A121', 'A122', 'A123', 'A124', 'A125', 'A126', 'A127', 'A128', 'A129', 'A130', 'A131', 'A132', 'A133', 'A134', 'A135', 'A136', 'A137', 'A138', 'A139', 'A140', 'A141', 'A142', 'A143', 'A144', 'A145', 'A146', 'A147', 'A148', 'A149', 'A150', 'A151', 'A162', 'A163', 'A164', 'A165', 'A166', 'A167', 'A168', 'A169', 'A170', 'A171', 'A172', 'A173', 'A174', 'A175', 'A176', 'A177', 'A178', 'A179', 'A180', 'A181', 'A182', 'A183', 'A184', 'A185', 'A186', 'A187', 'A188', 'A189', 'A190', 'A191', 'A192', 'A193', 'A194', 'A195', 'A196', 'A197', 'A198', 'A199', 'A200', 'A201', 'A202', 'A203', 'A204', 'A205', 'A206', 'A207', 'A208', 'A209', 'A210', 'A211', 'A212', 'A213', 'A214', 'A215', 'A216', 'A217', 'A218', 'A219', 'A220', 'A221', 'A222', 'A223', 'A224', 'A225', 'A226', 'A227', 'A228', 'A229', 'A230', 'A231', 'A232', 'A233', 'A234', 'A235', 'A236', 'A237', 'A238', 'A239', 'A240', 'A241', 'A242', 'A243', 'A244', 'A245', 'A246', 'A247', 'A248', 'A249', 'A250', 'A251', 'A252', 'A253', 'A254', 'A255', 'A256', 'A257', 'A258', 'A259', 'A260', 'A261', 'A262', 'A263', 'A264', 'A265', 'A266', 'A267', 'A268', 'A269', 'A270', 'A271', 'A272', 'A273', 'A274', 'A275', 'A276', 'A277', 'A278', 'A279', 'A280', 'A281', 'A282', 'A283', 'A284', 'A285', 'A286', 'A287', 'A288', 'A289', 'A290', 'A291', 'A292', 'A293', 'A294', 'A295', 'A296', 'A297', 'A298']
These residues will be fixed:  []
The number of ligand atoms parsed is equal to: 29
Type: C, Coords [ 1.363 28.856  9.147], Mask 1
Type: C, Coords [ 2.015 27.875  9.88 ], Mask 1
Type: C, Coords [ 1.289 27.019 10.685], Mask 1
Type: C, Coords [-0.087 27.139 10.761], Mask 1
Type: C, Coords [-0.739 28.116 10.03 ], Mask 1
Type: C, Coords [-1.6000e-02  2.8979e+01  9.2290e+00], Mask 1
Type: BR, Coords [-1.079 25.965 11.863], Mask 1
Type: C, Coords [-0.727 30.048  8.439], Mask 1
Type: C, Coords [-1.59  30.865  9.363], Mask 1
Type: C, Coords [-1.297 32.125  9.716], Mask 1
Type: N, Coords [-0.183 32.778  9.248], Mask 1
Type: C, Coords [ 0.504 32.192  8.194], Mask 1
Type: N, Coords [ 0.257 30.915  7.801], Mask 1
Type: N, Coords [ 1.115 30.681  6.729], Mask 1
Type: N, Coords [ 1.793 31.77   6.556], Mask 1
Type: N, Coords [ 1.438 32.661  7.418], Mask 1
Type: C, Coords [-2.224 32.85  10.657], Mask 1
Type: C, Coords [-2.766 30.275  9.884], Mask 1
Type: O, Coords [-3.801 30.314  9.244], Mask 1
Type: N, Coords [-2.741 29.671 11.088], Mask 1
Type: O, Coords [ 2.075 29.7    8.354], Mask 1
Type: C, Coords [ 3.498 29.662  8.48 ], Mask 1
Type: C, Coords [ 5.653 25.73   4.834], Mask 1
Type: C, Coords [ 5.091 26.755  5.785], Mask 1
Type: C, Coords [ 4.202 27.709  5.326], Mask 1
Type: C, Coords [ 3.686 28.65   6.199], Mask 1
Type: C, Coords [ 4.059 28.636  7.53 ], Mask 1
Type: C, Coords [ 4.947 27.681  7.988], Mask 1
Type: C, Coords [ 5.46  26.738  7.117], Mask 1
Designing protein from this path: /home/tedeschg/prj/protein-perturbation/data/cdk2/03.complexes_dude/decoys_97_ZINC58214902_best_CNNaffinity.pdb
These residues will be redesigned:  ['A1', 'A2', 'A3', 'A4', 'A5', 'A6', 'A7', 'A8', 'A9', 'A10', 'A11', 'A12', 'A15', 'A16', 'A17', 'A18', 'A19', 'A20', 'A21', 'A22', 'A23', 'A24', 'A25', 'A26', 'A27', 'A28', 'A29', 'A30', 'A31', 'A32', 'A33', 'A34', 'A35', 'A44', 'A45', 'A46', 'A47', 'A48', 'A49', 'A50', 'A51', 'A52', 'A53', 'A54', 'A55', 'A56', 'A57', 'A58', 'A59', 'A60', 'A61', 'A62', 'A63', 'A64', 'A65', 'A66', 'A67', 'A68', 'A69', 'A70', 'A71', 'A72', 'A73', 'A74', 'A75', 'A76', 'A77', 'A78', 'A79', 'A80', 'A81', 'A82', 'A83', 'A84', 'A85', 'A86', 'A87', 'A88', 'A89', 'A90', 'A91', 'A92', 'A93', 'A94', 'A95', 'A96', 'A97', 'A98', 'A99', 'A100', 'A101', 'A102', 'A103', 'A104', 'A105', 'A106', 'A107', 'A108', 'A109', 'A110', 'A111', 'A112', 'A113', 'A114', 'A115', 'A116', 'A117', 'A118', 'A119', 'A120', 'A121', 'A122', 'A123', 'A124', 'A125', 'A126', 'A127', 'A128', 'A129', 'A130', 'A131', 'A132', 'A133', 'A134', 'A135', 'A136', 'A137', 'A138', 'A139', 'A140', 'A141', 'A142', 'A143', 'A144', 'A145', 'A146', 'A147', 'A148', 'A149', 'A150', 'A151', 'A162', 'A163', 'A164', 'A165', 'A166', 'A167', 'A168', 'A169', 'A170', 'A171', 'A172', 'A173', 'A174', 'A175', 'A176', 'A177', 'A178', 'A179', 'A180', 'A181', 'A182', 'A183', 'A184', 'A185', 'A186', 'A187', 'A188', 'A189', 'A190', 'A191', 'A192', 'A193', 'A194', 'A195', 'A196', 'A197', 'A198', 'A199', 'A200', 'A201', 'A202', 'A203', 'A204', 'A205', 'A206', 'A207', 'A208', 'A209', 'A210', 'A211', 'A212', 'A213', 'A214', 'A215', 'A216', 'A217', 'A218', 'A219', 'A220', 'A221', 'A222', 'A223', 'A224', 'A225', 'A226', 'A227', 'A228', 'A229', 'A230', 'A231', 'A232', 'A233', 'A234', 'A235', 'A236', 'A237', 'A238', 'A239', 'A240', 'A241', 'A242', 'A243', 'A244', 'A245', 'A246', 'A247', 'A248', 'A249', 'A250', 'A251', 'A252', 'A253', 'A254', 'A255', 'A256', 'A257', 'A258', 'A259', 'A260', 'A261', 'A262', 'A263', 'A264', 'A265', 'A266', 'A267', 'A268', 'A269', 'A270', 'A271', 'A272', 'A273', 'A274', 'A275', 'A276', 'A277', 'A278', 'A279', 'A280', 'A281', 'A282', 'A283', 'A284', 'A285', 'A286', 'A287', 'A288', 'A289', 'A290', 'A291', 'A292', 'A293', 'A294', 'A295', 'A296', 'A297', 'A298']
These residues will be fixed:  []
The number of ligand atoms parsed is equal to: 27
Type: N, Coords [ 4.422 27.966  8.244], Mask 1
Type: C, Coords [ 4.947 26.781  7.872], Mask 1
Type: O, Coords [ 4.446 25.745  8.262], Mask 1
Type: N, Coords [ 6.028 26.746  7.067], Mask 1
Type: C, Coords [ 3.248 28.004  9.119], Mask 1
Type: C, Coords [ 2.596 29.834  7.518], Mask 1
Type: C, Coords [ 1.707 30.807  7.106], Mask 1
Type: N, Coords [ 0.586 31.023  7.767], Mask 1
Type: C, Coords [ 0.269 30.32   8.844], Mask 1
Type: C, Coords [ 1.118 29.324  9.315], Mask 1
Type: C, Coords [ 2.301 29.075  8.642], Mask 1
Type: N, Coords [-0.923 30.581  9.511], Mask 1
Type: C, Coords [-1.848 31.609  9.015], Mask 1
Type: C, Coords [-3.236 30.984  8.847], Mask 1
Type: C, Coords [-3.663 30.337 10.166], Mask 1
Type: C, Coords [-2.675 29.228 10.536], Mask 1
Type: C, Coords [-1.284 29.83  10.72 ], Mask 1
Type: C, Coords [ 6.598 25.459  6.662], Mask 1
Type: C, Coords [ 6.887 25.48   5.184], Mask 1
Type: O, Coords [ 7.364 24.505  4.645], Mask 1
Type: N, Coords [ 6.614 26.584  4.46 ], Mask 1
Type: C, Coords [ 6.895 26.605  3.022], Mask 1
Type: C, Coords [ 8.211 27.343  2.77 ], Mask 1
Type: C, Coords [ 8.505 27.364  1.268], Mask 1
Type: C, Coords [ 7.369 28.083  0.537], Mask 1
Type: C, Coords [ 6.052 27.346  0.789], Mask 1
Type: C, Coords [ 5.759 27.324  2.291], Mask 1
Designing protein from this path: /home/tedeschg/prj/protein-perturbation/data/cdk2/03.complexes_dude/decoys_98_ZINC00089412_best_CNNaffinity.pdb
These residues will be redesigned:  ['A1', 'A2', 'A3', 'A4', 'A5', 'A6', 'A7', 'A8', 'A9', 'A10', 'A11', 'A12', 'A15', 'A16', 'A17', 'A18', 'A19', 'A20', 'A21', 'A22', 'A23', 'A24', 'A25', 'A26', 'A27', 'A28', 'A29', 'A30', 'A31', 'A32', 'A33', 'A34', 'A35', 'A44', 'A45', 'A46', 'A47', 'A48', 'A49', 'A50', 'A51', 'A52', 'A53', 'A54', 'A55', 'A56', 'A57', 'A58', 'A59', 'A60', 'A61', 'A62', 'A63', 'A64', 'A65', 'A66', 'A67', 'A68', 'A69', 'A70', 'A71', 'A72', 'A73', 'A74', 'A75', 'A76', 'A77', 'A78', 'A79', 'A80', 'A81', 'A82', 'A83', 'A84', 'A85', 'A86', 'A87', 'A88', 'A89', 'A90', 'A91', 'A92', 'A93', 'A94', 'A95', 'A96', 'A97', 'A98', 'A99', 'A100', 'A101', 'A102', 'A103', 'A104', 'A105', 'A106', 'A107', 'A108', 'A109', 'A110', 'A111', 'A112', 'A113', 'A114', 'A115', 'A116', 'A117', 'A118', 'A119', 'A120', 'A121', 'A122', 'A123', 'A124', 'A125', 'A126', 'A127', 'A128', 'A129', 'A130', 'A131', 'A132', 'A133', 'A134', 'A135', 'A136', 'A137', 'A138', 'A139', 'A140', 'A141', 'A142', 'A143', 'A144', 'A145', 'A146', 'A147', 'A148', 'A149', 'A150', 'A151', 'A162', 'A163', 'A164', 'A165', 'A166', 'A167', 'A168', 'A169', 'A170', 'A171', 'A172', 'A173', 'A174', 'A175', 'A176', 'A177', 'A178', 'A179', 'A180', 'A181', 'A182', 'A183', 'A184', 'A185', 'A186', 'A187', 'A188', 'A189', 'A190', 'A191', 'A192', 'A193', 'A194', 'A195', 'A196', 'A197', 'A198', 'A199', 'A200', 'A201', 'A202', 'A203', 'A204', 'A205', 'A206', 'A207', 'A208', 'A209', 'A210', 'A211', 'A212', 'A213', 'A214', 'A215', 'A216', 'A217', 'A218', 'A219', 'A220', 'A221', 'A222', 'A223', 'A224', 'A225', 'A226', 'A227', 'A228', 'A229', 'A230', 'A231', 'A232', 'A233', 'A234', 'A235', 'A236', 'A237', 'A238', 'A239', 'A240', 'A241', 'A242', 'A243', 'A244', 'A245', 'A246', 'A247', 'A248', 'A249', 'A250', 'A251', 'A252', 'A253', 'A254', 'A255', 'A256', 'A257', 'A258', 'A259', 'A260', 'A261', 'A262', 'A263', 'A264', 'A265', 'A266', 'A267', 'A268', 'A269', 'A270', 'A271', 'A272', 'A273', 'A274', 'A275', 'A276', 'A277', 'A278', 'A279', 'A280', 'A281', 'A282', 'A283', 'A284', 'A285', 'A286', 'A287', 'A288', 'A289', 'A290', 'A291', 'A292', 'A293', 'A294', 'A295', 'A296', 'A297', 'A298']
These residues will be fixed:  []
The number of ligand atoms parsed is equal to: 23
Type: C, Coords [ 4.728 19.456 18.941], Mask 1
Type: C, Coords [ 4.24  18.789 17.681], Mask 1
Type: C, Coords [ 4.748 17.59  17.341], Mask 1
Type: C, Coords [ 4.293 16.891 16.093], Mask 1
Type: C, Coords [ 3.399 15.726 16.436], Mask 1
Type: C, Coords [ 2.185 15.63  17.078], Mask 1
Type: C, Coords [ 1.591 14.392 17.251], Mask 1
Type: C, Coords [ 2.22  13.255 16.776], Mask 1
Type: C, Coords [ 3.435 13.348 16.131], Mask 1
Type: C, Coords [ 4.043 14.59  15.958], Mask 1
Type: N, Coords [ 5.251 14.939 15.353], Mask 1
Type: C, Coords [ 5.477 16.264 15.395], Mask 1
Type: O, Coords [ 6.443 16.846 14.948], Mask 1
Type: C, Coords [ 6.169 13.973 14.745], Mask 1
Type: C, Coords [ 3.581 17.851 15.184], Mask 1
Type: C, Coords [ 3.139 19.044 15.654], Mask 1
Type: O, Coords [ 3.315 19.408 16.936], Mask 1
Type: N, Coords [ 2.495 19.902 14.798], Mask 1
Type: C, Coords [ 5.715 16.985 18.165], Mask 1
Type: O, Coords [ 6.877 17.332 18.092], Mask 1
Type: C, Coords [ 5.31  15.907 19.137], Mask 1
Type: C, Coords [ 3.367 17.504 13.811], Mask 1
Type: N, Coords [ 3.197 17.23  12.722], Mask 1
Designing protein from this path: /home/tedeschg/prj/protein-perturbation/data/cdk2/03.complexes_dude/decoys_99_ZINC08415693_best_CNNaffinity.pdb
These residues will be redesigned:  ['A1', 'A2', 'A3', 'A4', 'A5', 'A6', 'A7', 'A8', 'A9', 'A10', 'A11', 'A12', 'A15', 'A16', 'A17', 'A18', 'A19', 'A20', 'A21', 'A22', 'A23', 'A24', 'A25', 'A26', 'A27', 'A28', 'A29', 'A30', 'A31', 'A32', 'A33', 'A34', 'A35', 'A44', 'A45', 'A46', 'A47', 'A48', 'A49', 'A50', 'A51', 'A52', 'A53', 'A54', 'A55', 'A56', 'A57', 'A58', 'A59', 'A60', 'A61', 'A62', 'A63', 'A64', 'A65', 'A66', 'A67', 'A68', 'A69', 'A70', 'A71', 'A72', 'A73', 'A74', 'A75', 'A76', 'A77', 'A78', 'A79', 'A80', 'A81', 'A82', 'A83', 'A84', 'A85', 'A86', 'A87', 'A88', 'A89', 'A90', 'A91', 'A92', 'A93', 'A94', 'A95', 'A96', 'A97', 'A98', 'A99', 'A100', 'A101', 'A102', 'A103', 'A104', 'A105', 'A106', 'A107', 'A108', 'A109', 'A110', 'A111', 'A112', 'A113', 'A114', 'A115', 'A116', 'A117', 'A118', 'A119', 'A120', 'A121', 'A122', 'A123', 'A124', 'A125', 'A126', 'A127', 'A128', 'A129', 'A130', 'A131', 'A132', 'A133', 'A134', 'A135', 'A136', 'A137', 'A138', 'A139', 'A140', 'A141', 'A142', 'A143', 'A144', 'A145', 'A146', 'A147', 'A148', 'A149', 'A150', 'A151', 'A162', 'A163', 'A164', 'A165', 'A166', 'A167', 'A168', 'A169', 'A170', 'A171', 'A172', 'A173', 'A174', 'A175', 'A176', 'A177', 'A178', 'A179', 'A180', 'A181', 'A182', 'A183', 'A184', 'A185', 'A186', 'A187', 'A188', 'A189', 'A190', 'A191', 'A192', 'A193', 'A194', 'A195', 'A196', 'A197', 'A198', 'A199', 'A200', 'A201', 'A202', 'A203', 'A204', 'A205', 'A206', 'A207', 'A208', 'A209', 'A210', 'A211', 'A212', 'A213', 'A214', 'A215', 'A216', 'A217', 'A218', 'A219', 'A220', 'A221', 'A222', 'A223', 'A224', 'A225', 'A226', 'A227', 'A228', 'A229', 'A230', 'A231', 'A232', 'A233', 'A234', 'A235', 'A236', 'A237', 'A238', 'A239', 'A240', 'A241', 'A242', 'A243', 'A244', 'A245', 'A246', 'A247', 'A248', 'A249', 'A250', 'A251', 'A252', 'A253', 'A254', 'A255', 'A256', 'A257', 'A258', 'A259', 'A260', 'A261', 'A262', 'A263', 'A264', 'A265', 'A266', 'A267', 'A268', 'A269', 'A270', 'A271', 'A272', 'A273', 'A274', 'A275', 'A276', 'A277', 'A278', 'A279', 'A280', 'A281', 'A282', 'A283', 'A284', 'A285', 'A286', 'A287', 'A288', 'A289', 'A290', 'A291', 'A292', 'A293', 'A294', 'A295', 'A296', 'A297', 'A298']
These residues will be fixed:  []
The number of ligand atoms parsed is equal to: 29
Type: C, Coords [-8.624 18.925 -5.186], Mask 1
Type: C, Coords [-9.53  19.172 -6.394], Mask 1
Type: C, Coords [-10.506  20.309  -6.081], Mask 1
Type: C, Coords [-9.735 21.577 -5.805], Mask 1
Type: C, Coords [-8.547 21.812 -6.402], Mask 1
Type: C, Coords [-7.782 23.083 -6.129], Mask 1
Type: C, Coords [-8.668 24.129 -5.521], Mask 1
Type: C, Coords [-9.857 23.798 -4.953], Mask 1
Type: N, Coords [-10.272  22.488  -4.936], Mask 1
Type: N, Coords [-10.647  24.774  -4.395], Mask 1
Type: C, Coords [-7.987 20.881 -7.293], Mask 1
Type: O, Coords [-6.923 21.13  -7.825], Mask 1
Type: C, Coords [-8.68  19.582 -7.601], Mask 1
Type: C, Coords [-10.313  17.898  -6.719], Mask 1
Type: C, Coords [-6.649 22.783 -5.182], Mask 1
Type: C, Coords [-5.36  23.168 -5.502], Mask 1
Type: C, Coords [-4.322 22.898 -4.631], Mask 1
Type: C, Coords [-4.57  22.233 -3.444], Mask 1
Type: C, Coords [-5.859 21.844 -3.126], Mask 1
Type: C, Coords [-6.898 22.119 -3.995], Mask 1
Type: BR, Coords [-3.148 21.858 -2.255], Mask 1
Type: N, Coords [-11.229  22.091  -4.045], Mask 1
Type: C, Coords [-10.703  21.069  -3.129], Mask 1
Type: C, Coords [-11.787  20.698  -2.112], Mask 1
Type: O, Coords [-12.954  20.253  -2.808], Mask 1
Type: C, Coords [-13.492  21.224  -3.709], Mask 1
Type: C, Coords [-12.427  21.601  -4.742], Mask 1
Type: C, Coords [-8.252 25.499 -5.534], Mask 1
Type: N, Coords [-7.921 26.586 -5.544], Mask 1
[10:36:47]   LigandMPNN done.

----------------------------------------------
  PIPELINE COMPLETE -- FINAL REPORT
----------------------------------------------
PDB                             QC_STATUS     CLASHES   GEOM      N_POS     
------------------------------  ------------  --------  --------  ----------
actives_00_CHEMBL1081852_best_CNNaffinity  pass          0         0         18        
actives_01_CHEMBL193288_best_CNNaffinity  pass          0         0         10        
actives_02_CHEMBL1080902_best_CNNaffinity  pass          0         0         13        
actives_03_CHEMBL430653_best_CNNaffinity  pass          0         0         15        
actives_04_CHEMBL564470_best_CNNaffinity  pass          0         0         14        
actives_05_CHEMBL340741_best_CNNaffinity  pass          0         0         10        
actives_06_CHEMBL358281_best_CNNaffinity  pass          0         0         14        
actives_07_CHEMBL509406_best_CNNaffinity  pass          0         0         12        
actives_08_CHEMBL363077_best_CNNaffinity  pass          0         0         14        
actives_09_CHEMBL409892_best_CNNaffinity  pass          0         0         17        
actives_10_CHEMBL137357_best_CNNaffinity  pass          0         0         17        
actives_11_CHEMBL137357_best_CNNaffinity  pass          0         0         14        
actives_12_CHEMBL363077_best_CNNaffinity  pass          0         0         14        
actives_13_CHEMBL143748_best_CNNaffinity  pass          0         0         10        
actives_14_CHEMBL483590_best_CNNaffinity  pass          0         0         15        
actives_15_CHEMBL75952_best_CNNaffinity  pass          0         0         2         
actives_16_CHEMBL192440_best_CNNaffinity  pass          0         0         12        
actives_17_CHEMBL325023_best_CNNaffinity  pass          0         0         15        
actives_18_CHEMBL319103_best_CNNaffinity  pass          0         0         15        
actives_19_CHEMBL321517_best_CNNaffinity  pass          0         0         14        
actives_20_CHEMBL570111_best_CNNaffinity  pass          0         0         14        
actives_21_CHEMBL192440_best_CNNaffinity  pass          0         0         9         
actives_22_CHEMBL311464_best_CNNaffinity  pass          0         0         19        
actives_23_CHEMBL443198_best_CNNaffinity  pass          0         0         15        
actives_24_CHEMBL424469_best_CNNaffinity  pass          0         0         19        
actives_25_CHEMBL48796_best_CNNaffinity  pass          0         0         14        
actives_26_CHEMBL574738_best_CNNaffinity  pass          0         0         15        
actives_27_CHEMBL482193_best_CNNaffinity  pass          0         0         11        
actives_28_CHEMBL148580_best_CNNaffinity  pass          0         0         15        
actives_29_CHEMBL380946_best_CNNaffinity  pass          0         0         7         
actives_30_CHEMBL429142_best_CNNaffinity  pass          0         0         17        
actives_31_CHEMBL150859_best_CNNaffinity  pass          0         0         14        
actives_32_CHEMBL147290_best_CNNaffinity  pass          0         0         14        
actives_33_CHEMBL310840_best_CNNaffinity  pass          0         0         16        
actives_34_CHEMBL460102_best_CNNaffinity  pass          0         0         16        
actives_35_CHEMBL458421_best_CNNaffinity  pass          0         0         20        
actives_36_CHEMBL192556_best_CNNaffinity  pass          0         0         16        
actives_37_CHEMBL147232_best_CNNaffinity  pass          0         0         14        
actives_38_CHEMBL358057_best_CNNaffinity  pass          0         0         15        
actives_39_CHEMBL495557_best_CNNaffinity  pass          0         0         15        
actives_40_CHEMBL75680_best_CNNaffinity  pass          0         0         12        
actives_41_CHEMBL1094400_best_CNNaffinity  pass          0         0         17        
actives_42_CHEMBL79498_best_CNNaffinity  pass          0         0         18        
actives_43_CHEMBL269827_best_CNNaffinity  pass          0         0         15        
actives_44_CHEMBL115319_best_CNNaffinity  pass          0         0         12        
actives_45_CHEMBL310840_best_CNNaffinity  pass          0         0         16        
actives_46_CHEMBL210765_best_CNNaffinity  pass          0         0         16        
actives_47_CHEMBL411224_best_CNNaffinity  pass          0         0         15        
actives_48_CHEMBL315486_best_CNNaffinity  pass          0         0         15        
actives_49_CHEMBL455467_best_CNNaffinity  pass          0         0         14        
actives_50_CHEMBL186240_best_CNNaffinity  pass          0         0         11        
actives_51_CHEMBL446409_best_CNNaffinity  pass          0         0         19        
actives_52_CHEMBL570002_best_CNNaffinity  pass          0         0         17        
actives_53_CHEMBL1164262_best_CNNaffinity  pass          0         0         12        
actives_54_CHEMBL75953_best_CNNaffinity  pass          0         0         8         
actives_55_CHEMBL484990_best_CNNaffinity  pass          0         0         13        
actives_56_CHEMBL358102_best_CNNaffinity  pass          0         0         17        
actives_57_CHEMBL256558_best_CNNaffinity  pass          0         0         15        
actives_58_CHEMBL82243_best_CNNaffinity  pass          0         0         15        
actives_59_CHEMBL393929_best_CNNaffinity  pass          0         0         14        
actives_60_CHEMBL203707_best_CNNaffinity  pass          0         0         12        
actives_61_CHEMBL504155_best_CNNaffinity  pass          0         0         12        
actives_62_CHEMBL143748_best_CNNaffinity  pass          0         0         12        
actives_63_CHEMBL186163_best_CNNaffinity  pass          0         0         19        
actives_64_CHEMBL188010_best_CNNaffinity  pass          0         0         14        
actives_65_CHEMBL364805_best_CNNaffinity  pass          0         0         14        
actives_66_CHEMBL134976_best_CNNaffinity  pass          0         0         8         
actives_67_CHEMBL115220_best_CNNaffinity  pass          0         0         9         
actives_68_CHEMBL72077_best_CNNaffinity  pass          0         0         11        
actives_69_CHEMBL478409_best_CNNaffinity  pass          0         0         15        
actives_70_CHEMBL392776_best_CNNaffinity  pass          0         0         22        
actives_71_CHEMBL336892_best_CNNaffinity  pass          0         0         12        
actives_72_CHEMBL141247_best_CNNaffinity  pass          0         0         15        
actives_73_CHEMBL477568_best_CNNaffinity  pass          0         0         12        
actives_74_CHEMBL319467_best_CNNaffinity  pass          0         0         14        
actives_75_CHEMBL260416_best_CNNaffinity  pass          0         0         16        
actives_76_CHEMBL515001_best_CNNaffinity  pass          0         0         17        
actives_77_CHEMBL434700_best_CNNaffinity  pass          0         0         16        
actives_78_CHEMBL103355_best_CNNaffinity  pass          0         0         22        
actives_79_CHEMBL272028_best_CNNaffinity  pass          0         0         15        
actives_80_CHEMBL112442_best_CNNaffinity  pass          0         0         13        
actives_81_CHEMBL460086_best_CNNaffinity  pass          0         0         10        
actives_82_CHEMBL521871_best_CNNaffinity  pass          0         0         13        
actives_83_CHEMBL337325_best_CNNaffinity  pass          0         0         13        
actives_84_CHEMBL421207_best_CNNaffinity  pass          0         0         16        
actives_85_CHEMBL139527_best_CNNaffinity  pass          0         0         8         
actives_86_CHEMBL1082152_best_CNNaffinity  pass          0         0         17        
actives_87_CHEMBL85667_best_CNNaffinity  pass          0         0         10        
actives_88_CHEMBL561179_best_CNNaffinity  pass          0         0         17        
actives_89_CHEMBL1077107_best_CNNaffinity  pass          0         0         10        
actives_90_CHEMBL126328_best_CNNaffinity  pass          0         0         13        
actives_91_CHEMBL14593_best_CNNaffinity  pass          0         0         13        
actives_92_CHEMBL192440_best_CNNaffinity  pass          0         0         13        
actives_93_CHEMBL183455_best_CNNaffinity  pass          0         0         16        
actives_94_CHEMBL381565_best_CNNaffinity  pass          0         0         9         
actives_95_CHEMBL576257_best_CNNaffinity  pass          0         0         16        
actives_96_CHEMBL181289_best_CNNaffinity  pass          0         0         23        
actives_97_CHEMBL455195_best_CNNaffinity  pass          0         0         13        
actives_98_CHEMBL515001_best_CNNaffinity  pass          0         0         19        
actives_99_CHEMBL515839_best_CNNaffinity  pass          0         0         14        
decoys_00_ZINC65638275_best_CNNaffinity  pass          0         0         8         
decoys_01_ZINC59309590_best_CNNaffinity  pass          0         0         11        
decoys_02_ZINC00999954_best_CNNaffinity  pass          0         0         5         
decoys_03_ZINC40569152_best_CNNaffinity  pass          0         0         12        
decoys_04_ZINC21045558_best_CNNaffinity  pass          0         0         12        
decoys_05_ZINC01684039_best_CNNaffinity  pass          0         0         16        
decoys_06_ZINC39205288_best_CNNaffinity  pass          0         0         15        
decoys_07_ZINC21318918_best_CNNaffinity  pass          0         0         15        
decoys_08_ZINC21225139_best_CNNaffinity  pass          0         0         7         
decoys_09_ZINC34256005_best_CNNaffinity  pass          0         0         17        
decoys_10_ZINC58224764_best_CNNaffinity  pass          0         0         13        
decoys_11_ZINC39684239_best_CNNaffinity  pass          0         0         9         
decoys_12_ZINC66615365_best_CNNaffinity  pass          0         0         10        
decoys_13_ZINC59829687_best_CNNaffinity  pass          0         0         16        
decoys_14_ZINC37060287_best_CNNaffinity  pass          0         0         13        
decoys_15_ZINC00690790_best_CNNaffinity  pass          0         0         1         
decoys_16_ZINC08321081_best_CNNaffinity  pass          0         0         16        
decoys_17_ZINC54318027_best_CNNaffinity  pass          0         0         9         
decoys_18_ZINC13562997_best_CNNaffinity  pass          0         0         12        
decoys_19_ZINC37072269_best_CNNaffinity  pass          0         0         15        
decoys_20_ZINC39534209_best_CNNaffinity  pass          0         0         14        
decoys_21_ZINC31283714_best_CNNaffinity  pass          0         0         9         
decoys_22_ZINC20709523_best_CNNaffinity  pass          0         0         15        
decoys_23_ZINC19557549_best_CNNaffinity  pass          0         0         5         
decoys_24_ZINC07595556_best_CNNaffinity  pass          0         0         12        
decoys_25_ZINC63480717_best_CNNaffinity  pass          0         0         14        
decoys_26_ZINC00832330_best_CNNaffinity  pass          0         0         13        
decoys_27_ZINC39462183_best_CNNaffinity  pass          0         0         10        
decoys_28_ZINC39604175_best_CNNaffinity  pass          0         0         17        
decoys_29_ZINC28048731_best_CNNaffinity  pass          0         0         16        
decoys_30_ZINC39035034_best_CNNaffinity  pass          0         0         10        
decoys_31_ZINC09329280_best_CNNaffinity  pass          0         0         3         
decoys_33_ZINC15224945_best_CNNaffinity  pass          0         0         17        
decoys_34_ZINC09646592_best_CNNaffinity  pass          0         0         18        
decoys_35_ZINC16033235_best_CNNaffinity  pass          0         0         11        
decoys_37_ZINC67189709_best_CNNaffinity  pass          0         0         16        
decoys_38_ZINC67000535_best_CNNaffinity  pass          0         0         11        
decoys_39_ZINC54043596_best_CNNaffinity  pass          0         0         8         
decoys_40_ZINC65349259_best_CNNaffinity  pass          0         0         16        
decoys_41_ZINC51093957_best_CNNaffinity  pass          0         0         15        
decoys_42_ZINC01445045_best_CNNaffinity  pass          0         0         9         
decoys_43_ZINC22797752_best_CNNaffinity  pass          0         0         12        
decoys_44_ZINC67414932_best_CNNaffinity  pass          0         0         10        
decoys_45_ZINC06825719_best_CNNaffinity  pass          0         0         13        
decoys_46_ZINC39631261_best_CNNaffinity  pass          0         0         8         
decoys_47_ZINC36110843_best_CNNaffinity  pass          0         0         12        
decoys_48_ZINC03846493_best_CNNaffinity  pass          0         0         13        
decoys_49_ZINC39680642_best_CNNaffinity  pass          0         0         16        
decoys_50_ZINC39991461_best_CNNaffinity  pass          0         0         14        
decoys_51_ZINC39617617_best_CNNaffinity  pass          0         0         11        
decoys_52_ZINC49776625_best_CNNaffinity  pass          0         0         16        
decoys_53_ZINC66732945_best_CNNaffinity  pass          0         0         15        
decoys_54_ZINC13550346_best_CNNaffinity  pass          0         0         14        
decoys_55_ZINC14232991_best_CNNaffinity  pass          0         0         11        
decoys_56_ZINC38613236_best_CNNaffinity  pass          0         0         10        
decoys_58_ZINC10315666_best_CNNaffinity  pass          0         0         15        
decoys_59_ZINC16026456_best_CNNaffinity  pass          0         0         11        
decoys_60_ZINC39676264_best_CNNaffinity  pass          0         0         9         
decoys_61_ZINC23281215_best_CNNaffinity  pass          0         0         12        
decoys_62_ZINC06049249_best_CNNaffinity  pass          0         0         10        
decoys_63_ZINC06631494_best_CNNaffinity  pass          0         0         12        
decoys_64_ZINC39684224_best_CNNaffinity  pass          0         0         20        
decoys_65_ZINC02395284_best_CNNaffinity  pass          0         0         14        
decoys_66_ZINC50397239_best_CNNaffinity  pass          0         0         16        
decoys_67_ZINC38659106_best_CNNaffinity  pass          0         0         15        
decoys_68_ZINC35092965_best_CNNaffinity  pass          0         0         14        
decoys_69_ZINC39496630_best_CNNaffinity  pass          0         0         13        
decoys_70_ZINC40804646_best_CNNaffinity  pass          0         0         16        
decoys_71_ZINC62840274_best_CNNaffinity  pass          0         0         14        
decoys_72_ZINC07737864_best_CNNaffinity  pass          0         0         17        
decoys_73_ZINC49978845_best_CNNaffinity  pass          0         0         14        
decoys_74_ZINC58866805_best_CNNaffinity  pass          0         0         18        
decoys_75_ZINC13956920_best_CNNaffinity  pass          0         0         18        
decoys_76_ZINC48653986_best_CNNaffinity  pass          0         0         17        
decoys_77_ZINC33154863_best_CNNaffinity  pass          0         0         17        
decoys_78_ZINC39665804_best_CNNaffinity  pass          0         0         14        
decoys_79_ZINC38828210_best_CNNaffinity  pass          0         0         19        
decoys_80_ZINC12715302_best_CNNaffinity  pass          0         0         10        
decoys_81_ZINC63723535_best_CNNaffinity  pass          0         0         10        
decoys_82_ZINC63160915_best_CNNaffinity  pass          0         0         15        
decoys_83_ZINC12653890_best_CNNaffinity  pass          0         0         13        
decoys_84_ZINC15276481_best_CNNaffinity  pass          0         0         13        
decoys_85_ZINC21243368_best_CNNaffinity  pass          0         0         13        
decoys_86_ZINC05002565_best_CNNaffinity  pass          0         0         14        
decoys_88_ZINC39590284_best_CNNaffinity  pass          0         0         14        
decoys_89_ZINC63204731_best_CNNaffinity  pass          0         0         19        
decoys_90_ZINC40917875_best_CNNaffinity  pass          0         0         17        
decoys_91_ZINC44783392_best_CNNaffinity  pass          0         0         13        
decoys_92_ZINC14009805_best_CNNaffinity  pass          0         0         10        
decoys_93_ZINC63873704_best_CNNaffinity  pass          0         0         12        
decoys_94_ZINC36332394_best_CNNaffinity  pass          0         0         14        
decoys_95_ZINC67225190_best_CNNaffinity  pass          0         0         6         
decoys_96_ZINC40923968_best_CNNaffinity  pass          0         0         19        
decoys_97_ZINC58214902_best_CNNaffinity  pass          0         0         8         
decoys_98_ZINC00089412_best_CNNaffinity  pass          0         0         6         
decoys_99_ZINC08415693_best_CNNaffinity  pass          0         0         5         
decoys_32_ZINC34703472_best_CNNaffinity  warn_clash    0         0         0         
decoys_36_ZINC19330790_best_CNNaffinity  warn_clash    0         0         0         
decoys_57_ZINC28568062_best_CNNaffinity  warn_clash    0         0         0         

[10:36:48] Report TSV -> output_abl1_lmpnn/pipeline_report.tsv
[10:36:48] All done. Results in: output_abl1_lmpnn
