nohup: ignoring input
2026-06-09 11:13:10  ============================================================
2026-06-09 11:13:10  GNINA Automated Docking
2026-06-09 11:13:10  ============================================================
2026-06-09 11:13:10  Protein:               /home/tedeschg/prj/protein-perturbation/data/abl1/crystal_structure/2h7i_protein.pdb
2026-06-09 11:13:10  Reference complex:     /home/tedeschg/prj/protein-perturbation/data/abl1/crystal_structure/2hzi_clean.pdb
2026-06-09 11:13:10  Output directory:      /home/tedeschg/prj/protein-perturbation/data/abl1/docked_dude
2026-06-09 11:13:10  Autobox padding:       8.0 Å
2026-06-09 11:13:10  Exhaustiveness:        8
2026-06-09 11:13:10  Exhaustiveness (redo): 32
2026-06-09 11:13:10  Poses per ligand:      9
2026-06-09 11:13:10  CPUs:                  1
2026-06-09 11:13:10  Log file:              /home/tedeschg/prj/protein-perturbation/data/abl1/docked_dude/docking.log
2026-06-09 11:13:10  ============================================================
2026-06-09 11:13:10  
[1/3] Extracting reference ligand from complex…
2026-06-09 11:13:10    Reference ligand saved: /home/tedeschg/prj/protein-perturbation/data/abl1/docked_dude/temp/reference_ligand.sdf
2026-06-09 11:13:10  
[2/3] Collecting ligands…
2026-06-09 11:13:10    Found 200 files
2026-06-09 11:13:10    Ligands ready for docking: 200
2026-06-09 11:13:10  
[3/3] Running GNINA docking…
2026-06-09 11:13:10  
────────────────────────────────────────────────────────────
2026-06-09 11:13:10  [1/200] actives_00_CHEMBL40557
2026-06-09 11:13:10  ────────────────────────────────────────────────────────────
[11:14:19] Warning: molecule is tagged as 2D, but at least one Z coordinate is not zero. Marking the mol as 3D.
[11:14:19] Warning: molecule is tagged as 2D, but at least one Z coordinate is not zero. Marking the mol as 3D.
[11:14:19] Warning: molecule is tagged as 2D, but at least one Z coordinate is not zero. Marking the mol as 3D.
[11:14:19] Warning: molecule is tagged as 2D, but at least one Z coordinate is not zero. Marking the mol as 3D.
[11:14:19] Warning: molecule is tagged as 2D, but at least one Z coordinate is not zero. Marking the mol as 3D.
[11:14:19] Warning: molecule is tagged as 2D, but at least one Z coordinate is not zero. Marking the mol as 3D.
[11:14:19] Warning: molecule is tagged as 2D, but at least one Z coordinate is not zero. Marking the mol as 3D.
[11:14:19] Warning: molecule is tagged as 2D, but at least one Z coordinate is not zero. Marking the mol as 3D.
[11:14:19] Warning: molecule is tagged as 2D, but at least one Z coordinate is not zero. Marking the mol as 3D.
2026-06-09 11:14:19    Pose   minimizedAffinity    CNNscore   CNNaffinity          
2026-06-09 11:14:19    --------------------------------------------------------------
2026-06-09 11:14:19       1              -9.842      0.9239        +8.395  ★ best
2026-06-09 11:14:19       2              -7.021      0.4740        +7.757
2026-06-09 11:14:19       3              -8.886      0.2414        +7.543
2026-06-09 11:14:19       4              -8.579      0.2029        +6.339
2026-06-09 11:14:19       5              -7.717      0.1170        +7.097
2026-06-09 11:14:19       6              -8.035      0.0996        +6.920
2026-06-09 11:14:19       7              -7.257      0.0572        +6.280
2026-06-09 11:14:19       8              -7.313      0.0559        +6.550
2026-06-09 11:14:19       9              -8.743      0.0474        +6.618
2026-06-09 11:14:19  
────────────────────────────────────────────────────────────
2026-06-09 11:14:19  [2/200] actives_01_CHEMBL400402
2026-06-09 11:14:19  ────────────────────────────────────────────────────────────
[11:15:14] Warning: molecule is tagged as 2D, but at least one Z coordinate is not zero. Marking the mol as 3D.
[11:15:14] Warning: molecule is tagged as 2D, but at least one Z coordinate is not zero. Marking the mol as 3D.
[11:15:14] Warning: molecule is tagged as 2D, but at least one Z coordinate is not zero. Marking the mol as 3D.
[11:15:14] Warning: molecule is tagged as 2D, but at least one Z coordinate is not zero. Marking the mol as 3D.
[11:15:14] Warning: molecule is tagged as 2D, but at least one Z coordinate is not zero. Marking the mol as 3D.
[11:15:14] Warning: molecule is tagged as 2D, but at least one Z coordinate is not zero. Marking the mol as 3D.
[11:15:14] Warning: molecule is tagged as 2D, but at least one Z coordinate is not zero. Marking the mol as 3D.
[11:15:14] Warning: molecule is tagged as 2D, but at least one Z coordinate is not zero. Marking the mol as 3D.
[11:15:14] Warning: molecule is tagged as 2D, but at least one Z coordinate is not zero. Marking the mol as 3D.
2026-06-09 11:15:14    Pose   minimizedAffinity    CNNscore   CNNaffinity          
2026-06-09 11:15:14    --------------------------------------------------------------
2026-06-09 11:15:14       1             -12.390      0.9950        +8.412  ★ best
2026-06-09 11:15:14       2             -13.264      0.9929        +8.407
2026-06-09 11:15:14       3             -11.988      0.9838        +8.353
2026-06-09 11:15:14       4             -12.821      0.9823        +8.388
2026-06-09 11:15:14       5             -11.831      0.9715        +8.328
2026-06-09 11:15:14       6             -10.015      0.8483        +7.954
2026-06-09 11:15:14       7             -10.428      0.8477        +7.918
2026-06-09 11:15:14       8              -9.509      0.8002        +7.715
2026-06-09 11:15:14       9             -11.617      0.7987        +8.050
2026-06-09 11:15:14  
────────────────────────────────────────────────────────────
2026-06-09 11:15:14  [3/200] actives_02_CHEMBL209753
2026-06-09 11:15:14  ────────────────────────────────────────────────────────────
[11:16:59] Warning: molecule is tagged as 2D, but at least one Z coordinate is not zero. Marking the mol as 3D.
[11:16:59] Warning: molecule is tagged as 2D, but at least one Z coordinate is not zero. Marking the mol as 3D.
[11:16:59] Warning: molecule is tagged as 2D, but at least one Z coordinate is not zero. Marking the mol as 3D.
[11:16:59] Warning: molecule is tagged as 2D, but at least one Z coordinate is not zero. Marking the mol as 3D.
[11:16:59] Warning: molecule is tagged as 2D, but at least one Z coordinate is not zero. Marking the mol as 3D.
[11:16:59] Warning: molecule is tagged as 2D, but at least one Z coordinate is not zero. Marking the mol as 3D.
[11:16:59] Warning: molecule is tagged as 2D, but at least one Z coordinate is not zero. Marking the mol as 3D.
[11:16:59] Warning: molecule is tagged as 2D, but at least one Z coordinate is not zero. Marking the mol as 3D.
[11:16:59] Warning: molecule is tagged as 2D, but at least one Z coordinate is not zero. Marking the mol as 3D.
2026-06-09 11:16:59    Pose   minimizedAffinity    CNNscore   CNNaffinity          
2026-06-09 11:16:59    --------------------------------------------------------------
2026-06-09 11:16:59       1             -10.750      0.0950        +6.903  ★ best
2026-06-09 11:16:59       2              -9.726      0.0678        +6.855
2026-06-09 11:16:59       3             -11.973      0.0532        +6.936
2026-06-09 11:16:59       4             -10.364      0.0506        +6.679
2026-06-09 11:16:59       5             -11.765      0.0463        +6.610
2026-06-09 11:16:59       6              -9.588      0.0422        +6.832
2026-06-09 11:16:59       7              -9.663      0.0402        +6.776
2026-06-09 11:16:59       8             -11.085      0.0401        +6.769
2026-06-09 11:16:59       9             -11.650      0.0362        +6.643
2026-06-09 11:16:59  
────────────────────────────────────────────────────────────
2026-06-09 11:16:59  [4/200] actives_03_CHEMBL211508
2026-06-09 11:16:59  ────────────────────────────────────────────────────────────
[11:18:08] Warning: molecule is tagged as 2D, but at least one Z coordinate is not zero. Marking the mol as 3D.
[11:18:08] Warning: molecule is tagged as 2D, but at least one Z coordinate is not zero. Marking the mol as 3D.
[11:18:08] Warning: molecule is tagged as 2D, but at least one Z coordinate is not zero. Marking the mol as 3D.
[11:18:08] Warning: molecule is tagged as 2D, but at least one Z coordinate is not zero. Marking the mol as 3D.
[11:18:08] Warning: molecule is tagged as 2D, but at least one Z coordinate is not zero. Marking the mol as 3D.
[11:18:08] Warning: molecule is tagged as 2D, but at least one Z coordinate is not zero. Marking the mol as 3D.
[11:18:08] Warning: molecule is tagged as 2D, but at least one Z coordinate is not zero. Marking the mol as 3D.
[11:18:08] Warning: molecule is tagged as 2D, but at least one Z coordinate is not zero. Marking the mol as 3D.
[11:18:08] Warning: molecule is tagged as 2D, but at least one Z coordinate is not zero. Marking the mol as 3D.
2026-06-09 11:18:08    Pose   minimizedAffinity    CNNscore   CNNaffinity          
2026-06-09 11:18:08    --------------------------------------------------------------
2026-06-09 11:18:08       1              -9.830      0.6312        +7.769  ★ best
2026-06-09 11:18:08       2             -10.590      0.6203        +7.749
2026-06-09 11:18:08       3              -9.563      0.6163        +7.647
2026-06-09 11:18:08       4              -9.901      0.5649        +7.668
2026-06-09 11:18:08       5              -9.596      0.5560        +7.540
2026-06-09 11:18:08       6             -10.073      0.5122        +7.449
2026-06-09 11:18:08       7              -9.440      0.5098        +7.388
2026-06-09 11:18:08       8             -10.046      0.4933        +7.486
2026-06-09 11:18:08       9             -10.238      0.4360        +7.443
2026-06-09 11:18:08  
────────────────────────────────────────────────────────────
2026-06-09 11:18:08  [5/200] actives_04_CHEMBL418270
2026-06-09 11:18:08  ────────────────────────────────────────────────────────────
[11:18:43] Warning: molecule is tagged as 2D, but at least one Z coordinate is not zero. Marking the mol as 3D.
[11:18:43] Warning: molecule is tagged as 2D, but at least one Z coordinate is not zero. Marking the mol as 3D.
[11:18:43] Warning: molecule is tagged as 2D, but at least one Z coordinate is not zero. Marking the mol as 3D.
[11:18:43] Warning: molecule is tagged as 2D, but at least one Z coordinate is not zero. Marking the mol as 3D.
[11:18:43] Warning: molecule is tagged as 2D, but at least one Z coordinate is not zero. Marking the mol as 3D.
[11:18:43] Warning: molecule is tagged as 2D, but at least one Z coordinate is not zero. Marking the mol as 3D.
[11:18:43] Warning: molecule is tagged as 2D, but at least one Z coordinate is not zero. Marking the mol as 3D.
[11:18:43] Warning: molecule is tagged as 2D, but at least one Z coordinate is not zero. Marking the mol as 3D.
[11:18:43] Warning: molecule is tagged as 2D, but at least one Z coordinate is not zero. Marking the mol as 3D.
2026-06-09 11:18:43    Pose   minimizedAffinity    CNNscore   CNNaffinity          
2026-06-09 11:18:43    --------------------------------------------------------------
2026-06-09 11:18:43       1              -9.691      0.5737        +7.040  ★ best
2026-06-09 11:18:43       2              -9.285      0.5713        +6.683
2026-06-09 11:18:43       3             -10.197      0.4124        +7.237
2026-06-09 11:18:43       4              -9.673      0.3147        +6.710
2026-06-09 11:18:43       5              -8.848      0.3129        +5.923
2026-06-09 11:18:43       6              -8.253      0.2839        +6.851
2026-06-09 11:18:43       7             -10.128      0.2535        +6.104
2026-06-09 11:18:43       8              -9.844      0.2511        +6.885
2026-06-09 11:18:43       9              -9.404      0.2441        +6.494
2026-06-09 11:18:43  
────────────────────────────────────────────────────────────
2026-06-09 11:18:43  [6/200] actives_05_CHEMBL169467
2026-06-09 11:18:43  ────────────────────────────────────────────────────────────
[11:19:31] Warning: molecule is tagged as 2D, but at least one Z coordinate is not zero. Marking the mol as 3D.
[11:19:31] Warning: molecule is tagged as 2D, but at least one Z coordinate is not zero. Marking the mol as 3D.
[11:19:31] Warning: molecule is tagged as 2D, but at least one Z coordinate is not zero. Marking the mol as 3D.
[11:19:31] Warning: molecule is tagged as 2D, but at least one Z coordinate is not zero. Marking the mol as 3D.
[11:19:31] Warning: molecule is tagged as 2D, but at least one Z coordinate is not zero. Marking the mol as 3D.
[11:19:31] Warning: molecule is tagged as 2D, but at least one Z coordinate is not zero. Marking the mol as 3D.
[11:19:31] Warning: molecule is tagged as 2D, but at least one Z coordinate is not zero. Marking the mol as 3D.
[11:19:31] Warning: molecule is tagged as 2D, but at least one Z coordinate is not zero. Marking the mol as 3D.
[11:19:31] Warning: molecule is tagged as 2D, but at least one Z coordinate is not zero. Marking the mol as 3D.
2026-06-09 11:19:31    Pose   minimizedAffinity    CNNscore   CNNaffinity          
2026-06-09 11:19:31    --------------------------------------------------------------
2026-06-09 11:19:31       1             -10.152      0.7687        +7.591  ★ best
2026-06-09 11:19:31       2              -9.550      0.7207        +7.553
2026-06-09 11:19:31       3              -8.148      0.5324        +6.802
2026-06-09 11:19:31       4              -9.502      0.5182        +7.213
2026-06-09 11:19:31       5              -9.697      0.4590        +7.131
2026-06-09 11:19:31       6              -7.363      0.4157        +7.133
2026-06-09 11:19:31       7              -8.685      0.4154        +7.085
2026-06-09 11:19:31       8              -9.771      0.3476        +6.999
2026-06-09 11:19:31       9              -7.133      0.2900        +7.141
2026-06-09 11:19:31  
────────────────────────────────────────────────────────────
2026-06-09 11:19:31  [7/200] actives_06_CHEMBL169467
2026-06-09 11:19:31  ────────────────────────────────────────────────────────────
[11:20:18] Warning: molecule is tagged as 2D, but at least one Z coordinate is not zero. Marking the mol as 3D.
[11:20:18] Warning: molecule is tagged as 2D, but at least one Z coordinate is not zero. Marking the mol as 3D.
[11:20:18] Warning: molecule is tagged as 2D, but at least one Z coordinate is not zero. Marking the mol as 3D.
[11:20:18] Warning: molecule is tagged as 2D, but at least one Z coordinate is not zero. Marking the mol as 3D.
[11:20:18] Warning: molecule is tagged as 2D, but at least one Z coordinate is not zero. Marking the mol as 3D.
[11:20:18] Warning: molecule is tagged as 2D, but at least one Z coordinate is not zero. Marking the mol as 3D.
[11:20:18] Warning: molecule is tagged as 2D, but at least one Z coordinate is not zero. Marking the mol as 3D.
[11:20:18] Warning: molecule is tagged as 2D, but at least one Z coordinate is not zero. Marking the mol as 3D.
[11:20:18] Warning: molecule is tagged as 2D, but at least one Z coordinate is not zero. Marking the mol as 3D.
2026-06-09 11:20:18    Pose   minimizedAffinity    CNNscore   CNNaffinity          
2026-06-09 11:20:18    --------------------------------------------------------------
2026-06-09 11:20:18       1             -10.079      0.8157        +7.615  ★ best
2026-06-09 11:20:18       2              -9.853      0.7189        +7.615
2026-06-09 11:20:18       3              -9.137      0.7060        +7.581
2026-06-09 11:20:18       4              -8.692      0.6528        +7.546
2026-06-09 11:20:18       5              -9.745      0.6222        +7.407
2026-06-09 11:20:18       6              -9.650      0.5370        +7.298
2026-06-09 11:20:18       7              -9.127      0.5306        +7.152
2026-06-09 11:20:18       8              -9.479      0.4844        +7.186
2026-06-09 11:20:18       9              -6.240      0.3848        +6.970
2026-06-09 11:20:18  
────────────────────────────────────────────────────────────
2026-06-09 11:20:18  [8/200] actives_07_CHEMBL271984
2026-06-09 11:20:18  ────────────────────────────────────────────────────────────
[11:20:52] Warning: molecule is tagged as 2D, but at least one Z coordinate is not zero. Marking the mol as 3D.
[11:20:52] Warning: molecule is tagged as 2D, but at least one Z coordinate is not zero. Marking the mol as 3D.
[11:20:52] Warning: molecule is tagged as 2D, but at least one Z coordinate is not zero. Marking the mol as 3D.
[11:20:52] Warning: molecule is tagged as 2D, but at least one Z coordinate is not zero. Marking the mol as 3D.
[11:20:52] Warning: molecule is tagged as 2D, but at least one Z coordinate is not zero. Marking the mol as 3D.
[11:20:52] Warning: molecule is tagged as 2D, but at least one Z coordinate is not zero. Marking the mol as 3D.
[11:20:52] Warning: molecule is tagged as 2D, but at least one Z coordinate is not zero. Marking the mol as 3D.
[11:20:52] Warning: molecule is tagged as 2D, but at least one Z coordinate is not zero. Marking the mol as 3D.
[11:20:52] Warning: molecule is tagged as 2D, but at least one Z coordinate is not zero. Marking the mol as 3D.
2026-06-09 11:20:52    Pose   minimizedAffinity    CNNscore   CNNaffinity          
2026-06-09 11:20:52    --------------------------------------------------------------
2026-06-09 11:20:52       1             -11.518      0.8725        +7.619  ★ best
2026-06-09 11:20:52       2              -9.882      0.6986        +6.598
2026-06-09 11:20:52       3             -10.634      0.6910        +6.707
2026-06-09 11:20:52       4             -10.084      0.6889        +6.646
2026-06-09 11:20:52       5             -10.598      0.6032        +6.999
2026-06-09 11:20:52       6             -10.385      0.5947        +6.489
2026-06-09 11:20:52       7             -10.564      0.5416        +6.909
2026-06-09 11:20:52       8              -9.379      0.4860        +6.601
2026-06-09 11:20:52       9              -9.487      0.4480        +6.454
2026-06-09 11:20:52  
────────────────────────────────────────────────────────────
2026-06-09 11:20:52  [9/200] actives_08_CHEMBL536983
2026-06-09 11:20:52  ────────────────────────────────────────────────────────────
[11:22:47] Warning: molecule is tagged as 2D, but at least one Z coordinate is not zero. Marking the mol as 3D.
[11:22:47] Warning: molecule is tagged as 2D, but at least one Z coordinate is not zero. Marking the mol as 3D.
[11:22:47] Warning: molecule is tagged as 2D, but at least one Z coordinate is not zero. Marking the mol as 3D.
[11:22:47] Warning: molecule is tagged as 2D, but at least one Z coordinate is not zero. Marking the mol as 3D.
[11:22:47] Warning: molecule is tagged as 2D, but at least one Z coordinate is not zero. Marking the mol as 3D.
[11:22:47] Warning: molecule is tagged as 2D, but at least one Z coordinate is not zero. Marking the mol as 3D.
[11:22:47] Warning: molecule is tagged as 2D, but at least one Z coordinate is not zero. Marking the mol as 3D.
[11:22:47] Warning: molecule is tagged as 2D, but at least one Z coordinate is not zero. Marking the mol as 3D.
[11:22:47] Warning: molecule is tagged as 2D, but at least one Z coordinate is not zero. Marking the mol as 3D.
2026-06-09 11:22:47    Pose   minimizedAffinity    CNNscore   CNNaffinity          
2026-06-09 11:22:47    --------------------------------------------------------------
2026-06-09 11:22:47       1             -10.394      0.1964        +7.451  ★ best
2026-06-09 11:22:47       2             -10.608      0.1704        +7.445
2026-06-09 11:22:47       3              -9.438      0.1537        +7.082
2026-06-09 11:22:47       4             -10.340      0.1483        +6.997
2026-06-09 11:22:47       5              -8.953      0.1315        +6.526
2026-06-09 11:22:47       6              -9.142      0.1255        +6.309
2026-06-09 11:22:47       7             -11.080      0.1230        +7.198
2026-06-09 11:22:47       8              -8.715      0.1205        +6.936
2026-06-09 11:22:47       9              -9.795      0.1134        +6.836
2026-06-09 11:22:47  
────────────────────────────────────────────────────────────
2026-06-09 11:22:47  [10/200] actives_09_CHEMBL1421
2026-06-09 11:22:47  ────────────────────────────────────────────────────────────
[11:23:42] Warning: molecule is tagged as 2D, but at least one Z coordinate is not zero. Marking the mol as 3D.
[11:23:42] Warning: molecule is tagged as 2D, but at least one Z coordinate is not zero. Marking the mol as 3D.
[11:23:42] Warning: molecule is tagged as 2D, but at least one Z coordinate is not zero. Marking the mol as 3D.
[11:23:42] Warning: molecule is tagged as 2D, but at least one Z coordinate is not zero. Marking the mol as 3D.
[11:23:42] Warning: molecule is tagged as 2D, but at least one Z coordinate is not zero. Marking the mol as 3D.
[11:23:42] Warning: molecule is tagged as 2D, but at least one Z coordinate is not zero. Marking the mol as 3D.
[11:23:42] Warning: molecule is tagged as 2D, but at least one Z coordinate is not zero. Marking the mol as 3D.
[11:23:42] Warning: molecule is tagged as 2D, but at least one Z coordinate is not zero. Marking the mol as 3D.
[11:23:42] Warning: molecule is tagged as 2D, but at least one Z coordinate is not zero. Marking the mol as 3D.
2026-06-09 11:23:42    Pose   minimizedAffinity    CNNscore   CNNaffinity          
2026-06-09 11:23:42    --------------------------------------------------------------
2026-06-09 11:23:42       1             -10.915      0.9609        +8.027  ★ best
2026-06-09 11:23:42       2             -11.023      0.9133        +7.999
2026-06-09 11:23:42       3             -11.035      0.8954        +7.924
2026-06-09 11:23:42       4             -10.683      0.8883        +7.814
2026-06-09 11:23:42       5             -10.234      0.8049        +7.695
2026-06-09 11:23:42       6              -7.972      0.7686        +7.326
2026-06-09 11:23:42       7              -9.075      0.6299        +7.584
2026-06-09 11:23:42       8              -8.177      0.4089        +7.141
2026-06-09 11:23:42       9              -9.595      0.3008        +6.916
2026-06-09 11:23:42  
────────────────────────────────────────────────────────────
2026-06-09 11:23:42  [11/200] actives_10_CHEMBL119385
2026-06-09 11:23:42  ────────────────────────────────────────────────────────────
[11:24:15] Warning: molecule is tagged as 2D, but at least one Z coordinate is not zero. Marking the mol as 3D.
[11:24:15] Warning: molecule is tagged as 2D, but at least one Z coordinate is not zero. Marking the mol as 3D.
[11:24:15] Warning: molecule is tagged as 2D, but at least one Z coordinate is not zero. Marking the mol as 3D.
[11:24:15] Warning: molecule is tagged as 2D, but at least one Z coordinate is not zero. Marking the mol as 3D.
[11:24:15] Warning: molecule is tagged as 2D, but at least one Z coordinate is not zero. Marking the mol as 3D.
[11:24:15] Warning: molecule is tagged as 2D, but at least one Z coordinate is not zero. Marking the mol as 3D.
[11:24:15] Warning: molecule is tagged as 2D, but at least one Z coordinate is not zero. Marking the mol as 3D.
[11:24:15] Warning: molecule is tagged as 2D, but at least one Z coordinate is not zero. Marking the mol as 3D.
[11:24:15] Warning: molecule is tagged as 2D, but at least one Z coordinate is not zero. Marking the mol as 3D.
2026-06-09 11:24:15    Pose   minimizedAffinity    CNNscore   CNNaffinity          
2026-06-09 11:24:15    --------------------------------------------------------------
2026-06-09 11:24:15       1             +20.641      0.4785        +7.256  ★ best
2026-06-09 11:24:15       2              +4.751      0.4613        +7.328
2026-06-09 11:24:15       3              -9.529      0.4086        +7.558
2026-06-09 11:24:15       4              +4.213      0.4051        +7.142
2026-06-09 11:24:15       5              -2.781      0.3873        +7.412
2026-06-09 11:24:15       6              -8.700      0.3644        +7.396
2026-06-09 11:24:15       7              -9.618      0.3620        +7.508
2026-06-09 11:24:15       8              -8.606      0.3598        +7.385
2026-06-09 11:24:15       9              +3.950      0.3467        +6.877
2026-06-09 11:24:15  
────────────────────────────────────────────────────────────
2026-06-09 11:24:15  [12/200] actives_11_CHEMBL459850
2026-06-09 11:24:15  ────────────────────────────────────────────────────────────
[11:24:59] Warning: molecule is tagged as 2D, but at least one Z coordinate is not zero. Marking the mol as 3D.
[11:24:59] Warning: molecule is tagged as 2D, but at least one Z coordinate is not zero. Marking the mol as 3D.
[11:24:59] Warning: molecule is tagged as 2D, but at least one Z coordinate is not zero. Marking the mol as 3D.
[11:24:59] Warning: molecule is tagged as 2D, but at least one Z coordinate is not zero. Marking the mol as 3D.
[11:24:59] Warning: molecule is tagged as 2D, but at least one Z coordinate is not zero. Marking the mol as 3D.
[11:24:59] Warning: molecule is tagged as 2D, but at least one Z coordinate is not zero. Marking the mol as 3D.
[11:24:59] Warning: molecule is tagged as 2D, but at least one Z coordinate is not zero. Marking the mol as 3D.
[11:24:59] Warning: molecule is tagged as 2D, but at least one Z coordinate is not zero. Marking the mol as 3D.
[11:24:59] Warning: molecule is tagged as 2D, but at least one Z coordinate is not zero. Marking the mol as 3D.
2026-06-09 11:24:59    Pose   minimizedAffinity    CNNscore   CNNaffinity          
2026-06-09 11:24:59    --------------------------------------------------------------
2026-06-09 11:24:59       1              -7.976      0.6099        +6.825  ★ best
2026-06-09 11:24:59       2              -9.315      0.5989        +6.883
2026-06-09 11:24:59       3              -8.051      0.5918        +6.779
2026-06-09 11:24:59       4              -7.362      0.5715        +6.794
2026-06-09 11:24:59       5              -8.833      0.5429        +6.843
2026-06-09 11:24:59       6              -9.634      0.5311        +6.773
2026-06-09 11:24:59       7              -9.851      0.4878        +6.862
2026-06-09 11:24:59       8              -9.944      0.3666        +6.667
2026-06-09 11:24:59       9             -11.134      0.2388        +7.181
2026-06-09 11:24:59  
────────────────────────────────────────────────────────────
2026-06-09 11:24:59  [13/200] actives_12_CHEMBL270492
2026-06-09 11:24:59  ────────────────────────────────────────────────────────────
[11:25:36] Warning: molecule is tagged as 2D, but at least one Z coordinate is not zero. Marking the mol as 3D.
[11:25:36] Warning: molecule is tagged as 2D, but at least one Z coordinate is not zero. Marking the mol as 3D.
[11:25:36] Warning: molecule is tagged as 2D, but at least one Z coordinate is not zero. Marking the mol as 3D.
[11:25:36] Warning: molecule is tagged as 2D, but at least one Z coordinate is not zero. Marking the mol as 3D.
[11:25:36] Warning: molecule is tagged as 2D, but at least one Z coordinate is not zero. Marking the mol as 3D.
[11:25:36] Warning: molecule is tagged as 2D, but at least one Z coordinate is not zero. Marking the mol as 3D.
[11:25:36] Warning: molecule is tagged as 2D, but at least one Z coordinate is not zero. Marking the mol as 3D.
[11:25:36] Warning: molecule is tagged as 2D, but at least one Z coordinate is not zero. Marking the mol as 3D.
[11:25:36] Warning: molecule is tagged as 2D, but at least one Z coordinate is not zero. Marking the mol as 3D.
2026-06-09 11:25:36    Pose   minimizedAffinity    CNNscore   CNNaffinity          
2026-06-09 11:25:36    --------------------------------------------------------------
2026-06-09 11:25:36       1             -10.462      0.8289        +7.646  ★ best
2026-06-09 11:25:36       2             -10.156      0.7771        +7.518
2026-06-09 11:25:36       3             -10.295      0.7700        +7.494
2026-06-09 11:25:36       4             -10.341      0.7692        +7.555
2026-06-09 11:25:36       5             -10.442      0.7546        +7.411
2026-06-09 11:25:36       6             -10.533      0.7528        +7.527
2026-06-09 11:25:36       7              -9.876      0.6428        +7.311
2026-06-09 11:25:36       8             -10.874      0.6272        +7.355
2026-06-09 11:25:36       9             -10.275      0.5999        +7.262
2026-06-09 11:25:36  
────────────────────────────────────────────────────────────
2026-06-09 11:25:36  [14/200] actives_13_CHEMBL1213974
2026-06-09 11:25:36  ────────────────────────────────────────────────────────────
[11:26:47] Warning: molecule is tagged as 2D, but at least one Z coordinate is not zero. Marking the mol as 3D.
[11:26:47] Warning: molecule is tagged as 2D, but at least one Z coordinate is not zero. Marking the mol as 3D.
[11:26:47] Warning: molecule is tagged as 2D, but at least one Z coordinate is not zero. Marking the mol as 3D.
[11:26:47] Warning: molecule is tagged as 2D, but at least one Z coordinate is not zero. Marking the mol as 3D.
[11:26:47] Warning: molecule is tagged as 2D, but at least one Z coordinate is not zero. Marking the mol as 3D.
[11:26:47] Warning: molecule is tagged as 2D, but at least one Z coordinate is not zero. Marking the mol as 3D.
[11:26:47] Warning: molecule is tagged as 2D, but at least one Z coordinate is not zero. Marking the mol as 3D.
[11:26:47] Warning: molecule is tagged as 2D, but at least one Z coordinate is not zero. Marking the mol as 3D.
[11:26:47] Warning: molecule is tagged as 2D, but at least one Z coordinate is not zero. Marking the mol as 3D.
2026-06-09 11:26:47    Pose   minimizedAffinity    CNNscore   CNNaffinity          
2026-06-09 11:26:47    --------------------------------------------------------------
2026-06-09 11:26:47       1              -7.487      0.3084        +7.706  ★ best
2026-06-09 11:26:47       2             -10.199      0.2257        +7.012
2026-06-09 11:26:47       3             -10.640      0.2240        +6.885
2026-06-09 11:26:47       4              -9.627      0.2033        +7.356
2026-06-09 11:26:47       5              -7.728      0.1758        +6.647
2026-06-09 11:26:47       6             -10.405      0.1633        +6.504
2026-06-09 11:26:47       7              -9.135      0.1475        +6.545
2026-06-09 11:26:47       8              -8.794      0.1429        +6.519
2026-06-09 11:26:47       9             -10.166      0.1298        +6.805
2026-06-09 11:26:47  
────────────────────────────────────────────────────────────
2026-06-09 11:26:47  [15/200] actives_14_CHEMBL518166
2026-06-09 11:26:47  ────────────────────────────────────────────────────────────
[11:28:03] Warning: molecule is tagged as 2D, but at least one Z coordinate is not zero. Marking the mol as 3D.
[11:28:03] Warning: molecule is tagged as 2D, but at least one Z coordinate is not zero. Marking the mol as 3D.
[11:28:03] Warning: molecule is tagged as 2D, but at least one Z coordinate is not zero. Marking the mol as 3D.
[11:28:03] Warning: molecule is tagged as 2D, but at least one Z coordinate is not zero. Marking the mol as 3D.
[11:28:03] Warning: molecule is tagged as 2D, but at least one Z coordinate is not zero. Marking the mol as 3D.
[11:28:03] Warning: molecule is tagged as 2D, but at least one Z coordinate is not zero. Marking the mol as 3D.
[11:28:03] Warning: molecule is tagged as 2D, but at least one Z coordinate is not zero. Marking the mol as 3D.
[11:28:03] Warning: molecule is tagged as 2D, but at least one Z coordinate is not zero. Marking the mol as 3D.
[11:28:03] Warning: molecule is tagged as 2D, but at least one Z coordinate is not zero. Marking the mol as 3D.
2026-06-09 11:28:03    Pose   minimizedAffinity    CNNscore   CNNaffinity          
2026-06-09 11:28:03    --------------------------------------------------------------
2026-06-09 11:28:03       1             -10.014      0.5722        +7.779  ★ best
2026-06-09 11:28:03       2             -10.532      0.5666        +7.736
2026-06-09 11:28:03       3              -5.143      0.2436        +6.336
2026-06-09 11:28:03       4              -8.997      0.2269        +7.008
2026-06-09 11:28:03       5              -5.562      0.1870        +6.248
2026-06-09 11:28:03       6             -10.431      0.1676        +6.783
2026-06-09 11:28:03       7              -5.849      0.1114        +5.980
2026-06-09 11:28:03       8              -5.857      0.0980        +5.828
2026-06-09 11:28:03       9              -9.773      0.0633        +6.583
2026-06-09 11:28:03  
────────────────────────────────────────────────────────────
2026-06-09 11:28:03  [16/200] actives_15_CHEMBL1077317
2026-06-09 11:28:03  ────────────────────────────────────────────────────────────
[11:29:41] Warning: molecule is tagged as 2D, but at least one Z coordinate is not zero. Marking the mol as 3D.
[11:29:41] Warning: molecule is tagged as 2D, but at least one Z coordinate is not zero. Marking the mol as 3D.
[11:29:41] Warning: molecule is tagged as 2D, but at least one Z coordinate is not zero. Marking the mol as 3D.
[11:29:41] Warning: molecule is tagged as 2D, but at least one Z coordinate is not zero. Marking the mol as 3D.
[11:29:41] Warning: molecule is tagged as 2D, but at least one Z coordinate is not zero. Marking the mol as 3D.
[11:29:41] Warning: molecule is tagged as 2D, but at least one Z coordinate is not zero. Marking the mol as 3D.
[11:29:41] Warning: molecule is tagged as 2D, but at least one Z coordinate is not zero. Marking the mol as 3D.
[11:29:41] Warning: molecule is tagged as 2D, but at least one Z coordinate is not zero. Marking the mol as 3D.
[11:29:41] Warning: molecule is tagged as 2D, but at least one Z coordinate is not zero. Marking the mol as 3D.
2026-06-09 11:29:41    Pose   minimizedAffinity    CNNscore   CNNaffinity          
2026-06-09 11:29:41    --------------------------------------------------------------
2026-06-09 11:29:41       1              -4.432      0.3605        +7.141  ★ best
2026-06-09 11:29:41       2              -9.961      0.3463        +7.453
2026-06-09 11:29:41       3              -9.425      0.3095        +7.346
2026-06-09 11:29:41       4              -9.932      0.2921        +7.125
2026-06-09 11:29:41       5              -3.856      0.2874        +7.297
2026-06-09 11:29:41       6              -8.181      0.2594        +6.988
2026-06-09 11:29:41       7              -3.268      0.2533        +7.125
2026-06-09 11:29:41       8             -10.354      0.2147        +7.231
2026-06-09 11:29:41       9              -9.943      0.2091        +7.150
2026-06-09 11:29:41  
────────────────────────────────────────────────────────────
2026-06-09 11:29:41  [17/200] actives_16_CHEMBL250423
2026-06-09 11:29:41  ────────────────────────────────────────────────────────────
[11:30:58] Warning: molecule is tagged as 2D, but at least one Z coordinate is not zero. Marking the mol as 3D.
[11:30:58] Warning: molecule is tagged as 2D, but at least one Z coordinate is not zero. Marking the mol as 3D.
[11:30:58] Warning: molecule is tagged as 2D, but at least one Z coordinate is not zero. Marking the mol as 3D.
[11:30:58] Warning: molecule is tagged as 2D, but at least one Z coordinate is not zero. Marking the mol as 3D.
[11:30:58] Warning: molecule is tagged as 2D, but at least one Z coordinate is not zero. Marking the mol as 3D.
[11:30:58] Warning: molecule is tagged as 2D, but at least one Z coordinate is not zero. Marking the mol as 3D.
[11:30:58] Warning: molecule is tagged as 2D, but at least one Z coordinate is not zero. Marking the mol as 3D.
[11:30:58] Warning: molecule is tagged as 2D, but at least one Z coordinate is not zero. Marking the mol as 3D.
[11:30:58] Warning: molecule is tagged as 2D, but at least one Z coordinate is not zero. Marking the mol as 3D.
2026-06-09 11:30:58    Pose   minimizedAffinity    CNNscore   CNNaffinity          
2026-06-09 11:30:58    --------------------------------------------------------------
2026-06-09 11:30:58       1             -12.539      0.9907        +8.449  ★ best
2026-06-09 11:30:58       2             -11.873      0.9895        +8.364
2026-06-09 11:30:58       3             -12.356      0.9888        +8.542
2026-06-09 11:30:58       4             -11.965      0.9815        +8.536
2026-06-09 11:30:58       5             -12.372      0.9772        +8.423
2026-06-09 11:30:58       6             -12.012      0.9761        +8.375
2026-06-09 11:30:58       7             -12.818      0.9739        +8.485
2026-06-09 11:30:58       8             -11.781      0.9682        +8.382
2026-06-09 11:30:58       9             -11.185      0.9106        +8.341
2026-06-09 11:30:58  
────────────────────────────────────────────────────────────
2026-06-09 11:30:58  [18/200] actives_17_CHEMBL209704
2026-06-09 11:30:58  ────────────────────────────────────────────────────────────
[11:32:02] Warning: molecule is tagged as 2D, but at least one Z coordinate is not zero. Marking the mol as 3D.
[11:32:02] Warning: molecule is tagged as 2D, but at least one Z coordinate is not zero. Marking the mol as 3D.
[11:32:02] Warning: molecule is tagged as 2D, but at least one Z coordinate is not zero. Marking the mol as 3D.
[11:32:02] Warning: molecule is tagged as 2D, but at least one Z coordinate is not zero. Marking the mol as 3D.
[11:32:02] Warning: molecule is tagged as 2D, but at least one Z coordinate is not zero. Marking the mol as 3D.
[11:32:02] Warning: molecule is tagged as 2D, but at least one Z coordinate is not zero. Marking the mol as 3D.
[11:32:02] Warning: molecule is tagged as 2D, but at least one Z coordinate is not zero. Marking the mol as 3D.
[11:32:02] Warning: molecule is tagged as 2D, but at least one Z coordinate is not zero. Marking the mol as 3D.
[11:32:02] Warning: molecule is tagged as 2D, but at least one Z coordinate is not zero. Marking the mol as 3D.
2026-06-09 11:32:02    Pose   minimizedAffinity    CNNscore   CNNaffinity          
2026-06-09 11:32:02    --------------------------------------------------------------
2026-06-09 11:32:02       1             -11.976      0.9262        +7.706  ★ best
2026-06-09 11:32:02       2             -11.463      0.9132        +7.650
2026-06-09 11:32:02       3             -11.533      0.9054        +8.055
2026-06-09 11:32:02       4             -12.509      0.9037        +7.794
2026-06-09 11:32:02       5             -11.605      0.8885        +7.585
2026-06-09 11:32:02       6             -12.389      0.8734        +7.860
2026-06-09 11:32:02       7             -11.976      0.8553        +7.579
2026-06-09 11:32:02       8             -11.990      0.8469        +7.653
2026-06-09 11:32:02       9             -11.133      0.7897        +7.414
2026-06-09 11:32:02  
────────────────────────────────────────────────────────────
2026-06-09 11:32:02  [19/200] actives_18_CHEMBL209704
2026-06-09 11:32:02  ────────────────────────────────────────────────────────────
[11:33:07] Warning: molecule is tagged as 2D, but at least one Z coordinate is not zero. Marking the mol as 3D.
[11:33:07] Warning: molecule is tagged as 2D, but at least one Z coordinate is not zero. Marking the mol as 3D.
[11:33:07] Warning: molecule is tagged as 2D, but at least one Z coordinate is not zero. Marking the mol as 3D.
[11:33:07] Warning: molecule is tagged as 2D, but at least one Z coordinate is not zero. Marking the mol as 3D.
[11:33:07] Warning: molecule is tagged as 2D, but at least one Z coordinate is not zero. Marking the mol as 3D.
[11:33:07] Warning: molecule is tagged as 2D, but at least one Z coordinate is not zero. Marking the mol as 3D.
[11:33:07] Warning: molecule is tagged as 2D, but at least one Z coordinate is not zero. Marking the mol as 3D.
[11:33:07] Warning: molecule is tagged as 2D, but at least one Z coordinate is not zero. Marking the mol as 3D.
[11:33:07] Warning: molecule is tagged as 2D, but at least one Z coordinate is not zero. Marking the mol as 3D.
2026-06-09 11:33:07    Pose   minimizedAffinity    CNNscore   CNNaffinity          
2026-06-09 11:33:07    --------------------------------------------------------------
2026-06-09 11:33:07       1             -11.449      0.9157        +7.615  ★ best
2026-06-09 11:33:07       2             -11.401      0.9082        +8.128
2026-06-09 11:33:07       3             -12.327      0.8500        +7.623
2026-06-09 11:33:07       4             -12.292      0.8249        +7.632
2026-06-09 11:33:07       5             -11.188      0.8131        +7.526
2026-06-09 11:33:07       6             -11.657      0.7758        +7.620
2026-06-09 11:33:07       7             -12.017      0.7508        +7.656
2026-06-09 11:33:07       8             -11.105      0.4998        +6.945
2026-06-09 11:33:07       9             -11.194      0.4896        +6.986
2026-06-09 11:33:07  
────────────────────────────────────────────────────────────
2026-06-09 11:33:07  [20/200] actives_19_CHEMBL55592
2026-06-09 11:33:07  ────────────────────────────────────────────────────────────
[11:33:42] Warning: molecule is tagged as 2D, but at least one Z coordinate is not zero. Marking the mol as 3D.
[11:33:42] Warning: molecule is tagged as 2D, but at least one Z coordinate is not zero. Marking the mol as 3D.
[11:33:42] Warning: molecule is tagged as 2D, but at least one Z coordinate is not zero. Marking the mol as 3D.
[11:33:42] Warning: molecule is tagged as 2D, but at least one Z coordinate is not zero. Marking the mol as 3D.
[11:33:42] Warning: molecule is tagged as 2D, but at least one Z coordinate is not zero. Marking the mol as 3D.
[11:33:42] Warning: molecule is tagged as 2D, but at least one Z coordinate is not zero. Marking the mol as 3D.
[11:33:42] Warning: molecule is tagged as 2D, but at least one Z coordinate is not zero. Marking the mol as 3D.
[11:33:42] Warning: molecule is tagged as 2D, but at least one Z coordinate is not zero. Marking the mol as 3D.
[11:33:42] Warning: molecule is tagged as 2D, but at least one Z coordinate is not zero. Marking the mol as 3D.
2026-06-09 11:33:42    Pose   minimizedAffinity    CNNscore   CNNaffinity          
2026-06-09 11:33:42    --------------------------------------------------------------
2026-06-09 11:33:42       1             -10.185      0.7768        +7.127  ★ best
2026-06-09 11:33:42       2              -9.547      0.6242        +7.090
2026-06-09 11:33:42       3              -9.100      0.5884        +6.589
2026-06-09 11:33:42       4              -8.577      0.5499        +6.359
2026-06-09 11:33:42       5              -8.345      0.4856        +6.326
2026-06-09 11:33:42       6              -8.906      0.3579        +6.317
2026-06-09 11:33:42       7             -10.109      0.3425        +7.048
2026-06-09 11:33:42       8              -9.745      0.3425        +6.778
2026-06-09 11:33:42       9              -9.042      0.3290        +6.653
2026-06-09 11:33:42  
────────────────────────────────────────────────────────────
2026-06-09 11:33:42  [21/200] actives_20_CHEMBL377463
2026-06-09 11:33:42  ────────────────────────────────────────────────────────────
[11:34:44] Warning: molecule is tagged as 2D, but at least one Z coordinate is not zero. Marking the mol as 3D.
[11:34:44] Warning: molecule is tagged as 2D, but at least one Z coordinate is not zero. Marking the mol as 3D.
[11:34:44] Warning: molecule is tagged as 2D, but at least one Z coordinate is not zero. Marking the mol as 3D.
[11:34:44] Warning: molecule is tagged as 2D, but at least one Z coordinate is not zero. Marking the mol as 3D.
[11:34:44] Warning: molecule is tagged as 2D, but at least one Z coordinate is not zero. Marking the mol as 3D.
[11:34:44] Warning: molecule is tagged as 2D, but at least one Z coordinate is not zero. Marking the mol as 3D.
[11:34:44] Warning: molecule is tagged as 2D, but at least one Z coordinate is not zero. Marking the mol as 3D.
[11:34:44] Warning: molecule is tagged as 2D, but at least one Z coordinate is not zero. Marking the mol as 3D.
[11:34:44] Warning: molecule is tagged as 2D, but at least one Z coordinate is not zero. Marking the mol as 3D.
2026-06-09 11:34:44    Pose   minimizedAffinity    CNNscore   CNNaffinity          
2026-06-09 11:34:44    --------------------------------------------------------------
2026-06-09 11:34:44       1              -6.249      0.1105        +5.540  ★ best
2026-06-09 11:34:44       2             -11.442      0.1019        +7.076
2026-06-09 11:34:44       3              -6.806      0.0759        +6.052
2026-06-09 11:34:44       4              -7.230      0.0667        +6.096
2026-06-09 11:34:44       5             -11.419      0.0612        +6.925
2026-06-09 11:34:44       6              -9.408      0.0570        +5.868
2026-06-09 11:34:44       7              -7.682      0.0512        +5.953
2026-06-09 11:34:44       8              -8.213      0.0466        +5.862
2026-06-09 11:34:44       9              -6.752      0.0378        +5.378
2026-06-09 11:34:44  
────────────────────────────────────────────────────────────
2026-06-09 11:34:44  [22/200] actives_21_CHEMBL1173200
2026-06-09 11:34:44  ────────────────────────────────────────────────────────────
[11:36:02] Warning: molecule is tagged as 2D, but at least one Z coordinate is not zero. Marking the mol as 3D.
[11:36:02] Warning: molecule is tagged as 2D, but at least one Z coordinate is not zero. Marking the mol as 3D.
[11:36:02] Warning: molecule is tagged as 2D, but at least one Z coordinate is not zero. Marking the mol as 3D.
[11:36:02] Warning: molecule is tagged as 2D, but at least one Z coordinate is not zero. Marking the mol as 3D.
[11:36:02] Warning: molecule is tagged as 2D, but at least one Z coordinate is not zero. Marking the mol as 3D.
[11:36:02] Warning: molecule is tagged as 2D, but at least one Z coordinate is not zero. Marking the mol as 3D.
[11:36:02] Warning: molecule is tagged as 2D, but at least one Z coordinate is not zero. Marking the mol as 3D.
[11:36:02] Warning: molecule is tagged as 2D, but at least one Z coordinate is not zero. Marking the mol as 3D.
[11:36:02] Warning: molecule is tagged as 2D, but at least one Z coordinate is not zero. Marking the mol as 3D.
2026-06-09 11:36:02    Pose   minimizedAffinity    CNNscore   CNNaffinity          
2026-06-09 11:36:02    --------------------------------------------------------------
2026-06-09 11:36:02       1             -12.114      0.4440        +7.365  ★ best
2026-06-09 11:36:02       2             -11.643      0.4083        +7.115
2026-06-09 11:36:02       3             -11.756      0.3428        +7.157
2026-06-09 11:36:02       4             -11.693      0.3103        +7.256
2026-06-09 11:36:02       5             -10.622      0.3098        +6.972
2026-06-09 11:36:02       6             -11.411      0.3016        +7.397
2026-06-09 11:36:02       7             -11.222      0.2920        +6.924
2026-06-09 11:36:02       8             -11.088      0.2781        +7.099
2026-06-09 11:36:02       9             -11.016      0.2778        +7.141
2026-06-09 11:36:02  
────────────────────────────────────────────────────────────
2026-06-09 11:36:02  [23/200] actives_22_CHEMBL585666
2026-06-09 11:36:02  ────────────────────────────────────────────────────────────
[11:37:10] Warning: molecule is tagged as 2D, but at least one Z coordinate is not zero. Marking the mol as 3D.
[11:37:10] Warning: molecule is tagged as 2D, but at least one Z coordinate is not zero. Marking the mol as 3D.
[11:37:10] Warning: molecule is tagged as 2D, but at least one Z coordinate is not zero. Marking the mol as 3D.
[11:37:10] Warning: molecule is tagged as 2D, but at least one Z coordinate is not zero. Marking the mol as 3D.
[11:37:10] Warning: molecule is tagged as 2D, but at least one Z coordinate is not zero. Marking the mol as 3D.
[11:37:10] Warning: molecule is tagged as 2D, but at least one Z coordinate is not zero. Marking the mol as 3D.
[11:37:10] Warning: molecule is tagged as 2D, but at least one Z coordinate is not zero. Marking the mol as 3D.
[11:37:10] Warning: molecule is tagged as 2D, but at least one Z coordinate is not zero. Marking the mol as 3D.
[11:37:10] Warning: molecule is tagged as 2D, but at least one Z coordinate is not zero. Marking the mol as 3D.
2026-06-09 11:37:10    Pose   minimizedAffinity    CNNscore   CNNaffinity          
2026-06-09 11:37:10    --------------------------------------------------------------
2026-06-09 11:37:10       1             -14.195      0.9920        +8.247  ★ best
2026-06-09 11:37:10       2             -13.953      0.9905        +8.314
2026-06-09 11:37:10       3             -14.031      0.9886        +8.290
2026-06-09 11:37:10       4             -12.982      0.9827        +8.079
2026-06-09 11:37:10       5             -14.003      0.9817        +8.298
2026-06-09 11:37:10       6             -13.714      0.9811        +8.221
2026-06-09 11:37:10       7             -13.973      0.9786        +8.287
2026-06-09 11:37:10       8             -12.133      0.9126        +7.845
2026-06-09 11:37:10       9             -11.680      0.9027        +7.764
2026-06-09 11:37:10  
────────────────────────────────────────────────────────────
2026-06-09 11:37:10  [24/200] actives_23_CHEMBL211154
2026-06-09 11:37:10  ────────────────────────────────────────────────────────────
[11:38:13] Warning: molecule is tagged as 2D, but at least one Z coordinate is not zero. Marking the mol as 3D.
[11:38:13] Warning: molecule is tagged as 2D, but at least one Z coordinate is not zero. Marking the mol as 3D.
[11:38:13] Warning: molecule is tagged as 2D, but at least one Z coordinate is not zero. Marking the mol as 3D.
[11:38:13] Warning: molecule is tagged as 2D, but at least one Z coordinate is not zero. Marking the mol as 3D.
[11:38:13] Warning: molecule is tagged as 2D, but at least one Z coordinate is not zero. Marking the mol as 3D.
[11:38:13] Warning: molecule is tagged as 2D, but at least one Z coordinate is not zero. Marking the mol as 3D.
[11:38:13] Warning: molecule is tagged as 2D, but at least one Z coordinate is not zero. Marking the mol as 3D.
[11:38:13] Warning: molecule is tagged as 2D, but at least one Z coordinate is not zero. Marking the mol as 3D.
[11:38:13] Warning: molecule is tagged as 2D, but at least one Z coordinate is not zero. Marking the mol as 3D.
2026-06-09 11:38:13    Pose   minimizedAffinity    CNNscore   CNNaffinity          
2026-06-09 11:38:13    --------------------------------------------------------------
2026-06-09 11:38:13       1             -10.511      0.8280        +7.888  ★ best
2026-06-09 11:38:13       2             -10.272      0.7690        +7.534
2026-06-09 11:38:13       3             -10.842      0.7294        +7.943
2026-06-09 11:38:13       4             -10.192      0.7137        +7.848
2026-06-09 11:38:13       5             -10.928      0.7131        +7.796
2026-06-09 11:38:13       6             -10.443      0.6963        +7.492
2026-06-09 11:38:13       7             -10.287      0.6833        +7.503
2026-06-09 11:38:13       8              -9.093      0.6517        +7.872
2026-06-09 11:38:13       9             -10.246      0.6092        +7.358
2026-06-09 11:38:13  
────────────────────────────────────────────────────────────
2026-06-09 11:38:13  [25/200] actives_24_CHEMBL259084
2026-06-09 11:38:13  ────────────────────────────────────────────────────────────
[11:39:12] Warning: molecule is tagged as 2D, but at least one Z coordinate is not zero. Marking the mol as 3D.
[11:39:12] Warning: molecule is tagged as 2D, but at least one Z coordinate is not zero. Marking the mol as 3D.
[11:39:12] Warning: molecule is tagged as 2D, but at least one Z coordinate is not zero. Marking the mol as 3D.
[11:39:12] Warning: molecule is tagged as 2D, but at least one Z coordinate is not zero. Marking the mol as 3D.
[11:39:12] Warning: molecule is tagged as 2D, but at least one Z coordinate is not zero. Marking the mol as 3D.
[11:39:12] Warning: molecule is tagged as 2D, but at least one Z coordinate is not zero. Marking the mol as 3D.
[11:39:12] Warning: molecule is tagged as 2D, but at least one Z coordinate is not zero. Marking the mol as 3D.
[11:39:12] Warning: molecule is tagged as 2D, but at least one Z coordinate is not zero. Marking the mol as 3D.
[11:39:12] Warning: molecule is tagged as 2D, but at least one Z coordinate is not zero. Marking the mol as 3D.
2026-06-09 11:39:12    Pose   minimizedAffinity    CNNscore   CNNaffinity          
2026-06-09 11:39:12    --------------------------------------------------------------
2026-06-09 11:39:12       1              -7.166      0.4586        +7.639  ★ best
2026-06-09 11:39:12       2              -6.253      0.2155        +5.688
2026-06-09 11:39:12       3              -5.868      0.1267        +5.696
2026-06-09 11:39:12       4              -9.998      0.1207        +6.586
2026-06-09 11:39:12       5              -6.241      0.1206        +5.497
2026-06-09 11:39:12       6              -6.149      0.1170        +5.507
2026-06-09 11:39:12       7              -6.448      0.0847        +5.498
2026-06-09 11:39:12       8              -5.815      0.0769        +5.467
2026-06-09 11:39:12       9              -8.851      0.0751        +5.881
2026-06-09 11:39:12  
────────────────────────────────────────────────────────────
2026-06-09 11:39:12  [26/200] actives_25_CHEMBL29197
2026-06-09 11:39:12  ────────────────────────────────────────────────────────────
[11:39:36] Warning: molecule is tagged as 2D, but at least one Z coordinate is not zero. Marking the mol as 3D.
[11:39:36] Warning: molecule is tagged as 2D, but at least one Z coordinate is not zero. Marking the mol as 3D.
[11:39:36] Warning: molecule is tagged as 2D, but at least one Z coordinate is not zero. Marking the mol as 3D.
[11:39:36] Warning: molecule is tagged as 2D, but at least one Z coordinate is not zero. Marking the mol as 3D.
[11:39:36] Warning: molecule is tagged as 2D, but at least one Z coordinate is not zero. Marking the mol as 3D.
[11:39:36] Warning: molecule is tagged as 2D, but at least one Z coordinate is not zero. Marking the mol as 3D.
[11:39:36] Warning: molecule is tagged as 2D, but at least one Z coordinate is not zero. Marking the mol as 3D.
[11:39:36] Warning: molecule is tagged as 2D, but at least one Z coordinate is not zero. Marking the mol as 3D.
[11:39:36] Warning: molecule is tagged as 2D, but at least one Z coordinate is not zero. Marking the mol as 3D.
2026-06-09 11:39:36    Pose   minimizedAffinity    CNNscore   CNNaffinity          
2026-06-09 11:39:36    --------------------------------------------------------------
2026-06-09 11:39:36       1              -9.595      0.9525        +7.382  ★ best
2026-06-09 11:39:36       2              -9.094      0.9075        +7.260
2026-06-09 11:39:36       3              -8.492      0.7977        +6.907
2026-06-09 11:39:36       4              -8.600      0.7026        +6.769
2026-06-09 11:39:36       5              -8.583      0.6590        +6.806
2026-06-09 11:39:36       6              -8.016      0.6005        +6.216
2026-06-09 11:39:36       7              -8.059      0.5840        +6.346
2026-06-09 11:39:36       8              -5.247      0.5352        +6.852
2026-06-09 11:39:36       9              -7.594      0.4827        +6.675
2026-06-09 11:39:36  
────────────────────────────────────────────────────────────
2026-06-09 11:39:36  [27/200] actives_26_CHEMBL20252
2026-06-09 11:39:36  ────────────────────────────────────────────────────────────
[11:40:22] Warning: molecule is tagged as 2D, but at least one Z coordinate is not zero. Marking the mol as 3D.
[11:40:22] Warning: molecule is tagged as 2D, but at least one Z coordinate is not zero. Marking the mol as 3D.
[11:40:22] Warning: molecule is tagged as 2D, but at least one Z coordinate is not zero. Marking the mol as 3D.
[11:40:22] Warning: molecule is tagged as 2D, but at least one Z coordinate is not zero. Marking the mol as 3D.
[11:40:22] Warning: molecule is tagged as 2D, but at least one Z coordinate is not zero. Marking the mol as 3D.
[11:40:22] Warning: molecule is tagged as 2D, but at least one Z coordinate is not zero. Marking the mol as 3D.
[11:40:22] Warning: molecule is tagged as 2D, but at least one Z coordinate is not zero. Marking the mol as 3D.
[11:40:22] Warning: molecule is tagged as 2D, but at least one Z coordinate is not zero. Marking the mol as 3D.
[11:40:22] Warning: molecule is tagged as 2D, but at least one Z coordinate is not zero. Marking the mol as 3D.
2026-06-09 11:40:22    Pose   minimizedAffinity    CNNscore   CNNaffinity          
2026-06-09 11:40:22    --------------------------------------------------------------
2026-06-09 11:40:22       1              -8.406      0.2913        +5.714  ★ best
2026-06-09 11:40:22       2              -8.831      0.2186        +6.295
2026-06-09 11:40:22       3             -10.890      0.2071        +6.827
2026-06-09 11:40:22       4              -9.528      0.2019        +6.146
2026-06-09 11:40:22       5             -10.567      0.2016        +6.791
2026-06-09 11:40:22       6             -11.870      0.1765        +6.449
2026-06-09 11:40:22       7             -11.249      0.1747        +6.365
2026-06-09 11:40:22       8              -9.940      0.1644        +6.751
2026-06-09 11:40:22       9              -7.926      0.1633        +5.837
2026-06-09 11:40:22  
────────────────────────────────────────────────────────────
2026-06-09 11:40:22  [28/200] actives_27_CHEMBL238304
2026-06-09 11:40:22  ────────────────────────────────────────────────────────────
[11:41:12] Warning: molecule is tagged as 2D, but at least one Z coordinate is not zero. Marking the mol as 3D.
[11:41:12] Warning: molecule is tagged as 2D, but at least one Z coordinate is not zero. Marking the mol as 3D.
[11:41:12] Warning: molecule is tagged as 2D, but at least one Z coordinate is not zero. Marking the mol as 3D.
[11:41:12] Warning: molecule is tagged as 2D, but at least one Z coordinate is not zero. Marking the mol as 3D.
[11:41:12] Warning: molecule is tagged as 2D, but at least one Z coordinate is not zero. Marking the mol as 3D.
[11:41:12] Warning: molecule is tagged as 2D, but at least one Z coordinate is not zero. Marking the mol as 3D.
[11:41:12] Warning: molecule is tagged as 2D, but at least one Z coordinate is not zero. Marking the mol as 3D.
[11:41:12] Warning: molecule is tagged as 2D, but at least one Z coordinate is not zero. Marking the mol as 3D.
[11:41:12] Warning: molecule is tagged as 2D, but at least one Z coordinate is not zero. Marking the mol as 3D.
2026-06-09 11:41:12    Pose   minimizedAffinity    CNNscore   CNNaffinity          
2026-06-09 11:41:12    --------------------------------------------------------------
2026-06-09 11:41:12       1              -9.486      0.7744        +7.549  ★ best
2026-06-09 11:41:12       2              -9.168      0.6130        +7.290
2026-06-09 11:41:12       3              -8.218      0.6026        +7.515
2026-06-09 11:41:12       4              -8.897      0.3682        +6.987
2026-06-09 11:41:12       5              -6.711      0.3177        +7.452
2026-06-09 11:41:12       6              -5.599      0.2361        +6.896
2026-06-09 11:41:12       7              -9.147      0.2020        +6.199
2026-06-09 11:41:12       8              -7.628      0.1833        +6.872
2026-06-09 11:41:12       9              -7.978      0.1651        +6.831
2026-06-09 11:41:12  
────────────────────────────────────────────────────────────
2026-06-09 11:41:12  [29/200] actives_28_CHEMBL205723
2026-06-09 11:41:12  ────────────────────────────────────────────────────────────
[11:42:45] Warning: molecule is tagged as 2D, but at least one Z coordinate is not zero. Marking the mol as 3D.
[11:42:45] Warning: molecule is tagged as 2D, but at least one Z coordinate is not zero. Marking the mol as 3D.
[11:42:45] Warning: molecule is tagged as 2D, but at least one Z coordinate is not zero. Marking the mol as 3D.
[11:42:45] Warning: molecule is tagged as 2D, but at least one Z coordinate is not zero. Marking the mol as 3D.
[11:42:45] Warning: molecule is tagged as 2D, but at least one Z coordinate is not zero. Marking the mol as 3D.
[11:42:45] Warning: molecule is tagged as 2D, but at least one Z coordinate is not zero. Marking the mol as 3D.
[11:42:45] Warning: molecule is tagged as 2D, but at least one Z coordinate is not zero. Marking the mol as 3D.
[11:42:45] Warning: molecule is tagged as 2D, but at least one Z coordinate is not zero. Marking the mol as 3D.
[11:42:45] Warning: molecule is tagged as 2D, but at least one Z coordinate is not zero. Marking the mol as 3D.
2026-06-09 11:42:45    Pose   minimizedAffinity    CNNscore   CNNaffinity          
2026-06-09 11:42:45    --------------------------------------------------------------
2026-06-09 11:42:45       1              -9.067      0.4936        +7.453  ★ best
2026-06-09 11:42:45       2             -10.242      0.3885        +7.377
2026-06-09 11:42:45       3             -10.060      0.3456        +7.222
2026-06-09 11:42:45       4             -10.176      0.2030        +6.613
2026-06-09 11:42:45       5              -9.894      0.1871        +6.909
2026-06-09 11:42:45       6              -9.340      0.1661        +6.862
2026-06-09 11:42:45       7              -9.486      0.1635        +6.806
2026-06-09 11:42:45       8              -9.522      0.1442        +6.708
2026-06-09 11:42:45       9              -9.018      0.1086        +6.865
2026-06-09 11:42:45  
────────────────────────────────────────────────────────────
2026-06-09 11:42:45  [30/200] actives_29_CHEMBL230178
2026-06-09 11:42:45  ────────────────────────────────────────────────────────────
[11:44:02] Warning: molecule is tagged as 2D, but at least one Z coordinate is not zero. Marking the mol as 3D.
[11:44:02] Warning: molecule is tagged as 2D, but at least one Z coordinate is not zero. Marking the mol as 3D.
[11:44:02] Warning: molecule is tagged as 2D, but at least one Z coordinate is not zero. Marking the mol as 3D.
[11:44:02] Warning: molecule is tagged as 2D, but at least one Z coordinate is not zero. Marking the mol as 3D.
[11:44:02] Warning: molecule is tagged as 2D, but at least one Z coordinate is not zero. Marking the mol as 3D.
[11:44:02] Warning: molecule is tagged as 2D, but at least one Z coordinate is not zero. Marking the mol as 3D.
[11:44:02] Warning: molecule is tagged as 2D, but at least one Z coordinate is not zero. Marking the mol as 3D.
[11:44:02] Warning: molecule is tagged as 2D, but at least one Z coordinate is not zero. Marking the mol as 3D.
[11:44:02] Warning: molecule is tagged as 2D, but at least one Z coordinate is not zero. Marking the mol as 3D.
2026-06-09 11:44:02    Pose   minimizedAffinity    CNNscore   CNNaffinity          
2026-06-09 11:44:02    --------------------------------------------------------------
2026-06-09 11:44:02       1              -9.433      0.4302        +7.345  ★ best
2026-06-09 11:44:02       2              -9.010      0.3372        +7.438
2026-06-09 11:44:02       3              -9.007      0.2925        +7.228
2026-06-09 11:44:02       4             -10.290      0.2472        +7.276
2026-06-09 11:44:02       5              -8.975      0.2295        +7.209
2026-06-09 11:44:02       6              -8.759      0.2080        +7.119
2026-06-09 11:44:02       7             -10.083      0.1522        +7.002
2026-06-09 11:44:02       8              -9.233      0.1379        +7.108
2026-06-09 11:44:02       9              -9.875      0.1236        +6.890
2026-06-09 11:44:02  
────────────────────────────────────────────────────────────
2026-06-09 11:44:02  [31/200] actives_30_CHEMBL355019
2026-06-09 11:44:02  ────────────────────────────────────────────────────────────
[11:44:39] Warning: molecule is tagged as 2D, but at least one Z coordinate is not zero. Marking the mol as 3D.
[11:44:39] Warning: molecule is tagged as 2D, but at least one Z coordinate is not zero. Marking the mol as 3D.
[11:44:39] Warning: molecule is tagged as 2D, but at least one Z coordinate is not zero. Marking the mol as 3D.
[11:44:39] Warning: molecule is tagged as 2D, but at least one Z coordinate is not zero. Marking the mol as 3D.
[11:44:39] Warning: molecule is tagged as 2D, but at least one Z coordinate is not zero. Marking the mol as 3D.
[11:44:39] Warning: molecule is tagged as 2D, but at least one Z coordinate is not zero. Marking the mol as 3D.
[11:44:39] Warning: molecule is tagged as 2D, but at least one Z coordinate is not zero. Marking the mol as 3D.
[11:44:39] Warning: molecule is tagged as 2D, but at least one Z coordinate is not zero. Marking the mol as 3D.
[11:44:39] Warning: molecule is tagged as 2D, but at least one Z coordinate is not zero. Marking the mol as 3D.
2026-06-09 11:44:39    Pose   minimizedAffinity    CNNscore   CNNaffinity          
2026-06-09 11:44:39    --------------------------------------------------------------
2026-06-09 11:44:39       1              -9.782      0.7672        +7.334  ★ best
2026-06-09 11:44:39       2              -9.778      0.6654        +7.398
2026-06-09 11:44:39       3              -9.670      0.6418        +7.254
2026-06-09 11:44:39       4              -9.269      0.5897        +7.045
2026-06-09 11:44:39       5              -9.135      0.5839        +7.075
2026-06-09 11:44:39       6              +4.254      0.5094        +6.870
2026-06-09 11:44:39       7              -9.025      0.4858        +6.694
2026-06-09 11:44:39       8              +8.127      0.4600        +6.871
2026-06-09 11:44:39       9              -7.965      0.3870        +7.023
2026-06-09 11:44:39  
────────────────────────────────────────────────────────────
2026-06-09 11:44:39  [32/200] actives_31_CHEMBL454119
2026-06-09 11:44:39  ────────────────────────────────────────────────────────────
[11:45:20] Warning: molecule is tagged as 2D, but at least one Z coordinate is not zero. Marking the mol as 3D.
[11:45:20] Warning: molecule is tagged as 2D, but at least one Z coordinate is not zero. Marking the mol as 3D.
[11:45:20] Warning: molecule is tagged as 2D, but at least one Z coordinate is not zero. Marking the mol as 3D.
[11:45:20] Warning: molecule is tagged as 2D, but at least one Z coordinate is not zero. Marking the mol as 3D.
[11:45:20] Warning: molecule is tagged as 2D, but at least one Z coordinate is not zero. Marking the mol as 3D.
[11:45:20] Warning: molecule is tagged as 2D, but at least one Z coordinate is not zero. Marking the mol as 3D.
[11:45:20] Warning: molecule is tagged as 2D, but at least one Z coordinate is not zero. Marking the mol as 3D.
[11:45:20] Warning: molecule is tagged as 2D, but at least one Z coordinate is not zero. Marking the mol as 3D.
[11:45:20] Warning: molecule is tagged as 2D, but at least one Z coordinate is not zero. Marking the mol as 3D.
2026-06-09 11:45:20    Pose   minimizedAffinity    CNNscore   CNNaffinity          
2026-06-09 11:45:20    --------------------------------------------------------------
2026-06-09 11:45:20       1              -7.595      0.7649        +6.998  ★ best
2026-06-09 11:45:20       2              -5.992      0.5974        +7.295
2026-06-09 11:45:20       3              -7.617      0.5969        +6.989
2026-06-09 11:45:20       4              -7.062      0.4731        +6.480
2026-06-09 11:45:20       5              -7.706      0.4573        +7.240
2026-06-09 11:45:20       6              -6.087      0.3594        +6.735
2026-06-09 11:45:20       7              -7.908      0.3578        +6.431
2026-06-09 11:45:20       8              -5.738      0.3434        +7.017
2026-06-09 11:45:20       9              -7.071      0.3024        +7.000
2026-06-09 11:45:20  
────────────────────────────────────────────────────────────
2026-06-09 11:45:20  [33/200] actives_32_CHEMBL1163016
2026-06-09 11:45:20  ────────────────────────────────────────────────────────────
[11:46:18] Warning: molecule is tagged as 2D, but at least one Z coordinate is not zero. Marking the mol as 3D.
[11:46:18] Warning: molecule is tagged as 2D, but at least one Z coordinate is not zero. Marking the mol as 3D.
[11:46:18] Warning: molecule is tagged as 2D, but at least one Z coordinate is not zero. Marking the mol as 3D.
[11:46:18] Warning: molecule is tagged as 2D, but at least one Z coordinate is not zero. Marking the mol as 3D.
[11:46:18] Warning: molecule is tagged as 2D, but at least one Z coordinate is not zero. Marking the mol as 3D.
[11:46:18] Warning: molecule is tagged as 2D, but at least one Z coordinate is not zero. Marking the mol as 3D.
[11:46:18] Warning: molecule is tagged as 2D, but at least one Z coordinate is not zero. Marking the mol as 3D.
[11:46:18] Warning: molecule is tagged as 2D, but at least one Z coordinate is not zero. Marking the mol as 3D.
[11:46:18] Warning: molecule is tagged as 2D, but at least one Z coordinate is not zero. Marking the mol as 3D.
2026-06-09 11:46:18    Pose   minimizedAffinity    CNNscore   CNNaffinity          
2026-06-09 11:46:18    --------------------------------------------------------------
2026-06-09 11:46:18       1             -11.225      0.8504        +7.668  ★ best
2026-06-09 11:46:18       2             -11.473      0.8365        +7.661
2026-06-09 11:46:18       3             -12.615      0.8204        +7.710
2026-06-09 11:46:18       4             -12.656      0.8073        +7.756
2026-06-09 11:46:18       5             -12.705      0.7650        +7.665
2026-06-09 11:46:18       6             -10.805      0.5516        +7.049
2026-06-09 11:46:18       7             -10.974      0.5270        +7.207
2026-06-09 11:46:18       8             -10.400      0.5194        +7.083
2026-06-09 11:46:18       9             -11.092      0.4767        +7.200
2026-06-09 11:46:18  
────────────────────────────────────────────────────────────
2026-06-09 11:46:18  [34/200] actives_33_CHEMBL1077317
2026-06-09 11:46:18  ────────────────────────────────────────────────────────────
[11:48:20] Warning: molecule is tagged as 2D, but at least one Z coordinate is not zero. Marking the mol as 3D.
[11:48:20] Warning: molecule is tagged as 2D, but at least one Z coordinate is not zero. Marking the mol as 3D.
[11:48:20] Warning: molecule is tagged as 2D, but at least one Z coordinate is not zero. Marking the mol as 3D.
[11:48:20] Warning: molecule is tagged as 2D, but at least one Z coordinate is not zero. Marking the mol as 3D.
[11:48:20] Warning: molecule is tagged as 2D, but at least one Z coordinate is not zero. Marking the mol as 3D.
[11:48:20] Warning: molecule is tagged as 2D, but at least one Z coordinate is not zero. Marking the mol as 3D.
[11:48:20] Warning: molecule is tagged as 2D, but at least one Z coordinate is not zero. Marking the mol as 3D.
[11:48:20] Warning: molecule is tagged as 2D, but at least one Z coordinate is not zero. Marking the mol as 3D.
[11:48:20] Warning: molecule is tagged as 2D, but at least one Z coordinate is not zero. Marking the mol as 3D.
2026-06-09 11:48:20    Pose   minimizedAffinity    CNNscore   CNNaffinity          
2026-06-09 11:48:20    --------------------------------------------------------------
2026-06-09 11:48:20       1              -4.720      0.1901        +6.247  ★ best
2026-06-09 11:48:20       2              -6.616      0.1018        +6.141
2026-06-09 11:48:20       3              -6.829      0.1001        +6.221
2026-06-09 11:48:20       4              -8.686      0.0957        +6.410
2026-06-09 11:48:20       5             -11.417      0.0878        +7.258
2026-06-09 11:48:20       6              -7.484      0.0837        +6.210
2026-06-09 11:48:20       7              -6.444      0.0776        +6.202
2026-06-09 11:48:20       8              -8.397      0.0742        +6.274
2026-06-09 11:48:20       9              -7.423      0.0717        +6.265
2026-06-09 11:48:20  
────────────────────────────────────────────────────────────
2026-06-09 11:48:20  [35/200] actives_34_CHEMBL1214141
2026-06-09 11:48:20  ────────────────────────────────────────────────────────────
[11:49:35] Warning: molecule is tagged as 2D, but at least one Z coordinate is not zero. Marking the mol as 3D.
[11:49:35] Warning: molecule is tagged as 2D, but at least one Z coordinate is not zero. Marking the mol as 3D.
[11:49:35] Warning: molecule is tagged as 2D, but at least one Z coordinate is not zero. Marking the mol as 3D.
[11:49:35] Warning: molecule is tagged as 2D, but at least one Z coordinate is not zero. Marking the mol as 3D.
[11:49:35] Warning: molecule is tagged as 2D, but at least one Z coordinate is not zero. Marking the mol as 3D.
[11:49:35] Warning: molecule is tagged as 2D, but at least one Z coordinate is not zero. Marking the mol as 3D.
[11:49:35] Warning: molecule is tagged as 2D, but at least one Z coordinate is not zero. Marking the mol as 3D.
[11:49:35] Warning: molecule is tagged as 2D, but at least one Z coordinate is not zero. Marking the mol as 3D.
[11:49:35] Warning: molecule is tagged as 2D, but at least one Z coordinate is not zero. Marking the mol as 3D.
2026-06-09 11:49:35    Pose   minimizedAffinity    CNNscore   CNNaffinity          
2026-06-09 11:49:35    --------------------------------------------------------------
2026-06-09 11:49:35       1             -10.721      0.7689        +7.923  ★ best
2026-06-09 11:49:35       2             -10.964      0.7653        +7.577
2026-06-09 11:49:35       3              -9.849      0.6997        +7.806
2026-06-09 11:49:35       4             -11.292      0.5895        +7.482
2026-06-09 11:49:35       5              -9.296      0.5765        +7.501
2026-06-09 11:49:35       6             -10.050      0.4756        +7.548
2026-06-09 11:49:35       7             -10.229      0.3041        +7.369
2026-06-09 11:49:35       8             -10.469      0.2919        +7.257
2026-06-09 11:49:35       9              -8.333      0.2338        +6.991
2026-06-09 11:49:35  
────────────────────────────────────────────────────────────
2026-06-09 11:49:35  [36/200] actives_35_CHEMBL482968
2026-06-09 11:49:35  ────────────────────────────────────────────────────────────
[11:50:14] Warning: molecule is tagged as 2D, but at least one Z coordinate is not zero. Marking the mol as 3D.
[11:50:14] Warning: molecule is tagged as 2D, but at least one Z coordinate is not zero. Marking the mol as 3D.
[11:50:14] Warning: molecule is tagged as 2D, but at least one Z coordinate is not zero. Marking the mol as 3D.
[11:50:14] Warning: molecule is tagged as 2D, but at least one Z coordinate is not zero. Marking the mol as 3D.
[11:50:14] Warning: molecule is tagged as 2D, but at least one Z coordinate is not zero. Marking the mol as 3D.
[11:50:14] Warning: molecule is tagged as 2D, but at least one Z coordinate is not zero. Marking the mol as 3D.
[11:50:14] Warning: molecule is tagged as 2D, but at least one Z coordinate is not zero. Marking the mol as 3D.
[11:50:14] Warning: molecule is tagged as 2D, but at least one Z coordinate is not zero. Marking the mol as 3D.
[11:50:14] Warning: molecule is tagged as 2D, but at least one Z coordinate is not zero. Marking the mol as 3D.
2026-06-09 11:50:14    Pose   minimizedAffinity    CNNscore   CNNaffinity          
2026-06-09 11:50:14    --------------------------------------------------------------
2026-06-09 11:50:14       1              -5.154      0.2251        +5.097  ★ best
2026-06-09 11:50:14       2              -7.057      0.0802        +5.023
2026-06-09 11:50:14       3              -5.824      0.0767        +4.982
2026-06-09 11:50:14       4              -7.102      0.0765        +5.237
2026-06-09 11:50:14       5              -6.954      0.0659        +5.480
2026-06-09 11:50:14       6              -5.564      0.0650        +4.961
2026-06-09 11:50:14       7              -6.918      0.0619        +4.915
2026-06-09 11:50:14       8              -7.234      0.0561        +4.550
2026-06-09 11:50:14       9              -5.428      0.0530        +4.754
2026-06-09 11:50:14  
────────────────────────────────────────────────────────────
2026-06-09 11:50:14  [37/200] actives_36_CHEMBL57443
2026-06-09 11:50:14  ────────────────────────────────────────────────────────────
[11:50:31] Warning: molecule is tagged as 2D, but at least one Z coordinate is not zero. Marking the mol as 3D.
[11:50:31] Warning: molecule is tagged as 2D, but at least one Z coordinate is not zero. Marking the mol as 3D.
[11:50:31] Warning: molecule is tagged as 2D, but at least one Z coordinate is not zero. Marking the mol as 3D.
[11:50:31] Warning: molecule is tagged as 2D, but at least one Z coordinate is not zero. Marking the mol as 3D.
[11:50:31] Warning: molecule is tagged as 2D, but at least one Z coordinate is not zero. Marking the mol as 3D.
[11:50:31] Warning: molecule is tagged as 2D, but at least one Z coordinate is not zero. Marking the mol as 3D.
[11:50:31] Warning: molecule is tagged as 2D, but at least one Z coordinate is not zero. Marking the mol as 3D.
[11:50:31] Warning: molecule is tagged as 2D, but at least one Z coordinate is not zero. Marking the mol as 3D.
[11:50:31] Warning: molecule is tagged as 2D, but at least one Z coordinate is not zero. Marking the mol as 3D.
2026-06-09 11:50:31    Pose   minimizedAffinity    CNNscore   CNNaffinity          
2026-06-09 11:50:31    --------------------------------------------------------------
2026-06-09 11:50:31       1              -8.889      0.8644        +6.715  ★ best
2026-06-09 11:50:31       2              -8.502      0.5948        +5.934
2026-06-09 11:50:31       3              -9.794      0.5566        +6.705
2026-06-09 11:50:31       4              -9.414      0.4516        +6.616
2026-06-09 11:50:31       5              -7.288      0.4251        +5.775
2026-06-09 11:50:31       6              -9.217      0.4146        +6.130
2026-06-09 11:50:31       7              -9.703      0.4044        +6.460
2026-06-09 11:50:31       8              -8.933      0.3872        +6.468
2026-06-09 11:50:31       9              -8.405      0.3792        +5.746
2026-06-09 11:50:31  
────────────────────────────────────────────────────────────
2026-06-09 11:50:31  [38/200] actives_37_CHEMBL482968
2026-06-09 11:50:31  ────────────────────────────────────────────────────────────
[11:51:11] Warning: molecule is tagged as 2D, but at least one Z coordinate is not zero. Marking the mol as 3D.
[11:51:11] Warning: molecule is tagged as 2D, but at least one Z coordinate is not zero. Marking the mol as 3D.
[11:51:11] Warning: molecule is tagged as 2D, but at least one Z coordinate is not zero. Marking the mol as 3D.
[11:51:11] Warning: molecule is tagged as 2D, but at least one Z coordinate is not zero. Marking the mol as 3D.
[11:51:11] Warning: molecule is tagged as 2D, but at least one Z coordinate is not zero. Marking the mol as 3D.
[11:51:11] Warning: molecule is tagged as 2D, but at least one Z coordinate is not zero. Marking the mol as 3D.
[11:51:11] Warning: molecule is tagged as 2D, but at least one Z coordinate is not zero. Marking the mol as 3D.
[11:51:11] Warning: molecule is tagged as 2D, but at least one Z coordinate is not zero. Marking the mol as 3D.
[11:51:11] Warning: molecule is tagged as 2D, but at least one Z coordinate is not zero. Marking the mol as 3D.
2026-06-09 11:51:11    Pose   minimizedAffinity    CNNscore   CNNaffinity          
2026-06-09 11:51:11    --------------------------------------------------------------
2026-06-09 11:51:11       1              -5.131      0.2877        +5.194  ★ best
2026-06-09 11:51:11       2              -7.895      0.1915        +5.687
2026-06-09 11:51:11       3              -5.784      0.1665        +5.219
2026-06-09 11:51:11       4              -7.787      0.1454        +5.757
2026-06-09 11:51:11       5              -5.029      0.1278        +5.131
2026-06-09 11:51:11       6              -8.225      0.1212        +5.534
2026-06-09 11:51:11       7              -4.921      0.1138        +5.027
2026-06-09 11:51:11       8              -6.256      0.0919        +5.307
2026-06-09 11:51:11       9              -9.697      0.0820        +5.719
2026-06-09 11:51:11  
────────────────────────────────────────────────────────────
2026-06-09 11:51:11  [39/200] actives_38_CHEMBL1213975
2026-06-09 11:51:11  ────────────────────────────────────────────────────────────
[11:52:11] Warning: molecule is tagged as 2D, but at least one Z coordinate is not zero. Marking the mol as 3D.
[11:52:11] Warning: molecule is tagged as 2D, but at least one Z coordinate is not zero. Marking the mol as 3D.
[11:52:11] Warning: molecule is tagged as 2D, but at least one Z coordinate is not zero. Marking the mol as 3D.
[11:52:11] Warning: molecule is tagged as 2D, but at least one Z coordinate is not zero. Marking the mol as 3D.
[11:52:11] Warning: molecule is tagged as 2D, but at least one Z coordinate is not zero. Marking the mol as 3D.
[11:52:11] Warning: molecule is tagged as 2D, but at least one Z coordinate is not zero. Marking the mol as 3D.
[11:52:11] Warning: molecule is tagged as 2D, but at least one Z coordinate is not zero. Marking the mol as 3D.
[11:52:11] Warning: molecule is tagged as 2D, but at least one Z coordinate is not zero. Marking the mol as 3D.
[11:52:11] Warning: molecule is tagged as 2D, but at least one Z coordinate is not zero. Marking the mol as 3D.
2026-06-09 11:52:11    Pose   minimizedAffinity    CNNscore   CNNaffinity          
2026-06-09 11:52:11    --------------------------------------------------------------
2026-06-09 11:52:11       1             -10.313      0.6489        +7.018  ★ best
2026-06-09 11:52:11       2              -9.722      0.5966        +6.687
2026-06-09 11:52:11       3             -10.073      0.5782        +6.721
2026-06-09 11:52:11       4              -9.746      0.5770        +6.629
2026-06-09 11:52:11       5              -9.322      0.5137        +6.647
2026-06-09 11:52:11       6              -9.954      0.5010        +6.826
2026-06-09 11:52:11       7              -8.973      0.4059        +6.183
2026-06-09 11:52:11       8              -9.164      0.3631        +6.746
2026-06-09 11:52:11       9              -8.972      0.3549        +6.696
2026-06-09 11:52:11  
────────────────────────────────────────────────────────────
2026-06-09 11:52:11  [40/200] actives_39_CHEMBL255738
2026-06-09 11:52:11  ────────────────────────────────────────────────────────────
[11:52:35] Warning: molecule is tagged as 2D, but at least one Z coordinate is not zero. Marking the mol as 3D.
[11:52:35] Warning: molecule is tagged as 2D, but at least one Z coordinate is not zero. Marking the mol as 3D.
[11:52:35] Warning: molecule is tagged as 2D, but at least one Z coordinate is not zero. Marking the mol as 3D.
[11:52:35] Warning: molecule is tagged as 2D, but at least one Z coordinate is not zero. Marking the mol as 3D.
[11:52:35] Warning: molecule is tagged as 2D, but at least one Z coordinate is not zero. Marking the mol as 3D.
[11:52:35] Warning: molecule is tagged as 2D, but at least one Z coordinate is not zero. Marking the mol as 3D.
[11:52:35] Warning: molecule is tagged as 2D, but at least one Z coordinate is not zero. Marking the mol as 3D.
[11:52:35] Warning: molecule is tagged as 2D, but at least one Z coordinate is not zero. Marking the mol as 3D.
[11:52:35] Warning: molecule is tagged as 2D, but at least one Z coordinate is not zero. Marking the mol as 3D.
2026-06-09 11:52:35    Pose   minimizedAffinity    CNNscore   CNNaffinity          
2026-06-09 11:52:35    --------------------------------------------------------------
2026-06-09 11:52:35       1             -10.275      0.8584        +6.860  ★ best
2026-06-09 11:52:35       2              -9.900      0.8476        +6.764
2026-06-09 11:52:35       3              -9.097      0.5591        +6.140
2026-06-09 11:52:35       4              -9.567      0.5077        +6.368
2026-06-09 11:52:35       5              -8.037      0.3863        +6.708
2026-06-09 11:52:35       6              -8.167      0.3637        +6.432
2026-06-09 11:52:35       7              -6.854      0.3294        +6.312
2026-06-09 11:52:35       8              -9.305      0.3196        +6.186
2026-06-09 11:52:35       9              -7.374      0.2742        +5.443
2026-06-09 11:52:35  
────────────────────────────────────────────────────────────
2026-06-09 11:52:35  [41/200] actives_40_CHEMBL406845
2026-06-09 11:52:35  ────────────────────────────────────────────────────────────
[11:52:54] Warning: molecule is tagged as 2D, but at least one Z coordinate is not zero. Marking the mol as 3D.
[11:52:54] Warning: molecule is tagged as 2D, but at least one Z coordinate is not zero. Marking the mol as 3D.
[11:52:54] Warning: molecule is tagged as 2D, but at least one Z coordinate is not zero. Marking the mol as 3D.
[11:52:54] Warning: molecule is tagged as 2D, but at least one Z coordinate is not zero. Marking the mol as 3D.
[11:52:54] Warning: molecule is tagged as 2D, but at least one Z coordinate is not zero. Marking the mol as 3D.
[11:52:54] Warning: molecule is tagged as 2D, but at least one Z coordinate is not zero. Marking the mol as 3D.
[11:52:54] Warning: molecule is tagged as 2D, but at least one Z coordinate is not zero. Marking the mol as 3D.
[11:52:54] Warning: molecule is tagged as 2D, but at least one Z coordinate is not zero. Marking the mol as 3D.
[11:52:54] Warning: molecule is tagged as 2D, but at least one Z coordinate is not zero. Marking the mol as 3D.
2026-06-09 11:52:54    Pose   minimizedAffinity    CNNscore   CNNaffinity          
2026-06-09 11:52:54    --------------------------------------------------------------
2026-06-09 11:52:54       1              -9.182      0.7351        +6.780  ★ best
2026-06-09 11:52:54       2              -8.676      0.7141        +6.548
2026-06-09 11:52:54       3              -6.811      0.4917        +6.587
2026-06-09 11:52:54       4              -4.265      0.2710        +4.654
2026-06-09 11:52:54       5              -4.432      0.2624        +4.763
2026-06-09 11:52:54       6              -4.894      0.2519        +4.668
2026-06-09 11:52:54       7              -4.693      0.2186        +4.177
2026-06-09 11:52:54       8              -4.990      0.1886        +4.347
2026-06-09 11:52:54       9              -4.786      0.1841        +4.339
2026-06-09 11:52:54  
────────────────────────────────────────────────────────────
2026-06-09 11:52:54  [42/200] actives_41_CHEMBL481968
2026-06-09 11:52:54  ────────────────────────────────────────────────────────────
[11:53:51] Warning: molecule is tagged as 2D, but at least one Z coordinate is not zero. Marking the mol as 3D.
[11:53:51] Warning: molecule is tagged as 2D, but at least one Z coordinate is not zero. Marking the mol as 3D.
[11:53:51] Warning: molecule is tagged as 2D, but at least one Z coordinate is not zero. Marking the mol as 3D.
[11:53:51] Warning: molecule is tagged as 2D, but at least one Z coordinate is not zero. Marking the mol as 3D.
[11:53:51] Warning: molecule is tagged as 2D, but at least one Z coordinate is not zero. Marking the mol as 3D.
[11:53:51] Warning: molecule is tagged as 2D, but at least one Z coordinate is not zero. Marking the mol as 3D.
[11:53:51] Warning: molecule is tagged as 2D, but at least one Z coordinate is not zero. Marking the mol as 3D.
[11:53:51] Warning: molecule is tagged as 2D, but at least one Z coordinate is not zero. Marking the mol as 3D.
[11:53:51] Warning: molecule is tagged as 2D, but at least one Z coordinate is not zero. Marking the mol as 3D.
2026-06-09 11:53:51    Pose   minimizedAffinity    CNNscore   CNNaffinity          
2026-06-09 11:53:51    --------------------------------------------------------------
2026-06-09 11:53:51       1              -2.975      0.5811        +5.794  ★ best
2026-06-09 11:53:51       2              -9.521      0.5163        +7.406
2026-06-09 11:53:51       3             -10.003      0.5077        +7.491
2026-06-09 11:53:51       4              -3.658      0.5032        +5.419
2026-06-09 11:53:51       5              -3.628      0.4635        +5.709
2026-06-09 11:53:51       6              +1.449      0.4056        +6.732
2026-06-09 11:53:51       7              -3.686      0.4044        +5.623
2026-06-09 11:53:51       8              -4.281      0.3873        +5.320
2026-06-09 11:53:51       9              -3.268      0.3664        +5.440
2026-06-09 11:53:51  
────────────────────────────────────────────────────────────
2026-06-09 11:53:51  [43/200] actives_42_CHEMBL559826
2026-06-09 11:53:51  ────────────────────────────────────────────────────────────
[11:55:14] Warning: molecule is tagged as 2D, but at least one Z coordinate is not zero. Marking the mol as 3D.
[11:55:14] Warning: molecule is tagged as 2D, but at least one Z coordinate is not zero. Marking the mol as 3D.
[11:55:14] Warning: molecule is tagged as 2D, but at least one Z coordinate is not zero. Marking the mol as 3D.
[11:55:14] Warning: molecule is tagged as 2D, but at least one Z coordinate is not zero. Marking the mol as 3D.
[11:55:14] Warning: molecule is tagged as 2D, but at least one Z coordinate is not zero. Marking the mol as 3D.
[11:55:14] Warning: molecule is tagged as 2D, but at least one Z coordinate is not zero. Marking the mol as 3D.
[11:55:14] Warning: molecule is tagged as 2D, but at least one Z coordinate is not zero. Marking the mol as 3D.
[11:55:14] Warning: molecule is tagged as 2D, but at least one Z coordinate is not zero. Marking the mol as 3D.
[11:55:14] Warning: molecule is tagged as 2D, but at least one Z coordinate is not zero. Marking the mol as 3D.
2026-06-09 11:55:14    Pose   minimizedAffinity    CNNscore   CNNaffinity          
2026-06-09 11:55:14    --------------------------------------------------------------
2026-06-09 11:55:14       1              -8.818      0.3904        +7.457  ★ best
2026-06-09 11:55:14       2              -9.067      0.3029        +7.160
2026-06-09 11:55:14       3              -7.465      0.2911        +7.116
2026-06-09 11:55:14       4              -8.305      0.2792        +7.118
2026-06-09 11:55:14       5             -10.043      0.2734        +7.175
2026-06-09 11:55:14       6              -9.840      0.2685        +7.089
2026-06-09 11:55:14       7              -9.195      0.2658        +7.089
2026-06-09 11:55:14       8              -9.773      0.2632        +7.112
2026-06-09 11:55:14       9              -9.695      0.2578        +7.200
2026-06-09 11:55:14  
────────────────────────────────────────────────────────────
2026-06-09 11:55:14  [44/200] actives_43_CHEMBL402548
2026-06-09 11:55:14  ────────────────────────────────────────────────────────────
[11:56:07] Warning: molecule is tagged as 2D, but at least one Z coordinate is not zero. Marking the mol as 3D.
[11:56:07] Warning: molecule is tagged as 2D, but at least one Z coordinate is not zero. Marking the mol as 3D.
[11:56:07] Warning: molecule is tagged as 2D, but at least one Z coordinate is not zero. Marking the mol as 3D.
[11:56:07] Warning: molecule is tagged as 2D, but at least one Z coordinate is not zero. Marking the mol as 3D.
[11:56:07] Warning: molecule is tagged as 2D, but at least one Z coordinate is not zero. Marking the mol as 3D.
[11:56:07] Warning: molecule is tagged as 2D, but at least one Z coordinate is not zero. Marking the mol as 3D.
[11:56:07] Warning: molecule is tagged as 2D, but at least one Z coordinate is not zero. Marking the mol as 3D.
[11:56:07] Warning: molecule is tagged as 2D, but at least one Z coordinate is not zero. Marking the mol as 3D.
[11:56:07] Warning: molecule is tagged as 2D, but at least one Z coordinate is not zero. Marking the mol as 3D.
2026-06-09 11:56:07    Pose   minimizedAffinity    CNNscore   CNNaffinity          
2026-06-09 11:56:07    --------------------------------------------------------------
2026-06-09 11:56:07       1             -10.356      0.7941        +7.193  ★ best
2026-06-09 11:56:07       2             -10.653      0.7535        +7.197
2026-06-09 11:56:07       3             -10.699      0.7122        +7.019
2026-06-09 11:56:07       4              +8.356      0.5151        +7.215
2026-06-09 11:56:07       5              -3.405      0.4289        +5.025
2026-06-09 11:56:07       6              -9.681      0.3778        +6.712
2026-06-09 11:56:07       7             -10.772      0.3610        +6.608
2026-06-09 11:56:07       8              -0.793      0.3496        +6.361
2026-06-09 11:56:07       9              -9.901      0.3466        +6.780
2026-06-09 11:56:07  
────────────────────────────────────────────────────────────
2026-06-09 11:56:07  [45/200] actives_44_CHEMBL206046
2026-06-09 11:56:07  ────────────────────────────────────────────────────────────
[11:56:30] Warning: molecule is tagged as 2D, but at least one Z coordinate is not zero. Marking the mol as 3D.
[11:56:30] Warning: molecule is tagged as 2D, but at least one Z coordinate is not zero. Marking the mol as 3D.
[11:56:30] Warning: molecule is tagged as 2D, but at least one Z coordinate is not zero. Marking the mol as 3D.
[11:56:30] Warning: molecule is tagged as 2D, but at least one Z coordinate is not zero. Marking the mol as 3D.
[11:56:30] Warning: molecule is tagged as 2D, but at least one Z coordinate is not zero. Marking the mol as 3D.
[11:56:30] Warning: molecule is tagged as 2D, but at least one Z coordinate is not zero. Marking the mol as 3D.
[11:56:30] Warning: molecule is tagged as 2D, but at least one Z coordinate is not zero. Marking the mol as 3D.
[11:56:30] Warning: molecule is tagged as 2D, but at least one Z coordinate is not zero. Marking the mol as 3D.
[11:56:30] Warning: molecule is tagged as 2D, but at least one Z coordinate is not zero. Marking the mol as 3D.
2026-06-09 11:56:30    Pose   minimizedAffinity    CNNscore   CNNaffinity          
2026-06-09 11:56:30    --------------------------------------------------------------
2026-06-09 11:56:30       1             -10.199      0.9026        +7.007  ★ best
2026-06-09 11:56:30       2             -10.146      0.9025        +6.961
2026-06-09 11:56:30       3              -7.848      0.5895        +6.495
2026-06-09 11:56:30       4              -9.272      0.5866        +6.715
2026-06-09 11:56:30       5              -3.018      0.5733        +4.949
2026-06-09 11:56:30       6              -3.679      0.5393        +5.063
2026-06-09 11:56:30       7              -3.333      0.5364        +5.063
2026-06-09 11:56:30       8              -2.589      0.5351        +5.823
2026-06-09 11:56:30       9              -3.735      0.4579        +4.530
2026-06-09 11:56:30  
────────────────────────────────────────────────────────────
2026-06-09 11:56:30  [46/200] actives_45_CHEMBL477342
2026-06-09 11:56:30  ────────────────────────────────────────────────────────────
[11:56:51] Warning: molecule is tagged as 2D, but at least one Z coordinate is not zero. Marking the mol as 3D.
[11:56:51] Warning: molecule is tagged as 2D, but at least one Z coordinate is not zero. Marking the mol as 3D.
[11:56:51] Warning: molecule is tagged as 2D, but at least one Z coordinate is not zero. Marking the mol as 3D.
[11:56:51] Warning: molecule is tagged as 2D, but at least one Z coordinate is not zero. Marking the mol as 3D.
[11:56:51] Warning: molecule is tagged as 2D, but at least one Z coordinate is not zero. Marking the mol as 3D.
[11:56:51] Warning: molecule is tagged as 2D, but at least one Z coordinate is not zero. Marking the mol as 3D.
[11:56:51] Warning: molecule is tagged as 2D, but at least one Z coordinate is not zero. Marking the mol as 3D.
[11:56:51] Warning: molecule is tagged as 2D, but at least one Z coordinate is not zero. Marking the mol as 3D.
[11:56:51] Warning: molecule is tagged as 2D, but at least one Z coordinate is not zero. Marking the mol as 3D.
2026-06-09 11:56:51    Pose   minimizedAffinity    CNNscore   CNNaffinity          
2026-06-09 11:56:51    --------------------------------------------------------------
2026-06-09 11:56:51       1              -9.010      0.9421        +6.642  ★ best
2026-06-09 11:56:51       2              -8.518      0.9044        +6.643
2026-06-09 11:56:51       3              -8.829      0.8662        +6.775
2026-06-09 11:56:51       4              -8.100      0.7373        +6.222
2026-06-09 11:56:51       5              -8.176      0.4661        +6.004
2026-06-09 11:56:51       6              -7.131      0.4060        +5.854
2026-06-09 11:56:51       7              -7.213      0.3928        +5.280
2026-06-09 11:56:51       8              -8.003      0.3717        +5.711
2026-06-09 11:56:51       9              -4.320      0.3665        +4.224
2026-06-09 11:56:51  
────────────────────────────────────────────────────────────
2026-06-09 11:56:51  [47/200] actives_46_CHEMBL495727
2026-06-09 11:56:51  ────────────────────────────────────────────────────────────
[11:57:28] Warning: molecule is tagged as 2D, but at least one Z coordinate is not zero. Marking the mol as 3D.
[11:57:28] Warning: molecule is tagged as 2D, but at least one Z coordinate is not zero. Marking the mol as 3D.
[11:57:28] Warning: molecule is tagged as 2D, but at least one Z coordinate is not zero. Marking the mol as 3D.
[11:57:28] Warning: molecule is tagged as 2D, but at least one Z coordinate is not zero. Marking the mol as 3D.
[11:57:28] Warning: molecule is tagged as 2D, but at least one Z coordinate is not zero. Marking the mol as 3D.
[11:57:28] Warning: molecule is tagged as 2D, but at least one Z coordinate is not zero. Marking the mol as 3D.
[11:57:28] Warning: molecule is tagged as 2D, but at least one Z coordinate is not zero. Marking the mol as 3D.
[11:57:28] Warning: molecule is tagged as 2D, but at least one Z coordinate is not zero. Marking the mol as 3D.
[11:57:28] Warning: molecule is tagged as 2D, but at least one Z coordinate is not zero. Marking the mol as 3D.
2026-06-09 11:57:28    Pose   minimizedAffinity    CNNscore   CNNaffinity          
2026-06-09 11:57:28    --------------------------------------------------------------
2026-06-09 11:57:28       1              -9.538      0.9080        +7.399  ★ best
2026-06-09 11:57:28       2              -6.381      0.3592        +6.817
2026-06-09 11:57:28       3              -5.892      0.3081        +6.690
2026-06-09 11:57:28       4              -9.842      0.2054        +6.478
2026-06-09 11:57:28       5              -5.830      0.1869        +4.432
2026-06-09 11:57:28       6              -5.344      0.1370        +4.588
2026-06-09 11:57:28       7              -5.425      0.1295        +4.362
2026-06-09 11:57:28       8              -5.001      0.1201        +4.220
2026-06-09 11:57:28       9              -9.372      0.1101        +6.103
2026-06-09 11:57:28  
────────────────────────────────────────────────────────────
2026-06-09 11:57:28  [48/200] actives_47_CHEMBL558752
2026-06-09 11:57:28  ────────────────────────────────────────────────────────────
[11:58:32] Warning: molecule is tagged as 2D, but at least one Z coordinate is not zero. Marking the mol as 3D.
[11:58:32] Warning: molecule is tagged as 2D, but at least one Z coordinate is not zero. Marking the mol as 3D.
[11:58:32] Warning: molecule is tagged as 2D, but at least one Z coordinate is not zero. Marking the mol as 3D.
[11:58:32] Warning: molecule is tagged as 2D, but at least one Z coordinate is not zero. Marking the mol as 3D.
[11:58:32] Warning: molecule is tagged as 2D, but at least one Z coordinate is not zero. Marking the mol as 3D.
[11:58:32] Warning: molecule is tagged as 2D, but at least one Z coordinate is not zero. Marking the mol as 3D.
[11:58:32] Warning: molecule is tagged as 2D, but at least one Z coordinate is not zero. Marking the mol as 3D.
[11:58:32] Warning: molecule is tagged as 2D, but at least one Z coordinate is not zero. Marking the mol as 3D.
[11:58:32] Warning: molecule is tagged as 2D, but at least one Z coordinate is not zero. Marking the mol as 3D.
2026-06-09 11:58:32    Pose   minimizedAffinity    CNNscore   CNNaffinity          
2026-06-09 11:58:32    --------------------------------------------------------------
2026-06-09 11:58:32       1             -10.853      0.7072        +7.881  ★ best
2026-06-09 11:58:32       2             -11.025      0.6181        +7.734
2026-06-09 11:58:32       3             -10.282      0.5061        +7.718
2026-06-09 11:58:32       4             -10.476      0.5036        +7.584
2026-06-09 11:58:32       5             -10.289      0.4917        +7.580
2026-06-09 11:58:32       6             -10.703      0.4804        +7.682
2026-06-09 11:58:32       7             -11.547      0.4746        +7.648
2026-06-09 11:58:32       8              -9.680      0.4461        +7.618
2026-06-09 11:58:32       9             -10.775      0.4408        +7.646
2026-06-09 11:58:32  
────────────────────────────────────────────────────────────
2026-06-09 11:58:32  [49/200] actives_48_CHEMBL386051
2026-06-09 11:58:32  ────────────────────────────────────────────────────────────
[11:59:12] Warning: molecule is tagged as 2D, but at least one Z coordinate is not zero. Marking the mol as 3D.
[11:59:12] Warning: molecule is tagged as 2D, but at least one Z coordinate is not zero. Marking the mol as 3D.
[11:59:12] Warning: molecule is tagged as 2D, but at least one Z coordinate is not zero. Marking the mol as 3D.
[11:59:12] Warning: molecule is tagged as 2D, but at least one Z coordinate is not zero. Marking the mol as 3D.
[11:59:12] Warning: molecule is tagged as 2D, but at least one Z coordinate is not zero. Marking the mol as 3D.
[11:59:12] Warning: molecule is tagged as 2D, but at least one Z coordinate is not zero. Marking the mol as 3D.
[11:59:12] Warning: molecule is tagged as 2D, but at least one Z coordinate is not zero. Marking the mol as 3D.
[11:59:12] Warning: molecule is tagged as 2D, but at least one Z coordinate is not zero. Marking the mol as 3D.
[11:59:12] Warning: molecule is tagged as 2D, but at least one Z coordinate is not zero. Marking the mol as 3D.
2026-06-09 11:59:12    Pose   minimizedAffinity    CNNscore   CNNaffinity          
2026-06-09 11:59:12    --------------------------------------------------------------
2026-06-09 11:59:12       1             -12.771      0.9865        +8.340  ★ best
2026-06-09 11:59:12       2             -12.861      0.9857        +8.337
2026-06-09 11:59:12       3              -9.719      0.7790        +7.896
2026-06-09 11:59:12       4             -11.568      0.6478        +7.902
2026-06-09 11:59:12       5             -11.577      0.6055        +7.832
2026-06-09 11:59:12       6              -7.954      0.5976        +7.614
2026-06-09 11:59:12       7              -9.739      0.4746        +6.928
2026-06-09 11:59:12       8              -8.149      0.4415        +7.450
2026-06-09 11:59:12       9              -9.873      0.4404        +7.411
2026-06-09 11:59:12  
────────────────────────────────────────────────────────────
2026-06-09 11:59:12  [50/200] actives_49_CHEMBL256101
2026-06-09 11:59:12  ────────────────────────────────────────────────────────────
[12:00:08] Warning: molecule is tagged as 2D, but at least one Z coordinate is not zero. Marking the mol as 3D.
[12:00:08] Warning: molecule is tagged as 2D, but at least one Z coordinate is not zero. Marking the mol as 3D.
[12:00:08] Warning: molecule is tagged as 2D, but at least one Z coordinate is not zero. Marking the mol as 3D.
[12:00:08] Warning: molecule is tagged as 2D, but at least one Z coordinate is not zero. Marking the mol as 3D.
[12:00:08] Warning: molecule is tagged as 2D, but at least one Z coordinate is not zero. Marking the mol as 3D.
[12:00:08] Warning: molecule is tagged as 2D, but at least one Z coordinate is not zero. Marking the mol as 3D.
[12:00:08] Warning: molecule is tagged as 2D, but at least one Z coordinate is not zero. Marking the mol as 3D.
[12:00:08] Warning: molecule is tagged as 2D, but at least one Z coordinate is not zero. Marking the mol as 3D.
[12:00:08] Warning: molecule is tagged as 2D, but at least one Z coordinate is not zero. Marking the mol as 3D.
2026-06-09 12:00:08    Pose   minimizedAffinity    CNNscore   CNNaffinity          
2026-06-09 12:00:08    --------------------------------------------------------------
2026-06-09 12:00:08       1             -13.190      0.9879        +8.486  ★ best
2026-06-09 12:00:08       2             -12.560      0.9865        +8.589
2026-06-09 12:00:08       3             -13.124      0.9864        +8.462
2026-06-09 12:00:08       4             -12.502      0.9858        +8.581
2026-06-09 12:00:08       5             -12.355      0.9847        +8.392
2026-06-09 12:00:08       6             -11.762      0.7906        +8.042
2026-06-09 12:00:08       7             -11.687      0.6937        +8.034
2026-06-09 12:00:08       8             -11.007      0.6299        +7.738
2026-06-09 12:00:08       9             -11.050      0.6288        +7.760
2026-06-09 12:00:08  
────────────────────────────────────────────────────────────
2026-06-09 12:00:08  [51/200] actives_50_CHEMBL1092926
2026-06-09 12:00:08  ────────────────────────────────────────────────────────────
[12:01:15] Warning: molecule is tagged as 2D, but at least one Z coordinate is not zero. Marking the mol as 3D.
[12:01:15] Warning: molecule is tagged as 2D, but at least one Z coordinate is not zero. Marking the mol as 3D.
[12:01:15] Warning: molecule is tagged as 2D, but at least one Z coordinate is not zero. Marking the mol as 3D.
[12:01:15] Warning: molecule is tagged as 2D, but at least one Z coordinate is not zero. Marking the mol as 3D.
[12:01:15] Warning: molecule is tagged as 2D, but at least one Z coordinate is not zero. Marking the mol as 3D.
[12:01:15] Warning: molecule is tagged as 2D, but at least one Z coordinate is not zero. Marking the mol as 3D.
[12:01:15] Warning: molecule is tagged as 2D, but at least one Z coordinate is not zero. Marking the mol as 3D.
[12:01:15] Warning: molecule is tagged as 2D, but at least one Z coordinate is not zero. Marking the mol as 3D.
[12:01:15] Warning: molecule is tagged as 2D, but at least one Z coordinate is not zero. Marking the mol as 3D.
2026-06-09 12:01:15    Pose   minimizedAffinity    CNNscore   CNNaffinity          
2026-06-09 12:01:15    --------------------------------------------------------------
2026-06-09 12:01:15       1              -9.278      0.1877        +7.115  ★ best
2026-06-09 12:01:15       2              -9.133      0.1385        +6.888
2026-06-09 12:01:15       3              -5.761      0.1352        +5.648
2026-06-09 12:01:15       4              -6.327      0.1162        +5.655
2026-06-09 12:01:15       5              -9.497      0.1141        +6.838
2026-06-09 12:01:15       6              -6.516      0.1101        +5.669
2026-06-09 12:01:15       7              -9.506      0.0948        +6.797
2026-06-09 12:01:15       8              -6.828      0.0943        +6.022
2026-06-09 12:01:15       9              -7.201      0.0814        +5.865
2026-06-09 12:01:15  
────────────────────────────────────────────────────────────
2026-06-09 12:01:15  [52/200] actives_51_CHEMBL495727
2026-06-09 12:01:15  ────────────────────────────────────────────────────────────
[12:01:52] Warning: molecule is tagged as 2D, but at least one Z coordinate is not zero. Marking the mol as 3D.
[12:01:52] Warning: molecule is tagged as 2D, but at least one Z coordinate is not zero. Marking the mol as 3D.
[12:01:52] Warning: molecule is tagged as 2D, but at least one Z coordinate is not zero. Marking the mol as 3D.
[12:01:52] Warning: molecule is tagged as 2D, but at least one Z coordinate is not zero. Marking the mol as 3D.
[12:01:52] Warning: molecule is tagged as 2D, but at least one Z coordinate is not zero. Marking the mol as 3D.
[12:01:52] Warning: molecule is tagged as 2D, but at least one Z coordinate is not zero. Marking the mol as 3D.
[12:01:52] Warning: molecule is tagged as 2D, but at least one Z coordinate is not zero. Marking the mol as 3D.
[12:01:52] Warning: molecule is tagged as 2D, but at least one Z coordinate is not zero. Marking the mol as 3D.
[12:01:52] Warning: molecule is tagged as 2D, but at least one Z coordinate is not zero. Marking the mol as 3D.
2026-06-09 12:01:52    Pose   minimizedAffinity    CNNscore   CNNaffinity          
2026-06-09 12:01:52    --------------------------------------------------------------
2026-06-09 12:01:52       1              -8.417      0.7648        +6.977  ★ best
2026-06-09 12:01:52       2              -9.679      0.4179        +6.793
2026-06-09 12:01:52       3              -8.648      0.4146        +6.998
2026-06-09 12:01:52       4              -9.036      0.3216        +7.168
2026-06-09 12:01:52       5              -9.908      0.1993        +6.487
2026-06-09 12:01:52       6              -8.060      0.1580        +6.851
2026-06-09 12:01:52       7              -9.202      0.0859        +5.944
2026-06-09 12:01:52       8              -9.396      0.0733        +6.348
2026-06-09 12:01:52       9              -9.336      0.0723        +6.026
2026-06-09 12:01:52  
────────────────────────────────────────────────────────────
2026-06-09 12:01:52  [53/200] actives_52_CHEMBL573577
2026-06-09 12:01:52  ────────────────────────────────────────────────────────────
[12:02:44] Warning: molecule is tagged as 2D, but at least one Z coordinate is not zero. Marking the mol as 3D.
[12:02:44] Warning: molecule is tagged as 2D, but at least one Z coordinate is not zero. Marking the mol as 3D.
[12:02:44] Warning: molecule is tagged as 2D, but at least one Z coordinate is not zero. Marking the mol as 3D.
[12:02:44] Warning: molecule is tagged as 2D, but at least one Z coordinate is not zero. Marking the mol as 3D.
[12:02:44] Warning: molecule is tagged as 2D, but at least one Z coordinate is not zero. Marking the mol as 3D.
[12:02:44] Warning: molecule is tagged as 2D, but at least one Z coordinate is not zero. Marking the mol as 3D.
[12:02:44] Warning: molecule is tagged as 2D, but at least one Z coordinate is not zero. Marking the mol as 3D.
[12:02:44] Warning: molecule is tagged as 2D, but at least one Z coordinate is not zero. Marking the mol as 3D.
[12:02:44] Warning: molecule is tagged as 2D, but at least one Z coordinate is not zero. Marking the mol as 3D.
2026-06-09 12:02:44    Pose   minimizedAffinity    CNNscore   CNNaffinity          
2026-06-09 12:02:44    --------------------------------------------------------------
2026-06-09 12:02:44       1              -9.328      0.7185        +6.610  ★ best
2026-06-09 12:02:44       2              -8.561      0.7021        +6.794
2026-06-09 12:02:44       3              -9.467      0.6684        +6.472
2026-06-09 12:02:44       4             -10.514      0.6343        +7.116
2026-06-09 12:02:44       5              -9.293      0.6338        +6.459
2026-06-09 12:02:44       6              -9.437      0.6083        +6.394
2026-06-09 12:02:44       7             -10.292      0.5916        +7.085
2026-06-09 12:02:44       8              -6.883      0.5256        +6.774
2026-06-09 12:02:44       9              -9.224      0.4784        +6.927
2026-06-09 12:02:44  
────────────────────────────────────────────────────────────
2026-06-09 12:02:44  [54/200] actives_53_CHEMBL1213976
2026-06-09 12:02:44  ────────────────────────────────────────────────────────────
[12:03:27] Warning: molecule is tagged as 2D, but at least one Z coordinate is not zero. Marking the mol as 3D.
[12:03:27] Warning: molecule is tagged as 2D, but at least one Z coordinate is not zero. Marking the mol as 3D.
[12:03:27] Warning: molecule is tagged as 2D, but at least one Z coordinate is not zero. Marking the mol as 3D.
[12:03:27] Warning: molecule is tagged as 2D, but at least one Z coordinate is not zero. Marking the mol as 3D.
[12:03:27] Warning: molecule is tagged as 2D, but at least one Z coordinate is not zero. Marking the mol as 3D.
[12:03:27] Warning: molecule is tagged as 2D, but at least one Z coordinate is not zero. Marking the mol as 3D.
[12:03:27] Warning: molecule is tagged as 2D, but at least one Z coordinate is not zero. Marking the mol as 3D.
[12:03:27] Warning: molecule is tagged as 2D, but at least one Z coordinate is not zero. Marking the mol as 3D.
[12:03:27] Warning: molecule is tagged as 2D, but at least one Z coordinate is not zero. Marking the mol as 3D.
2026-06-09 12:03:27    Pose   minimizedAffinity    CNNscore   CNNaffinity          
2026-06-09 12:03:27    --------------------------------------------------------------
2026-06-09 12:03:27       1              -8.985      0.5938        +6.119  ★ best
2026-06-09 12:03:27       2              -9.887      0.5791        +6.352
2026-06-09 12:03:27       3             -10.318      0.5729        +6.730
2026-06-09 12:03:27       4              -8.952      0.5678        +6.136
2026-06-09 12:03:27       5             -10.110      0.5552        +6.629
2026-06-09 12:03:27       6             -10.563      0.5513        +6.714
2026-06-09 12:03:27       7              -9.906      0.5414        +6.254
2026-06-09 12:03:27       8              -7.576      0.5187        +5.820
2026-06-09 12:03:27       9              -9.274      0.4818        +6.189
2026-06-09 12:03:27  
────────────────────────────────────────────────────────────
2026-06-09 12:03:27  [55/200] actives_54_CHEMBL1171247
2026-06-09 12:03:27  ────────────────────────────────────────────────────────────
[12:04:48] Warning: molecule is tagged as 2D, but at least one Z coordinate is not zero. Marking the mol as 3D.
[12:04:48] Warning: molecule is tagged as 2D, but at least one Z coordinate is not zero. Marking the mol as 3D.
[12:04:48] Warning: molecule is tagged as 2D, but at least one Z coordinate is not zero. Marking the mol as 3D.
[12:04:48] Warning: molecule is tagged as 2D, but at least one Z coordinate is not zero. Marking the mol as 3D.
[12:04:48] Warning: molecule is tagged as 2D, but at least one Z coordinate is not zero. Marking the mol as 3D.
[12:04:48] Warning: molecule is tagged as 2D, but at least one Z coordinate is not zero. Marking the mol as 3D.
[12:04:48] Warning: molecule is tagged as 2D, but at least one Z coordinate is not zero. Marking the mol as 3D.
[12:04:48] Warning: molecule is tagged as 2D, but at least one Z coordinate is not zero. Marking the mol as 3D.
[12:04:48] Warning: molecule is tagged as 2D, but at least one Z coordinate is not zero. Marking the mol as 3D.
2026-06-09 12:04:48    Pose   minimizedAffinity    CNNscore   CNNaffinity          
2026-06-09 12:04:48    --------------------------------------------------------------
2026-06-09 12:04:48       1              -6.153      0.7052        +7.372  ★ best
2026-06-09 12:04:48       2              -6.604      0.6774        +7.301
2026-06-09 12:04:48       3              -5.894      0.5908        +7.382
2026-06-09 12:04:48       4              -5.964      0.5898        +7.146
2026-06-09 12:04:48       5              -6.252      0.5329        +7.180
2026-06-09 12:04:48       6              -4.874      0.4547        +5.427
2026-06-09 12:04:48       7              -5.401      0.4217        +5.596
2026-06-09 12:04:48       8              -9.063      0.4018        +6.556
2026-06-09 12:04:48       9              -4.357      0.3978        +5.210
2026-06-09 12:04:48  
────────────────────────────────────────────────────────────
2026-06-09 12:04:48  [56/200] actives_55_CHEMBL1171247
2026-06-09 12:04:48  ────────────────────────────────────────────────────────────
[12:06:11] Warning: molecule is tagged as 2D, but at least one Z coordinate is not zero. Marking the mol as 3D.
[12:06:11] Warning: molecule is tagged as 2D, but at least one Z coordinate is not zero. Marking the mol as 3D.
[12:06:11] Warning: molecule is tagged as 2D, but at least one Z coordinate is not zero. Marking the mol as 3D.
[12:06:11] Warning: molecule is tagged as 2D, but at least one Z coordinate is not zero. Marking the mol as 3D.
[12:06:11] Warning: molecule is tagged as 2D, but at least one Z coordinate is not zero. Marking the mol as 3D.
[12:06:11] Warning: molecule is tagged as 2D, but at least one Z coordinate is not zero. Marking the mol as 3D.
[12:06:11] Warning: molecule is tagged as 2D, but at least one Z coordinate is not zero. Marking the mol as 3D.
[12:06:11] Warning: molecule is tagged as 2D, but at least one Z coordinate is not zero. Marking the mol as 3D.
[12:06:11] Warning: molecule is tagged as 2D, but at least one Z coordinate is not zero. Marking the mol as 3D.
2026-06-09 12:06:11    Pose   minimizedAffinity    CNNscore   CNNaffinity          
2026-06-09 12:06:11    --------------------------------------------------------------
2026-06-09 12:06:11       1              -9.566      0.3993        +6.662  ★ best
2026-06-09 12:06:11       2              -8.600      0.3428        +6.740
2026-06-09 12:06:11       3              -5.120      0.3427        +5.482
2026-06-09 12:06:11       4              -9.488      0.3218        +6.442
2026-06-09 12:06:11       5              -6.472      0.2906        +6.076
2026-06-09 12:06:11       6              -5.110      0.2792        +5.588
2026-06-09 12:06:11       7              -9.566      0.2740        +6.488
2026-06-09 12:06:11       8              -5.168      0.2576        +5.550
2026-06-09 12:06:11       9              -5.141      0.2538        +5.432
2026-06-09 12:06:11  
────────────────────────────────────────────────────────────
2026-06-09 12:06:11  [57/200] actives_56_CHEMBL1171835
2026-06-09 12:06:11  ────────────────────────────────────────────────────────────
[12:07:23] Warning: molecule is tagged as 2D, but at least one Z coordinate is not zero. Marking the mol as 3D.
[12:07:23] Warning: molecule is tagged as 2D, but at least one Z coordinate is not zero. Marking the mol as 3D.
[12:07:23] Warning: molecule is tagged as 2D, but at least one Z coordinate is not zero. Marking the mol as 3D.
[12:07:23] Warning: molecule is tagged as 2D, but at least one Z coordinate is not zero. Marking the mol as 3D.
[12:07:23] Warning: molecule is tagged as 2D, but at least one Z coordinate is not zero. Marking the mol as 3D.
[12:07:23] Warning: molecule is tagged as 2D, but at least one Z coordinate is not zero. Marking the mol as 3D.
[12:07:23] Warning: molecule is tagged as 2D, but at least one Z coordinate is not zero. Marking the mol as 3D.
[12:07:23] Warning: molecule is tagged as 2D, but at least one Z coordinate is not zero. Marking the mol as 3D.
[12:07:23] Warning: molecule is tagged as 2D, but at least one Z coordinate is not zero. Marking the mol as 3D.
2026-06-09 12:07:23    Pose   minimizedAffinity    CNNscore   CNNaffinity          
2026-06-09 12:07:23    --------------------------------------------------------------
2026-06-09 12:07:23       1              -6.105      0.3296        +6.983  ★ best
2026-06-09 12:07:23       2              -5.015      0.3213        +5.693
2026-06-09 12:07:23       3              -5.304      0.2852        +5.967
2026-06-09 12:07:23       4             -10.881      0.2512        +6.767
2026-06-09 12:07:23       5              -5.317      0.2499        +5.205
2026-06-09 12:07:23       6             -10.462      0.2253        +6.659
2026-06-09 12:07:23       7              -7.157      0.2236        +6.672
2026-06-09 12:07:23       8             -10.908      0.2127        +6.834
2026-06-09 12:07:23       9              -5.352      0.2099        +5.209
2026-06-09 12:07:23  
────────────────────────────────────────────────────────────
2026-06-09 12:07:23  [58/200] actives_57_CHEMBL1171835
2026-06-09 12:07:23  ────────────────────────────────────────────────────────────
[12:08:35] Warning: molecule is tagged as 2D, but at least one Z coordinate is not zero. Marking the mol as 3D.
[12:08:35] Warning: molecule is tagged as 2D, but at least one Z coordinate is not zero. Marking the mol as 3D.
[12:08:35] Warning: molecule is tagged as 2D, but at least one Z coordinate is not zero. Marking the mol as 3D.
[12:08:35] Warning: molecule is tagged as 2D, but at least one Z coordinate is not zero. Marking the mol as 3D.
[12:08:35] Warning: molecule is tagged as 2D, but at least one Z coordinate is not zero. Marking the mol as 3D.
[12:08:35] Warning: molecule is tagged as 2D, but at least one Z coordinate is not zero. Marking the mol as 3D.
[12:08:35] Warning: molecule is tagged as 2D, but at least one Z coordinate is not zero. Marking the mol as 3D.
[12:08:35] Warning: molecule is tagged as 2D, but at least one Z coordinate is not zero. Marking the mol as 3D.
[12:08:35] Warning: molecule is tagged as 2D, but at least one Z coordinate is not zero. Marking the mol as 3D.
2026-06-09 12:08:35    Pose   minimizedAffinity    CNNscore   CNNaffinity          
2026-06-09 12:08:35    --------------------------------------------------------------
2026-06-09 12:08:35       1              -5.159      0.3713        +5.661  ★ best
2026-06-09 12:08:35       2              -6.113      0.3217        +6.894
2026-06-09 12:08:35       3              -4.457      0.2769        +5.433
2026-06-09 12:08:35       4              -6.483      0.2532        +6.824
2026-06-09 12:08:35       5             -11.009      0.2468        +6.872
2026-06-09 12:08:35       6              -8.917      0.2453        +6.678
2026-06-09 12:08:35       7             -10.656      0.2421        +6.697
2026-06-09 12:08:35       8              -9.514      0.2311        +6.679
2026-06-09 12:08:35       9              -5.826      0.2162        +6.536
2026-06-09 12:08:35  
────────────────────────────────────────────────────────────
2026-06-09 12:08:35  [59/200] actives_58_CHEMBL477139
2026-06-09 12:08:35  ────────────────────────────────────────────────────────────
[12:08:54] Warning: molecule is tagged as 2D, but at least one Z coordinate is not zero. Marking the mol as 3D.
[12:08:54] Warning: molecule is tagged as 2D, but at least one Z coordinate is not zero. Marking the mol as 3D.
[12:08:54] Warning: molecule is tagged as 2D, but at least one Z coordinate is not zero. Marking the mol as 3D.
[12:08:54] Warning: molecule is tagged as 2D, but at least one Z coordinate is not zero. Marking the mol as 3D.
[12:08:54] Warning: molecule is tagged as 2D, but at least one Z coordinate is not zero. Marking the mol as 3D.
[12:08:54] Warning: molecule is tagged as 2D, but at least one Z coordinate is not zero. Marking the mol as 3D.
[12:08:54] Warning: molecule is tagged as 2D, but at least one Z coordinate is not zero. Marking the mol as 3D.
[12:08:54] Warning: molecule is tagged as 2D, but at least one Z coordinate is not zero. Marking the mol as 3D.
[12:08:54] Warning: molecule is tagged as 2D, but at least one Z coordinate is not zero. Marking the mol as 3D.
2026-06-09 12:08:54    Pose   minimizedAffinity    CNNscore   CNNaffinity          
2026-06-09 12:08:54    --------------------------------------------------------------
2026-06-09 12:08:54       1              -9.245      0.5702        +6.440  ★ best
2026-06-09 12:08:54       2              -3.606      0.4885        +4.573
2026-06-09 12:08:54       3              -8.935      0.4866        +6.250
2026-06-09 12:08:54       4              -9.875      0.4472        +6.475
2026-06-09 12:08:54       5              -8.466      0.4429        +6.079
2026-06-09 12:08:54       6              -9.158      0.4327        +6.453
2026-06-09 12:08:54       7              -2.205      0.4226        +4.591
2026-06-09 12:08:54       8              -2.992      0.4138        +4.332
2026-06-09 12:08:54       9              -4.180      0.3976        +4.641
2026-06-09 12:08:54  
────────────────────────────────────────────────────────────
2026-06-09 12:08:54  [60/200] actives_59_CHEMBL272888
2026-06-09 12:08:54  ────────────────────────────────────────────────────────────
[12:10:42] Warning: molecule is tagged as 2D, but at least one Z coordinate is not zero. Marking the mol as 3D.
[12:10:42] Warning: molecule is tagged as 2D, but at least one Z coordinate is not zero. Marking the mol as 3D.
[12:10:42] Warning: molecule is tagged as 2D, but at least one Z coordinate is not zero. Marking the mol as 3D.
[12:10:42] Warning: molecule is tagged as 2D, but at least one Z coordinate is not zero. Marking the mol as 3D.
[12:10:42] Warning: molecule is tagged as 2D, but at least one Z coordinate is not zero. Marking the mol as 3D.
[12:10:42] Warning: molecule is tagged as 2D, but at least one Z coordinate is not zero. Marking the mol as 3D.
[12:10:42] Warning: molecule is tagged as 2D, but at least one Z coordinate is not zero. Marking the mol as 3D.
[12:10:42] Warning: molecule is tagged as 2D, but at least one Z coordinate is not zero. Marking the mol as 3D.
[12:10:42] Warning: molecule is tagged as 2D, but at least one Z coordinate is not zero. Marking the mol as 3D.
2026-06-09 12:10:42    Pose   minimizedAffinity    CNNscore   CNNaffinity          
2026-06-09 12:10:42    --------------------------------------------------------------
2026-06-09 12:10:42       1              -6.490      0.6748        +7.641  ★ best
2026-06-09 12:10:42       2              -6.791      0.6310        +7.707
2026-06-09 12:10:42       3              -5.600      0.5729        +7.545
2026-06-09 12:10:42       4              -5.655      0.5630        +7.485
2026-06-09 12:10:42       5              -1.207      0.5303        +7.568
2026-06-09 12:10:42       6             +34.488      0.3897        +6.672
2026-06-09 12:10:42       7              -9.260      0.3159        +7.031
2026-06-09 12:10:42       8              -9.313      0.2685        +6.857
2026-06-09 12:10:42       9              -8.656      0.2529        +6.888
2026-06-09 12:10:42  
────────────────────────────────────────────────────────────
2026-06-09 12:10:42  [61/200] actives_60_CHEMBL211154
2026-06-09 12:10:42  ────────────────────────────────────────────────────────────
[12:11:44] Warning: molecule is tagged as 2D, but at least one Z coordinate is not zero. Marking the mol as 3D.
[12:11:44] Warning: molecule is tagged as 2D, but at least one Z coordinate is not zero. Marking the mol as 3D.
[12:11:44] Warning: molecule is tagged as 2D, but at least one Z coordinate is not zero. Marking the mol as 3D.
[12:11:44] Warning: molecule is tagged as 2D, but at least one Z coordinate is not zero. Marking the mol as 3D.
[12:11:44] Warning: molecule is tagged as 2D, but at least one Z coordinate is not zero. Marking the mol as 3D.
[12:11:44] Warning: molecule is tagged as 2D, but at least one Z coordinate is not zero. Marking the mol as 3D.
[12:11:44] Warning: molecule is tagged as 2D, but at least one Z coordinate is not zero. Marking the mol as 3D.
[12:11:44] Warning: molecule is tagged as 2D, but at least one Z coordinate is not zero. Marking the mol as 3D.
[12:11:44] Warning: molecule is tagged as 2D, but at least one Z coordinate is not zero. Marking the mol as 3D.
2026-06-09 12:11:44    Pose   minimizedAffinity    CNNscore   CNNaffinity          
2026-06-09 12:11:44    --------------------------------------------------------------
2026-06-09 12:11:44       1             -10.352      0.8107        +7.960  ★ best
2026-06-09 12:11:44       2             -10.554      0.7618        +7.705
2026-06-09 12:11:44       3             -10.805      0.7225        +7.777
2026-06-09 12:11:44       4              -9.896      0.6748        +7.529
2026-06-09 12:11:44       5             -10.622      0.6688        +7.623
2026-06-09 12:11:44       6             -10.395      0.6686        +7.439
2026-06-09 12:11:44       7             -10.127      0.6584        +7.273
2026-06-09 12:11:44       8             -10.657      0.6528        +7.818
2026-06-09 12:11:44       9              -9.879      0.6373        +7.388
2026-06-09 12:11:44  
────────────────────────────────────────────────────────────
2026-06-09 12:11:44  [62/200] actives_61_CHEMBL209753
2026-06-09 12:11:44  ────────────────────────────────────────────────────────────
[12:13:22] Warning: molecule is tagged as 2D, but at least one Z coordinate is not zero. Marking the mol as 3D.
[12:13:22] Warning: molecule is tagged as 2D, but at least one Z coordinate is not zero. Marking the mol as 3D.
[12:13:22] Warning: molecule is tagged as 2D, but at least one Z coordinate is not zero. Marking the mol as 3D.
[12:13:22] Warning: molecule is tagged as 2D, but at least one Z coordinate is not zero. Marking the mol as 3D.
[12:13:22] Warning: molecule is tagged as 2D, but at least one Z coordinate is not zero. Marking the mol as 3D.
[12:13:22] Warning: molecule is tagged as 2D, but at least one Z coordinate is not zero. Marking the mol as 3D.
[12:13:22] Warning: molecule is tagged as 2D, but at least one Z coordinate is not zero. Marking the mol as 3D.
[12:13:22] Warning: molecule is tagged as 2D, but at least one Z coordinate is not zero. Marking the mol as 3D.
[12:13:22] Warning: molecule is tagged as 2D, but at least one Z coordinate is not zero. Marking the mol as 3D.
2026-06-09 12:13:22    Pose   minimizedAffinity    CNNscore   CNNaffinity          
2026-06-09 12:13:22    --------------------------------------------------------------
2026-06-09 12:13:22       1             -10.567      0.1355        +6.988  ★ best
2026-06-09 12:13:22       2             -10.414      0.0953        +7.035
2026-06-09 12:13:22       3             -10.808      0.0841        +6.831
2026-06-09 12:13:22       4             -10.769      0.0838        +7.153
2026-06-09 12:13:22       5              -9.972      0.0720        +6.946
2026-06-09 12:13:22       6              -9.733      0.0700        +6.733
2026-06-09 12:13:22       7              -8.582      0.0627        +6.836
2026-06-09 12:13:22       8             -10.433      0.0623        +6.609
2026-06-09 12:13:22       9             -10.383      0.0602        +6.987
2026-06-09 12:13:22  
────────────────────────────────────────────────────────────
2026-06-09 12:13:22  [63/200] actives_62_CHEMBL219557
2026-06-09 12:13:22  ────────────────────────────────────────────────────────────
[12:14:39] Warning: molecule is tagged as 2D, but at least one Z coordinate is not zero. Marking the mol as 3D.
[12:14:39] Warning: molecule is tagged as 2D, but at least one Z coordinate is not zero. Marking the mol as 3D.
[12:14:39] Warning: molecule is tagged as 2D, but at least one Z coordinate is not zero. Marking the mol as 3D.
[12:14:39] Warning: molecule is tagged as 2D, but at least one Z coordinate is not zero. Marking the mol as 3D.
[12:14:39] Warning: molecule is tagged as 2D, but at least one Z coordinate is not zero. Marking the mol as 3D.
[12:14:39] Warning: molecule is tagged as 2D, but at least one Z coordinate is not zero. Marking the mol as 3D.
[12:14:39] Warning: molecule is tagged as 2D, but at least one Z coordinate is not zero. Marking the mol as 3D.
[12:14:39] Warning: molecule is tagged as 2D, but at least one Z coordinate is not zero. Marking the mol as 3D.
[12:14:39] Warning: molecule is tagged as 2D, but at least one Z coordinate is not zero. Marking the mol as 3D.
2026-06-09 12:14:39    Pose   minimizedAffinity    CNNscore   CNNaffinity          
2026-06-09 12:14:39    --------------------------------------------------------------
2026-06-09 12:14:39       1             -10.695      0.9277        +8.455  ★ best
2026-06-09 12:14:39       2             -10.648      0.8349        +8.306
2026-06-09 12:14:39       3              -9.491      0.8325        +8.324
2026-06-09 12:14:39       4             -10.582      0.8290        +8.343
2026-06-09 12:14:39       5             -11.147      0.8139        +8.285
2026-06-09 12:14:39       6              -7.730      0.6752        +7.854
2026-06-09 12:14:39       7              -6.377      0.6416        +7.980
2026-06-09 12:14:39       8              -7.651      0.6127        +8.071
2026-06-09 12:14:39       9              -7.528      0.5427        +7.817
2026-06-09 12:14:39  
────────────────────────────────────────────────────────────
2026-06-09 12:14:39  [64/200] actives_63_CHEMBL219557
2026-06-09 12:14:39  ────────────────────────────────────────────────────────────
[12:15:54] Warning: molecule is tagged as 2D, but at least one Z coordinate is not zero. Marking the mol as 3D.
[12:15:54] Warning: molecule is tagged as 2D, but at least one Z coordinate is not zero. Marking the mol as 3D.
[12:15:54] Warning: molecule is tagged as 2D, but at least one Z coordinate is not zero. Marking the mol as 3D.
[12:15:54] Warning: molecule is tagged as 2D, but at least one Z coordinate is not zero. Marking the mol as 3D.
[12:15:54] Warning: molecule is tagged as 2D, but at least one Z coordinate is not zero. Marking the mol as 3D.
[12:15:54] Warning: molecule is tagged as 2D, but at least one Z coordinate is not zero. Marking the mol as 3D.
[12:15:54] Warning: molecule is tagged as 2D, but at least one Z coordinate is not zero. Marking the mol as 3D.
[12:15:54] Warning: molecule is tagged as 2D, but at least one Z coordinate is not zero. Marking the mol as 3D.
[12:15:54] Warning: molecule is tagged as 2D, but at least one Z coordinate is not zero. Marking the mol as 3D.
2026-06-09 12:15:54    Pose   minimizedAffinity    CNNscore   CNNaffinity          
2026-06-09 12:15:54    --------------------------------------------------------------
2026-06-09 12:15:54       1             -10.373      0.8920        +8.350  ★ best
2026-06-09 12:15:54       2             -10.121      0.8261        +8.340
2026-06-09 12:15:54       3             -10.702      0.8015        +8.370
2026-06-09 12:15:54       4              -9.266      0.7697        +8.210
2026-06-09 12:15:54       5             -10.000      0.7120        +8.128
2026-06-09 12:15:54       6              -8.954      0.1134        +6.890
2026-06-09 12:15:54       7              -8.764      0.0983        +7.079
2026-06-09 12:15:54       8              -6.066      0.0871        +5.506
2026-06-09 12:15:54       9              -8.715      0.0871        +6.706
2026-06-09 12:15:54  
────────────────────────────────────────────────────────────
2026-06-09 12:15:54  [65/200] actives_64_CHEMBL1087650
2026-06-09 12:15:54  ────────────────────────────────────────────────────────────
[12:16:49] Warning: molecule is tagged as 2D, but at least one Z coordinate is not zero. Marking the mol as 3D.
[12:16:49] Warning: molecule is tagged as 2D, but at least one Z coordinate is not zero. Marking the mol as 3D.
[12:16:49] Warning: molecule is tagged as 2D, but at least one Z coordinate is not zero. Marking the mol as 3D.
[12:16:49] Warning: molecule is tagged as 2D, but at least one Z coordinate is not zero. Marking the mol as 3D.
[12:16:49] Warning: molecule is tagged as 2D, but at least one Z coordinate is not zero. Marking the mol as 3D.
[12:16:49] Warning: molecule is tagged as 2D, but at least one Z coordinate is not zero. Marking the mol as 3D.
[12:16:49] Warning: molecule is tagged as 2D, but at least one Z coordinate is not zero. Marking the mol as 3D.
[12:16:49] Warning: molecule is tagged as 2D, but at least one Z coordinate is not zero. Marking the mol as 3D.
[12:16:49] Warning: molecule is tagged as 2D, but at least one Z coordinate is not zero. Marking the mol as 3D.
2026-06-09 12:16:49    Pose   minimizedAffinity    CNNscore   CNNaffinity          
2026-06-09 12:16:49    --------------------------------------------------------------
2026-06-09 12:16:49       1              -3.599      0.7282        +5.867  ★ best
2026-06-09 12:16:49       2              +3.282      0.5510        +7.462
2026-06-09 12:16:49       3              -6.042      0.4995        +7.128
2026-06-09 12:16:49       4              -3.527      0.4410        +7.093
2026-06-09 12:16:49       5              -5.590      0.4291        +6.937
2026-06-09 12:16:49       6              -4.646      0.4117        +5.847
2026-06-09 12:16:49       7              +2.774      0.3051        +7.115
2026-06-09 12:16:49       8              -5.727      0.2750        +5.947
2026-06-09 12:16:49       9              -5.085      0.2505        +5.786
2026-06-09 12:16:49  
────────────────────────────────────────────────────────────
2026-06-09 12:16:49  [66/200] actives_65_CHEMBL249820
2026-06-09 12:16:49  ────────────────────────────────────────────────────────────
[12:17:27] Warning: molecule is tagged as 2D, but at least one Z coordinate is not zero. Marking the mol as 3D.
[12:17:27] Warning: molecule is tagged as 2D, but at least one Z coordinate is not zero. Marking the mol as 3D.
[12:17:27] Warning: molecule is tagged as 2D, but at least one Z coordinate is not zero. Marking the mol as 3D.
[12:17:27] Warning: molecule is tagged as 2D, but at least one Z coordinate is not zero. Marking the mol as 3D.
[12:17:27] Warning: molecule is tagged as 2D, but at least one Z coordinate is not zero. Marking the mol as 3D.
[12:17:27] Warning: molecule is tagged as 2D, but at least one Z coordinate is not zero. Marking the mol as 3D.
[12:17:27] Warning: molecule is tagged as 2D, but at least one Z coordinate is not zero. Marking the mol as 3D.
[12:17:27] Warning: molecule is tagged as 2D, but at least one Z coordinate is not zero. Marking the mol as 3D.
[12:17:27] Warning: molecule is tagged as 2D, but at least one Z coordinate is not zero. Marking the mol as 3D.
2026-06-09 12:17:27    Pose   minimizedAffinity    CNNscore   CNNaffinity          
2026-06-09 12:17:27    --------------------------------------------------------------
2026-06-09 12:17:27       1             -13.103      0.9899        +8.339  ★ best
2026-06-09 12:17:27       2             -12.328      0.9593        +8.158
2026-06-09 12:17:27       3             -11.834      0.8538        +8.007
2026-06-09 12:17:27       4             -11.997      0.8472        +7.949
2026-06-09 12:17:27       5             -11.557      0.6410        +7.643
2026-06-09 12:17:27       6             -11.116      0.5532        +7.291
2026-06-09 12:17:27       7             -10.378      0.4587        +6.833
2026-06-09 12:17:27       8             -10.539      0.4477        +6.860
2026-06-09 12:17:27       9             -10.977      0.4129        +6.542
2026-06-09 12:17:27  
────────────────────────────────────────────────────────────
2026-06-09 12:17:27  [67/200] actives_66_CHEMBL1171658
2026-06-09 12:17:27  ────────────────────────────────────────────────────────────
[12:18:45] Warning: molecule is tagged as 2D, but at least one Z coordinate is not zero. Marking the mol as 3D.
[12:18:45] Warning: molecule is tagged as 2D, but at least one Z coordinate is not zero. Marking the mol as 3D.
[12:18:45] Warning: molecule is tagged as 2D, but at least one Z coordinate is not zero. Marking the mol as 3D.
[12:18:45] Warning: molecule is tagged as 2D, but at least one Z coordinate is not zero. Marking the mol as 3D.
[12:18:45] Warning: molecule is tagged as 2D, but at least one Z coordinate is not zero. Marking the mol as 3D.
[12:18:45] Warning: molecule is tagged as 2D, but at least one Z coordinate is not zero. Marking the mol as 3D.
[12:18:45] Warning: molecule is tagged as 2D, but at least one Z coordinate is not zero. Marking the mol as 3D.
[12:18:45] Warning: molecule is tagged as 2D, but at least one Z coordinate is not zero. Marking the mol as 3D.
[12:18:45] Warning: molecule is tagged as 2D, but at least one Z coordinate is not zero. Marking the mol as 3D.
2026-06-09 12:18:45    Pose   minimizedAffinity    CNNscore   CNNaffinity          
2026-06-09 12:18:45    --------------------------------------------------------------
2026-06-09 12:18:45       1              -9.629      0.3702        +6.649  ★ best
2026-06-09 12:18:45       2              -4.921      0.3381        +5.455
2026-06-09 12:18:45       3              -9.637      0.3226        +6.544
2026-06-09 12:18:45       4              -9.576      0.2955        +6.772
2026-06-09 12:18:45       5              -9.206      0.2931        +6.622
2026-06-09 12:18:45       6             -10.650      0.2125        +6.692
2026-06-09 12:18:45       7              -4.911      0.2121        +5.278
2026-06-09 12:18:45       8             -10.932      0.2050        +6.740
2026-06-09 12:18:45       9              -8.320      0.1826        +6.359
2026-06-09 12:18:45  
────────────────────────────────────────────────────────────
2026-06-09 12:18:45  [68/200] actives_67_CHEMBL120077
2026-06-09 12:18:45  ────────────────────────────────────────────────────────────
[12:19:08] Warning: molecule is tagged as 2D, but at least one Z coordinate is not zero. Marking the mol as 3D.
[12:19:08] Warning: molecule is tagged as 2D, but at least one Z coordinate is not zero. Marking the mol as 3D.
[12:19:08] Warning: molecule is tagged as 2D, but at least one Z coordinate is not zero. Marking the mol as 3D.
[12:19:08] Warning: molecule is tagged as 2D, but at least one Z coordinate is not zero. Marking the mol as 3D.
[12:19:08] Warning: molecule is tagged as 2D, but at least one Z coordinate is not zero. Marking the mol as 3D.
[12:19:08] Warning: molecule is tagged as 2D, but at least one Z coordinate is not zero. Marking the mol as 3D.
[12:19:08] Warning: molecule is tagged as 2D, but at least one Z coordinate is not zero. Marking the mol as 3D.
[12:19:08] Warning: molecule is tagged as 2D, but at least one Z coordinate is not zero. Marking the mol as 3D.
[12:19:08] Warning: molecule is tagged as 2D, but at least one Z coordinate is not zero. Marking the mol as 3D.
2026-06-09 12:19:08    Pose   minimizedAffinity    CNNscore   CNNaffinity          
2026-06-09 12:19:08    --------------------------------------------------------------
2026-06-09 12:19:08       1             -10.473      0.9726        +7.338  ★ best
2026-06-09 12:19:08       2             -10.453      0.8040        +7.016
2026-06-09 12:19:08       3              -9.147      0.7518        +7.342
2026-06-09 12:19:08       4              -9.525      0.7135        +6.828
2026-06-09 12:19:08       5             -10.325      0.6649        +6.647
2026-06-09 12:19:08       6             -10.034      0.6073        +6.731
2026-06-09 12:19:08       7             -10.125      0.5882        +6.278
2026-06-09 12:19:08       8              -9.041      0.3908        +5.800
2026-06-09 12:19:08       9              -9.884      0.3397        +6.376
2026-06-09 12:19:08  
────────────────────────────────────────────────────────────
2026-06-09 12:19:08  [69/200] actives_68_CHEMBL518031
2026-06-09 12:19:08  ────────────────────────────────────────────────────────────
[12:19:57] Warning: molecule is tagged as 2D, but at least one Z coordinate is not zero. Marking the mol as 3D.
[12:19:57] Warning: molecule is tagged as 2D, but at least one Z coordinate is not zero. Marking the mol as 3D.
[12:19:57] Warning: molecule is tagged as 2D, but at least one Z coordinate is not zero. Marking the mol as 3D.
[12:19:57] Warning: molecule is tagged as 2D, but at least one Z coordinate is not zero. Marking the mol as 3D.
[12:19:57] Warning: molecule is tagged as 2D, but at least one Z coordinate is not zero. Marking the mol as 3D.
[12:19:57] Warning: molecule is tagged as 2D, but at least one Z coordinate is not zero. Marking the mol as 3D.
[12:19:57] Warning: molecule is tagged as 2D, but at least one Z coordinate is not zero. Marking the mol as 3D.
[12:19:57] Warning: molecule is tagged as 2D, but at least one Z coordinate is not zero. Marking the mol as 3D.
[12:19:57] Warning: molecule is tagged as 2D, but at least one Z coordinate is not zero. Marking the mol as 3D.
2026-06-09 12:19:57    Pose   minimizedAffinity    CNNscore   CNNaffinity          
2026-06-09 12:19:57    --------------------------------------------------------------
2026-06-09 12:19:57       1              -7.680      0.6468        +6.494  ★ best
2026-06-09 12:19:57       2              -7.824      0.6184        +7.295
2026-06-09 12:19:57       3              -8.649      0.5710        +7.236
2026-06-09 12:19:57       4              -8.159      0.5405        +7.144
2026-06-09 12:19:57       5              +9.202      0.3003        +5.760
2026-06-09 12:19:57       6              -8.131      0.2981        +6.645
2026-06-09 12:19:57       7              -8.317      0.2863        +6.550
2026-06-09 12:19:57       8              -9.483      0.2832        +6.385
2026-06-09 12:19:57       9              -5.594      0.2644        +4.808
2026-06-09 12:19:57  
────────────────────────────────────────────────────────────
2026-06-09 12:19:57  [70/200] actives_69_CHEMBL122068
2026-06-09 12:19:57  ────────────────────────────────────────────────────────────
[12:20:12] Warning: molecule is tagged as 2D, but at least one Z coordinate is not zero. Marking the mol as 3D.
[12:20:12] Warning: molecule is tagged as 2D, but at least one Z coordinate is not zero. Marking the mol as 3D.
[12:20:12] Warning: molecule is tagged as 2D, but at least one Z coordinate is not zero. Marking the mol as 3D.
[12:20:12] Warning: molecule is tagged as 2D, but at least one Z coordinate is not zero. Marking the mol as 3D.
[12:20:12] Warning: molecule is tagged as 2D, but at least one Z coordinate is not zero. Marking the mol as 3D.
[12:20:12] Warning: molecule is tagged as 2D, but at least one Z coordinate is not zero. Marking the mol as 3D.
[12:20:12] Warning: molecule is tagged as 2D, but at least one Z coordinate is not zero. Marking the mol as 3D.
[12:20:12] Warning: molecule is tagged as 2D, but at least one Z coordinate is not zero. Marking the mol as 3D.
[12:20:12] Warning: molecule is tagged as 2D, but at least one Z coordinate is not zero. Marking the mol as 3D.
2026-06-09 12:20:12    Pose   minimizedAffinity    CNNscore   CNNaffinity          
2026-06-09 12:20:12    --------------------------------------------------------------
2026-06-09 12:20:12       1              -9.590      0.9386        +6.836  ★ best
2026-06-09 12:20:12       2              -9.264      0.9256        +6.761
2026-06-09 12:20:12       3              -9.915      0.8859        +6.692
2026-06-09 12:20:12       4              -9.301      0.8312        +6.649
2026-06-09 12:20:12       5              -7.782      0.8007        +6.027
2026-06-09 12:20:12       6              -9.556      0.7327        +6.741
2026-06-09 12:20:12       7              -8.340      0.7312        +6.515
2026-06-09 12:20:12       8              -9.101      0.6484        +6.566
2026-06-09 12:20:12       9              -9.270      0.6185        +6.053
2026-06-09 12:20:12  
────────────────────────────────────────────────────────────
2026-06-09 12:20:12  [71/200] actives_70_CHEMBL122068
2026-06-09 12:20:12  ────────────────────────────────────────────────────────────
[12:20:27] Warning: molecule is tagged as 2D, but at least one Z coordinate is not zero. Marking the mol as 3D.
[12:20:27] Warning: molecule is tagged as 2D, but at least one Z coordinate is not zero. Marking the mol as 3D.
[12:20:27] Warning: molecule is tagged as 2D, but at least one Z coordinate is not zero. Marking the mol as 3D.
[12:20:27] Warning: molecule is tagged as 2D, but at least one Z coordinate is not zero. Marking the mol as 3D.
[12:20:27] Warning: molecule is tagged as 2D, but at least one Z coordinate is not zero. Marking the mol as 3D.
[12:20:27] Warning: molecule is tagged as 2D, but at least one Z coordinate is not zero. Marking the mol as 3D.
[12:20:27] Warning: molecule is tagged as 2D, but at least one Z coordinate is not zero. Marking the mol as 3D.
[12:20:27] Warning: molecule is tagged as 2D, but at least one Z coordinate is not zero. Marking the mol as 3D.
[12:20:27] Warning: molecule is tagged as 2D, but at least one Z coordinate is not zero. Marking the mol as 3D.
2026-06-09 12:20:27    Pose   minimizedAffinity    CNNscore   CNNaffinity          
2026-06-09 12:20:27    --------------------------------------------------------------
2026-06-09 12:20:27       1              -9.565      0.9228        +6.739  ★ best
2026-06-09 12:20:27       2              -9.807      0.9215        +6.814
2026-06-09 12:20:27       3              -9.931      0.8829        +6.672
2026-06-09 12:20:27       4              -8.657      0.8197        +6.600
2026-06-09 12:20:27       5              -9.299      0.8139        +6.661
2026-06-09 12:20:27       6              -8.237      0.7750        +6.026
2026-06-09 12:20:27       7              -9.526      0.6602        +6.701
2026-06-09 12:20:27       8              -9.037      0.6246        +6.596
2026-06-09 12:20:27       9              -8.143      0.5406        +6.182
2026-06-09 12:20:27  
────────────────────────────────────────────────────────────
2026-06-09 12:20:27  [72/200] actives_71_CHEMBL331906
2026-06-09 12:20:27  ────────────────────────────────────────────────────────────
[12:20:58] Warning: molecule is tagged as 2D, but at least one Z coordinate is not zero. Marking the mol as 3D.
[12:20:58] Warning: molecule is tagged as 2D, but at least one Z coordinate is not zero. Marking the mol as 3D.
[12:20:58] Warning: molecule is tagged as 2D, but at least one Z coordinate is not zero. Marking the mol as 3D.
[12:20:58] Warning: molecule is tagged as 2D, but at least one Z coordinate is not zero. Marking the mol as 3D.
[12:20:58] Warning: molecule is tagged as 2D, but at least one Z coordinate is not zero. Marking the mol as 3D.
[12:20:58] Warning: molecule is tagged as 2D, but at least one Z coordinate is not zero. Marking the mol as 3D.
[12:20:58] Warning: molecule is tagged as 2D, but at least one Z coordinate is not zero. Marking the mol as 3D.
[12:20:58] Warning: molecule is tagged as 2D, but at least one Z coordinate is not zero. Marking the mol as 3D.
[12:20:58] Warning: molecule is tagged as 2D, but at least one Z coordinate is not zero. Marking the mol as 3D.
2026-06-09 12:20:58    Pose   minimizedAffinity    CNNscore   CNNaffinity          
2026-06-09 12:20:58    --------------------------------------------------------------
2026-06-09 12:20:58       1              -5.706      0.5848        +7.196  ★ best
2026-06-09 12:20:58       2              -6.217      0.5214        +6.896
2026-06-09 12:20:58       3              -6.543      0.4726        +7.104
2026-06-09 12:20:58       4              -6.902      0.4613        +7.201
2026-06-09 12:20:58       5              -6.091      0.4522        +6.928
2026-06-09 12:20:58       6              -5.504      0.4001        +7.124
2026-06-09 12:20:58       7              -6.040      0.3466        +7.018
2026-06-09 12:20:58       8              -8.362      0.2922        +6.921
2026-06-09 12:20:58       9              -5.964      0.2816        +6.882
2026-06-09 12:20:58  
────────────────────────────────────────────────────────────
2026-06-09 12:20:58  [73/200] actives_72_CHEMBL1172397
2026-06-09 12:20:58  ────────────────────────────────────────────────────────────
[12:22:02] Warning: molecule is tagged as 2D, but at least one Z coordinate is not zero. Marking the mol as 3D.
[12:22:02] Warning: molecule is tagged as 2D, but at least one Z coordinate is not zero. Marking the mol as 3D.
[12:22:02] Warning: molecule is tagged as 2D, but at least one Z coordinate is not zero. Marking the mol as 3D.
[12:22:02] Warning: molecule is tagged as 2D, but at least one Z coordinate is not zero. Marking the mol as 3D.
[12:22:02] Warning: molecule is tagged as 2D, but at least one Z coordinate is not zero. Marking the mol as 3D.
[12:22:02] Warning: molecule is tagged as 2D, but at least one Z coordinate is not zero. Marking the mol as 3D.
[12:22:02] Warning: molecule is tagged as 2D, but at least one Z coordinate is not zero. Marking the mol as 3D.
[12:22:02] Warning: molecule is tagged as 2D, but at least one Z coordinate is not zero. Marking the mol as 3D.
[12:22:02] Warning: molecule is tagged as 2D, but at least one Z coordinate is not zero. Marking the mol as 3D.
2026-06-09 12:22:02    Pose   minimizedAffinity    CNNscore   CNNaffinity          
2026-06-09 12:22:02    --------------------------------------------------------------
2026-06-09 12:22:02       1              -5.887      0.3126        +5.817  ★ best
2026-06-09 12:22:02       2              -5.596      0.2914        +5.352
2026-06-09 12:22:02       3              -5.695      0.2687        +5.639
2026-06-09 12:22:02       4             -10.171      0.2571        +6.748
2026-06-09 12:22:02       5              -6.615      0.2432        +6.929
2026-06-09 12:22:02       6              -5.731      0.2406        +5.554
2026-06-09 12:22:02       7              -5.657      0.2387        +6.750
2026-06-09 12:22:02       8              -8.694      0.2310        +6.809
2026-06-09 12:22:02       9             -10.025      0.2181        +6.826
2026-06-09 12:22:02  
────────────────────────────────────────────────────────────
2026-06-09 12:22:02  [74/200] actives_73_CHEMBL255863
2026-06-09 12:22:02  ────────────────────────────────────────────────────────────
[12:23:19] Warning: molecule is tagged as 2D, but at least one Z coordinate is not zero. Marking the mol as 3D.
[12:23:19] Warning: molecule is tagged as 2D, but at least one Z coordinate is not zero. Marking the mol as 3D.
[12:23:19] Warning: molecule is tagged as 2D, but at least one Z coordinate is not zero. Marking the mol as 3D.
[12:23:19] Warning: molecule is tagged as 2D, but at least one Z coordinate is not zero. Marking the mol as 3D.
[12:23:19] Warning: molecule is tagged as 2D, but at least one Z coordinate is not zero. Marking the mol as 3D.
[12:23:19] Warning: molecule is tagged as 2D, but at least one Z coordinate is not zero. Marking the mol as 3D.
[12:23:19] Warning: molecule is tagged as 2D, but at least one Z coordinate is not zero. Marking the mol as 3D.
[12:23:19] Warning: molecule is tagged as 2D, but at least one Z coordinate is not zero. Marking the mol as 3D.
[12:23:19] Warning: molecule is tagged as 2D, but at least one Z coordinate is not zero. Marking the mol as 3D.
2026-06-09 12:23:19    Pose   minimizedAffinity    CNNscore   CNNaffinity          
2026-06-09 12:23:19    --------------------------------------------------------------
2026-06-09 12:23:19       1              -8.637      0.2523        +7.292  ★ best
2026-06-09 12:23:19       2              -9.777      0.2371        +7.194
2026-06-09 12:23:19       3             -10.197      0.1688        +7.274
2026-06-09 12:23:19       4             -10.402      0.1310        +6.693
2026-06-09 12:23:19       5             -11.575      0.1206        +7.023
2026-06-09 12:23:19       6              -9.730      0.1084        +6.776
2026-06-09 12:23:19       7             -10.322      0.1024        +6.942
2026-06-09 12:23:19       8             -11.117      0.0867        +6.939
2026-06-09 12:23:19       9              -9.569      0.0817        +6.428
2026-06-09 12:23:19  
────────────────────────────────────────────────────────────
2026-06-09 12:23:19  [75/200] actives_74_CHEMBL184742
2026-06-09 12:23:19  ────────────────────────────────────────────────────────────
[12:24:20] Warning: molecule is tagged as 2D, but at least one Z coordinate is not zero. Marking the mol as 3D.
[12:24:20] Warning: molecule is tagged as 2D, but at least one Z coordinate is not zero. Marking the mol as 3D.
[12:24:20] Warning: molecule is tagged as 2D, but at least one Z coordinate is not zero. Marking the mol as 3D.
[12:24:20] Warning: molecule is tagged as 2D, but at least one Z coordinate is not zero. Marking the mol as 3D.
[12:24:20] Warning: molecule is tagged as 2D, but at least one Z coordinate is not zero. Marking the mol as 3D.
[12:24:20] Warning: molecule is tagged as 2D, but at least one Z coordinate is not zero. Marking the mol as 3D.
[12:24:20] Warning: molecule is tagged as 2D, but at least one Z coordinate is not zero. Marking the mol as 3D.
[12:24:20] Warning: molecule is tagged as 2D, but at least one Z coordinate is not zero. Marking the mol as 3D.
[12:24:20] Warning: molecule is tagged as 2D, but at least one Z coordinate is not zero. Marking the mol as 3D.
2026-06-09 12:24:20    Pose   minimizedAffinity    CNNscore   CNNaffinity          
2026-06-09 12:24:20    --------------------------------------------------------------
2026-06-09 12:24:20       1             -10.037      0.6513        +7.557  ★ best
2026-06-09 12:24:20       2             -10.613      0.5845        +7.488
2026-06-09 12:24:20       3             -10.598      0.4250        +7.309
2026-06-09 12:24:20       4              -9.185      0.4077        +7.235
2026-06-09 12:24:20       5             -10.448      0.3611        +7.237
2026-06-09 12:24:20       6              -6.855      0.2677        +6.787
2026-06-09 12:24:20       7              -9.042      0.2235        +6.192
2026-06-09 12:24:20       8              -8.526      0.1796        +6.076
2026-06-09 12:24:20       9             -10.473      0.1562        +6.653
2026-06-09 12:24:20  
────────────────────────────────────────────────────────────
2026-06-09 12:24:20  [76/200] actives_75_CHEMBL428029
2026-06-09 12:24:20  ────────────────────────────────────────────────────────────
[12:25:08] Warning: molecule is tagged as 2D, but at least one Z coordinate is not zero. Marking the mol as 3D.
[12:25:08] Warning: molecule is tagged as 2D, but at least one Z coordinate is not zero. Marking the mol as 3D.
[12:25:08] Warning: molecule is tagged as 2D, but at least one Z coordinate is not zero. Marking the mol as 3D.
[12:25:08] Warning: molecule is tagged as 2D, but at least one Z coordinate is not zero. Marking the mol as 3D.
[12:25:08] Warning: molecule is tagged as 2D, but at least one Z coordinate is not zero. Marking the mol as 3D.
[12:25:08] Warning: molecule is tagged as 2D, but at least one Z coordinate is not zero. Marking the mol as 3D.
[12:25:08] Warning: molecule is tagged as 2D, but at least one Z coordinate is not zero. Marking the mol as 3D.
[12:25:08] Warning: molecule is tagged as 2D, but at least one Z coordinate is not zero. Marking the mol as 3D.
[12:25:08] Warning: molecule is tagged as 2D, but at least one Z coordinate is not zero. Marking the mol as 3D.
2026-06-09 12:25:08    Pose   minimizedAffinity    CNNscore   CNNaffinity          
2026-06-09 12:25:08    --------------------------------------------------------------
2026-06-09 12:25:08       1              -7.757      0.5721        +7.523  ★ best
2026-06-09 12:25:08       2              -7.021      0.4953        +7.367
2026-06-09 12:25:08       3              -7.098      0.4838        +7.655
2026-06-09 12:25:08       4              -6.865      0.4492        +7.361
2026-06-09 12:25:08       5              -8.745      0.4000        +7.145
2026-06-09 12:25:08       6              -7.990      0.3871        +6.368
2026-06-09 12:25:08       7              -7.081      0.3306        +7.319
2026-06-09 12:25:08       8              -7.004      0.2823        +6.472
2026-06-09 12:25:08       9              -6.977      0.2089        +6.358
2026-06-09 12:25:08  
────────────────────────────────────────────────────────────
2026-06-09 12:25:08  [77/200] actives_76_CHEMBL376945
2026-06-09 12:25:08  ────────────────────────────────────────────────────────────
[12:26:10] Warning: molecule is tagged as 2D, but at least one Z coordinate is not zero. Marking the mol as 3D.
[12:26:10] Warning: molecule is tagged as 2D, but at least one Z coordinate is not zero. Marking the mol as 3D.
[12:26:10] Warning: molecule is tagged as 2D, but at least one Z coordinate is not zero. Marking the mol as 3D.
[12:26:10] Warning: molecule is tagged as 2D, but at least one Z coordinate is not zero. Marking the mol as 3D.
[12:26:10] Warning: molecule is tagged as 2D, but at least one Z coordinate is not zero. Marking the mol as 3D.
[12:26:10] Warning: molecule is tagged as 2D, but at least one Z coordinate is not zero. Marking the mol as 3D.
[12:26:10] Warning: molecule is tagged as 2D, but at least one Z coordinate is not zero. Marking the mol as 3D.
[12:26:10] Warning: molecule is tagged as 2D, but at least one Z coordinate is not zero. Marking the mol as 3D.
[12:26:10] Warning: molecule is tagged as 2D, but at least one Z coordinate is not zero. Marking the mol as 3D.
2026-06-09 12:26:10    Pose   minimizedAffinity    CNNscore   CNNaffinity          
2026-06-09 12:26:10    --------------------------------------------------------------
2026-06-09 12:26:10       1             -10.431      0.9407        +8.291  ★ best
2026-06-09 12:26:10       2             -11.019      0.8909        +8.156
2026-06-09 12:26:10       3              -9.965      0.8092        +7.952
2026-06-09 12:26:10       4             -10.197      0.8045        +8.016
2026-06-09 12:26:10       5              -9.755      0.7751        +7.881
2026-06-09 12:26:10       6             -10.775      0.7422        +7.949
2026-06-09 12:26:10       7              -9.531      0.4176        +7.366
2026-06-09 12:26:10       8              -9.370      0.4054        +7.242
2026-06-09 12:26:10       9              -9.472      0.3861        +7.174
2026-06-09 12:26:10  
────────────────────────────────────────────────────────────
2026-06-09 12:26:10  [78/200] actives_77_CHEMBL536073
2026-06-09 12:26:10  ────────────────────────────────────────────────────────────
[12:27:52] Warning: molecule is tagged as 2D, but at least one Z coordinate is not zero. Marking the mol as 3D.
[12:27:52] Warning: molecule is tagged as 2D, but at least one Z coordinate is not zero. Marking the mol as 3D.
[12:27:52] Warning: molecule is tagged as 2D, but at least one Z coordinate is not zero. Marking the mol as 3D.
[12:27:52] Warning: molecule is tagged as 2D, but at least one Z coordinate is not zero. Marking the mol as 3D.
[12:27:52] Warning: molecule is tagged as 2D, but at least one Z coordinate is not zero. Marking the mol as 3D.
[12:27:52] Warning: molecule is tagged as 2D, but at least one Z coordinate is not zero. Marking the mol as 3D.
[12:27:52] Warning: molecule is tagged as 2D, but at least one Z coordinate is not zero. Marking the mol as 3D.
[12:27:52] Warning: molecule is tagged as 2D, but at least one Z coordinate is not zero. Marking the mol as 3D.
[12:27:52] Warning: molecule is tagged as 2D, but at least one Z coordinate is not zero. Marking the mol as 3D.
2026-06-09 12:27:52    Pose   minimizedAffinity    CNNscore   CNNaffinity          
2026-06-09 12:27:52    --------------------------------------------------------------
2026-06-09 12:27:52       1              -9.445      0.5475        +7.501  ★ best
2026-06-09 12:27:52       2              -9.772      0.2172        +6.610
2026-06-09 12:27:52       3              -9.689      0.2060        +6.904
2026-06-09 12:27:52       4              -9.828      0.1965        +6.965
2026-06-09 12:27:52       5              -9.557      0.1854        +6.728
2026-06-09 12:27:52       6              -9.433      0.1425        +6.890
2026-06-09 12:27:52       7              -9.668      0.1314        +6.869
2026-06-09 12:27:52       8              -8.987      0.0964        +6.684
2026-06-09 12:27:52       9              -9.315      0.0898        +6.597
2026-06-09 12:27:52  
────────────────────────────────────────────────────────────
2026-06-09 12:27:52  [79/200] actives_78_CHEMBL550281
2026-06-09 12:27:52  ────────────────────────────────────────────────────────────
[12:28:33] Warning: molecule is tagged as 2D, but at least one Z coordinate is not zero. Marking the mol as 3D.
[12:28:33] Warning: molecule is tagged as 2D, but at least one Z coordinate is not zero. Marking the mol as 3D.
[12:28:33] Warning: molecule is tagged as 2D, but at least one Z coordinate is not zero. Marking the mol as 3D.
[12:28:33] Warning: molecule is tagged as 2D, but at least one Z coordinate is not zero. Marking the mol as 3D.
[12:28:33] Warning: molecule is tagged as 2D, but at least one Z coordinate is not zero. Marking the mol as 3D.
[12:28:33] Warning: molecule is tagged as 2D, but at least one Z coordinate is not zero. Marking the mol as 3D.
[12:28:33] Warning: molecule is tagged as 2D, but at least one Z coordinate is not zero. Marking the mol as 3D.
[12:28:33] Warning: molecule is tagged as 2D, but at least one Z coordinate is not zero. Marking the mol as 3D.
[12:28:33] Warning: molecule is tagged as 2D, but at least one Z coordinate is not zero. Marking the mol as 3D.
2026-06-09 12:28:33    Pose   minimizedAffinity    CNNscore   CNNaffinity          
2026-06-09 12:28:33    --------------------------------------------------------------
2026-06-09 12:28:33       1             -10.106      0.5392        +6.491  ★ best
2026-06-09 12:28:33       2              -8.919      0.4518        +6.593
2026-06-09 12:28:33       3              -8.507      0.3980        +6.459
2026-06-09 12:28:33       4             -10.415      0.3872        +6.407
2026-06-09 12:28:33       5             -10.877      0.3222        +6.535
2026-06-09 12:28:33       6             -10.308      0.3158        +6.399
2026-06-09 12:28:33       7              -8.649      0.3134        +6.454
2026-06-09 12:28:33       8              -9.636      0.2913        +6.614
2026-06-09 12:28:33       9              -6.686      0.2902        +6.455
2026-06-09 12:28:33  
────────────────────────────────────────────────────────────
2026-06-09 12:28:33  [80/200] actives_79_CHEMBL191003
2026-06-09 12:28:33  ────────────────────────────────────────────────────────────
[12:29:09] Warning: molecule is tagged as 2D, but at least one Z coordinate is not zero. Marking the mol as 3D.
[12:29:09] Warning: molecule is tagged as 2D, but at least one Z coordinate is not zero. Marking the mol as 3D.
[12:29:09] Warning: molecule is tagged as 2D, but at least one Z coordinate is not zero. Marking the mol as 3D.
[12:29:09] Warning: molecule is tagged as 2D, but at least one Z coordinate is not zero. Marking the mol as 3D.
[12:29:09] Warning: molecule is tagged as 2D, but at least one Z coordinate is not zero. Marking the mol as 3D.
[12:29:09] Warning: molecule is tagged as 2D, but at least one Z coordinate is not zero. Marking the mol as 3D.
[12:29:09] Warning: molecule is tagged as 2D, but at least one Z coordinate is not zero. Marking the mol as 3D.
[12:29:09] Warning: molecule is tagged as 2D, but at least one Z coordinate is not zero. Marking the mol as 3D.
[12:29:09] Warning: molecule is tagged as 2D, but at least one Z coordinate is not zero. Marking the mol as 3D.
2026-06-09 12:29:09    Pose   minimizedAffinity    CNNscore   CNNaffinity          
2026-06-09 12:29:09    --------------------------------------------------------------
2026-06-09 12:29:09       1              -8.936      0.6018        +7.166  ★ best
2026-06-09 12:29:09       2              -8.677      0.5605        +7.140
2026-06-09 12:29:09       3              -8.734      0.4182        +6.433
2026-06-09 12:29:09       4              -8.232      0.4049        +6.297
2026-06-09 12:29:09       5             -10.307      0.3892        +6.351
2026-06-09 12:29:09       6              -9.776      0.3891        +6.762
2026-06-09 12:29:09       7             -10.628      0.3880        +6.653
2026-06-09 12:29:09       8              -8.610      0.3844        +6.463
2026-06-09 12:29:09       9             -10.675      0.3597        +6.593
2026-06-09 12:29:09  
────────────────────────────────────────────────────────────
2026-06-09 12:29:09  [81/200] actives_80_CHEMBL536983
2026-06-09 12:29:09  ────────────────────────────────────────────────────────────
[12:31:02] Warning: molecule is tagged as 2D, but at least one Z coordinate is not zero. Marking the mol as 3D.
[12:31:02] Warning: molecule is tagged as 2D, but at least one Z coordinate is not zero. Marking the mol as 3D.
[12:31:02] Warning: molecule is tagged as 2D, but at least one Z coordinate is not zero. Marking the mol as 3D.
[12:31:02] Warning: molecule is tagged as 2D, but at least one Z coordinate is not zero. Marking the mol as 3D.
[12:31:02] Warning: molecule is tagged as 2D, but at least one Z coordinate is not zero. Marking the mol as 3D.
[12:31:02] Warning: molecule is tagged as 2D, but at least one Z coordinate is not zero. Marking the mol as 3D.
[12:31:02] Warning: molecule is tagged as 2D, but at least one Z coordinate is not zero. Marking the mol as 3D.
[12:31:02] Warning: molecule is tagged as 2D, but at least one Z coordinate is not zero. Marking the mol as 3D.
[12:31:02] Warning: molecule is tagged as 2D, but at least one Z coordinate is not zero. Marking the mol as 3D.
2026-06-09 12:31:02    Pose   minimizedAffinity    CNNscore   CNNaffinity          
2026-06-09 12:31:02    --------------------------------------------------------------
2026-06-09 12:31:02       1              -8.924      0.4620        +7.307  ★ best
2026-06-09 12:31:02       2              -8.924      0.4015        +7.289
2026-06-09 12:31:02       3              -8.914      0.3619        +7.303
2026-06-09 12:31:02       4              -8.746      0.3270        +7.151
2026-06-09 12:31:02       5              -9.196      0.3247        +7.120
2026-06-09 12:31:02       6              -8.975      0.2844        +7.106
2026-06-09 12:31:02       7             -10.065      0.2809        +7.258
2026-06-09 12:31:02       8              -9.134      0.2749        +7.202
2026-06-09 12:31:02       9              -8.832      0.1694        +7.221
2026-06-09 12:31:02  
────────────────────────────────────────────────────────────
2026-06-09 12:31:02  [82/200] actives_81_CHEMBL1213924
2026-06-09 12:31:02  ────────────────────────────────────────────────────────────
[12:32:03] Warning: molecule is tagged as 2D, but at least one Z coordinate is not zero. Marking the mol as 3D.
[12:32:03] Warning: molecule is tagged as 2D, but at least one Z coordinate is not zero. Marking the mol as 3D.
[12:32:03] Warning: molecule is tagged as 2D, but at least one Z coordinate is not zero. Marking the mol as 3D.
[12:32:03] Warning: molecule is tagged as 2D, but at least one Z coordinate is not zero. Marking the mol as 3D.
[12:32:03] Warning: molecule is tagged as 2D, but at least one Z coordinate is not zero. Marking the mol as 3D.
[12:32:03] Warning: molecule is tagged as 2D, but at least one Z coordinate is not zero. Marking the mol as 3D.
[12:32:03] Warning: molecule is tagged as 2D, but at least one Z coordinate is not zero. Marking the mol as 3D.
[12:32:03] Warning: molecule is tagged as 2D, but at least one Z coordinate is not zero. Marking the mol as 3D.
[12:32:03] Warning: molecule is tagged as 2D, but at least one Z coordinate is not zero. Marking the mol as 3D.
2026-06-09 12:32:03    Pose   minimizedAffinity    CNNscore   CNNaffinity          
2026-06-09 12:32:03    --------------------------------------------------------------
2026-06-09 12:32:03       1              -7.011      0.5398        +7.375  ★ best
2026-06-09 12:32:03       2             -10.065      0.5340        +7.384
2026-06-09 12:32:03       3              -9.922      0.5291        +7.446
2026-06-09 12:32:03       4             -10.808      0.3184        +7.309
2026-06-09 12:32:03       5             -10.428      0.2764        +7.196
2026-06-09 12:32:03       6              -9.524      0.2728        +7.005
2026-06-09 12:32:03       7             -10.725      0.2680        +7.121
2026-06-09 12:32:03       8             -10.397      0.2645        +6.784
2026-06-09 12:32:03       9              -9.687      0.2610        +7.028
2026-06-09 12:32:03  
────────────────────────────────────────────────────────────
2026-06-09 12:32:03  [83/200] actives_82_CHEMBL1088240
2026-06-09 12:32:03  ────────────────────────────────────────────────────────────
[12:33:17] Warning: molecule is tagged as 2D, but at least one Z coordinate is not zero. Marking the mol as 3D.
[12:33:17] Warning: molecule is tagged as 2D, but at least one Z coordinate is not zero. Marking the mol as 3D.
[12:33:17] Warning: molecule is tagged as 2D, but at least one Z coordinate is not zero. Marking the mol as 3D.
[12:33:17] Warning: molecule is tagged as 2D, but at least one Z coordinate is not zero. Marking the mol as 3D.
[12:33:17] Warning: molecule is tagged as 2D, but at least one Z coordinate is not zero. Marking the mol as 3D.
[12:33:17] Warning: molecule is tagged as 2D, but at least one Z coordinate is not zero. Marking the mol as 3D.
[12:33:17] Warning: molecule is tagged as 2D, but at least one Z coordinate is not zero. Marking the mol as 3D.
[12:33:17] Warning: molecule is tagged as 2D, but at least one Z coordinate is not zero. Marking the mol as 3D.
[12:33:17] Warning: molecule is tagged as 2D, but at least one Z coordinate is not zero. Marking the mol as 3D.
2026-06-09 12:33:17    Pose   minimizedAffinity    CNNscore   CNNaffinity          
2026-06-09 12:33:17    --------------------------------------------------------------
2026-06-09 12:33:17       1              -9.992      0.9445        +8.473  ★ best
2026-06-09 12:33:17       2             -10.474      0.9312        +8.466
2026-06-09 12:33:17       3             -10.194      0.8942        +8.533
2026-06-09 12:33:17       4              -6.735      0.6725        +8.018
2026-06-09 12:33:17       5              -5.700      0.5720        +8.081
2026-06-09 12:33:17       6              -6.002      0.5535        +7.770
2026-06-09 12:33:17       7              -5.045      0.1172        +5.718
2026-06-09 12:33:17       8              -5.058      0.1105        +5.729
2026-06-09 12:33:17       9              -5.744      0.0860        +5.739
2026-06-09 12:33:17  
────────────────────────────────────────────────────────────
2026-06-09 12:33:17  [84/200] actives_83_CHEMBL485854
2026-06-09 12:33:17  ────────────────────────────────────────────────────────────
[12:34:30] Warning: molecule is tagged as 2D, but at least one Z coordinate is not zero. Marking the mol as 3D.
[12:34:30] Warning: molecule is tagged as 2D, but at least one Z coordinate is not zero. Marking the mol as 3D.
[12:34:30] Warning: molecule is tagged as 2D, but at least one Z coordinate is not zero. Marking the mol as 3D.
[12:34:30] Warning: molecule is tagged as 2D, but at least one Z coordinate is not zero. Marking the mol as 3D.
[12:34:30] Warning: molecule is tagged as 2D, but at least one Z coordinate is not zero. Marking the mol as 3D.
[12:34:30] Warning: molecule is tagged as 2D, but at least one Z coordinate is not zero. Marking the mol as 3D.
[12:34:30] Warning: molecule is tagged as 2D, but at least one Z coordinate is not zero. Marking the mol as 3D.
[12:34:30] Warning: molecule is tagged as 2D, but at least one Z coordinate is not zero. Marking the mol as 3D.
[12:34:30] Warning: molecule is tagged as 2D, but at least one Z coordinate is not zero. Marking the mol as 3D.
2026-06-09 12:34:30    Pose   minimizedAffinity    CNNscore   CNNaffinity          
2026-06-09 12:34:30    --------------------------------------------------------------
2026-06-09 12:34:30       1              -8.581      0.5145        +7.175  ★ best
2026-06-09 12:34:30       2             -10.083      0.4751        +7.229
2026-06-09 12:34:30       3              -9.663      0.4592        +7.263
2026-06-09 12:34:30       4              -9.574      0.4471        +7.329
2026-06-09 12:34:30       5              -8.869      0.4285        +7.254
2026-06-09 12:34:30       6              -8.296      0.4167        +7.083
2026-06-09 12:34:30       7              -9.248      0.3814        +7.038
2026-06-09 12:34:30       8             -10.011      0.3713        +7.133
2026-06-09 12:34:30       9              -8.924      0.3595        +7.242
2026-06-09 12:34:30  
────────────────────────────────────────────────────────────
2026-06-09 12:34:30  [85/200] actives_84_CHEMBL255863
2026-06-09 12:34:30  ────────────────────────────────────────────────────────────
[12:35:49] Warning: molecule is tagged as 2D, but at least one Z coordinate is not zero. Marking the mol as 3D.
[12:35:49] Warning: molecule is tagged as 2D, but at least one Z coordinate is not zero. Marking the mol as 3D.
[12:35:49] Warning: molecule is tagged as 2D, but at least one Z coordinate is not zero. Marking the mol as 3D.
[12:35:49] Warning: molecule is tagged as 2D, but at least one Z coordinate is not zero. Marking the mol as 3D.
[12:35:49] Warning: molecule is tagged as 2D, but at least one Z coordinate is not zero. Marking the mol as 3D.
[12:35:49] Warning: molecule is tagged as 2D, but at least one Z coordinate is not zero. Marking the mol as 3D.
[12:35:49] Warning: molecule is tagged as 2D, but at least one Z coordinate is not zero. Marking the mol as 3D.
[12:35:49] Warning: molecule is tagged as 2D, but at least one Z coordinate is not zero. Marking the mol as 3D.
[12:35:49] Warning: molecule is tagged as 2D, but at least one Z coordinate is not zero. Marking the mol as 3D.
2026-06-09 12:35:49    Pose   minimizedAffinity    CNNscore   CNNaffinity          
2026-06-09 12:35:49    --------------------------------------------------------------
2026-06-09 12:35:49       1              -8.430      0.3629        +7.352  ★ best
2026-06-09 12:35:49       2              -7.449      0.2510        +7.060
2026-06-09 12:35:49       3             -10.180      0.1984        +7.280
2026-06-09 12:35:49       4              -8.499      0.1831        +7.022
2026-06-09 12:35:49       5             -10.030      0.1583        +6.992
2026-06-09 12:35:49       6             -10.126      0.1375        +7.197
2026-06-09 12:35:49       7             -11.038      0.1066        +6.984
2026-06-09 12:35:49       8             -10.453      0.1057        +6.618
2026-06-09 12:35:49       9              -7.208      0.0951        +6.599
2026-06-09 12:35:49  
────────────────────────────────────────────────────────────
2026-06-09 12:35:49  [86/200] actives_85_CHEMBL1171679
2026-06-09 12:35:49  ────────────────────────────────────────────────────────────
[12:36:56] Warning: molecule is tagged as 2D, but at least one Z coordinate is not zero. Marking the mol as 3D.
[12:36:56] Warning: molecule is tagged as 2D, but at least one Z coordinate is not zero. Marking the mol as 3D.
[12:36:56] Warning: molecule is tagged as 2D, but at least one Z coordinate is not zero. Marking the mol as 3D.
[12:36:56] Warning: molecule is tagged as 2D, but at least one Z coordinate is not zero. Marking the mol as 3D.
[12:36:56] Warning: molecule is tagged as 2D, but at least one Z coordinate is not zero. Marking the mol as 3D.
[12:36:56] Warning: molecule is tagged as 2D, but at least one Z coordinate is not zero. Marking the mol as 3D.
[12:36:56] Warning: molecule is tagged as 2D, but at least one Z coordinate is not zero. Marking the mol as 3D.
[12:36:56] Warning: molecule is tagged as 2D, but at least one Z coordinate is not zero. Marking the mol as 3D.
[12:36:56] Warning: molecule is tagged as 2D, but at least one Z coordinate is not zero. Marking the mol as 3D.
2026-06-09 12:36:56    Pose   minimizedAffinity    CNNscore   CNNaffinity          
2026-06-09 12:36:56    --------------------------------------------------------------
2026-06-09 12:36:56       1              -8.833      0.3372        +6.920  ★ best
2026-06-09 12:36:56       2              -8.791      0.3310        +6.999
2026-06-09 12:36:56       3              -9.371      0.3112        +6.947
2026-06-09 12:36:56       4              -8.847      0.2704        +6.929
2026-06-09 12:36:56       5             -10.160      0.2416        +6.917
2026-06-09 12:36:56       6              -9.347      0.2144        +6.858
2026-06-09 12:36:56       7              -9.764      0.2137        +6.803
2026-06-09 12:36:56       8              -9.351      0.2112        +6.925
2026-06-09 12:36:56       9              -9.252      0.2068        +6.807
2026-06-09 12:36:56  
────────────────────────────────────────────────────────────
2026-06-09 12:36:56  [87/200] actives_86_CHEMBL1213976
2026-06-09 12:36:56  ────────────────────────────────────────────────────────────
[12:37:39] Warning: molecule is tagged as 2D, but at least one Z coordinate is not zero. Marking the mol as 3D.
[12:37:39] Warning: molecule is tagged as 2D, but at least one Z coordinate is not zero. Marking the mol as 3D.
[12:37:39] Warning: molecule is tagged as 2D, but at least one Z coordinate is not zero. Marking the mol as 3D.
[12:37:39] Warning: molecule is tagged as 2D, but at least one Z coordinate is not zero. Marking the mol as 3D.
[12:37:39] Warning: molecule is tagged as 2D, but at least one Z coordinate is not zero. Marking the mol as 3D.
[12:37:39] Warning: molecule is tagged as 2D, but at least one Z coordinate is not zero. Marking the mol as 3D.
[12:37:39] Warning: molecule is tagged as 2D, but at least one Z coordinate is not zero. Marking the mol as 3D.
[12:37:39] Warning: molecule is tagged as 2D, but at least one Z coordinate is not zero. Marking the mol as 3D.
[12:37:39] Warning: molecule is tagged as 2D, but at least one Z coordinate is not zero. Marking the mol as 3D.
2026-06-09 12:37:39    Pose   minimizedAffinity    CNNscore   CNNaffinity          
2026-06-09 12:37:39    --------------------------------------------------------------
2026-06-09 12:37:39       1              -9.416      0.6283        +6.201  ★ best
2026-06-09 12:37:39       2             -10.087      0.6218        +6.808
2026-06-09 12:37:39       3              -9.993      0.6091        +6.477
2026-06-09 12:37:39       4             -10.582      0.5818        +6.734
2026-06-09 12:37:39       5             -10.022      0.5751        +6.406
2026-06-09 12:37:39       6              -9.963      0.5693        +6.209
2026-06-09 12:37:39       7             -10.669      0.5637        +6.708
2026-06-09 12:37:39       8              -9.653      0.5553        +6.326
2026-06-09 12:37:39       9              -9.531      0.5501        +6.240
2026-06-09 12:37:39  
────────────────────────────────────────────────────────────
2026-06-09 12:37:39  [88/200] actives_87_CHEMBL364623
2026-06-09 12:37:39  ────────────────────────────────────────────────────────────
[12:38:06] Warning: molecule is tagged as 2D, but at least one Z coordinate is not zero. Marking the mol as 3D.
[12:38:06] Warning: molecule is tagged as 2D, but at least one Z coordinate is not zero. Marking the mol as 3D.
[12:38:06] Warning: molecule is tagged as 2D, but at least one Z coordinate is not zero. Marking the mol as 3D.
[12:38:06] Warning: molecule is tagged as 2D, but at least one Z coordinate is not zero. Marking the mol as 3D.
[12:38:06] Warning: molecule is tagged as 2D, but at least one Z coordinate is not zero. Marking the mol as 3D.
[12:38:06] Warning: molecule is tagged as 2D, but at least one Z coordinate is not zero. Marking the mol as 3D.
[12:38:06] Warning: molecule is tagged as 2D, but at least one Z coordinate is not zero. Marking the mol as 3D.
[12:38:06] Warning: molecule is tagged as 2D, but at least one Z coordinate is not zero. Marking the mol as 3D.
[12:38:06] Warning: molecule is tagged as 2D, but at least one Z coordinate is not zero. Marking the mol as 3D.
2026-06-09 12:38:06    Pose   minimizedAffinity    CNNscore   CNNaffinity          
2026-06-09 12:38:06    --------------------------------------------------------------
2026-06-09 12:38:06       1             -10.829      0.9457        +7.797  ★ best
2026-06-09 12:38:06       2             -10.776      0.9386        +7.821
2026-06-09 12:38:06       3             -10.915      0.9229        +7.726
2026-06-09 12:38:06       4             -10.815      0.8986        +7.729
2026-06-09 12:38:06       5              -8.896      0.7842        +7.513
2026-06-09 12:38:06       6              -8.577      0.7255        +7.270
2026-06-09 12:38:06       7             -10.211      0.7120        +7.406
2026-06-09 12:38:06       8              -8.759      0.5445        +6.985
2026-06-09 12:38:06       9              -8.318      0.5352        +6.935
2026-06-09 12:38:06  
────────────────────────────────────────────────────────────
2026-06-09 12:38:06  [89/200] actives_88_CHEMBL1214142
2026-06-09 12:38:06  ────────────────────────────────────────────────────────────
[12:39:16] Warning: molecule is tagged as 2D, but at least one Z coordinate is not zero. Marking the mol as 3D.
[12:39:16] Warning: molecule is tagged as 2D, but at least one Z coordinate is not zero. Marking the mol as 3D.
[12:39:16] Warning: molecule is tagged as 2D, but at least one Z coordinate is not zero. Marking the mol as 3D.
[12:39:16] Warning: molecule is tagged as 2D, but at least one Z coordinate is not zero. Marking the mol as 3D.
[12:39:16] Warning: molecule is tagged as 2D, but at least one Z coordinate is not zero. Marking the mol as 3D.
[12:39:16] Warning: molecule is tagged as 2D, but at least one Z coordinate is not zero. Marking the mol as 3D.
[12:39:16] Warning: molecule is tagged as 2D, but at least one Z coordinate is not zero. Marking the mol as 3D.
[12:39:16] Warning: molecule is tagged as 2D, but at least one Z coordinate is not zero. Marking the mol as 3D.
[12:39:16] Warning: molecule is tagged as 2D, but at least one Z coordinate is not zero. Marking the mol as 3D.
2026-06-09 12:39:16    Pose   minimizedAffinity    CNNscore   CNNaffinity          
2026-06-09 12:39:16    --------------------------------------------------------------
2026-06-09 12:39:16       1             -10.822      0.8181        +7.462  ★ best
2026-06-09 12:39:16       2              -9.959      0.7910        +7.579
2026-06-09 12:39:16       3             -11.457      0.7781        +7.755
2026-06-09 12:39:16       4             -10.510      0.7320        +7.674
2026-06-09 12:39:16       5             -10.766      0.6985        +7.803
2026-06-09 12:39:16       6             -10.757      0.6560        +7.642
2026-06-09 12:39:16       7             -11.094      0.6176        +7.341
2026-06-09 12:39:16       8             -11.442      0.4161        +7.456
2026-06-09 12:39:16       9             -10.481      0.2657        +7.104
2026-06-09 12:39:16  
────────────────────────────────────────────────────────────
2026-06-09 12:39:16  [90/200] actives_89_CHEMBL455404
2026-06-09 12:39:16  ────────────────────────────────────────────────────────────
[12:39:50] Warning: molecule is tagged as 2D, but at least one Z coordinate is not zero. Marking the mol as 3D.
[12:39:50] Warning: molecule is tagged as 2D, but at least one Z coordinate is not zero. Marking the mol as 3D.
[12:39:50] Warning: molecule is tagged as 2D, but at least one Z coordinate is not zero. Marking the mol as 3D.
[12:39:50] Warning: molecule is tagged as 2D, but at least one Z coordinate is not zero. Marking the mol as 3D.
[12:39:50] Warning: molecule is tagged as 2D, but at least one Z coordinate is not zero. Marking the mol as 3D.
[12:39:50] Warning: molecule is tagged as 2D, but at least one Z coordinate is not zero. Marking the mol as 3D.
[12:39:50] Warning: molecule is tagged as 2D, but at least one Z coordinate is not zero. Marking the mol as 3D.
[12:39:50] Warning: molecule is tagged as 2D, but at least one Z coordinate is not zero. Marking the mol as 3D.
[12:39:50] Warning: molecule is tagged as 2D, but at least one Z coordinate is not zero. Marking the mol as 3D.
2026-06-09 12:39:50    Pose   minimizedAffinity    CNNscore   CNNaffinity          
2026-06-09 12:39:50    --------------------------------------------------------------
2026-06-09 12:39:50       1              -8.171      0.8432        +6.792  ★ best
2026-06-09 12:39:50       2              -8.031      0.7974        +6.578
2026-06-09 12:39:50       3              -8.063      0.7922        +6.469
2026-06-09 12:39:50       4              -8.091      0.7771        +6.604
2026-06-09 12:39:50       5              -7.863      0.7763        +6.637
2026-06-09 12:39:50       6              -7.642      0.6886        +6.466
2026-06-09 12:39:50       7              -4.668      0.5261        +6.450
2026-06-09 12:39:50       8              -3.469      0.4939        +4.910
2026-06-09 12:39:50       9              -3.642      0.4245        +4.356
2026-06-09 12:39:50  
────────────────────────────────────────────────────────────
2026-06-09 12:39:50  [91/200] actives_90_CHEMBL404666
2026-06-09 12:39:50  ────────────────────────────────────────────────────────────
[12:40:10] Warning: molecule is tagged as 2D, but at least one Z coordinate is not zero. Marking the mol as 3D.
[12:40:10] Warning: molecule is tagged as 2D, but at least one Z coordinate is not zero. Marking the mol as 3D.
[12:40:10] Warning: molecule is tagged as 2D, but at least one Z coordinate is not zero. Marking the mol as 3D.
[12:40:10] Warning: molecule is tagged as 2D, but at least one Z coordinate is not zero. Marking the mol as 3D.
[12:40:10] Warning: molecule is tagged as 2D, but at least one Z coordinate is not zero. Marking the mol as 3D.
[12:40:10] Warning: molecule is tagged as 2D, but at least one Z coordinate is not zero. Marking the mol as 3D.
[12:40:10] Warning: molecule is tagged as 2D, but at least one Z coordinate is not zero. Marking the mol as 3D.
[12:40:10] Warning: molecule is tagged as 2D, but at least one Z coordinate is not zero. Marking the mol as 3D.
[12:40:10] Warning: molecule is tagged as 2D, but at least one Z coordinate is not zero. Marking the mol as 3D.
2026-06-09 12:40:10    Pose   minimizedAffinity    CNNscore   CNNaffinity          
2026-06-09 12:40:10    --------------------------------------------------------------
2026-06-09 12:40:10       1              -5.698      0.5702        +6.798  ★ best
2026-06-09 12:40:10       2              -5.973      0.4323        +6.817
2026-06-09 12:40:10       3              -8.203      0.4012        +6.649
2026-06-09 12:40:10       4              -7.435      0.3387        +6.652
2026-06-09 12:40:10       5              -4.924      0.3132        +6.618
2026-06-09 12:40:10       6              -4.597      0.3059        +4.284
2026-06-09 12:40:10       7              -4.070      0.3015        +4.216
2026-06-09 12:40:10       8              -4.977      0.2970        +4.642
2026-06-09 12:40:10       9              -5.239      0.2936        +4.130
2026-06-09 12:40:10  
────────────────────────────────────────────────────────────
2026-06-09 12:40:10  [92/200] actives_91_CHEMBL538337
2026-06-09 12:40:10  ────────────────────────────────────────────────────────────
[12:42:22] Warning: molecule is tagged as 2D, but at least one Z coordinate is not zero. Marking the mol as 3D.
[12:42:22] Warning: molecule is tagged as 2D, but at least one Z coordinate is not zero. Marking the mol as 3D.
[12:42:22] Warning: molecule is tagged as 2D, but at least one Z coordinate is not zero. Marking the mol as 3D.
[12:42:22] Warning: molecule is tagged as 2D, but at least one Z coordinate is not zero. Marking the mol as 3D.
[12:42:22] Warning: molecule is tagged as 2D, but at least one Z coordinate is not zero. Marking the mol as 3D.
[12:42:22] Warning: molecule is tagged as 2D, but at least one Z coordinate is not zero. Marking the mol as 3D.
[12:42:22] Warning: molecule is tagged as 2D, but at least one Z coordinate is not zero. Marking the mol as 3D.
[12:42:22] Warning: molecule is tagged as 2D, but at least one Z coordinate is not zero. Marking the mol as 3D.
[12:42:22] Warning: molecule is tagged as 2D, but at least one Z coordinate is not zero. Marking the mol as 3D.
2026-06-09 12:42:22    Pose   minimizedAffinity    CNNscore   CNNaffinity          
2026-06-09 12:42:22    --------------------------------------------------------------
2026-06-09 12:42:22       1              -9.605      0.1884        +6.936  ★ best
2026-06-09 12:42:22       2              -9.313      0.1740        +7.027
2026-06-09 12:42:22       3              -9.339      0.1722        +6.868
2026-06-09 12:42:22       4              -9.167      0.1645        +6.848
2026-06-09 12:42:22       5              -9.533      0.1518        +6.764
2026-06-09 12:42:22       6              -8.949      0.1507        +6.985
2026-06-09 12:42:22       7              -9.434      0.1489        +6.578
2026-06-09 12:42:22       8              -9.278      0.1293        +6.629
2026-06-09 12:42:22       9              -6.648      0.0760        +6.571
2026-06-09 12:42:22  
────────────────────────────────────────────────────────────
2026-06-09 12:42:22  [93/200] actives_92_CHEMBL536983
2026-06-09 12:42:22  ────────────────────────────────────────────────────────────
[12:44:16] Warning: molecule is tagged as 2D, but at least one Z coordinate is not zero. Marking the mol as 3D.
[12:44:16] Warning: molecule is tagged as 2D, but at least one Z coordinate is not zero. Marking the mol as 3D.
[12:44:16] Warning: molecule is tagged as 2D, but at least one Z coordinate is not zero. Marking the mol as 3D.
[12:44:16] Warning: molecule is tagged as 2D, but at least one Z coordinate is not zero. Marking the mol as 3D.
[12:44:16] Warning: molecule is tagged as 2D, but at least one Z coordinate is not zero. Marking the mol as 3D.
[12:44:16] Warning: molecule is tagged as 2D, but at least one Z coordinate is not zero. Marking the mol as 3D.
[12:44:16] Warning: molecule is tagged as 2D, but at least one Z coordinate is not zero. Marking the mol as 3D.
[12:44:16] Warning: molecule is tagged as 2D, but at least one Z coordinate is not zero. Marking the mol as 3D.
[12:44:16] Warning: molecule is tagged as 2D, but at least one Z coordinate is not zero. Marking the mol as 3D.
2026-06-09 12:44:16    Pose   minimizedAffinity    CNNscore   CNNaffinity          
2026-06-09 12:44:16    --------------------------------------------------------------
2026-06-09 12:44:16       1              -9.166      0.4407        +7.249  ★ best
2026-06-09 12:44:16       2              -8.999      0.3751        +7.146
2026-06-09 12:44:16       3              -9.387      0.3561        +7.240
2026-06-09 12:44:16       4              -9.060      0.3168        +7.251
2026-06-09 12:44:16       5              -8.902      0.1904        +6.817
2026-06-09 12:44:16       6              -9.198      0.1497        +6.969
2026-06-09 12:44:16       7              -9.511      0.1484        +7.067
2026-06-09 12:44:16       8              -9.390      0.1445        +6.854
2026-06-09 12:44:16       9             -10.009      0.1418        +6.725
2026-06-09 12:44:16  
────────────────────────────────────────────────────────────
2026-06-09 12:44:16  [94/200] actives_93_CHEMBL574738
2026-06-09 12:44:16  ────────────────────────────────────────────────────────────
[12:45:38] Warning: molecule is tagged as 2D, but at least one Z coordinate is not zero. Marking the mol as 3D.
[12:45:38] Warning: molecule is tagged as 2D, but at least one Z coordinate is not zero. Marking the mol as 3D.
[12:45:38] Warning: molecule is tagged as 2D, but at least one Z coordinate is not zero. Marking the mol as 3D.
[12:45:38] Warning: molecule is tagged as 2D, but at least one Z coordinate is not zero. Marking the mol as 3D.
[12:45:38] Warning: molecule is tagged as 2D, but at least one Z coordinate is not zero. Marking the mol as 3D.
[12:45:38] Warning: molecule is tagged as 2D, but at least one Z coordinate is not zero. Marking the mol as 3D.
[12:45:38] Warning: molecule is tagged as 2D, but at least one Z coordinate is not zero. Marking the mol as 3D.
[12:45:38] Warning: molecule is tagged as 2D, but at least one Z coordinate is not zero. Marking the mol as 3D.
[12:45:38] Warning: molecule is tagged as 2D, but at least one Z coordinate is not zero. Marking the mol as 3D.
2026-06-09 12:45:38    Pose   minimizedAffinity    CNNscore   CNNaffinity          
2026-06-09 12:45:38    --------------------------------------------------------------
2026-06-09 12:45:38       1             -10.447      0.5836        +7.394  ★ best
2026-06-09 12:45:38       2              -9.292      0.5575        +7.340
2026-06-09 12:45:38       3              -9.925      0.5389        +7.147
2026-06-09 12:45:38       4              -9.820      0.4917        +6.993
2026-06-09 12:45:38       5              -9.934      0.4063        +6.901
2026-06-09 12:45:38       6              -9.877      0.4052        +6.874
2026-06-09 12:45:38       7              -9.678      0.4048        +6.899
2026-06-09 12:45:38       8              -9.576      0.4005        +6.937
2026-06-09 12:45:38       9             -10.144      0.3901        +6.856
2026-06-09 12:45:38  
────────────────────────────────────────────────────────────
2026-06-09 12:45:38  [95/200] actives_94_CHEMBL1421
2026-06-09 12:45:38  ────────────────────────────────────────────────────────────
[12:46:33] Warning: molecule is tagged as 2D, but at least one Z coordinate is not zero. Marking the mol as 3D.
[12:46:33] Warning: molecule is tagged as 2D, but at least one Z coordinate is not zero. Marking the mol as 3D.
[12:46:33] Warning: molecule is tagged as 2D, but at least one Z coordinate is not zero. Marking the mol as 3D.
[12:46:33] Warning: molecule is tagged as 2D, but at least one Z coordinate is not zero. Marking the mol as 3D.
[12:46:33] Warning: molecule is tagged as 2D, but at least one Z coordinate is not zero. Marking the mol as 3D.
[12:46:33] Warning: molecule is tagged as 2D, but at least one Z coordinate is not zero. Marking the mol as 3D.
[12:46:33] Warning: molecule is tagged as 2D, but at least one Z coordinate is not zero. Marking the mol as 3D.
[12:46:33] Warning: molecule is tagged as 2D, but at least one Z coordinate is not zero. Marking the mol as 3D.
[12:46:33] Warning: molecule is tagged as 2D, but at least one Z coordinate is not zero. Marking the mol as 3D.
2026-06-09 12:46:33    Pose   minimizedAffinity    CNNscore   CNNaffinity          
2026-06-09 12:46:33    --------------------------------------------------------------
2026-06-09 12:46:33       1             -10.995      0.9599        +7.993  ★ best
2026-06-09 12:46:33       2             -10.987      0.9475        +7.958
2026-06-09 12:46:33       3             -11.020      0.9159        +7.917
2026-06-09 12:46:33       4             -11.021      0.9091        +7.909
2026-06-09 12:46:33       5              -9.937      0.8612        +7.773
2026-06-09 12:46:33       6             -10.326      0.8341        +7.752
2026-06-09 12:46:33       7             -10.275      0.8216        +7.800
2026-06-09 12:46:33       8              -8.876      0.6987        +7.628
2026-06-09 12:46:33       9              -7.831      0.3559        +6.839
2026-06-09 12:46:33  
────────────────────────────────────────────────────────────
2026-06-09 12:46:33  [96/200] actives_95_CHEMBL522892
2026-06-09 12:46:33  ────────────────────────────────────────────────────────────
[12:47:02] Warning: molecule is tagged as 2D, but at least one Z coordinate is not zero. Marking the mol as 3D.
[12:47:02] Warning: molecule is tagged as 2D, but at least one Z coordinate is not zero. Marking the mol as 3D.
[12:47:02] Warning: molecule is tagged as 2D, but at least one Z coordinate is not zero. Marking the mol as 3D.
[12:47:02] Warning: molecule is tagged as 2D, but at least one Z coordinate is not zero. Marking the mol as 3D.
[12:47:02] Warning: molecule is tagged as 2D, but at least one Z coordinate is not zero. Marking the mol as 3D.
[12:47:02] Warning: molecule is tagged as 2D, but at least one Z coordinate is not zero. Marking the mol as 3D.
[12:47:02] Warning: molecule is tagged as 2D, but at least one Z coordinate is not zero. Marking the mol as 3D.
[12:47:02] Warning: molecule is tagged as 2D, but at least one Z coordinate is not zero. Marking the mol as 3D.
[12:47:02] Warning: molecule is tagged as 2D, but at least one Z coordinate is not zero. Marking the mol as 3D.
2026-06-09 12:47:02    Pose   minimizedAffinity    CNNscore   CNNaffinity          
2026-06-09 12:47:02    --------------------------------------------------------------
2026-06-09 12:47:02       1             -11.569      0.9395        +7.471  ★ best
2026-06-09 12:47:02       2             -11.968      0.8995        +7.512
2026-06-09 12:47:02       3             -12.313      0.7096        +7.477
2026-06-09 12:47:02       4              -3.255      0.7026        +5.538
2026-06-09 12:47:02       5             -10.475      0.6991        +7.050
2026-06-09 12:47:02       6              +2.847      0.6504        +6.956
2026-06-09 12:47:02       7             -11.396      0.4914        +7.300
2026-06-09 12:47:02       8              -3.557      0.4805        +5.365
2026-06-09 12:47:02       9             -10.006      0.4650        +6.798
2026-06-09 12:47:02  
────────────────────────────────────────────────────────────
2026-06-09 12:47:02  [97/200] actives_96_CHEMBL564829
2026-06-09 12:47:02  ────────────────────────────────────────────────────────────
[12:47:49] Warning: molecule is tagged as 2D, but at least one Z coordinate is not zero. Marking the mol as 3D.
[12:47:49] Warning: molecule is tagged as 2D, but at least one Z coordinate is not zero. Marking the mol as 3D.
[12:47:49] Warning: molecule is tagged as 2D, but at least one Z coordinate is not zero. Marking the mol as 3D.
[12:47:49] Warning: molecule is tagged as 2D, but at least one Z coordinate is not zero. Marking the mol as 3D.
[12:47:49] Warning: molecule is tagged as 2D, but at least one Z coordinate is not zero. Marking the mol as 3D.
[12:47:49] Warning: molecule is tagged as 2D, but at least one Z coordinate is not zero. Marking the mol as 3D.
[12:47:49] Warning: molecule is tagged as 2D, but at least one Z coordinate is not zero. Marking the mol as 3D.
[12:47:49] Warning: molecule is tagged as 2D, but at least one Z coordinate is not zero. Marking the mol as 3D.
[12:47:49] Warning: molecule is tagged as 2D, but at least one Z coordinate is not zero. Marking the mol as 3D.
2026-06-09 12:47:49    Pose   minimizedAffinity    CNNscore   CNNaffinity          
2026-06-09 12:47:49    --------------------------------------------------------------
2026-06-09 12:47:49       1             -11.935      0.8775        +8.040  ★ best
2026-06-09 12:47:49       2             -11.960      0.8728        +8.014
2026-06-09 12:47:49       3             -11.630      0.8116        +7.755
2026-06-09 12:47:49       4             -10.386      0.7399        +8.049
2026-06-09 12:47:49       5              -3.240      0.3863        +5.903
2026-06-09 12:47:49       6              -7.769      0.2842        +6.459
2026-06-09 12:47:49       7              -4.037      0.2837        +5.713
2026-06-09 12:47:49       8              -4.981      0.1881        +5.306
2026-06-09 12:47:49       9              -5.033      0.1738        +5.566
2026-06-09 12:47:49  
────────────────────────────────────────────────────────────
2026-06-09 12:47:49  [98/200] actives_97_CHEMBL517256
2026-06-09 12:47:49  ────────────────────────────────────────────────────────────
[12:48:59] Warning: molecule is tagged as 2D, but at least one Z coordinate is not zero. Marking the mol as 3D.
[12:48:59] Warning: molecule is tagged as 2D, but at least one Z coordinate is not zero. Marking the mol as 3D.
[12:48:59] Warning: molecule is tagged as 2D, but at least one Z coordinate is not zero. Marking the mol as 3D.
[12:48:59] Warning: molecule is tagged as 2D, but at least one Z coordinate is not zero. Marking the mol as 3D.
[12:48:59] Warning: molecule is tagged as 2D, but at least one Z coordinate is not zero. Marking the mol as 3D.
[12:48:59] Warning: molecule is tagged as 2D, but at least one Z coordinate is not zero. Marking the mol as 3D.
[12:48:59] Warning: molecule is tagged as 2D, but at least one Z coordinate is not zero. Marking the mol as 3D.
[12:48:59] Warning: molecule is tagged as 2D, but at least one Z coordinate is not zero. Marking the mol as 3D.
[12:48:59] Warning: molecule is tagged as 2D, but at least one Z coordinate is not zero. Marking the mol as 3D.
2026-06-09 12:48:59    Pose   minimizedAffinity    CNNscore   CNNaffinity          
2026-06-09 12:48:59    --------------------------------------------------------------
2026-06-09 12:48:59       1              -9.768      0.7102        +7.934  ★ best
2026-06-09 12:48:59       2              -6.610      0.6608        +7.767
2026-06-09 12:48:59       3              -9.292      0.3810        +7.237
2026-06-09 12:48:59       4              -9.247      0.3597        +7.182
2026-06-09 12:48:59       5              -8.168      0.2924        +6.939
2026-06-09 12:48:59       6              -8.497      0.2534        +6.628
2026-06-09 12:48:59       7              -7.880      0.2499        +6.606
2026-06-09 12:48:59       8              -5.075      0.1854        +5.605
2026-06-09 12:48:59       9              -7.756      0.1597        +6.627
2026-06-09 12:48:59  
────────────────────────────────────────────────────────────
2026-06-09 12:48:59  [99/200] actives_98_CHEMBL248393
2026-06-09 12:48:59  ────────────────────────────────────────────────────────────
[12:50:11] Warning: molecule is tagged as 2D, but at least one Z coordinate is not zero. Marking the mol as 3D.
[12:50:11] Warning: molecule is tagged as 2D, but at least one Z coordinate is not zero. Marking the mol as 3D.
[12:50:11] Warning: molecule is tagged as 2D, but at least one Z coordinate is not zero. Marking the mol as 3D.
[12:50:11] Warning: molecule is tagged as 2D, but at least one Z coordinate is not zero. Marking the mol as 3D.
[12:50:11] Warning: molecule is tagged as 2D, but at least one Z coordinate is not zero. Marking the mol as 3D.
[12:50:11] Warning: molecule is tagged as 2D, but at least one Z coordinate is not zero. Marking the mol as 3D.
[12:50:11] Warning: molecule is tagged as 2D, but at least one Z coordinate is not zero. Marking the mol as 3D.
[12:50:11] Warning: molecule is tagged as 2D, but at least one Z coordinate is not zero. Marking the mol as 3D.
[12:50:11] Warning: molecule is tagged as 2D, but at least one Z coordinate is not zero. Marking the mol as 3D.
2026-06-09 12:50:11    Pose   minimizedAffinity    CNNscore   CNNaffinity          
2026-06-09 12:50:11    --------------------------------------------------------------
2026-06-09 12:50:11       1             -10.806      0.9551        +8.092  ★ best
2026-06-09 12:50:11       2             -10.572      0.9136        +7.867
2026-06-09 12:50:11       3             -10.923      0.9049        +7.917
2026-06-09 12:50:11       4             -10.935      0.8914        +7.894
2026-06-09 12:50:11       5             -10.453      0.8587        +7.799
2026-06-09 12:50:11       6              -9.293      0.7665        +7.639
2026-06-09 12:50:11       7              -8.928      0.3534        +6.952
2026-06-09 12:50:11       8              -9.177      0.2422        +6.860
2026-06-09 12:50:11       9              -9.142      0.1700        +6.346
2026-06-09 12:50:11  
────────────────────────────────────────────────────────────
2026-06-09 12:50:11  [100/200] actives_99_CHEMBL355019
2026-06-09 12:50:11  ────────────────────────────────────────────────────────────
[12:50:49] Warning: molecule is tagged as 2D, but at least one Z coordinate is not zero. Marking the mol as 3D.
[12:50:49] Warning: molecule is tagged as 2D, but at least one Z coordinate is not zero. Marking the mol as 3D.
[12:50:49] Warning: molecule is tagged as 2D, but at least one Z coordinate is not zero. Marking the mol as 3D.
[12:50:49] Warning: molecule is tagged as 2D, but at least one Z coordinate is not zero. Marking the mol as 3D.
[12:50:49] Warning: molecule is tagged as 2D, but at least one Z coordinate is not zero. Marking the mol as 3D.
[12:50:49] Warning: molecule is tagged as 2D, but at least one Z coordinate is not zero. Marking the mol as 3D.
[12:50:49] Warning: molecule is tagged as 2D, but at least one Z coordinate is not zero. Marking the mol as 3D.
[12:50:49] Warning: molecule is tagged as 2D, but at least one Z coordinate is not zero. Marking the mol as 3D.
[12:50:49] Warning: molecule is tagged as 2D, but at least one Z coordinate is not zero. Marking the mol as 3D.
2026-06-09 12:50:49    Pose   minimizedAffinity    CNNscore   CNNaffinity          
2026-06-09 12:50:49    --------------------------------------------------------------
2026-06-09 12:50:49       1             -10.616      0.9617        +7.816  ★ best
2026-06-09 12:50:49       2             -10.250      0.9472        +7.828
2026-06-09 12:50:49       3             -10.338      0.7277        +7.193
2026-06-09 12:50:49       4              -8.062      0.6217        +7.234
2026-06-09 12:50:49       5              -8.508      0.4655        +6.865
2026-06-09 12:50:49       6              -8.546      0.3670        +7.018
2026-06-09 12:50:49       7              -7.076      0.3277        +6.044
2026-06-09 12:50:49       8              -5.057      0.3067        +5.051
2026-06-09 12:50:49       9              -6.036      0.3050        +6.791
2026-06-09 12:50:49  
────────────────────────────────────────────────────────────
2026-06-09 12:50:49  [101/200] decoys_00_ZINC39482920
2026-06-09 12:50:49  ────────────────────────────────────────────────────────────
[12:51:29] Warning: molecule is tagged as 2D, but at least one Z coordinate is not zero. Marking the mol as 3D.
[12:51:29] Warning: molecule is tagged as 2D, but at least one Z coordinate is not zero. Marking the mol as 3D.
[12:51:29] Warning: molecule is tagged as 2D, but at least one Z coordinate is not zero. Marking the mol as 3D.
[12:51:29] Warning: molecule is tagged as 2D, but at least one Z coordinate is not zero. Marking the mol as 3D.
[12:51:29] Warning: molecule is tagged as 2D, but at least one Z coordinate is not zero. Marking the mol as 3D.
[12:51:29] Warning: molecule is tagged as 2D, but at least one Z coordinate is not zero. Marking the mol as 3D.
[12:51:29] Warning: molecule is tagged as 2D, but at least one Z coordinate is not zero. Marking the mol as 3D.
[12:51:29] Warning: molecule is tagged as 2D, but at least one Z coordinate is not zero. Marking the mol as 3D.
[12:51:29] Warning: molecule is tagged as 2D, but at least one Z coordinate is not zero. Marking the mol as 3D.
2026-06-09 12:51:29    Pose   minimizedAffinity    CNNscore   CNNaffinity          
2026-06-09 12:51:29    --------------------------------------------------------------
2026-06-09 12:51:29       1              -4.874      0.3964        +7.032  ★ best
2026-06-09 12:51:29       2              -4.366      0.3620        +5.247
2026-06-09 12:51:29       3              -7.110      0.3149        +5.655
2026-06-09 12:51:29       4              -5.375      0.3070        +6.845
2026-06-09 12:51:29       5              -4.247      0.2332        +4.504
2026-06-09 12:51:29       6              -6.020      0.2006        +5.287
2026-06-09 12:51:29       7              -4.420      0.1952        +4.763
2026-06-09 12:51:29       8              -4.606      0.1937        +6.547
2026-06-09 12:51:29       9              -5.834      0.1709        +5.014
2026-06-09 12:51:29  
────────────────────────────────────────────────────────────
2026-06-09 12:51:29  [102/200] decoys_01_ZINC09138239
2026-06-09 12:51:29  ────────────────────────────────────────────────────────────
[12:52:50] Warning: molecule is tagged as 2D, but at least one Z coordinate is not zero. Marking the mol as 3D.
[12:52:50] Warning: molecule is tagged as 2D, but at least one Z coordinate is not zero. Marking the mol as 3D.
[12:52:50] Warning: molecule is tagged as 2D, but at least one Z coordinate is not zero. Marking the mol as 3D.
[12:52:50] Warning: molecule is tagged as 2D, but at least one Z coordinate is not zero. Marking the mol as 3D.
[12:52:50] Warning: molecule is tagged as 2D, but at least one Z coordinate is not zero. Marking the mol as 3D.
[12:52:50] Warning: molecule is tagged as 2D, but at least one Z coordinate is not zero. Marking the mol as 3D.
[12:52:50] Warning: molecule is tagged as 2D, but at least one Z coordinate is not zero. Marking the mol as 3D.
[12:52:50] Warning: molecule is tagged as 2D, but at least one Z coordinate is not zero. Marking the mol as 3D.
[12:52:50] Warning: molecule is tagged as 2D, but at least one Z coordinate is not zero. Marking the mol as 3D.
2026-06-09 12:52:50    Pose   minimizedAffinity    CNNscore   CNNaffinity          
2026-06-09 12:52:50    --------------------------------------------------------------
2026-06-09 12:52:50       1              -7.065      0.5201        +6.297  ★ best
2026-06-09 12:52:50       2              -7.251      0.3929        +6.561
2026-06-09 12:52:50       3              -6.737      0.2909        +5.663
2026-06-09 12:52:50       4              -8.299      0.2413        +6.250
2026-06-09 12:52:50       5              -9.545      0.2044        +7.182
2026-06-09 12:52:50       6              -7.208      0.2024        +5.995
2026-06-09 12:52:50       7              -7.132      0.1776        +6.206
2026-06-09 12:52:50       8              -6.396      0.1501        +5.355
2026-06-09 12:52:50       9              -8.500      0.1481        +6.053
2026-06-09 12:52:50  
────────────────────────────────────────────────────────────
2026-06-09 12:52:50  [103/200] decoys_02_ZINC63221850
2026-06-09 12:52:50  ────────────────────────────────────────────────────────────
[12:54:18] Warning: molecule is tagged as 2D, but at least one Z coordinate is not zero. Marking the mol as 3D.
[12:54:18] Warning: molecule is tagged as 2D, but at least one Z coordinate is not zero. Marking the mol as 3D.
[12:54:18] Warning: molecule is tagged as 2D, but at least one Z coordinate is not zero. Marking the mol as 3D.
[12:54:18] Warning: molecule is tagged as 2D, but at least one Z coordinate is not zero. Marking the mol as 3D.
[12:54:18] Warning: molecule is tagged as 2D, but at least one Z coordinate is not zero. Marking the mol as 3D.
[12:54:18] Warning: molecule is tagged as 2D, but at least one Z coordinate is not zero. Marking the mol as 3D.
[12:54:18] Warning: molecule is tagged as 2D, but at least one Z coordinate is not zero. Marking the mol as 3D.
[12:54:18] Warning: molecule is tagged as 2D, but at least one Z coordinate is not zero. Marking the mol as 3D.
[12:54:18] Warning: molecule is tagged as 2D, but at least one Z coordinate is not zero. Marking the mol as 3D.
2026-06-09 12:54:18    Pose   minimizedAffinity    CNNscore   CNNaffinity          
2026-06-09 12:54:18    --------------------------------------------------------------
2026-06-09 12:54:18       1             -10.063      0.3463        +7.361  ★ best
2026-06-09 12:54:18       2              -7.872      0.2178        +6.510
2026-06-09 12:54:18       3              -7.868      0.2029        +6.528
2026-06-09 12:54:18       4              -9.022      0.1860        +6.594
2026-06-09 12:54:18       5              -8.406      0.1738        +6.474
2026-06-09 12:54:18       6              -7.409      0.1652        +6.649
2026-06-09 12:54:18       7              -8.831      0.1632        +6.670
2026-06-09 12:54:18       8              -7.128      0.1507        +6.423
2026-06-09 12:54:18       9              -9.072      0.1284        +6.327
2026-06-09 12:54:18  
────────────────────────────────────────────────────────────
2026-06-09 12:54:18  [104/200] decoys_03_ZINC35166711
2026-06-09 12:54:18  ────────────────────────────────────────────────────────────
[12:56:13] Warning: molecule is tagged as 2D, but at least one Z coordinate is not zero. Marking the mol as 3D.
[12:56:13] Warning: molecule is tagged as 2D, but at least one Z coordinate is not zero. Marking the mol as 3D.
[12:56:13] Warning: molecule is tagged as 2D, but at least one Z coordinate is not zero. Marking the mol as 3D.
[12:56:13] Warning: molecule is tagged as 2D, but at least one Z coordinate is not zero. Marking the mol as 3D.
[12:56:13] Warning: molecule is tagged as 2D, but at least one Z coordinate is not zero. Marking the mol as 3D.
[12:56:13] Warning: molecule is tagged as 2D, but at least one Z coordinate is not zero. Marking the mol as 3D.
[12:56:13] Warning: molecule is tagged as 2D, but at least one Z coordinate is not zero. Marking the mol as 3D.
[12:56:13] Warning: molecule is tagged as 2D, but at least one Z coordinate is not zero. Marking the mol as 3D.
[12:56:13] Warning: molecule is tagged as 2D, but at least one Z coordinate is not zero. Marking the mol as 3D.
2026-06-09 12:56:13    Pose   minimizedAffinity    CNNscore   CNNaffinity          
2026-06-09 12:56:13    --------------------------------------------------------------
2026-06-09 12:56:13       1              -9.401      0.4061        +6.236  ★ best
2026-06-09 12:56:13       2              -7.125      0.2690        +5.688
2026-06-09 12:56:13       3              -7.556      0.2234        +5.783
2026-06-09 12:56:13       4              -8.801      0.2123        +5.859
2026-06-09 12:56:13       5              -6.591      0.1864        +5.401
2026-06-09 12:56:13       6              -7.713      0.1724        +6.334
2026-06-09 12:56:13       7              -8.603      0.1680        +5.689
2026-06-09 12:56:13       8              -5.456      0.1570        +5.053
2026-06-09 12:56:13       9              -6.803      0.1563        +5.486
2026-06-09 12:56:13  
────────────────────────────────────────────────────────────
2026-06-09 12:56:13  [105/200] decoys_04_ZINC63229085
2026-06-09 12:56:13  ────────────────────────────────────────────────────────────
[12:57:36] Warning: molecule is tagged as 2D, but at least one Z coordinate is not zero. Marking the mol as 3D.
[12:57:36] Warning: molecule is tagged as 2D, but at least one Z coordinate is not zero. Marking the mol as 3D.
[12:57:36] Warning: molecule is tagged as 2D, but at least one Z coordinate is not zero. Marking the mol as 3D.
[12:57:36] Warning: molecule is tagged as 2D, but at least one Z coordinate is not zero. Marking the mol as 3D.
[12:57:36] Warning: molecule is tagged as 2D, but at least one Z coordinate is not zero. Marking the mol as 3D.
[12:57:36] Warning: molecule is tagged as 2D, but at least one Z coordinate is not zero. Marking the mol as 3D.
[12:57:36] Warning: molecule is tagged as 2D, but at least one Z coordinate is not zero. Marking the mol as 3D.
[12:57:36] Warning: molecule is tagged as 2D, but at least one Z coordinate is not zero. Marking the mol as 3D.
[12:57:36] Warning: molecule is tagged as 2D, but at least one Z coordinate is not zero. Marking the mol as 3D.
2026-06-09 12:57:36    Pose   minimizedAffinity    CNNscore   CNNaffinity          
2026-06-09 12:57:36    --------------------------------------------------------------
2026-06-09 12:57:36       1              -5.033      0.2857        +5.410  ★ best
2026-06-09 12:57:36       2              -7.398      0.2134        +5.789
2026-06-09 12:57:36       3              -4.732      0.2065        +5.225
2026-06-09 12:57:36       4              -5.245      0.1824        +5.207
2026-06-09 12:57:36       5              -6.389      0.1801        +5.497
2026-06-09 12:57:36       6              -4.678      0.1745        +5.343
2026-06-09 12:57:36       7              -5.162      0.1547        +5.067
2026-06-09 12:57:36       8              -5.656      0.1474        +5.124
2026-06-09 12:57:36       9              -5.091      0.1468        +5.577
2026-06-09 12:57:36  
────────────────────────────────────────────────────────────
2026-06-09 12:57:36  [106/200] decoys_05_ZINC58849584
2026-06-09 12:57:36  ────────────────────────────────────────────────────────────
[12:58:39] Warning: molecule is tagged as 2D, but at least one Z coordinate is not zero. Marking the mol as 3D.
[12:58:39] Warning: molecule is tagged as 2D, but at least one Z coordinate is not zero. Marking the mol as 3D.
[12:58:39] Warning: molecule is tagged as 2D, but at least one Z coordinate is not zero. Marking the mol as 3D.
[12:58:39] Warning: molecule is tagged as 2D, but at least one Z coordinate is not zero. Marking the mol as 3D.
[12:58:39] Warning: molecule is tagged as 2D, but at least one Z coordinate is not zero. Marking the mol as 3D.
[12:58:39] Warning: molecule is tagged as 2D, but at least one Z coordinate is not zero. Marking the mol as 3D.
[12:58:39] Warning: molecule is tagged as 2D, but at least one Z coordinate is not zero. Marking the mol as 3D.
[12:58:39] Warning: molecule is tagged as 2D, but at least one Z coordinate is not zero. Marking the mol as 3D.
[12:58:39] Warning: molecule is tagged as 2D, but at least one Z coordinate is not zero. Marking the mol as 3D.
2026-06-09 12:58:39    Pose   minimizedAffinity    CNNscore   CNNaffinity          
2026-06-09 12:58:39    --------------------------------------------------------------
2026-06-09 12:58:39       1              -7.465      0.3866        +7.395  ★ best
2026-06-09 12:58:39       2              -7.223      0.3842        +7.392
2026-06-09 12:58:39       3              -9.505      0.2782        +6.611
2026-06-09 12:58:39       4              -5.865      0.2706        +5.730
2026-06-09 12:58:39       5              -8.616      0.2463        +6.218
2026-06-09 12:58:39       6              -9.579      0.2372        +6.368
2026-06-09 12:58:39       7              -5.889      0.2214        +5.446
2026-06-09 12:58:39       8              -8.448      0.2116        +6.148
2026-06-09 12:58:39       9              -8.746      0.2090        +6.291
2026-06-09 12:58:39  
────────────────────────────────────────────────────────────
2026-06-09 12:58:39  [107/200] decoys_06_ZINC09275573
2026-06-09 12:58:39  ────────────────────────────────────────────────────────────
[12:59:59] Warning: molecule is tagged as 2D, but at least one Z coordinate is not zero. Marking the mol as 3D.
[12:59:59] Warning: molecule is tagged as 2D, but at least one Z coordinate is not zero. Marking the mol as 3D.
[12:59:59] Warning: molecule is tagged as 2D, but at least one Z coordinate is not zero. Marking the mol as 3D.
[12:59:59] Warning: molecule is tagged as 2D, but at least one Z coordinate is not zero. Marking the mol as 3D.
[12:59:59] Warning: molecule is tagged as 2D, but at least one Z coordinate is not zero. Marking the mol as 3D.
[12:59:59] Warning: molecule is tagged as 2D, but at least one Z coordinate is not zero. Marking the mol as 3D.
[12:59:59] Warning: molecule is tagged as 2D, but at least one Z coordinate is not zero. Marking the mol as 3D.
[12:59:59] Warning: molecule is tagged as 2D, but at least one Z coordinate is not zero. Marking the mol as 3D.
[12:59:59] Warning: molecule is tagged as 2D, but at least one Z coordinate is not zero. Marking the mol as 3D.
2026-06-09 12:59:59    Pose   minimizedAffinity    CNNscore   CNNaffinity          
2026-06-09 12:59:59    --------------------------------------------------------------
2026-06-09 12:59:59       1              -2.647      0.5459        +7.494  ★ best
2026-06-09 12:59:59       2              -4.362      0.5424        +5.379
2026-06-09 12:59:59       3              -2.502      0.5251        +7.398
2026-06-09 12:59:59       4              -3.497      0.4324        +5.195
2026-06-09 12:59:59       5              -4.596      0.3623        +5.340
2026-06-09 12:59:59       6              -4.945      0.3148        +5.198
2026-06-09 12:59:59       7              -4.257      0.2981        +5.233
2026-06-09 12:59:59       8              -9.327      0.2621        +6.210
2026-06-09 12:59:59       9              -5.643      0.2323        +5.234
2026-06-09 12:59:59  
────────────────────────────────────────────────────────────
2026-06-09 12:59:59  [108/200] decoys_07_ZINC30968546
2026-06-09 12:59:59  ────────────────────────────────────────────────────────────
[13:00:55] Warning: molecule is tagged as 2D, but at least one Z coordinate is not zero. Marking the mol as 3D.
[13:00:55] Warning: molecule is tagged as 2D, but at least one Z coordinate is not zero. Marking the mol as 3D.
[13:00:55] Warning: molecule is tagged as 2D, but at least one Z coordinate is not zero. Marking the mol as 3D.
[13:00:55] Warning: molecule is tagged as 2D, but at least one Z coordinate is not zero. Marking the mol as 3D.
[13:00:55] Warning: molecule is tagged as 2D, but at least one Z coordinate is not zero. Marking the mol as 3D.
[13:00:55] Warning: molecule is tagged as 2D, but at least one Z coordinate is not zero. Marking the mol as 3D.
[13:00:55] Warning: molecule is tagged as 2D, but at least one Z coordinate is not zero. Marking the mol as 3D.
[13:00:55] Warning: molecule is tagged as 2D, but at least one Z coordinate is not zero. Marking the mol as 3D.
[13:00:55] Warning: molecule is tagged as 2D, but at least one Z coordinate is not zero. Marking the mol as 3D.
2026-06-09 13:00:55    Pose   minimizedAffinity    CNNscore   CNNaffinity          
2026-06-09 13:00:55    --------------------------------------------------------------
2026-06-09 13:00:55       1              -7.713      0.2351        +5.903  ★ best
2026-06-09 13:00:55       2              -7.760      0.2225        +5.848
2026-06-09 13:00:55       3              -6.940      0.2206        +5.786
2026-06-09 13:00:55       4              -8.779      0.1703        +5.936
2026-06-09 13:00:55       5              -7.090      0.1667        +7.162
2026-06-09 13:00:55       6              -7.090      0.1402        +5.800
2026-06-09 13:00:55       7              -7.641      0.1401        +6.099
2026-06-09 13:00:55       8              -7.498      0.1246        +5.892
2026-06-09 13:00:55       9              -5.947      0.1077        +4.569
2026-06-09 13:00:55  
────────────────────────────────────────────────────────────
2026-06-09 13:00:55  [109/200] decoys_08_ZINC65301203
2026-06-09 13:00:55  ────────────────────────────────────────────────────────────
[13:02:17] Warning: molecule is tagged as 2D, but at least one Z coordinate is not zero. Marking the mol as 3D.
[13:02:17] Warning: molecule is tagged as 2D, but at least one Z coordinate is not zero. Marking the mol as 3D.
[13:02:17] Warning: molecule is tagged as 2D, but at least one Z coordinate is not zero. Marking the mol as 3D.
[13:02:17] Warning: molecule is tagged as 2D, but at least one Z coordinate is not zero. Marking the mol as 3D.
[13:02:17] Warning: molecule is tagged as 2D, but at least one Z coordinate is not zero. Marking the mol as 3D.
[13:02:17] Warning: molecule is tagged as 2D, but at least one Z coordinate is not zero. Marking the mol as 3D.
[13:02:17] Warning: molecule is tagged as 2D, but at least one Z coordinate is not zero. Marking the mol as 3D.
[13:02:17] Warning: molecule is tagged as 2D, but at least one Z coordinate is not zero. Marking the mol as 3D.
[13:02:17] Warning: molecule is tagged as 2D, but at least one Z coordinate is not zero. Marking the mol as 3D.
2026-06-09 13:02:17    Pose   minimizedAffinity    CNNscore   CNNaffinity          
2026-06-09 13:02:17    --------------------------------------------------------------
2026-06-09 13:02:17       1              -6.328      0.2444        +6.329  ★ best
2026-06-09 13:02:17       2              -5.957      0.2186        +5.852
2026-06-09 13:02:17       3              -6.863      0.1067        +6.044
2026-06-09 13:02:17       4              -7.183      0.0870        +5.874
2026-06-09 13:02:17       5              -6.285      0.0863        +5.561
2026-06-09 13:02:17       6              -6.465      0.0854        +6.096
2026-06-09 13:02:17       7              -7.711      0.0854        +5.973
2026-06-09 13:02:17       8              -6.993      0.0843        +5.897
2026-06-09 13:02:17       9              -9.336      0.0778        +6.090
2026-06-09 13:02:17  
────────────────────────────────────────────────────────────
2026-06-09 13:02:17  [110/200] decoys_09_ZINC06442325
2026-06-09 13:02:17  ────────────────────────────────────────────────────────────
[13:03:41] Warning: molecule is tagged as 2D, but at least one Z coordinate is not zero. Marking the mol as 3D.
[13:03:41] Warning: molecule is tagged as 2D, but at least one Z coordinate is not zero. Marking the mol as 3D.
[13:03:41] Warning: molecule is tagged as 2D, but at least one Z coordinate is not zero. Marking the mol as 3D.
[13:03:41] Warning: molecule is tagged as 2D, but at least one Z coordinate is not zero. Marking the mol as 3D.
[13:03:41] Warning: molecule is tagged as 2D, but at least one Z coordinate is not zero. Marking the mol as 3D.
[13:03:41] Warning: molecule is tagged as 2D, but at least one Z coordinate is not zero. Marking the mol as 3D.
[13:03:41] Warning: molecule is tagged as 2D, but at least one Z coordinate is not zero. Marking the mol as 3D.
[13:03:41] Warning: molecule is tagged as 2D, but at least one Z coordinate is not zero. Marking the mol as 3D.
[13:03:41] Warning: molecule is tagged as 2D, but at least one Z coordinate is not zero. Marking the mol as 3D.
2026-06-09 13:03:41    Pose   minimizedAffinity    CNNscore   CNNaffinity          
2026-06-09 13:03:41    --------------------------------------------------------------
2026-06-09 13:03:41       1             -10.102      0.3610        +6.717  ★ best
2026-06-09 13:03:41       2             -10.781      0.2884        +6.639
2026-06-09 13:03:41       3              -9.718      0.2204        +6.651
2026-06-09 13:03:41       4              -9.876      0.2038        +6.574
2026-06-09 13:03:41       5              -9.409      0.1653        +6.394
2026-06-09 13:03:41       6              -8.807      0.1615        +6.285
2026-06-09 13:03:41       7              -8.843      0.1516        +6.242
2026-06-09 13:03:41       8              -9.242      0.1477        +6.557
2026-06-09 13:03:41       9             -10.227      0.1462        +6.438
2026-06-09 13:03:41  
────────────────────────────────────────────────────────────
2026-06-09 13:03:41  [111/200] decoys_10_ZINC14728026
2026-06-09 13:03:41  ────────────────────────────────────────────────────────────
[13:03:56] Warning: molecule is tagged as 2D, but at least one Z coordinate is not zero. Marking the mol as 3D.
[13:03:56] Warning: molecule is tagged as 2D, but at least one Z coordinate is not zero. Marking the mol as 3D.
[13:03:56] Warning: molecule is tagged as 2D, but at least one Z coordinate is not zero. Marking the mol as 3D.
[13:03:56] Warning: molecule is tagged as 2D, but at least one Z coordinate is not zero. Marking the mol as 3D.
[13:03:56] Warning: molecule is tagged as 2D, but at least one Z coordinate is not zero. Marking the mol as 3D.
[13:03:56] Warning: molecule is tagged as 2D, but at least one Z coordinate is not zero. Marking the mol as 3D.
[13:03:56] Warning: molecule is tagged as 2D, but at least one Z coordinate is not zero. Marking the mol as 3D.
[13:03:56] Warning: molecule is tagged as 2D, but at least one Z coordinate is not zero. Marking the mol as 3D.
[13:03:56] Warning: molecule is tagged as 2D, but at least one Z coordinate is not zero. Marking the mol as 3D.
2026-06-09 13:03:56    Pose   minimizedAffinity    CNNscore   CNNaffinity          
2026-06-09 13:03:56    --------------------------------------------------------------
2026-06-09 13:03:56       1             -10.992      0.6879        +6.161  ★ best
2026-06-09 13:03:56       2              -9.777      0.6325        +5.258
2026-06-09 13:03:56       3              -5.696      0.5681        +3.699
2026-06-09 13:03:56       4             -10.901      0.5545        +5.746
2026-06-09 13:03:56       5              -9.820      0.5502        +5.094
2026-06-09 13:03:56       6              -9.774      0.5373        +5.258
2026-06-09 13:03:56       7              -8.883      0.4837        +5.884
2026-06-09 13:03:56       8              -5.600      0.4752        +3.650
2026-06-09 13:03:56       9              -7.267      0.4156        +5.738
2026-06-09 13:03:56  
────────────────────────────────────────────────────────────
2026-06-09 13:03:56  [112/200] decoys_11_ZINC09397824
2026-06-09 13:03:56  ────────────────────────────────────────────────────────────
[13:05:04] Warning: molecule is tagged as 2D, but at least one Z coordinate is not zero. Marking the mol as 3D.
[13:05:04] Warning: molecule is tagged as 2D, but at least one Z coordinate is not zero. Marking the mol as 3D.
[13:05:04] Warning: molecule is tagged as 2D, but at least one Z coordinate is not zero. Marking the mol as 3D.
[13:05:04] Warning: molecule is tagged as 2D, but at least one Z coordinate is not zero. Marking the mol as 3D.
[13:05:04] Warning: molecule is tagged as 2D, but at least one Z coordinate is not zero. Marking the mol as 3D.
[13:05:04] Warning: molecule is tagged as 2D, but at least one Z coordinate is not zero. Marking the mol as 3D.
[13:05:04] Warning: molecule is tagged as 2D, but at least one Z coordinate is not zero. Marking the mol as 3D.
[13:05:04] Warning: molecule is tagged as 2D, but at least one Z coordinate is not zero. Marking the mol as 3D.
[13:05:04] Warning: molecule is tagged as 2D, but at least one Z coordinate is not zero. Marking the mol as 3D.
2026-06-09 13:05:04    Pose   minimizedAffinity    CNNscore   CNNaffinity          
2026-06-09 13:05:04    --------------------------------------------------------------
2026-06-09 13:05:04       1              -7.797      0.4070        +7.418  ★ best
2026-06-09 13:05:04       2              -8.275      0.3119        +7.148
2026-06-09 13:05:04       3              -8.175      0.2980        +7.694
2026-06-09 13:05:04       4              -9.477      0.1214        +6.852
2026-06-09 13:05:04       5              -6.835      0.1017        +6.177
2026-06-09 13:05:04       6              -6.784      0.1007        +5.667
2026-06-09 13:05:04       7              -9.697      0.0895        +5.813
2026-06-09 13:05:04       8              -6.728      0.0881        +5.499
2026-06-09 13:05:04       9              -8.961      0.0871        +6.135
2026-06-09 13:05:04  
────────────────────────────────────────────────────────────
2026-06-09 13:05:04  [113/200] decoys_12_ZINC15138812
2026-06-09 13:05:04  ────────────────────────────────────────────────────────────
[13:05:58] Warning: molecule is tagged as 2D, but at least one Z coordinate is not zero. Marking the mol as 3D.
[13:05:58] Warning: molecule is tagged as 2D, but at least one Z coordinate is not zero. Marking the mol as 3D.
[13:05:58] Warning: molecule is tagged as 2D, but at least one Z coordinate is not zero. Marking the mol as 3D.
[13:05:58] Warning: molecule is tagged as 2D, but at least one Z coordinate is not zero. Marking the mol as 3D.
[13:05:58] Warning: molecule is tagged as 2D, but at least one Z coordinate is not zero. Marking the mol as 3D.
[13:05:58] Warning: molecule is tagged as 2D, but at least one Z coordinate is not zero. Marking the mol as 3D.
[13:05:58] Warning: molecule is tagged as 2D, but at least one Z coordinate is not zero. Marking the mol as 3D.
[13:05:58] Warning: molecule is tagged as 2D, but at least one Z coordinate is not zero. Marking the mol as 3D.
[13:05:58] Warning: molecule is tagged as 2D, but at least one Z coordinate is not zero. Marking the mol as 3D.
2026-06-09 13:05:58    Pose   minimizedAffinity    CNNscore   CNNaffinity          
2026-06-09 13:05:58    --------------------------------------------------------------
2026-06-09 13:05:58       1              -8.019      0.3881        +6.461  ★ best
2026-06-09 13:05:58       2              -8.999      0.3532        +6.564
2026-06-09 13:05:58       3              -8.797      0.3352        +6.563
2026-06-09 13:05:58       4              -8.916      0.3163        +6.611
2026-06-09 13:05:58       5              -8.977      0.3128        +6.424
2026-06-09 13:05:58       6              -8.094      0.2535        +6.312
2026-06-09 13:05:58       7              -8.127      0.2448        +6.242
2026-06-09 13:05:58       8              -9.242      0.2401        +6.401
2026-06-09 13:05:58       9              -9.706      0.2312        +6.276
2026-06-09 13:05:58  
────────────────────────────────────────────────────────────
2026-06-09 13:05:58  [114/200] decoys_13_ZINC09669227
2026-06-09 13:05:58  ────────────────────────────────────────────────────────────
[13:07:04] Warning: molecule is tagged as 2D, but at least one Z coordinate is not zero. Marking the mol as 3D.
[13:07:04] Warning: molecule is tagged as 2D, but at least one Z coordinate is not zero. Marking the mol as 3D.
[13:07:04] Warning: molecule is tagged as 2D, but at least one Z coordinate is not zero. Marking the mol as 3D.
[13:07:04] Warning: molecule is tagged as 2D, but at least one Z coordinate is not zero. Marking the mol as 3D.
[13:07:04] Warning: molecule is tagged as 2D, but at least one Z coordinate is not zero. Marking the mol as 3D.
[13:07:04] Warning: molecule is tagged as 2D, but at least one Z coordinate is not zero. Marking the mol as 3D.
[13:07:04] Warning: molecule is tagged as 2D, but at least one Z coordinate is not zero. Marking the mol as 3D.
[13:07:04] Warning: molecule is tagged as 2D, but at least one Z coordinate is not zero. Marking the mol as 3D.
[13:07:04] Warning: molecule is tagged as 2D, but at least one Z coordinate is not zero. Marking the mol as 3D.
2026-06-09 13:07:04    Pose   minimizedAffinity    CNNscore   CNNaffinity          
2026-06-09 13:07:04    --------------------------------------------------------------
2026-06-09 13:07:04       1              -3.478      0.5096        +6.954  ★ best
2026-06-09 13:07:04       2              -2.968      0.4993        +6.748
2026-06-09 13:07:04       3              -4.220      0.4321        +5.721
2026-06-09 13:07:04       4              -3.520      0.3790        +5.233
2026-06-09 13:07:04       5              -3.738      0.3785        +5.078
2026-06-09 13:07:04       6              -5.604      0.3507        +6.965
2026-06-09 13:07:04       7              -4.999      0.3394        +4.889
2026-06-09 13:07:04       8              -4.690      0.3169        +5.649
2026-06-09 13:07:04       9              -4.492      0.3030        +5.202
2026-06-09 13:07:04  
────────────────────────────────────────────────────────────
2026-06-09 13:07:04  [115/200] decoys_14_ZINC63948583
2026-06-09 13:07:04  ────────────────────────────────────────────────────────────
[13:07:38] Warning: molecule is tagged as 2D, but at least one Z coordinate is not zero. Marking the mol as 3D.
[13:07:38] Warning: molecule is tagged as 2D, but at least one Z coordinate is not zero. Marking the mol as 3D.
[13:07:38] Warning: molecule is tagged as 2D, but at least one Z coordinate is not zero. Marking the mol as 3D.
[13:07:38] Warning: molecule is tagged as 2D, but at least one Z coordinate is not zero. Marking the mol as 3D.
[13:07:38] Warning: molecule is tagged as 2D, but at least one Z coordinate is not zero. Marking the mol as 3D.
[13:07:38] Warning: molecule is tagged as 2D, but at least one Z coordinate is not zero. Marking the mol as 3D.
[13:07:38] Warning: molecule is tagged as 2D, but at least one Z coordinate is not zero. Marking the mol as 3D.
[13:07:38] Warning: molecule is tagged as 2D, but at least one Z coordinate is not zero. Marking the mol as 3D.
[13:07:38] Warning: molecule is tagged as 2D, but at least one Z coordinate is not zero. Marking the mol as 3D.
2026-06-09 13:07:38    Pose   minimizedAffinity    CNNscore   CNNaffinity          
2026-06-09 13:07:38    --------------------------------------------------------------
2026-06-09 13:07:38       1             -11.313      0.5612        +7.126  ★ best
2026-06-09 13:07:38       2              -8.880      0.3411        +6.460
2026-06-09 13:07:38       3             -11.565      0.3302        +6.757
2026-06-09 13:07:38       4              -5.900      0.2958        +5.037
2026-06-09 13:07:38       5              -5.302      0.2572        +4.674
2026-06-09 13:07:38       6              -5.207      0.2561        +4.402
2026-06-09 13:07:38       7             -10.551      0.2492        +6.787
2026-06-09 13:07:38       8              -5.771      0.2408        +4.731
2026-06-09 13:07:38       9              -9.863      0.2299        +6.724
2026-06-09 13:07:38  
────────────────────────────────────────────────────────────
2026-06-09 13:07:38  [116/200] decoys_15_ZINC39667166
2026-06-09 13:07:38  ────────────────────────────────────────────────────────────
[13:08:36] Warning: molecule is tagged as 2D, but at least one Z coordinate is not zero. Marking the mol as 3D.
[13:08:36] Warning: molecule is tagged as 2D, but at least one Z coordinate is not zero. Marking the mol as 3D.
[13:08:36] Warning: molecule is tagged as 2D, but at least one Z coordinate is not zero. Marking the mol as 3D.
[13:08:36] Warning: molecule is tagged as 2D, but at least one Z coordinate is not zero. Marking the mol as 3D.
[13:08:36] Warning: molecule is tagged as 2D, but at least one Z coordinate is not zero. Marking the mol as 3D.
[13:08:36] Warning: molecule is tagged as 2D, but at least one Z coordinate is not zero. Marking the mol as 3D.
[13:08:36] Warning: molecule is tagged as 2D, but at least one Z coordinate is not zero. Marking the mol as 3D.
[13:08:36] Warning: molecule is tagged as 2D, but at least one Z coordinate is not zero. Marking the mol as 3D.
[13:08:36] Warning: molecule is tagged as 2D, but at least one Z coordinate is not zero. Marking the mol as 3D.
2026-06-09 13:08:36    Pose   minimizedAffinity    CNNscore   CNNaffinity          
2026-06-09 13:08:36    --------------------------------------------------------------
2026-06-09 13:08:36       1              -7.643      0.3070        +5.582  ★ best
2026-06-09 13:08:36       2              -6.999      0.2617        +5.690
2026-06-09 13:08:36       3              -5.508      0.2046        +4.502
2026-06-09 13:08:36       4              -5.621      0.1982        +5.084
2026-06-09 13:08:36       5              -6.474      0.1922        +5.266
2026-06-09 13:08:36       6              -7.445      0.1868        +5.539
2026-06-09 13:08:36       7              -5.924      0.1815        +5.004
2026-06-09 13:08:36       8              -5.418      0.1596        +4.536
2026-06-09 13:08:36       9              -5.566      0.1563        +4.674
2026-06-09 13:08:36  
────────────────────────────────────────────────────────────
2026-06-09 13:08:36  [117/200] decoys_16_ZINC40661703
2026-06-09 13:08:36  ────────────────────────────────────────────────────────────
[13:09:52] Warning: molecule is tagged as 2D, but at least one Z coordinate is not zero. Marking the mol as 3D.
[13:09:52] Warning: molecule is tagged as 2D, but at least one Z coordinate is not zero. Marking the mol as 3D.
[13:09:52] Warning: molecule is tagged as 2D, but at least one Z coordinate is not zero. Marking the mol as 3D.
[13:09:52] Warning: molecule is tagged as 2D, but at least one Z coordinate is not zero. Marking the mol as 3D.
[13:09:52] Warning: molecule is tagged as 2D, but at least one Z coordinate is not zero. Marking the mol as 3D.
[13:09:52] Warning: molecule is tagged as 2D, but at least one Z coordinate is not zero. Marking the mol as 3D.
[13:09:52] Warning: molecule is tagged as 2D, but at least one Z coordinate is not zero. Marking the mol as 3D.
[13:09:52] Warning: molecule is tagged as 2D, but at least one Z coordinate is not zero. Marking the mol as 3D.
[13:09:52] Warning: molecule is tagged as 2D, but at least one Z coordinate is not zero. Marking the mol as 3D.
2026-06-09 13:09:52    Pose   minimizedAffinity    CNNscore   CNNaffinity          
2026-06-09 13:09:52    --------------------------------------------------------------
2026-06-09 13:09:52       1              -7.995      0.4664        +8.235  ★ best
2026-06-09 13:09:52       2              -9.443      0.3558        +8.034
2026-06-09 13:09:52       3              -9.170      0.3496        +7.829
2026-06-09 13:09:52       4              -7.326      0.3263        +7.409
2026-06-09 13:09:52       5              -9.148      0.3210        +7.663
2026-06-09 13:09:52       6              -9.262      0.2445        +7.534
2026-06-09 13:09:52       7              -9.266      0.2376        +7.558
2026-06-09 13:09:52       8              -8.817      0.2295        +7.837
2026-06-09 13:09:52       9              -7.488      0.2264        +7.625
2026-06-09 13:09:52  
────────────────────────────────────────────────────────────
2026-06-09 13:09:52  [118/200] decoys_17_ZINC40036880
2026-06-09 13:09:52  ────────────────────────────────────────────────────────────
[13:10:47] Warning: molecule is tagged as 2D, but at least one Z coordinate is not zero. Marking the mol as 3D.
[13:10:47] Warning: molecule is tagged as 2D, but at least one Z coordinate is not zero. Marking the mol as 3D.
[13:10:47] Warning: molecule is tagged as 2D, but at least one Z coordinate is not zero. Marking the mol as 3D.
[13:10:47] Warning: molecule is tagged as 2D, but at least one Z coordinate is not zero. Marking the mol as 3D.
[13:10:47] Warning: molecule is tagged as 2D, but at least one Z coordinate is not zero. Marking the mol as 3D.
[13:10:47] Warning: molecule is tagged as 2D, but at least one Z coordinate is not zero. Marking the mol as 3D.
[13:10:47] Warning: molecule is tagged as 2D, but at least one Z coordinate is not zero. Marking the mol as 3D.
[13:10:47] Warning: molecule is tagged as 2D, but at least one Z coordinate is not zero. Marking the mol as 3D.
[13:10:47] Warning: molecule is tagged as 2D, but at least one Z coordinate is not zero. Marking the mol as 3D.
2026-06-09 13:10:47    Pose   minimizedAffinity    CNNscore   CNNaffinity          
2026-06-09 13:10:47    --------------------------------------------------------------
2026-06-09 13:10:47       1             -10.511      0.4589        +7.352  ★ best
2026-06-09 13:10:47       2             -10.736      0.4346        +7.280
2026-06-09 13:10:47       3             -10.425      0.3678        +7.265
2026-06-09 13:10:47       4              -5.218      0.3658        +5.761
2026-06-09 13:10:47       5              -3.730      0.3495        +5.930
2026-06-09 13:10:47       6              -4.758      0.3212        +5.784
2026-06-09 13:10:47       7              -4.798      0.3040        +5.550
2026-06-09 13:10:47       8              -5.158      0.2564        +5.437
2026-06-09 13:10:47       9              -5.104      0.2205        +5.458
2026-06-09 13:10:47  
────────────────────────────────────────────────────────────
2026-06-09 13:10:47  [119/200] decoys_18_ZINC35887712
2026-06-09 13:10:47  ────────────────────────────────────────────────────────────
[13:12:24] Warning: molecule is tagged as 2D, but at least one Z coordinate is not zero. Marking the mol as 3D.
[13:12:24] Warning: molecule is tagged as 2D, but at least one Z coordinate is not zero. Marking the mol as 3D.
[13:12:24] Warning: molecule is tagged as 2D, but at least one Z coordinate is not zero. Marking the mol as 3D.
[13:12:24] Warning: molecule is tagged as 2D, but at least one Z coordinate is not zero. Marking the mol as 3D.
[13:12:24] Warning: molecule is tagged as 2D, but at least one Z coordinate is not zero. Marking the mol as 3D.
[13:12:24] Warning: molecule is tagged as 2D, but at least one Z coordinate is not zero. Marking the mol as 3D.
[13:12:24] Warning: molecule is tagged as 2D, but at least one Z coordinate is not zero. Marking the mol as 3D.
[13:12:24] Warning: molecule is tagged as 2D, but at least one Z coordinate is not zero. Marking the mol as 3D.
[13:12:24] Warning: molecule is tagged as 2D, but at least one Z coordinate is not zero. Marking the mol as 3D.
2026-06-09 13:12:24    Pose   minimizedAffinity    CNNscore   CNNaffinity          
2026-06-09 13:12:24    --------------------------------------------------------------
2026-06-09 13:12:24       1              -5.901      0.2134        +6.268  ★ best
2026-06-09 13:12:24       2              -8.374      0.1464        +5.790
2026-06-09 13:12:24       3              -6.776      0.1401        +5.630
2026-06-09 13:12:24       4              -7.772      0.1238        +5.534
2026-06-09 13:12:24       5              -6.141      0.1186        +5.293
2026-06-09 13:12:24       6              -7.372      0.1132        +5.331
2026-06-09 13:12:24       7              -5.937      0.1120        +6.177
2026-06-09 13:12:24       8              -6.640      0.1039        +5.416
2026-06-09 13:12:24       9              -6.929      0.1029        +5.357
2026-06-09 13:12:24  
────────────────────────────────────────────────────────────
2026-06-09 13:12:24  [120/200] decoys_19_ZINC36660374
2026-06-09 13:12:24  ────────────────────────────────────────────────────────────
[13:13:51] Warning: molecule is tagged as 2D, but at least one Z coordinate is not zero. Marking the mol as 3D.
[13:13:51] Warning: molecule is tagged as 2D, but at least one Z coordinate is not zero. Marking the mol as 3D.
[13:13:51] Warning: molecule is tagged as 2D, but at least one Z coordinate is not zero. Marking the mol as 3D.
[13:13:51] Warning: molecule is tagged as 2D, but at least one Z coordinate is not zero. Marking the mol as 3D.
[13:13:51] Warning: molecule is tagged as 2D, but at least one Z coordinate is not zero. Marking the mol as 3D.
[13:13:51] Warning: molecule is tagged as 2D, but at least one Z coordinate is not zero. Marking the mol as 3D.
[13:13:51] Warning: molecule is tagged as 2D, but at least one Z coordinate is not zero. Marking the mol as 3D.
[13:13:51] Warning: molecule is tagged as 2D, but at least one Z coordinate is not zero. Marking the mol as 3D.
[13:13:51] Warning: molecule is tagged as 2D, but at least one Z coordinate is not zero. Marking the mol as 3D.
2026-06-09 13:13:51    Pose   minimizedAffinity    CNNscore   CNNaffinity          
2026-06-09 13:13:51    --------------------------------------------------------------
2026-06-09 13:13:51       1              -6.131      0.2604        +6.051  ★ best
2026-06-09 13:13:51       2              -6.429      0.1706        +5.716
2026-06-09 13:13:51       3              -7.408      0.1641        +5.817
2026-06-09 13:13:51       4              -7.980      0.1590        +6.329
2026-06-09 13:13:51       5              -6.105      0.1409        +5.815
2026-06-09 13:13:51       6              -6.042      0.1229        +5.781
2026-06-09 13:13:51       7              -6.033      0.1150        +5.430
2026-06-09 13:13:51       8              -5.946      0.1125        +5.623
2026-06-09 13:13:51       9              -6.839      0.1124        +5.959
2026-06-09 13:13:51  
────────────────────────────────────────────────────────────
2026-06-09 13:13:51  [121/200] decoys_20_ZINC12377051
2026-06-09 13:13:51  ────────────────────────────────────────────────────────────
[13:14:55] Warning: molecule is tagged as 2D, but at least one Z coordinate is not zero. Marking the mol as 3D.
[13:14:55] Warning: molecule is tagged as 2D, but at least one Z coordinate is not zero. Marking the mol as 3D.
[13:14:55] Warning: molecule is tagged as 2D, but at least one Z coordinate is not zero. Marking the mol as 3D.
[13:14:55] Warning: molecule is tagged as 2D, but at least one Z coordinate is not zero. Marking the mol as 3D.
[13:14:55] Warning: molecule is tagged as 2D, but at least one Z coordinate is not zero. Marking the mol as 3D.
[13:14:55] Warning: molecule is tagged as 2D, but at least one Z coordinate is not zero. Marking the mol as 3D.
[13:14:55] Warning: molecule is tagged as 2D, but at least one Z coordinate is not zero. Marking the mol as 3D.
[13:14:55] Warning: molecule is tagged as 2D, but at least one Z coordinate is not zero. Marking the mol as 3D.
[13:14:55] Warning: molecule is tagged as 2D, but at least one Z coordinate is not zero. Marking the mol as 3D.
2026-06-09 13:14:55    Pose   minimizedAffinity    CNNscore   CNNaffinity          
2026-06-09 13:14:55    --------------------------------------------------------------
2026-06-09 13:14:55       1              -8.993      0.5280        +6.955  ★ best
2026-06-09 13:14:55       2              -8.468      0.4812        +7.028
2026-06-09 13:14:55       3              -8.425      0.4631        +6.950
2026-06-09 13:14:55       4              -8.671      0.3629        +6.932
2026-06-09 13:14:55       5              -8.934      0.3509        +6.439
2026-06-09 13:14:55       6              -9.090      0.3070        +6.823
2026-06-09 13:14:55       7              -8.043      0.2605        +6.616
2026-06-09 13:14:55       8              -9.135      0.2373        +6.486
2026-06-09 13:14:55       9              -7.606      0.1433        +5.684
2026-06-09 13:14:55  
────────────────────────────────────────────────────────────
2026-06-09 13:14:55  [122/200] decoys_21_ZINC43036710
2026-06-09 13:14:55  ────────────────────────────────────────────────────────────
[13:15:18] Warning: molecule is tagged as 2D, but at least one Z coordinate is not zero. Marking the mol as 3D.
[13:15:18] Warning: molecule is tagged as 2D, but at least one Z coordinate is not zero. Marking the mol as 3D.
[13:15:18] Warning: molecule is tagged as 2D, but at least one Z coordinate is not zero. Marking the mol as 3D.
[13:15:18] Warning: molecule is tagged as 2D, but at least one Z coordinate is not zero. Marking the mol as 3D.
[13:15:18] Warning: molecule is tagged as 2D, but at least one Z coordinate is not zero. Marking the mol as 3D.
[13:15:18] Warning: molecule is tagged as 2D, but at least one Z coordinate is not zero. Marking the mol as 3D.
[13:15:18] Warning: molecule is tagged as 2D, but at least one Z coordinate is not zero. Marking the mol as 3D.
[13:15:18] Warning: molecule is tagged as 2D, but at least one Z coordinate is not zero. Marking the mol as 3D.
[13:15:18] Warning: molecule is tagged as 2D, but at least one Z coordinate is not zero. Marking the mol as 3D.
2026-06-09 13:15:18    Pose   minimizedAffinity    CNNscore   CNNaffinity          
2026-06-09 13:15:18    --------------------------------------------------------------
2026-06-09 13:15:18       1              -8.056      0.4648        +6.826  ★ best
2026-06-09 13:15:18       2              -7.959      0.3348        +6.689
2026-06-09 13:15:18       3              -7.778      0.3269        +6.586
2026-06-09 13:15:18       4              -8.578      0.3263        +6.448
2026-06-09 13:15:18       5              -6.703      0.3184        +6.544
2026-06-09 13:15:18       6              -6.669      0.3081        +6.577
2026-06-09 13:15:18       7              -5.969      0.2637        +5.067
2026-06-09 13:15:18       8              -8.001      0.2521        +6.386
2026-06-09 13:15:18       9              -5.571      0.2344        +6.148
2026-06-09 13:15:18  
────────────────────────────────────────────────────────────
2026-06-09 13:15:18  [123/200] decoys_22_ZINC02587031
2026-06-09 13:15:18  ────────────────────────────────────────────────────────────
[13:16:09] Warning: molecule is tagged as 2D, but at least one Z coordinate is not zero. Marking the mol as 3D.
[13:16:09] Warning: molecule is tagged as 2D, but at least one Z coordinate is not zero. Marking the mol as 3D.
[13:16:09] Warning: molecule is tagged as 2D, but at least one Z coordinate is not zero. Marking the mol as 3D.
[13:16:09] Warning: molecule is tagged as 2D, but at least one Z coordinate is not zero. Marking the mol as 3D.
[13:16:09] Warning: molecule is tagged as 2D, but at least one Z coordinate is not zero. Marking the mol as 3D.
[13:16:09] Warning: molecule is tagged as 2D, but at least one Z coordinate is not zero. Marking the mol as 3D.
[13:16:09] Warning: molecule is tagged as 2D, but at least one Z coordinate is not zero. Marking the mol as 3D.
[13:16:09] Warning: molecule is tagged as 2D, but at least one Z coordinate is not zero. Marking the mol as 3D.
[13:16:09] Warning: molecule is tagged as 2D, but at least one Z coordinate is not zero. Marking the mol as 3D.
2026-06-09 13:16:09    Pose   minimizedAffinity    CNNscore   CNNaffinity          
2026-06-09 13:16:09    --------------------------------------------------------------
2026-06-09 13:16:09       1              -4.717      0.5440        +7.309  ★ best
2026-06-09 13:16:09       2              -4.572      0.5290        +7.201
2026-06-09 13:16:09       3              +8.094      0.4401        +6.827
2026-06-09 13:16:09       4              -3.247      0.4399        +5.519
2026-06-09 13:16:09       5              -3.139      0.3778        +5.893
2026-06-09 13:16:09       6              -3.489      0.3696        +5.933
2026-06-09 13:16:09       7              +1.433      0.3429        +7.001
2026-06-09 13:16:09       8              -4.425      0.3407        +5.876
2026-06-09 13:16:09       9             -10.459      0.2536        +6.108
2026-06-09 13:16:09  
────────────────────────────────────────────────────────────
2026-06-09 13:16:09  [124/200] decoys_23_ZINC62999950
2026-06-09 13:16:09  ────────────────────────────────────────────────────────────
[13:16:34] Warning: molecule is tagged as 2D, but at least one Z coordinate is not zero. Marking the mol as 3D.
[13:16:34] Warning: molecule is tagged as 2D, but at least one Z coordinate is not zero. Marking the mol as 3D.
[13:16:34] Warning: molecule is tagged as 2D, but at least one Z coordinate is not zero. Marking the mol as 3D.
[13:16:34] Warning: molecule is tagged as 2D, but at least one Z coordinate is not zero. Marking the mol as 3D.
[13:16:34] Warning: molecule is tagged as 2D, but at least one Z coordinate is not zero. Marking the mol as 3D.
[13:16:34] Warning: molecule is tagged as 2D, but at least one Z coordinate is not zero. Marking the mol as 3D.
[13:16:34] Warning: molecule is tagged as 2D, but at least one Z coordinate is not zero. Marking the mol as 3D.
[13:16:34] Warning: molecule is tagged as 2D, but at least one Z coordinate is not zero. Marking the mol as 3D.
[13:16:34] Warning: molecule is tagged as 2D, but at least one Z coordinate is not zero. Marking the mol as 3D.
2026-06-09 13:16:34    Pose   minimizedAffinity    CNNscore   CNNaffinity          
2026-06-09 13:16:34    --------------------------------------------------------------
2026-06-09 13:16:34       1              -5.292      0.3013        +3.850  ★ best
2026-06-09 13:16:34       2              -9.668      0.2688        +6.522
2026-06-09 13:16:34       3              -8.783      0.2602        +6.465
2026-06-09 13:16:34       4              -9.751      0.2346        +6.310
2026-06-09 13:16:34       5              -9.872      0.2298        +6.229
2026-06-09 13:16:34       6              -5.372      0.2277        +3.956
2026-06-09 13:16:34       7              -5.725      0.2014        +4.504
2026-06-09 13:16:34       8              -9.328      0.2008        +5.815
2026-06-09 13:16:34       9              -5.382      0.1982        +4.218
2026-06-09 13:16:34  
────────────────────────────────────────────────────────────
2026-06-09 13:16:34  [125/200] decoys_24_ZINC36013887
2026-06-09 13:16:34  ────────────────────────────────────────────────────────────
[13:18:09] Warning: molecule is tagged as 2D, but at least one Z coordinate is not zero. Marking the mol as 3D.
[13:18:09] Warning: molecule is tagged as 2D, but at least one Z coordinate is not zero. Marking the mol as 3D.
[13:18:09] Warning: molecule is tagged as 2D, but at least one Z coordinate is not zero. Marking the mol as 3D.
[13:18:09] Warning: molecule is tagged as 2D, but at least one Z coordinate is not zero. Marking the mol as 3D.
[13:18:09] Warning: molecule is tagged as 2D, but at least one Z coordinate is not zero. Marking the mol as 3D.
[13:18:09] Warning: molecule is tagged as 2D, but at least one Z coordinate is not zero. Marking the mol as 3D.
[13:18:09] Warning: molecule is tagged as 2D, but at least one Z coordinate is not zero. Marking the mol as 3D.
[13:18:09] Warning: molecule is tagged as 2D, but at least one Z coordinate is not zero. Marking the mol as 3D.
[13:18:09] Warning: molecule is tagged as 2D, but at least one Z coordinate is not zero. Marking the mol as 3D.
2026-06-09 13:18:09    Pose   minimizedAffinity    CNNscore   CNNaffinity          
2026-06-09 13:18:09    --------------------------------------------------------------
2026-06-09 13:18:09       1              -7.113      0.4709        +7.690  ★ best
2026-06-09 13:18:09       2              -5.283      0.2913        +5.562
2026-06-09 13:18:09       3              -7.604      0.2853        +7.662
2026-06-09 13:18:09       4              -5.228      0.2668        +5.356
2026-06-09 13:18:09       5              -6.922      0.2478        +7.200
2026-06-09 13:18:09       6              -5.390      0.2469        +5.412
2026-06-09 13:18:09       7              -6.643      0.2109        +7.066
2026-06-09 13:18:09       8              -5.309      0.1525        +4.721
2026-06-09 13:18:09       9              -5.448      0.1309        +5.019
2026-06-09 13:18:09  
────────────────────────────────────────────────────────────
2026-06-09 13:18:09  [126/200] decoys_25_ZINC63375662
2026-06-09 13:18:09  ────────────────────────────────────────────────────────────
[13:19:36] Warning: molecule is tagged as 2D, but at least one Z coordinate is not zero. Marking the mol as 3D.
[13:19:36] Warning: molecule is tagged as 2D, but at least one Z coordinate is not zero. Marking the mol as 3D.
[13:19:36] Warning: molecule is tagged as 2D, but at least one Z coordinate is not zero. Marking the mol as 3D.
[13:19:36] Warning: molecule is tagged as 2D, but at least one Z coordinate is not zero. Marking the mol as 3D.
[13:19:36] Warning: molecule is tagged as 2D, but at least one Z coordinate is not zero. Marking the mol as 3D.
[13:19:36] Warning: molecule is tagged as 2D, but at least one Z coordinate is not zero. Marking the mol as 3D.
[13:19:36] Warning: molecule is tagged as 2D, but at least one Z coordinate is not zero. Marking the mol as 3D.
[13:19:36] Warning: molecule is tagged as 2D, but at least one Z coordinate is not zero. Marking the mol as 3D.
[13:19:36] Warning: molecule is tagged as 2D, but at least one Z coordinate is not zero. Marking the mol as 3D.
2026-06-09 13:19:36    Pose   minimizedAffinity    CNNscore   CNNaffinity          
2026-06-09 13:19:36    --------------------------------------------------------------
2026-06-09 13:19:36       1              -6.281      0.1815        +5.460  ★ best
2026-06-09 13:19:36       2              -6.266      0.1734        +5.444
2026-06-09 13:19:36       3              -6.499      0.1425        +5.287
2026-06-09 13:19:36       4              -6.085      0.1141        +5.374
2026-06-09 13:19:36       5              -6.245      0.0937        +5.695
2026-06-09 13:19:36       6              -6.210      0.0912        +5.349
2026-06-09 13:19:36       7              -7.520      0.0868        +5.513
2026-06-09 13:19:36       8              -6.253      0.0855        +5.197
2026-06-09 13:19:36       9              -5.936      0.0752        +5.116
2026-06-09 13:19:36  
────────────────────────────────────────────────────────────
2026-06-09 13:19:36  [127/200] decoys_26_ZINC40476136
2026-06-09 13:19:36  ────────────────────────────────────────────────────────────
[13:20:36] Warning: molecule is tagged as 2D, but at least one Z coordinate is not zero. Marking the mol as 3D.
[13:20:36] Warning: molecule is tagged as 2D, but at least one Z coordinate is not zero. Marking the mol as 3D.
[13:20:36] Warning: molecule is tagged as 2D, but at least one Z coordinate is not zero. Marking the mol as 3D.
[13:20:36] Warning: molecule is tagged as 2D, but at least one Z coordinate is not zero. Marking the mol as 3D.
[13:20:36] Warning: molecule is tagged as 2D, but at least one Z coordinate is not zero. Marking the mol as 3D.
[13:20:36] Warning: molecule is tagged as 2D, but at least one Z coordinate is not zero. Marking the mol as 3D.
[13:20:36] Warning: molecule is tagged as 2D, but at least one Z coordinate is not zero. Marking the mol as 3D.
[13:20:36] Warning: molecule is tagged as 2D, but at least one Z coordinate is not zero. Marking the mol as 3D.
[13:20:36] Warning: molecule is tagged as 2D, but at least one Z coordinate is not zero. Marking the mol as 3D.
2026-06-09 13:20:36    Pose   minimizedAffinity    CNNscore   CNNaffinity          
2026-06-09 13:20:36    --------------------------------------------------------------
2026-06-09 13:20:36       1             -10.138      0.4632        +7.075  ★ best
2026-06-09 13:20:36       2              -9.661      0.4047        +6.755
2026-06-09 13:20:36       3              -9.454      0.3093        +6.565
2026-06-09 13:20:36       4              -9.473      0.3000        +6.607
2026-06-09 13:20:36       5              -9.173      0.2959        +6.916
2026-06-09 13:20:36       6              -9.405      0.2810        +6.025
2026-06-09 13:20:36       7              -9.467      0.2538        +6.337
2026-06-09 13:20:36       8              -7.197      0.2072        +5.358
2026-06-09 13:20:36       9              -9.391      0.1775        +5.999
2026-06-09 13:20:36  
────────────────────────────────────────────────────────────
2026-06-09 13:20:36  [128/200] decoys_27_ZINC34747068
2026-06-09 13:20:36  ────────────────────────────────────────────────────────────
[13:21:38] Warning: molecule is tagged as 2D, but at least one Z coordinate is not zero. Marking the mol as 3D.
[13:21:38] Warning: molecule is tagged as 2D, but at least one Z coordinate is not zero. Marking the mol as 3D.
[13:21:38] Warning: molecule is tagged as 2D, but at least one Z coordinate is not zero. Marking the mol as 3D.
[13:21:38] Warning: molecule is tagged as 2D, but at least one Z coordinate is not zero. Marking the mol as 3D.
[13:21:38] Warning: molecule is tagged as 2D, but at least one Z coordinate is not zero. Marking the mol as 3D.
[13:21:38] Warning: molecule is tagged as 2D, but at least one Z coordinate is not zero. Marking the mol as 3D.
[13:21:38] Warning: molecule is tagged as 2D, but at least one Z coordinate is not zero. Marking the mol as 3D.
[13:21:38] Warning: molecule is tagged as 2D, but at least one Z coordinate is not zero. Marking the mol as 3D.
[13:21:38] Warning: molecule is tagged as 2D, but at least one Z coordinate is not zero. Marking the mol as 3D.
2026-06-09 13:21:38    Pose   minimizedAffinity    CNNscore   CNNaffinity          
2026-06-09 13:21:38    --------------------------------------------------------------
2026-06-09 13:21:38       1              -9.917      0.7497        +7.510  ★ best
2026-06-09 13:21:38       2              -9.610      0.6770        +7.530
2026-06-09 13:21:38       3              -9.386      0.6349        +7.330
2026-06-09 13:21:38       4              -8.722      0.5520        +7.340
2026-06-09 13:21:38       5              -5.884      0.3825        +5.735
2026-06-09 13:21:38       6              -5.210      0.3447        +5.918
2026-06-09 13:21:38       7              -7.122      0.2739        +5.905
2026-06-09 13:21:38       8              -5.781      0.1782        +5.558
2026-06-09 13:21:38       9              -5.152      0.1693        +4.763
2026-06-09 13:21:38  
────────────────────────────────────────────────────────────
2026-06-09 13:21:38  [129/200] decoys_28_ZINC65329467
2026-06-09 13:21:38  ────────────────────────────────────────────────────────────
[13:23:10] Warning: molecule is tagged as 2D, but at least one Z coordinate is not zero. Marking the mol as 3D.
[13:23:10] Warning: molecule is tagged as 2D, but at least one Z coordinate is not zero. Marking the mol as 3D.
[13:23:10] Warning: molecule is tagged as 2D, but at least one Z coordinate is not zero. Marking the mol as 3D.
[13:23:10] Warning: molecule is tagged as 2D, but at least one Z coordinate is not zero. Marking the mol as 3D.
[13:23:10] Warning: molecule is tagged as 2D, but at least one Z coordinate is not zero. Marking the mol as 3D.
[13:23:10] Warning: molecule is tagged as 2D, but at least one Z coordinate is not zero. Marking the mol as 3D.
[13:23:10] Warning: molecule is tagged as 2D, but at least one Z coordinate is not zero. Marking the mol as 3D.
[13:23:10] Warning: molecule is tagged as 2D, but at least one Z coordinate is not zero. Marking the mol as 3D.
[13:23:10] Warning: molecule is tagged as 2D, but at least one Z coordinate is not zero. Marking the mol as 3D.
2026-06-09 13:23:10    Pose   minimizedAffinity    CNNscore   CNNaffinity          
2026-06-09 13:23:10    --------------------------------------------------------------
2026-06-09 13:23:10       1              -6.559      0.4194        +7.036  ★ best
2026-06-09 13:23:10       2              -6.818      0.3488        +6.914
2026-06-09 13:23:10       3              -8.233      0.2659        +7.533
2026-06-09 13:23:10       4              -7.125      0.2583        +7.407
2026-06-09 13:23:10       5              -7.194      0.2239        +6.888
2026-06-09 13:23:10       6              -7.580      0.2209        +6.912
2026-06-09 13:23:10       7              -6.692      0.2096        +6.788
2026-06-09 13:23:10       8              -6.710      0.1987        +7.250
2026-06-09 13:23:10       9              -6.587      0.1937        +6.711
2026-06-09 13:23:10  
────────────────────────────────────────────────────────────
2026-06-09 13:23:10  [130/200] decoys_29_ZINC57322889
2026-06-09 13:23:10  ────────────────────────────────────────────────────────────
[13:23:40] Warning: molecule is tagged as 2D, but at least one Z coordinate is not zero. Marking the mol as 3D.
[13:23:40] Warning: molecule is tagged as 2D, but at least one Z coordinate is not zero. Marking the mol as 3D.
[13:23:40] Warning: molecule is tagged as 2D, but at least one Z coordinate is not zero. Marking the mol as 3D.
[13:23:40] Warning: molecule is tagged as 2D, but at least one Z coordinate is not zero. Marking the mol as 3D.
[13:23:40] Warning: molecule is tagged as 2D, but at least one Z coordinate is not zero. Marking the mol as 3D.
[13:23:40] Warning: molecule is tagged as 2D, but at least one Z coordinate is not zero. Marking the mol as 3D.
[13:23:40] Warning: molecule is tagged as 2D, but at least one Z coordinate is not zero. Marking the mol as 3D.
[13:23:40] Warning: molecule is tagged as 2D, but at least one Z coordinate is not zero. Marking the mol as 3D.
[13:23:40] Warning: molecule is tagged as 2D, but at least one Z coordinate is not zero. Marking the mol as 3D.
2026-06-09 13:23:40    Pose   minimizedAffinity    CNNscore   CNNaffinity          
2026-06-09 13:23:40    --------------------------------------------------------------
2026-06-09 13:23:40       1              -9.197      0.4256        +6.509  ★ best
2026-06-09 13:23:40       2             -10.017      0.4059        +6.511
2026-06-09 13:23:40       3             -10.011      0.3268        +6.615
2026-06-09 13:23:40       4              -6.113      0.3119        +5.405
2026-06-09 13:23:40       5             -10.216      0.3001        +6.397
2026-06-09 13:23:40       6             -10.145      0.2814        +6.166
2026-06-09 13:23:40       7             -10.283      0.2657        +6.341
2026-06-09 13:23:40       8              -6.924      0.2648        +5.709
2026-06-09 13:23:40       9              -9.386      0.2394        +6.379
2026-06-09 13:23:40  
────────────────────────────────────────────────────────────
2026-06-09 13:23:40  [131/200] decoys_30_ZINC21180378
2026-06-09 13:23:40  ────────────────────────────────────────────────────────────
[13:24:52] Warning: molecule is tagged as 2D, but at least one Z coordinate is not zero. Marking the mol as 3D.
[13:24:52] Warning: molecule is tagged as 2D, but at least one Z coordinate is not zero. Marking the mol as 3D.
[13:24:52] Warning: molecule is tagged as 2D, but at least one Z coordinate is not zero. Marking the mol as 3D.
[13:24:52] Warning: molecule is tagged as 2D, but at least one Z coordinate is not zero. Marking the mol as 3D.
[13:24:52] Warning: molecule is tagged as 2D, but at least one Z coordinate is not zero. Marking the mol as 3D.
[13:24:52] Warning: molecule is tagged as 2D, but at least one Z coordinate is not zero. Marking the mol as 3D.
[13:24:52] Warning: molecule is tagged as 2D, but at least one Z coordinate is not zero. Marking the mol as 3D.
[13:24:52] Warning: molecule is tagged as 2D, but at least one Z coordinate is not zero. Marking the mol as 3D.
[13:24:52] Warning: molecule is tagged as 2D, but at least one Z coordinate is not zero. Marking the mol as 3D.
2026-06-09 13:24:52    Pose   minimizedAffinity    CNNscore   CNNaffinity          
2026-06-09 13:24:52    --------------------------------------------------------------
2026-06-09 13:24:52       1              -8.012      0.6840        +7.280  ★ best
2026-06-09 13:24:52       2              -7.204      0.6823        +7.368
2026-06-09 13:24:52       3              -8.889      0.5772        +7.316
2026-06-09 13:24:52       4              -7.992      0.4011        +7.004
2026-06-09 13:24:52       5              -7.467      0.3964        +6.677
2026-06-09 13:24:52       6              -8.541      0.3924        +6.952
2026-06-09 13:24:52       7              -6.863      0.3625        +6.691
2026-06-09 13:24:52       8              -7.896      0.2613        +6.890
2026-06-09 13:24:52       9              -6.943      0.1381        +6.260
2026-06-09 13:24:52  
────────────────────────────────────────────────────────────
2026-06-09 13:24:52  [132/200] decoys_31_ZINC63303353
2026-06-09 13:24:52  ────────────────────────────────────────────────────────────
[13:25:48] Warning: molecule is tagged as 2D, but at least one Z coordinate is not zero. Marking the mol as 3D.
[13:25:48] Warning: molecule is tagged as 2D, but at least one Z coordinate is not zero. Marking the mol as 3D.
[13:25:48] Warning: molecule is tagged as 2D, but at least one Z coordinate is not zero. Marking the mol as 3D.
[13:25:48] Warning: molecule is tagged as 2D, but at least one Z coordinate is not zero. Marking the mol as 3D.
[13:25:48] Warning: molecule is tagged as 2D, but at least one Z coordinate is not zero. Marking the mol as 3D.
[13:25:48] Warning: molecule is tagged as 2D, but at least one Z coordinate is not zero. Marking the mol as 3D.
[13:25:48] Warning: molecule is tagged as 2D, but at least one Z coordinate is not zero. Marking the mol as 3D.
[13:25:48] Warning: molecule is tagged as 2D, but at least one Z coordinate is not zero. Marking the mol as 3D.
[13:25:48] Warning: molecule is tagged as 2D, but at least one Z coordinate is not zero. Marking the mol as 3D.
2026-06-09 13:25:48    Pose   minimizedAffinity    CNNscore   CNNaffinity          
2026-06-09 13:25:48    --------------------------------------------------------------
2026-06-09 13:25:48       1              -6.195      0.2238        +5.584  ★ best
2026-06-09 13:25:48       2              -7.897      0.1791        +5.023
2026-06-09 13:25:48       3              -4.987      0.1700        +4.521
2026-06-09 13:25:48       4              -5.935      0.1657        +5.830
2026-06-09 13:25:48       5              -5.842      0.1585        +5.240
2026-06-09 13:25:48       6              -7.293      0.1418        +5.702
2026-06-09 13:25:48       7              -6.686      0.1178        +5.501
2026-06-09 13:25:48       8              -5.437      0.1149        +4.000
2026-06-09 13:25:48       9              -7.878      0.1143        +5.998
2026-06-09 13:25:48  
────────────────────────────────────────────────────────────
2026-06-09 13:25:48  [133/200] decoys_32_ZINC38814913
2026-06-09 13:25:48  ────────────────────────────────────────────────────────────
[13:26:46] Warning: molecule is tagged as 2D, but at least one Z coordinate is not zero. Marking the mol as 3D.
[13:26:46] Warning: molecule is tagged as 2D, but at least one Z coordinate is not zero. Marking the mol as 3D.
[13:26:46] Warning: molecule is tagged as 2D, but at least one Z coordinate is not zero. Marking the mol as 3D.
[13:26:46] Warning: molecule is tagged as 2D, but at least one Z coordinate is not zero. Marking the mol as 3D.
[13:26:46] Warning: molecule is tagged as 2D, but at least one Z coordinate is not zero. Marking the mol as 3D.
[13:26:46] Warning: molecule is tagged as 2D, but at least one Z coordinate is not zero. Marking the mol as 3D.
[13:26:46] Warning: molecule is tagged as 2D, but at least one Z coordinate is not zero. Marking the mol as 3D.
[13:26:46] Warning: molecule is tagged as 2D, but at least one Z coordinate is not zero. Marking the mol as 3D.
[13:26:46] Warning: molecule is tagged as 2D, but at least one Z coordinate is not zero. Marking the mol as 3D.
2026-06-09 13:26:46    Pose   minimizedAffinity    CNNscore   CNNaffinity          
2026-06-09 13:26:46    --------------------------------------------------------------
2026-06-09 13:26:46       1             -10.569      0.6585        +7.566  ★ best
2026-06-09 13:26:46       2             -10.717      0.6248        +7.584
2026-06-09 13:26:46       3              -5.582      0.3659        +5.404
2026-06-09 13:26:46       4             -10.723      0.3102        +7.080
2026-06-09 13:26:46       5             -11.260      0.3019        +7.130
2026-06-09 13:26:46       6              -5.697      0.2862        +5.375
2026-06-09 13:26:46       7             -10.668      0.2543        +6.871
2026-06-09 13:26:46       8              -9.114      0.2508        +6.377
2026-06-09 13:26:46       9             -10.581      0.2478        +7.053
2026-06-09 13:26:46  
────────────────────────────────────────────────────────────
2026-06-09 13:26:46  [134/200] decoys_33_ZINC39431123
2026-06-09 13:26:46  ────────────────────────────────────────────────────────────
[13:27:38] Warning: molecule is tagged as 2D, but at least one Z coordinate is not zero. Marking the mol as 3D.
[13:27:38] Warning: molecule is tagged as 2D, but at least one Z coordinate is not zero. Marking the mol as 3D.
[13:27:38] Warning: molecule is tagged as 2D, but at least one Z coordinate is not zero. Marking the mol as 3D.
[13:27:38] Warning: molecule is tagged as 2D, but at least one Z coordinate is not zero. Marking the mol as 3D.
[13:27:38] Warning: molecule is tagged as 2D, but at least one Z coordinate is not zero. Marking the mol as 3D.
[13:27:38] Warning: molecule is tagged as 2D, but at least one Z coordinate is not zero. Marking the mol as 3D.
[13:27:38] Warning: molecule is tagged as 2D, but at least one Z coordinate is not zero. Marking the mol as 3D.
[13:27:38] Warning: molecule is tagged as 2D, but at least one Z coordinate is not zero. Marking the mol as 3D.
[13:27:38] Warning: molecule is tagged as 2D, but at least one Z coordinate is not zero. Marking the mol as 3D.
2026-06-09 13:27:38    Pose   minimizedAffinity    CNNscore   CNNaffinity          
2026-06-09 13:27:38    --------------------------------------------------------------
2026-06-09 13:27:38       1             -10.011      0.6839        +7.055  ★ best
2026-06-09 13:27:38       2              -8.112      0.3766        +6.595
2026-06-09 13:27:38       3              -8.271      0.1677        +6.094
2026-06-09 13:27:38       4              -7.350      0.1540        +5.721
2026-06-09 13:27:38       5              -8.681      0.1507        +5.925
2026-06-09 13:27:38       6              -7.909      0.1507        +5.772
2026-06-09 13:27:38       7              -7.539      0.1450        +5.699
2026-06-09 13:27:38       8              -8.081      0.1427        +5.630
2026-06-09 13:27:38       9              -8.779      0.1375        +6.064
2026-06-09 13:27:38  
────────────────────────────────────────────────────────────
2026-06-09 13:27:38  [135/200] decoys_34_ZINC39623922
2026-06-09 13:27:38  ────────────────────────────────────────────────────────────
[13:28:44] Warning: molecule is tagged as 2D, but at least one Z coordinate is not zero. Marking the mol as 3D.
[13:28:44] Warning: molecule is tagged as 2D, but at least one Z coordinate is not zero. Marking the mol as 3D.
[13:28:44] Warning: molecule is tagged as 2D, but at least one Z coordinate is not zero. Marking the mol as 3D.
[13:28:44] Warning: molecule is tagged as 2D, but at least one Z coordinate is not zero. Marking the mol as 3D.
[13:28:44] Warning: molecule is tagged as 2D, but at least one Z coordinate is not zero. Marking the mol as 3D.
[13:28:44] Warning: molecule is tagged as 2D, but at least one Z coordinate is not zero. Marking the mol as 3D.
[13:28:44] Warning: molecule is tagged as 2D, but at least one Z coordinate is not zero. Marking the mol as 3D.
[13:28:44] Warning: molecule is tagged as 2D, but at least one Z coordinate is not zero. Marking the mol as 3D.
[13:28:44] Warning: molecule is tagged as 2D, but at least one Z coordinate is not zero. Marking the mol as 3D.
2026-06-09 13:28:44    Pose   minimizedAffinity    CNNscore   CNNaffinity          
2026-06-09 13:28:44    --------------------------------------------------------------
2026-06-09 13:28:44       1              -4.835      0.3664        +5.218  ★ best
2026-06-09 13:28:44       2              -7.112      0.3273        +6.501
2026-06-09 13:28:44       3              -5.304      0.3139        +5.697
2026-06-09 13:28:44       4              -5.681      0.2476        +5.454
2026-06-09 13:28:44       5              -5.209      0.2259        +5.763
2026-06-09 13:28:44       6              -5.646      0.1933        +5.401
2026-06-09 13:28:44       7              -5.391      0.1778        +5.790
2026-06-09 13:28:44       8              -6.344      0.1742        +5.459
2026-06-09 13:28:44       9              -5.511      0.1615        +5.373
2026-06-09 13:28:44  
────────────────────────────────────────────────────────────
2026-06-09 13:28:44  [136/200] decoys_35_ZINC47678928
2026-06-09 13:28:44  ────────────────────────────────────────────────────────────
[13:29:05] Warning: molecule is tagged as 2D, but at least one Z coordinate is not zero. Marking the mol as 3D.
[13:29:05] Warning: molecule is tagged as 2D, but at least one Z coordinate is not zero. Marking the mol as 3D.
[13:29:05] Warning: molecule is tagged as 2D, but at least one Z coordinate is not zero. Marking the mol as 3D.
[13:29:05] Warning: molecule is tagged as 2D, but at least one Z coordinate is not zero. Marking the mol as 3D.
[13:29:05] Warning: molecule is tagged as 2D, but at least one Z coordinate is not zero. Marking the mol as 3D.
[13:29:05] Warning: molecule is tagged as 2D, but at least one Z coordinate is not zero. Marking the mol as 3D.
[13:29:05] Warning: molecule is tagged as 2D, but at least one Z coordinate is not zero. Marking the mol as 3D.
[13:29:05] Warning: molecule is tagged as 2D, but at least one Z coordinate is not zero. Marking the mol as 3D.
[13:29:05] Warning: molecule is tagged as 2D, but at least one Z coordinate is not zero. Marking the mol as 3D.
2026-06-09 13:29:05    Pose   minimizedAffinity    CNNscore   CNNaffinity          
2026-06-09 13:29:05    --------------------------------------------------------------
2026-06-09 13:29:05       1              -4.788      0.3516        +4.560  ★ best
2026-06-09 13:29:05       2              -4.863      0.3200        +4.193
2026-06-09 13:29:05       3              -5.847      0.3081        +4.718
2026-06-09 13:29:05       4              -5.290      0.3029        +4.738
2026-06-09 13:29:05       5              -5.968      0.2855        +5.156
2026-06-09 13:29:05       6              -5.182      0.2829        +5.006
2026-06-09 13:29:05       7              -5.125      0.2769        +4.093
2026-06-09 13:29:05       8              -5.066      0.2515        +4.200
2026-06-09 13:29:05       9              -5.096      0.2489        +4.216
2026-06-09 13:29:05  
────────────────────────────────────────────────────────────
2026-06-09 13:29:05  [137/200] decoys_36_ZINC23256843
2026-06-09 13:29:05  ────────────────────────────────────────────────────────────
[13:30:01] Warning: molecule is tagged as 2D, but at least one Z coordinate is not zero. Marking the mol as 3D.
[13:30:01] Warning: molecule is tagged as 2D, but at least one Z coordinate is not zero. Marking the mol as 3D.
[13:30:01] Warning: molecule is tagged as 2D, but at least one Z coordinate is not zero. Marking the mol as 3D.
[13:30:01] Warning: molecule is tagged as 2D, but at least one Z coordinate is not zero. Marking the mol as 3D.
[13:30:01] Warning: molecule is tagged as 2D, but at least one Z coordinate is not zero. Marking the mol as 3D.
[13:30:01] Warning: molecule is tagged as 2D, but at least one Z coordinate is not zero. Marking the mol as 3D.
[13:30:01] Warning: molecule is tagged as 2D, but at least one Z coordinate is not zero. Marking the mol as 3D.
[13:30:01] Warning: molecule is tagged as 2D, but at least one Z coordinate is not zero. Marking the mol as 3D.
[13:30:01] Warning: molecule is tagged as 2D, but at least one Z coordinate is not zero. Marking the mol as 3D.
2026-06-09 13:30:01    Pose   minimizedAffinity    CNNscore   CNNaffinity          
2026-06-09 13:30:01    --------------------------------------------------------------
2026-06-09 13:30:01       1              -8.443      0.4577        +6.173  ★ best
2026-06-09 13:30:01       2              -7.527      0.3509        +6.127
2026-06-09 13:30:01       3              -9.641      0.3342        +5.993
2026-06-09 13:30:01       4              -9.949      0.2750        +5.629
2026-06-09 13:30:01       5              -8.055      0.2750        +6.429
2026-06-09 13:30:01       6              -8.241      0.2492        +6.412
2026-06-09 13:30:01       7              -9.065      0.2470        +7.082
2026-06-09 13:30:01       8              -9.897      0.2404        +5.586
2026-06-09 13:30:01       9              -7.926      0.2137        +5.338
2026-06-09 13:30:01  
────────────────────────────────────────────────────────────
2026-06-09 13:30:01  [138/200] decoys_37_ZINC41649537
2026-06-09 13:30:01  ────────────────────────────────────────────────────────────
[13:30:38] Warning: molecule is tagged as 2D, but at least one Z coordinate is not zero. Marking the mol as 3D.
[13:30:38] Warning: molecule is tagged as 2D, but at least one Z coordinate is not zero. Marking the mol as 3D.
[13:30:38] Warning: molecule is tagged as 2D, but at least one Z coordinate is not zero. Marking the mol as 3D.
[13:30:38] Warning: molecule is tagged as 2D, but at least one Z coordinate is not zero. Marking the mol as 3D.
[13:30:38] Warning: molecule is tagged as 2D, but at least one Z coordinate is not zero. Marking the mol as 3D.
[13:30:38] Warning: molecule is tagged as 2D, but at least one Z coordinate is not zero. Marking the mol as 3D.
[13:30:38] Warning: molecule is tagged as 2D, but at least one Z coordinate is not zero. Marking the mol as 3D.
[13:30:38] Warning: molecule is tagged as 2D, but at least one Z coordinate is not zero. Marking the mol as 3D.
[13:30:38] Warning: molecule is tagged as 2D, but at least one Z coordinate is not zero. Marking the mol as 3D.
2026-06-09 13:30:38    Pose   minimizedAffinity    CNNscore   CNNaffinity          
2026-06-09 13:30:38    --------------------------------------------------------------
2026-06-09 13:30:38       1              -4.844      0.2889        +5.322  ★ best
2026-06-09 13:30:38       2              -4.708      0.2049        +4.927
2026-06-09 13:30:38       3              -5.385      0.2049        +5.040
2026-06-09 13:30:38       4              -5.411      0.2046        +5.153
2026-06-09 13:30:38       5              -9.394      0.1802        +6.248
2026-06-09 13:30:38       6              -5.070      0.1620        +5.025
2026-06-09 13:30:38       7              -8.938      0.1588        +5.407
2026-06-09 13:30:38       8              -6.106      0.1341        +5.205
2026-06-09 13:30:38       9              -5.731      0.1266        +5.025
2026-06-09 13:30:38  
────────────────────────────────────────────────────────────
2026-06-09 13:30:38  [139/200] decoys_38_ZINC63373289
2026-06-09 13:30:38  ────────────────────────────────────────────────────────────
[13:32:07] Warning: molecule is tagged as 2D, but at least one Z coordinate is not zero. Marking the mol as 3D.
[13:32:07] Warning: molecule is tagged as 2D, but at least one Z coordinate is not zero. Marking the mol as 3D.
[13:32:07] Warning: molecule is tagged as 2D, but at least one Z coordinate is not zero. Marking the mol as 3D.
[13:32:07] Warning: molecule is tagged as 2D, but at least one Z coordinate is not zero. Marking the mol as 3D.
[13:32:07] Warning: molecule is tagged as 2D, but at least one Z coordinate is not zero. Marking the mol as 3D.
[13:32:07] Warning: molecule is tagged as 2D, but at least one Z coordinate is not zero. Marking the mol as 3D.
[13:32:07] Warning: molecule is tagged as 2D, but at least one Z coordinate is not zero. Marking the mol as 3D.
[13:32:07] Warning: molecule is tagged as 2D, but at least one Z coordinate is not zero. Marking the mol as 3D.
[13:32:07] Warning: molecule is tagged as 2D, but at least one Z coordinate is not zero. Marking the mol as 3D.
2026-06-09 13:32:07    Pose   minimizedAffinity    CNNscore   CNNaffinity          
2026-06-09 13:32:07    --------------------------------------------------------------
2026-06-09 13:32:07       1              -6.475      0.2250        +5.591  ★ best
2026-06-09 13:32:07       2              -6.447      0.1928        +6.074
2026-06-09 13:32:07       3              -6.402      0.1887        +5.714
2026-06-09 13:32:07       4              -6.042      0.1769        +5.480
2026-06-09 13:32:07       5              -6.823      0.1749        +5.740
2026-06-09 13:32:07       6              -6.694      0.1741        +5.641
2026-06-09 13:32:07       7              -6.610      0.1736        +5.655
2026-06-09 13:32:07       8              -6.710      0.1396        +5.546
2026-06-09 13:32:07       9              -6.103      0.1338        +5.475
2026-06-09 13:32:07  
────────────────────────────────────────────────────────────
2026-06-09 13:32:07  [140/200] decoys_39_ZINC39948224
2026-06-09 13:32:07  ────────────────────────────────────────────────────────────
[13:33:35] Warning: molecule is tagged as 2D, but at least one Z coordinate is not zero. Marking the mol as 3D.
[13:33:35] Warning: molecule is tagged as 2D, but at least one Z coordinate is not zero. Marking the mol as 3D.
[13:33:35] Warning: molecule is tagged as 2D, but at least one Z coordinate is not zero. Marking the mol as 3D.
[13:33:35] Warning: molecule is tagged as 2D, but at least one Z coordinate is not zero. Marking the mol as 3D.
[13:33:35] Warning: molecule is tagged as 2D, but at least one Z coordinate is not zero. Marking the mol as 3D.
[13:33:35] Warning: molecule is tagged as 2D, but at least one Z coordinate is not zero. Marking the mol as 3D.
[13:33:35] Warning: molecule is tagged as 2D, but at least one Z coordinate is not zero. Marking the mol as 3D.
[13:33:35] Warning: molecule is tagged as 2D, but at least one Z coordinate is not zero. Marking the mol as 3D.
[13:33:35] Warning: molecule is tagged as 2D, but at least one Z coordinate is not zero. Marking the mol as 3D.
2026-06-09 13:33:35    Pose   minimizedAffinity    CNNscore   CNNaffinity          
2026-06-09 13:33:35    --------------------------------------------------------------
2026-06-09 13:33:35       1              -8.126      0.1305        +5.817  ★ best
2026-06-09 13:33:35       2              -8.078      0.1216        +5.929
2026-06-09 13:33:35       3              -8.523      0.1140        +6.032
2026-06-09 13:33:35       4              -8.367      0.1091        +5.803
2026-06-09 13:33:35       5              -8.082      0.1025        +5.826
2026-06-09 13:33:35       6              -8.349      0.0944        +5.889
2026-06-09 13:33:35       7              -8.373      0.0900        +5.986
2026-06-09 13:33:35       8              -9.192      0.0844        +5.998
2026-06-09 13:33:35       9              -9.167      0.0844        +5.919
2026-06-09 13:33:35  
────────────────────────────────────────────────────────────
2026-06-09 13:33:35  [141/200] decoys_40_ZINC59599416
2026-06-09 13:33:35  ────────────────────────────────────────────────────────────
[13:34:32] Warning: molecule is tagged as 2D, but at least one Z coordinate is not zero. Marking the mol as 3D.
[13:34:32] Warning: molecule is tagged as 2D, but at least one Z coordinate is not zero. Marking the mol as 3D.
[13:34:32] Warning: molecule is tagged as 2D, but at least one Z coordinate is not zero. Marking the mol as 3D.
[13:34:32] Warning: molecule is tagged as 2D, but at least one Z coordinate is not zero. Marking the mol as 3D.
[13:34:32] Warning: molecule is tagged as 2D, but at least one Z coordinate is not zero. Marking the mol as 3D.
[13:34:32] Warning: molecule is tagged as 2D, but at least one Z coordinate is not zero. Marking the mol as 3D.
[13:34:32] Warning: molecule is tagged as 2D, but at least one Z coordinate is not zero. Marking the mol as 3D.
[13:34:32] Warning: molecule is tagged as 2D, but at least one Z coordinate is not zero. Marking the mol as 3D.
[13:34:32] Warning: molecule is tagged as 2D, but at least one Z coordinate is not zero. Marking the mol as 3D.
2026-06-09 13:34:32    Pose   minimizedAffinity    CNNscore   CNNaffinity          
2026-06-09 13:34:32    --------------------------------------------------------------
2026-06-09 13:34:32       1              -8.728      0.6007        +7.949  ★ best
2026-06-09 13:34:32       2             -10.375      0.5825        +7.010
2026-06-09 13:34:32       3              -9.330      0.5463        +7.699
2026-06-09 13:34:32       4              -9.291      0.4768        +7.519
2026-06-09 13:34:32       5             -10.215      0.3279        +6.690
2026-06-09 13:34:32       6              -9.077      0.2805        +7.390
2026-06-09 13:34:32       7              -8.388      0.2695        +7.395
2026-06-09 13:34:32       8              -9.683      0.2645        +6.602
2026-06-09 13:34:32       9              -9.667      0.2483        +6.287
2026-06-09 13:34:32  
────────────────────────────────────────────────────────────
2026-06-09 13:34:32  [142/200] decoys_41_ZINC64502346
2026-06-09 13:34:32  ────────────────────────────────────────────────────────────
[13:35:23] Warning: molecule is tagged as 2D, but at least one Z coordinate is not zero. Marking the mol as 3D.
[13:35:23] Warning: molecule is tagged as 2D, but at least one Z coordinate is not zero. Marking the mol as 3D.
[13:35:23] Warning: molecule is tagged as 2D, but at least one Z coordinate is not zero. Marking the mol as 3D.
[13:35:23] Warning: molecule is tagged as 2D, but at least one Z coordinate is not zero. Marking the mol as 3D.
[13:35:23] Warning: molecule is tagged as 2D, but at least one Z coordinate is not zero. Marking the mol as 3D.
[13:35:23] Warning: molecule is tagged as 2D, but at least one Z coordinate is not zero. Marking the mol as 3D.
[13:35:23] Warning: molecule is tagged as 2D, but at least one Z coordinate is not zero. Marking the mol as 3D.
[13:35:23] Warning: molecule is tagged as 2D, but at least one Z coordinate is not zero. Marking the mol as 3D.
[13:35:23] Warning: molecule is tagged as 2D, but at least one Z coordinate is not zero. Marking the mol as 3D.
2026-06-09 13:35:23    Pose   minimizedAffinity    CNNscore   CNNaffinity          
2026-06-09 13:35:23    --------------------------------------------------------------
2026-06-09 13:35:23       1              -8.430      0.2942        +6.463  ★ best
2026-06-09 13:35:23       2              -8.464      0.2247        +6.545
2026-06-09 13:35:23       3              -9.193      0.2106        +6.489
2026-06-09 13:35:23       4             -10.676      0.1992        +6.872
2026-06-09 13:35:23       5              -9.038      0.1948        +6.645
2026-06-09 13:35:23       6              -9.468      0.1926        +6.741
2026-06-09 13:35:23       7              -9.206      0.1890        +6.385
2026-06-09 13:35:23       8             -10.219      0.1806        +6.644
2026-06-09 13:35:23       9              -8.192      0.1638        +6.791
2026-06-09 13:35:23  
────────────────────────────────────────────────────────────
2026-06-09 13:35:23  [143/200] decoys_42_ZINC06385755
2026-06-09 13:35:23  ────────────────────────────────────────────────────────────
[13:36:14] Warning: molecule is tagged as 2D, but at least one Z coordinate is not zero. Marking the mol as 3D.
[13:36:14] Warning: molecule is tagged as 2D, but at least one Z coordinate is not zero. Marking the mol as 3D.
[13:36:14] Warning: molecule is tagged as 2D, but at least one Z coordinate is not zero. Marking the mol as 3D.
[13:36:14] Warning: molecule is tagged as 2D, but at least one Z coordinate is not zero. Marking the mol as 3D.
[13:36:14] Warning: molecule is tagged as 2D, but at least one Z coordinate is not zero. Marking the mol as 3D.
[13:36:14] Warning: molecule is tagged as 2D, but at least one Z coordinate is not zero. Marking the mol as 3D.
[13:36:14] Warning: molecule is tagged as 2D, but at least one Z coordinate is not zero. Marking the mol as 3D.
[13:36:14] Warning: molecule is tagged as 2D, but at least one Z coordinate is not zero. Marking the mol as 3D.
[13:36:14] Warning: molecule is tagged as 2D, but at least one Z coordinate is not zero. Marking the mol as 3D.
2026-06-09 13:36:14    Pose   minimizedAffinity    CNNscore   CNNaffinity          
2026-06-09 13:36:14    --------------------------------------------------------------
2026-06-09 13:36:14       1              -6.181      0.6088        +6.919  ★ best
2026-06-09 13:36:14       2             -10.348      0.5116        +5.968
2026-06-09 13:36:14       3              -4.705      0.4621        +4.843
2026-06-09 13:36:14       4              -5.000      0.4489        +5.143
2026-06-09 13:36:14       5              -7.741      0.4336        +6.623
2026-06-09 13:36:14       6              -4.407      0.4323        +4.579
2026-06-09 13:36:14       7              -4.931      0.3794        +6.802
2026-06-09 13:36:14       8              -4.962      0.3650        +4.566
2026-06-09 13:36:14       9              -4.721      0.3321        +4.943
2026-06-09 13:36:14  
────────────────────────────────────────────────────────────
2026-06-09 13:36:14  [144/200] decoys_43_ZINC63613511
2026-06-09 13:36:14  ────────────────────────────────────────────────────────────
[13:37:42] Warning: molecule is tagged as 2D, but at least one Z coordinate is not zero. Marking the mol as 3D.
[13:37:42] Warning: molecule is tagged as 2D, but at least one Z coordinate is not zero. Marking the mol as 3D.
[13:37:42] Warning: molecule is tagged as 2D, but at least one Z coordinate is not zero. Marking the mol as 3D.
[13:37:42] Warning: molecule is tagged as 2D, but at least one Z coordinate is not zero. Marking the mol as 3D.
[13:37:42] Warning: molecule is tagged as 2D, but at least one Z coordinate is not zero. Marking the mol as 3D.
[13:37:42] Warning: molecule is tagged as 2D, but at least one Z coordinate is not zero. Marking the mol as 3D.
[13:37:42] Warning: molecule is tagged as 2D, but at least one Z coordinate is not zero. Marking the mol as 3D.
[13:37:42] Warning: molecule is tagged as 2D, but at least one Z coordinate is not zero. Marking the mol as 3D.
[13:37:42] Warning: molecule is tagged as 2D, but at least one Z coordinate is not zero. Marking the mol as 3D.
2026-06-09 13:37:42    Pose   minimizedAffinity    CNNscore   CNNaffinity          
2026-06-09 13:37:42    --------------------------------------------------------------
2026-06-09 13:37:42       1              -9.200      0.3373        +6.485  ★ best
2026-06-09 13:37:42       2              -6.942      0.2895        +7.384
2026-06-09 13:37:42       3              -6.845      0.2852        +7.376
2026-06-09 13:37:42       4              -8.246      0.2042        +5.963
2026-06-09 13:37:42       5              -8.110      0.2013        +5.861
2026-06-09 13:37:42       6              -8.975      0.1986        +6.086
2026-06-09 13:37:42       7              -6.614      0.1468        +5.560
2026-06-09 13:37:42       8              -6.470      0.1425        +5.630
2026-06-09 13:37:42       9              -6.924      0.1393        +5.704
2026-06-09 13:37:42  
────────────────────────────────────────────────────────────
2026-06-09 13:37:42  [145/200] decoys_44_ZINC39948683
2026-06-09 13:37:42  ────────────────────────────────────────────────────────────
[13:38:22] Warning: molecule is tagged as 2D, but at least one Z coordinate is not zero. Marking the mol as 3D.
[13:38:22] Warning: molecule is tagged as 2D, but at least one Z coordinate is not zero. Marking the mol as 3D.
[13:38:22] Warning: molecule is tagged as 2D, but at least one Z coordinate is not zero. Marking the mol as 3D.
[13:38:22] Warning: molecule is tagged as 2D, but at least one Z coordinate is not zero. Marking the mol as 3D.
[13:38:22] Warning: molecule is tagged as 2D, but at least one Z coordinate is not zero. Marking the mol as 3D.
[13:38:22] Warning: molecule is tagged as 2D, but at least one Z coordinate is not zero. Marking the mol as 3D.
[13:38:22] Warning: molecule is tagged as 2D, but at least one Z coordinate is not zero. Marking the mol as 3D.
[13:38:22] Warning: molecule is tagged as 2D, but at least one Z coordinate is not zero. Marking the mol as 3D.
[13:38:22] Warning: molecule is tagged as 2D, but at least one Z coordinate is not zero. Marking the mol as 3D.
2026-06-09 13:38:22    Pose   minimizedAffinity    CNNscore   CNNaffinity          
2026-06-09 13:38:22    --------------------------------------------------------------
2026-06-09 13:38:22       1              -5.243      0.4184        +5.061  ★ best
2026-06-09 13:38:22       2              -5.712      0.4058        +5.004
2026-06-09 13:38:22       3              -5.807      0.3086        +4.805
2026-06-09 13:38:22       4              -5.527      0.2566        +5.342
2026-06-09 13:38:22       5              -6.518      0.1910        +4.732
2026-06-09 13:38:22       6              -5.757      0.1605        +4.656
2026-06-09 13:38:22       7              -5.856      0.1416        +4.573
2026-06-09 13:38:22       8              -6.086      0.1386        +4.788
2026-06-09 13:38:22       9              -5.654      0.1319        +4.676
2026-06-09 13:38:22  
────────────────────────────────────────────────────────────
2026-06-09 13:38:22  [146/200] decoys_45_ZINC27520958
2026-06-09 13:38:22  ────────────────────────────────────────────────────────────
[13:39:44] Warning: molecule is tagged as 2D, but at least one Z coordinate is not zero. Marking the mol as 3D.
[13:39:44] Warning: molecule is tagged as 2D, but at least one Z coordinate is not zero. Marking the mol as 3D.
[13:39:44] Warning: molecule is tagged as 2D, but at least one Z coordinate is not zero. Marking the mol as 3D.
[13:39:44] Warning: molecule is tagged as 2D, but at least one Z coordinate is not zero. Marking the mol as 3D.
[13:39:44] Warning: molecule is tagged as 2D, but at least one Z coordinate is not zero. Marking the mol as 3D.
[13:39:44] Warning: molecule is tagged as 2D, but at least one Z coordinate is not zero. Marking the mol as 3D.
[13:39:44] Warning: molecule is tagged as 2D, but at least one Z coordinate is not zero. Marking the mol as 3D.
[13:39:44] Warning: molecule is tagged as 2D, but at least one Z coordinate is not zero. Marking the mol as 3D.
[13:39:44] Warning: molecule is tagged as 2D, but at least one Z coordinate is not zero. Marking the mol as 3D.
2026-06-09 13:39:44    Pose   minimizedAffinity    CNNscore   CNNaffinity          
2026-06-09 13:39:44    --------------------------------------------------------------
2026-06-09 13:39:44       1              -6.258      0.1799        +5.590  ★ best
2026-06-09 13:39:44       2              -7.203      0.1621        +5.904
2026-06-09 13:39:44       3              -7.400      0.1231        +5.673
2026-06-09 13:39:44       4              -6.863      0.1087        +5.506
2026-06-09 13:39:44       5              -7.079      0.1033        +5.729
2026-06-09 13:39:44       6              -6.913      0.0899        +5.653
2026-06-09 13:39:44       7              -6.712      0.0849        +5.351
2026-06-09 13:39:44       8              -6.535      0.0808        +5.560
2026-06-09 13:39:44       9              -6.400      0.0801        +5.982
2026-06-09 13:39:44  
────────────────────────────────────────────────────────────
2026-06-09 13:39:44  [147/200] decoys_46_ZINC12721698
2026-06-09 13:39:44  ────────────────────────────────────────────────────────────
[13:40:40] Warning: molecule is tagged as 2D, but at least one Z coordinate is not zero. Marking the mol as 3D.
[13:40:40] Warning: molecule is tagged as 2D, but at least one Z coordinate is not zero. Marking the mol as 3D.
[13:40:40] Warning: molecule is tagged as 2D, but at least one Z coordinate is not zero. Marking the mol as 3D.
[13:40:40] Warning: molecule is tagged as 2D, but at least one Z coordinate is not zero. Marking the mol as 3D.
[13:40:40] Warning: molecule is tagged as 2D, but at least one Z coordinate is not zero. Marking the mol as 3D.
[13:40:40] Warning: molecule is tagged as 2D, but at least one Z coordinate is not zero. Marking the mol as 3D.
[13:40:40] Warning: molecule is tagged as 2D, but at least one Z coordinate is not zero. Marking the mol as 3D.
[13:40:40] Warning: molecule is tagged as 2D, but at least one Z coordinate is not zero. Marking the mol as 3D.
[13:40:40] Warning: molecule is tagged as 2D, but at least one Z coordinate is not zero. Marking the mol as 3D.
2026-06-09 13:40:40    Pose   minimizedAffinity    CNNscore   CNNaffinity          
2026-06-09 13:40:40    --------------------------------------------------------------
2026-06-09 13:40:40       1              -8.696      0.3773        +6.676  ★ best
2026-06-09 13:40:40       2              -8.148      0.3765        +6.624
2026-06-09 13:40:40       3              -9.037      0.3660        +6.582
2026-06-09 13:40:40       4              -8.374      0.2668        +6.548
2026-06-09 13:40:40       5              -6.997      0.2188        +7.039
2026-06-09 13:40:40       6              -8.309      0.1271        +5.791
2026-06-09 13:40:40       7              -8.591      0.1068        +6.110
2026-06-09 13:40:40       8              -7.457      0.1020        +6.027
2026-06-09 13:40:40       9              -7.620      0.1017        +6.583
2026-06-09 13:40:40  
────────────────────────────────────────────────────────────
2026-06-09 13:40:40  [148/200] decoys_47_ZINC39681095
2026-06-09 13:40:40  ────────────────────────────────────────────────────────────
[13:41:55] Warning: molecule is tagged as 2D, but at least one Z coordinate is not zero. Marking the mol as 3D.
[13:41:55] Warning: molecule is tagged as 2D, but at least one Z coordinate is not zero. Marking the mol as 3D.
[13:41:55] Warning: molecule is tagged as 2D, but at least one Z coordinate is not zero. Marking the mol as 3D.
[13:41:55] Warning: molecule is tagged as 2D, but at least one Z coordinate is not zero. Marking the mol as 3D.
[13:41:55] Warning: molecule is tagged as 2D, but at least one Z coordinate is not zero. Marking the mol as 3D.
[13:41:55] Warning: molecule is tagged as 2D, but at least one Z coordinate is not zero. Marking the mol as 3D.
[13:41:55] Warning: molecule is tagged as 2D, but at least one Z coordinate is not zero. Marking the mol as 3D.
[13:41:55] Warning: molecule is tagged as 2D, but at least one Z coordinate is not zero. Marking the mol as 3D.
[13:41:55] Warning: molecule is tagged as 2D, but at least one Z coordinate is not zero. Marking the mol as 3D.
2026-06-09 13:41:55    Pose   minimizedAffinity    CNNscore   CNNaffinity          
2026-06-09 13:41:55    --------------------------------------------------------------
2026-06-09 13:41:55       1              -8.815      0.4297        +7.997  ★ best
2026-06-09 13:41:55       2              -5.003      0.3247        +5.069
2026-06-09 13:41:55       3              -5.294      0.2862        +4.966
2026-06-09 13:41:55       4              -7.094      0.2711        +7.618
2026-06-09 13:41:55       5              -5.334      0.2524        +5.052
2026-06-09 13:41:55       6              -5.444      0.2408        +5.181
2026-06-09 13:41:55       7              -5.696      0.1876        +5.069
2026-06-09 13:41:55       8              -5.536      0.1872        +4.778
2026-06-09 13:41:55       9              -5.627      0.1842        +5.147
2026-06-09 13:41:55  
────────────────────────────────────────────────────────────
2026-06-09 13:41:55  [149/200] decoys_48_ZINC38740593
2026-06-09 13:41:55  ────────────────────────────────────────────────────────────
[13:43:25] Warning: molecule is tagged as 2D, but at least one Z coordinate is not zero. Marking the mol as 3D.
[13:43:25] Warning: molecule is tagged as 2D, but at least one Z coordinate is not zero. Marking the mol as 3D.
[13:43:25] Warning: molecule is tagged as 2D, but at least one Z coordinate is not zero. Marking the mol as 3D.
[13:43:25] Warning: molecule is tagged as 2D, but at least one Z coordinate is not zero. Marking the mol as 3D.
[13:43:25] Warning: molecule is tagged as 2D, but at least one Z coordinate is not zero. Marking the mol as 3D.
[13:43:25] Warning: molecule is tagged as 2D, but at least one Z coordinate is not zero. Marking the mol as 3D.
[13:43:25] Warning: molecule is tagged as 2D, but at least one Z coordinate is not zero. Marking the mol as 3D.
[13:43:25] Warning: molecule is tagged as 2D, but at least one Z coordinate is not zero. Marking the mol as 3D.
[13:43:25] Warning: molecule is tagged as 2D, but at least one Z coordinate is not zero. Marking the mol as 3D.
2026-06-09 13:43:25    Pose   minimizedAffinity    CNNscore   CNNaffinity          
2026-06-09 13:43:25    --------------------------------------------------------------
2026-06-09 13:43:25       1              -7.030      0.2284        +5.711  ★ best
2026-06-09 13:43:25       2              -6.553      0.1285        +5.269
2026-06-09 13:43:25       3              -8.890      0.1283        +5.779
2026-06-09 13:43:25       4              -6.736      0.1112        +5.134
2026-06-09 13:43:25       5              -7.207      0.1071        +5.525
2026-06-09 13:43:25       6              -8.282      0.1060        +5.910
2026-06-09 13:43:25       7              -8.958      0.1033        +5.974
2026-06-09 13:43:25       8              -7.498      0.1014        +5.279
2026-06-09 13:43:25       9              -8.727      0.0985        +6.037
2026-06-09 13:43:25  
────────────────────────────────────────────────────────────
2026-06-09 13:43:25  [150/200] decoys_49_ZINC10278738
2026-06-09 13:43:25  ────────────────────────────────────────────────────────────
[13:44:23] Warning: molecule is tagged as 2D, but at least one Z coordinate is not zero. Marking the mol as 3D.
[13:44:23] Warning: molecule is tagged as 2D, but at least one Z coordinate is not zero. Marking the mol as 3D.
[13:44:23] Warning: molecule is tagged as 2D, but at least one Z coordinate is not zero. Marking the mol as 3D.
[13:44:23] Warning: molecule is tagged as 2D, but at least one Z coordinate is not zero. Marking the mol as 3D.
[13:44:23] Warning: molecule is tagged as 2D, but at least one Z coordinate is not zero. Marking the mol as 3D.
[13:44:23] Warning: molecule is tagged as 2D, but at least one Z coordinate is not zero. Marking the mol as 3D.
[13:44:23] Warning: molecule is tagged as 2D, but at least one Z coordinate is not zero. Marking the mol as 3D.
[13:44:23] Warning: molecule is tagged as 2D, but at least one Z coordinate is not zero. Marking the mol as 3D.
[13:44:23] Warning: molecule is tagged as 2D, but at least one Z coordinate is not zero. Marking the mol as 3D.
2026-06-09 13:44:23    Pose   minimizedAffinity    CNNscore   CNNaffinity          
2026-06-09 13:44:23    --------------------------------------------------------------
2026-06-09 13:44:23       1             -10.799      0.6078        +6.850  ★ best
2026-06-09 13:44:23       2             -10.674      0.3389        +7.487
2026-06-09 13:44:23       3             -10.411      0.3144        +6.121
2026-06-09 13:44:23       4             -10.934      0.2988        +6.998
2026-06-09 13:44:23       5              -8.772      0.2915        +6.192
2026-06-09 13:44:23       6              -9.807      0.2843        +7.014
2026-06-09 13:44:23       7              -8.998      0.2723        +6.248
2026-06-09 13:44:23       8              -8.089      0.2450        +6.436
2026-06-09 13:44:23       9              -8.375      0.2381        +6.561
2026-06-09 13:44:23  
────────────────────────────────────────────────────────────
2026-06-09 13:44:23  [151/200] decoys_50_ZINC20837404
2026-06-09 13:44:23  ────────────────────────────────────────────────────────────
[13:45:23] Warning: molecule is tagged as 2D, but at least one Z coordinate is not zero. Marking the mol as 3D.
[13:45:23] Warning: molecule is tagged as 2D, but at least one Z coordinate is not zero. Marking the mol as 3D.
[13:45:23] Warning: molecule is tagged as 2D, but at least one Z coordinate is not zero. Marking the mol as 3D.
[13:45:23] Warning: molecule is tagged as 2D, but at least one Z coordinate is not zero. Marking the mol as 3D.
[13:45:23] Warning: molecule is tagged as 2D, but at least one Z coordinate is not zero. Marking the mol as 3D.
[13:45:23] Warning: molecule is tagged as 2D, but at least one Z coordinate is not zero. Marking the mol as 3D.
[13:45:23] Warning: molecule is tagged as 2D, but at least one Z coordinate is not zero. Marking the mol as 3D.
[13:45:23] Warning: molecule is tagged as 2D, but at least one Z coordinate is not zero. Marking the mol as 3D.
[13:45:23] Warning: molecule is tagged as 2D, but at least one Z coordinate is not zero. Marking the mol as 3D.
2026-06-09 13:45:23    Pose   minimizedAffinity    CNNscore   CNNaffinity          
2026-06-09 13:45:23    --------------------------------------------------------------
2026-06-09 13:45:23       1              -8.818      0.2733        +7.274  ★ best
2026-06-09 13:45:23       2              -8.334      0.2285        +7.030
2026-06-09 13:45:23       3              -8.965      0.2281        +7.062
2026-06-09 13:45:23       4              -9.252      0.2254        +7.007
2026-06-09 13:45:23       5              -8.873      0.2204        +7.132
2026-06-09 13:45:23       6             -10.625      0.1965        +6.691
2026-06-09 13:45:23       7              -9.003      0.1898        +7.049
2026-06-09 13:45:23       8              -8.626      0.1874        +6.717
2026-06-09 13:45:23       9              -9.109      0.1859        +6.923
2026-06-09 13:45:23  
────────────────────────────────────────────────────────────
2026-06-09 13:45:23  [152/200] decoys_51_ZINC35072234
2026-06-09 13:45:23  ────────────────────────────────────────────────────────────
[13:47:15] Warning: molecule is tagged as 2D, but at least one Z coordinate is not zero. Marking the mol as 3D.
[13:47:15] Warning: molecule is tagged as 2D, but at least one Z coordinate is not zero. Marking the mol as 3D.
[13:47:15] Warning: molecule is tagged as 2D, but at least one Z coordinate is not zero. Marking the mol as 3D.
[13:47:15] Warning: molecule is tagged as 2D, but at least one Z coordinate is not zero. Marking the mol as 3D.
[13:47:15] Warning: molecule is tagged as 2D, but at least one Z coordinate is not zero. Marking the mol as 3D.
[13:47:15] Warning: molecule is tagged as 2D, but at least one Z coordinate is not zero. Marking the mol as 3D.
[13:47:15] Warning: molecule is tagged as 2D, but at least one Z coordinate is not zero. Marking the mol as 3D.
[13:47:15] Warning: molecule is tagged as 2D, but at least one Z coordinate is not zero. Marking the mol as 3D.
[13:47:15] Warning: molecule is tagged as 2D, but at least one Z coordinate is not zero. Marking the mol as 3D.
2026-06-09 13:47:15    Pose   minimizedAffinity    CNNscore   CNNaffinity          
2026-06-09 13:47:15    --------------------------------------------------------------
2026-06-09 13:47:15       1              -6.495      0.1486        +6.109  ★ best
2026-06-09 13:47:15       2              -5.662      0.1203        +5.696
2026-06-09 13:47:15       3              -6.208      0.1060        +6.122
2026-06-09 13:47:15       4              -5.250      0.1007        +5.889
2026-06-09 13:47:15       5              -5.778      0.0955        +5.873
2026-06-09 13:47:15       6              -6.736      0.0930        +5.730
2026-06-09 13:47:15       7              -5.901      0.0906        +5.820
2026-06-09 13:47:15       8              -6.346      0.0857        +5.460
2026-06-09 13:47:15       9              -8.195      0.0737        +5.934
2026-06-09 13:47:15  
────────────────────────────────────────────────────────────
2026-06-09 13:47:15  [153/200] decoys_52_ZINC33436928
2026-06-09 13:47:15  ────────────────────────────────────────────────────────────
[13:48:11] Warning: molecule is tagged as 2D, but at least one Z coordinate is not zero. Marking the mol as 3D.
[13:48:11] Warning: molecule is tagged as 2D, but at least one Z coordinate is not zero. Marking the mol as 3D.
[13:48:11] Warning: molecule is tagged as 2D, but at least one Z coordinate is not zero. Marking the mol as 3D.
[13:48:11] Warning: molecule is tagged as 2D, but at least one Z coordinate is not zero. Marking the mol as 3D.
[13:48:11] Warning: molecule is tagged as 2D, but at least one Z coordinate is not zero. Marking the mol as 3D.
[13:48:11] Warning: molecule is tagged as 2D, but at least one Z coordinate is not zero. Marking the mol as 3D.
[13:48:11] Warning: molecule is tagged as 2D, but at least one Z coordinate is not zero. Marking the mol as 3D.
[13:48:11] Warning: molecule is tagged as 2D, but at least one Z coordinate is not zero. Marking the mol as 3D.
[13:48:11] Warning: molecule is tagged as 2D, but at least one Z coordinate is not zero. Marking the mol as 3D.
2026-06-09 13:48:11    Pose   minimizedAffinity    CNNscore   CNNaffinity          
2026-06-09 13:48:11    --------------------------------------------------------------
2026-06-09 13:48:11       1              -5.220      0.3481        +5.049  ★ best
2026-06-09 13:48:11       2              -5.931      0.3477        +5.103
2026-06-09 13:48:11       3              -5.520      0.3043        +4.956
2026-06-09 13:48:11       4              -5.767      0.2588        +4.985
2026-06-09 13:48:11       5              -5.493      0.2375        +5.196
2026-06-09 13:48:11       6              -5.561      0.2338        +5.087
2026-06-09 13:48:11       7              -5.454      0.2326        +4.875
2026-06-09 13:48:11       8              -5.723      0.1891        +4.973
2026-06-09 13:48:11       9              -6.177      0.1877        +5.033
2026-06-09 13:48:11  
────────────────────────────────────────────────────────────
2026-06-09 13:48:11  [154/200] decoys_53_ZINC09303549
2026-06-09 13:48:11  ────────────────────────────────────────────────────────────
[13:48:55] Warning: molecule is tagged as 2D, but at least one Z coordinate is not zero. Marking the mol as 3D.
[13:48:55] Warning: molecule is tagged as 2D, but at least one Z coordinate is not zero. Marking the mol as 3D.
[13:48:55] Warning: molecule is tagged as 2D, but at least one Z coordinate is not zero. Marking the mol as 3D.
[13:48:55] Warning: molecule is tagged as 2D, but at least one Z coordinate is not zero. Marking the mol as 3D.
[13:48:55] Warning: molecule is tagged as 2D, but at least one Z coordinate is not zero. Marking the mol as 3D.
[13:48:55] Warning: molecule is tagged as 2D, but at least one Z coordinate is not zero. Marking the mol as 3D.
[13:48:55] Warning: molecule is tagged as 2D, but at least one Z coordinate is not zero. Marking the mol as 3D.
[13:48:55] Warning: molecule is tagged as 2D, but at least one Z coordinate is not zero. Marking the mol as 3D.
[13:48:55] Warning: molecule is tagged as 2D, but at least one Z coordinate is not zero. Marking the mol as 3D.
2026-06-09 13:48:55    Pose   minimizedAffinity    CNNscore   CNNaffinity          
2026-06-09 13:48:55    --------------------------------------------------------------
2026-06-09 13:48:55       1             -10.667      0.8021        +7.553  ★ best
2026-06-09 13:48:55       2             -10.587      0.6758        +7.310
2026-06-09 13:48:55       3              -9.587      0.6387        +7.419
2026-06-09 13:48:55       4             -10.963      0.6147        +7.262
2026-06-09 13:48:55       5             -10.152      0.5854        +7.234
2026-06-09 13:48:55       6              -9.529      0.5584        +7.093
2026-06-09 13:48:55       7              -9.858      0.5097        +7.170
2026-06-09 13:48:55       8             -10.340      0.3086        +6.847
2026-06-09 13:48:55       9             -10.293      0.3083        +6.762
2026-06-09 13:48:55  
────────────────────────────────────────────────────────────
2026-06-09 13:48:55  [155/200] decoys_54_ZINC21891695
2026-06-09 13:48:55  ────────────────────────────────────────────────────────────
[13:49:42] Warning: molecule is tagged as 2D, but at least one Z coordinate is not zero. Marking the mol as 3D.
[13:49:42] Warning: molecule is tagged as 2D, but at least one Z coordinate is not zero. Marking the mol as 3D.
[13:49:42] Warning: molecule is tagged as 2D, but at least one Z coordinate is not zero. Marking the mol as 3D.
[13:49:42] Warning: molecule is tagged as 2D, but at least one Z coordinate is not zero. Marking the mol as 3D.
[13:49:42] Warning: molecule is tagged as 2D, but at least one Z coordinate is not zero. Marking the mol as 3D.
[13:49:42] Warning: molecule is tagged as 2D, but at least one Z coordinate is not zero. Marking the mol as 3D.
[13:49:42] Warning: molecule is tagged as 2D, but at least one Z coordinate is not zero. Marking the mol as 3D.
[13:49:42] Warning: molecule is tagged as 2D, but at least one Z coordinate is not zero. Marking the mol as 3D.
[13:49:42] Warning: molecule is tagged as 2D, but at least one Z coordinate is not zero. Marking the mol as 3D.
2026-06-09 13:49:42    Pose   minimizedAffinity    CNNscore   CNNaffinity          
2026-06-09 13:49:42    --------------------------------------------------------------
2026-06-09 13:49:42       1             +12.419      0.4521        +7.057  ★ best
2026-06-09 13:49:42       2              -2.707      0.4175        +5.754
2026-06-09 13:49:42       3              -0.701      0.3676        +5.903
2026-06-09 13:49:42       4             +29.753      0.3573        +6.776
2026-06-09 13:49:42       5              -4.982      0.3306        +5.500
2026-06-09 13:49:42       6              -1.891      0.3287        +5.510
2026-06-09 13:49:42       7             +23.617      0.3136        +6.914
2026-06-09 13:49:42       8             +11.502      0.2997        +7.013
2026-06-09 13:49:42       9              -6.188      0.2471        +5.593
2026-06-09 13:49:42  
────────────────────────────────────────────────────────────
2026-06-09 13:49:42  [156/200] decoys_55_ZINC10129833
2026-06-09 13:49:42  ────────────────────────────────────────────────────────────
[13:51:00] Warning: molecule is tagged as 2D, but at least one Z coordinate is not zero. Marking the mol as 3D.
[13:51:00] Warning: molecule is tagged as 2D, but at least one Z coordinate is not zero. Marking the mol as 3D.
[13:51:00] Warning: molecule is tagged as 2D, but at least one Z coordinate is not zero. Marking the mol as 3D.
[13:51:00] Warning: molecule is tagged as 2D, but at least one Z coordinate is not zero. Marking the mol as 3D.
[13:51:00] Warning: molecule is tagged as 2D, but at least one Z coordinate is not zero. Marking the mol as 3D.
[13:51:00] Warning: molecule is tagged as 2D, but at least one Z coordinate is not zero. Marking the mol as 3D.
[13:51:00] Warning: molecule is tagged as 2D, but at least one Z coordinate is not zero. Marking the mol as 3D.
[13:51:00] Warning: molecule is tagged as 2D, but at least one Z coordinate is not zero. Marking the mol as 3D.
[13:51:00] Warning: molecule is tagged as 2D, but at least one Z coordinate is not zero. Marking the mol as 3D.
2026-06-09 13:51:00    Pose   minimizedAffinity    CNNscore   CNNaffinity          
2026-06-09 13:51:00    --------------------------------------------------------------
2026-06-09 13:51:00       1              -7.429      0.1447        +5.064  ★ best
2026-06-09 13:51:00       2              -7.262      0.1165        +5.100
2026-06-09 13:51:00       3              -9.885      0.1150        +5.242
2026-06-09 13:51:00       4              -7.660      0.1124        +5.145
2026-06-09 13:51:00       5              -8.856      0.1020        +5.778
2026-06-09 13:51:00       6              -8.500      0.1018        +5.279
2026-06-09 13:51:00       7              -8.441      0.1017        +5.816
2026-06-09 13:51:00       8              -8.540      0.0962        +4.966
2026-06-09 13:51:00       9              -8.598      0.0958        +5.150
2026-06-09 13:51:00  
────────────────────────────────────────────────────────────
2026-06-09 13:51:00  [157/200] decoys_56_ZINC34714086
2026-06-09 13:51:00  ────────────────────────────────────────────────────────────
[13:51:40] Warning: molecule is tagged as 2D, but at least one Z coordinate is not zero. Marking the mol as 3D.
[13:51:40] Warning: molecule is tagged as 2D, but at least one Z coordinate is not zero. Marking the mol as 3D.
[13:51:40] Warning: molecule is tagged as 2D, but at least one Z coordinate is not zero. Marking the mol as 3D.
[13:51:40] Warning: molecule is tagged as 2D, but at least one Z coordinate is not zero. Marking the mol as 3D.
[13:51:40] Warning: molecule is tagged as 2D, but at least one Z coordinate is not zero. Marking the mol as 3D.
[13:51:40] Warning: molecule is tagged as 2D, but at least one Z coordinate is not zero. Marking the mol as 3D.
[13:51:40] Warning: molecule is tagged as 2D, but at least one Z coordinate is not zero. Marking the mol as 3D.
[13:51:40] Warning: molecule is tagged as 2D, but at least one Z coordinate is not zero. Marking the mol as 3D.
[13:51:40] Warning: molecule is tagged as 2D, but at least one Z coordinate is not zero. Marking the mol as 3D.
2026-06-09 13:51:40    Pose   minimizedAffinity    CNNscore   CNNaffinity          
2026-06-09 13:51:40    --------------------------------------------------------------
2026-06-09 13:51:40       1              -6.532      0.2025        +5.165  ★ best
2026-06-09 13:51:40       2              -6.740      0.1555        +4.930
2026-06-09 13:51:40       3              -6.040      0.1374        +4.964
2026-06-09 13:51:40       4              -5.963      0.1360        +4.888
2026-06-09 13:51:40       5              -6.075      0.1309        +5.328
2026-06-09 13:51:40       6              -6.590      0.1007        +4.944
2026-06-09 13:51:40       7              -6.051      0.0948        +5.033
2026-06-09 13:51:40       8              -7.593      0.0916        +5.512
2026-06-09 13:51:40       9              -6.712      0.0891        +5.074
2026-06-09 13:51:40  
────────────────────────────────────────────────────────────
2026-06-09 13:51:40  [158/200] decoys_57_ZINC34698040
2026-06-09 13:51:40  ────────────────────────────────────────────────────────────
[13:52:51] Warning: molecule is tagged as 2D, but at least one Z coordinate is not zero. Marking the mol as 3D.
[13:52:51] Warning: molecule is tagged as 2D, but at least one Z coordinate is not zero. Marking the mol as 3D.
[13:52:51] Warning: molecule is tagged as 2D, but at least one Z coordinate is not zero. Marking the mol as 3D.
[13:52:51] Warning: molecule is tagged as 2D, but at least one Z coordinate is not zero. Marking the mol as 3D.
[13:52:51] Warning: molecule is tagged as 2D, but at least one Z coordinate is not zero. Marking the mol as 3D.
[13:52:51] Warning: molecule is tagged as 2D, but at least one Z coordinate is not zero. Marking the mol as 3D.
[13:52:51] Warning: molecule is tagged as 2D, but at least one Z coordinate is not zero. Marking the mol as 3D.
[13:52:51] Warning: molecule is tagged as 2D, but at least one Z coordinate is not zero. Marking the mol as 3D.
[13:52:51] Warning: molecule is tagged as 2D, but at least one Z coordinate is not zero. Marking the mol as 3D.
2026-06-09 13:52:51    Pose   minimizedAffinity    CNNscore   CNNaffinity          
2026-06-09 13:52:51    --------------------------------------------------------------
2026-06-09 13:52:51       1              -8.485      0.2991        +6.810  ★ best
2026-06-09 13:52:51       2              -8.537      0.1455        +6.024
2026-06-09 13:52:51       3              -8.913      0.1442        +6.066
2026-06-09 13:52:51       4              -8.589      0.1427        +6.013
2026-06-09 13:52:51       5              -9.115      0.1414        +5.975
2026-06-09 13:52:51       6              -8.994      0.1305        +6.068
2026-06-09 13:52:51       7              -9.157      0.1238        +5.478
2026-06-09 13:52:51       8              -8.045      0.1222        +5.691
2026-06-09 13:52:51       9              -8.866      0.1070        +6.035
2026-06-09 13:52:51  
────────────────────────────────────────────────────────────
2026-06-09 13:52:51  [159/200] decoys_58_ZINC38990281
2026-06-09 13:52:51  ────────────────────────────────────────────────────────────
[13:53:47] Warning: molecule is tagged as 2D, but at least one Z coordinate is not zero. Marking the mol as 3D.
[13:53:47] Warning: molecule is tagged as 2D, but at least one Z coordinate is not zero. Marking the mol as 3D.
[13:53:47] Warning: molecule is tagged as 2D, but at least one Z coordinate is not zero. Marking the mol as 3D.
[13:53:47] Warning: molecule is tagged as 2D, but at least one Z coordinate is not zero. Marking the mol as 3D.
[13:53:47] Warning: molecule is tagged as 2D, but at least one Z coordinate is not zero. Marking the mol as 3D.
[13:53:47] Warning: molecule is tagged as 2D, but at least one Z coordinate is not zero. Marking the mol as 3D.
[13:53:47] Warning: molecule is tagged as 2D, but at least one Z coordinate is not zero. Marking the mol as 3D.
[13:53:47] Warning: molecule is tagged as 2D, but at least one Z coordinate is not zero. Marking the mol as 3D.
[13:53:47] Warning: molecule is tagged as 2D, but at least one Z coordinate is not zero. Marking the mol as 3D.
2026-06-09 13:53:47    Pose   minimizedAffinity    CNNscore   CNNaffinity          
2026-06-09 13:53:47    --------------------------------------------------------------
2026-06-09 13:53:47       1              -6.391      0.6804        +7.327  ★ best
2026-06-09 13:53:47       2              -6.606      0.6448        +7.604
2026-06-09 13:53:47       3              -5.606      0.5953        +7.241
2026-06-09 13:53:47       4              -9.389      0.5407        +7.149
2026-06-09 13:53:47       5              -7.837      0.4224        +7.116
2026-06-09 13:53:47       6              -7.333      0.3942        +6.367
2026-06-09 13:53:47       7              -5.670      0.3223        +5.580
2026-06-09 13:53:47       8              -5.198      0.3090        +4.943
2026-06-09 13:53:47       9              -8.295      0.2738        +6.237
2026-06-09 13:53:47  
────────────────────────────────────────────────────────────
2026-06-09 13:53:47  [160/200] decoys_59_ZINC36674208
2026-06-09 13:53:47  ────────────────────────────────────────────────────────────
[13:54:48] Warning: molecule is tagged as 2D, but at least one Z coordinate is not zero. Marking the mol as 3D.
[13:54:48] Warning: molecule is tagged as 2D, but at least one Z coordinate is not zero. Marking the mol as 3D.
[13:54:48] Warning: molecule is tagged as 2D, but at least one Z coordinate is not zero. Marking the mol as 3D.
[13:54:48] Warning: molecule is tagged as 2D, but at least one Z coordinate is not zero. Marking the mol as 3D.
[13:54:48] Warning: molecule is tagged as 2D, but at least one Z coordinate is not zero. Marking the mol as 3D.
[13:54:48] Warning: molecule is tagged as 2D, but at least one Z coordinate is not zero. Marking the mol as 3D.
[13:54:48] Warning: molecule is tagged as 2D, but at least one Z coordinate is not zero. Marking the mol as 3D.
[13:54:48] Warning: molecule is tagged as 2D, but at least one Z coordinate is not zero. Marking the mol as 3D.
[13:54:48] Warning: molecule is tagged as 2D, but at least one Z coordinate is not zero. Marking the mol as 3D.
2026-06-09 13:54:48    Pose   minimizedAffinity    CNNscore   CNNaffinity          
2026-06-09 13:54:48    --------------------------------------------------------------
2026-06-09 13:54:48       1              -9.426      0.2437        +6.624  ★ best
2026-06-09 13:54:48       2              -8.107      0.2401        +6.059
2026-06-09 13:54:48       3              -9.029      0.2355        +7.284
2026-06-09 13:54:48       4              -6.579      0.2330        +6.976
2026-06-09 13:54:48       5              -8.872      0.2089        +6.456
2026-06-09 13:54:48       6              -8.095      0.2065        +6.129
2026-06-09 13:54:48       7              -8.323      0.2058        +5.915
2026-06-09 13:54:48       8              -8.448      0.1997        +5.999
2026-06-09 13:54:48       9              -8.436      0.1946        +5.935
2026-06-09 13:54:48  
────────────────────────────────────────────────────────────
2026-06-09 13:54:48  [161/200] decoys_60_ZINC09235727
2026-06-09 13:54:48  ────────────────────────────────────────────────────────────
[13:55:46] Warning: molecule is tagged as 2D, but at least one Z coordinate is not zero. Marking the mol as 3D.
[13:55:46] Warning: molecule is tagged as 2D, but at least one Z coordinate is not zero. Marking the mol as 3D.
[13:55:46] Warning: molecule is tagged as 2D, but at least one Z coordinate is not zero. Marking the mol as 3D.
[13:55:46] Warning: molecule is tagged as 2D, but at least one Z coordinate is not zero. Marking the mol as 3D.
[13:55:46] Warning: molecule is tagged as 2D, but at least one Z coordinate is not zero. Marking the mol as 3D.
[13:55:46] Warning: molecule is tagged as 2D, but at least one Z coordinate is not zero. Marking the mol as 3D.
[13:55:46] Warning: molecule is tagged as 2D, but at least one Z coordinate is not zero. Marking the mol as 3D.
[13:55:46] Warning: molecule is tagged as 2D, but at least one Z coordinate is not zero. Marking the mol as 3D.
[13:55:46] Warning: molecule is tagged as 2D, but at least one Z coordinate is not zero. Marking the mol as 3D.
2026-06-09 13:55:46    Pose   minimizedAffinity    CNNscore   CNNaffinity          
2026-06-09 13:55:46    --------------------------------------------------------------
2026-06-09 13:55:46       1              -6.732      0.2014        +5.153  ★ best
2026-06-09 13:55:46       2              -7.198      0.1340        +5.196
2026-06-09 13:55:46       3              -7.296      0.1298        +5.118
2026-06-09 13:55:46       4              -8.694      0.1261        +5.355
2026-06-09 13:55:46       5              -7.659      0.1218        +5.445
2026-06-09 13:55:46       6              -7.652      0.1132        +5.349
2026-06-09 13:55:46       7              -7.361      0.0839        +5.208
2026-06-09 13:55:46       8              -7.296      0.0653        +5.184
2026-06-09 13:55:46       9              -6.590      0.0643        +4.928
2026-06-09 13:55:46  
────────────────────────────────────────────────────────────
2026-06-09 13:55:46  [162/200] decoys_61_ZINC38600661
2026-06-09 13:55:46  ────────────────────────────────────────────────────────────
[13:56:56] Warning: molecule is tagged as 2D, but at least one Z coordinate is not zero. Marking the mol as 3D.
[13:56:56] Warning: molecule is tagged as 2D, but at least one Z coordinate is not zero. Marking the mol as 3D.
[13:56:56] Warning: molecule is tagged as 2D, but at least one Z coordinate is not zero. Marking the mol as 3D.
[13:56:56] Warning: molecule is tagged as 2D, but at least one Z coordinate is not zero. Marking the mol as 3D.
[13:56:56] Warning: molecule is tagged as 2D, but at least one Z coordinate is not zero. Marking the mol as 3D.
[13:56:56] Warning: molecule is tagged as 2D, but at least one Z coordinate is not zero. Marking the mol as 3D.
[13:56:56] Warning: molecule is tagged as 2D, but at least one Z coordinate is not zero. Marking the mol as 3D.
[13:56:56] Warning: molecule is tagged as 2D, but at least one Z coordinate is not zero. Marking the mol as 3D.
[13:56:56] Warning: molecule is tagged as 2D, but at least one Z coordinate is not zero. Marking the mol as 3D.
2026-06-09 13:56:56    Pose   minimizedAffinity    CNNscore   CNNaffinity          
2026-06-09 13:56:56    --------------------------------------------------------------
2026-06-09 13:56:56       1              -9.046      0.1069        +5.688  ★ best
2026-06-09 13:56:56       2              -7.833      0.1057        +5.800
2026-06-09 13:56:56       3              -7.545      0.0980        +6.862
2026-06-09 13:56:56       4              -6.762      0.0973        +5.391
2026-06-09 13:56:56       5              -8.902      0.0869        +5.602
2026-06-09 13:56:56       6              -9.375      0.0822        +6.039
2026-06-09 13:56:56       7              -9.170      0.0816        +6.037
2026-06-09 13:56:56       8              -7.121      0.0778        +5.404
2026-06-09 13:56:56       9              -8.239      0.0775        +5.833
2026-06-09 13:56:56  
────────────────────────────────────────────────────────────
2026-06-09 13:56:56  [163/200] decoys_62_ZINC38288348
2026-06-09 13:56:56  ────────────────────────────────────────────────────────────
[13:58:00] Warning: molecule is tagged as 2D, but at least one Z coordinate is not zero. Marking the mol as 3D.
[13:58:00] Warning: molecule is tagged as 2D, but at least one Z coordinate is not zero. Marking the mol as 3D.
[13:58:00] Warning: molecule is tagged as 2D, but at least one Z coordinate is not zero. Marking the mol as 3D.
[13:58:00] Warning: molecule is tagged as 2D, but at least one Z coordinate is not zero. Marking the mol as 3D.
[13:58:00] Warning: molecule is tagged as 2D, but at least one Z coordinate is not zero. Marking the mol as 3D.
[13:58:00] Warning: molecule is tagged as 2D, but at least one Z coordinate is not zero. Marking the mol as 3D.
[13:58:00] Warning: molecule is tagged as 2D, but at least one Z coordinate is not zero. Marking the mol as 3D.
[13:58:00] Warning: molecule is tagged as 2D, but at least one Z coordinate is not zero. Marking the mol as 3D.
[13:58:00] Warning: molecule is tagged as 2D, but at least one Z coordinate is not zero. Marking the mol as 3D.
2026-06-09 13:58:00    Pose   minimizedAffinity    CNNscore   CNNaffinity          
2026-06-09 13:58:00    --------------------------------------------------------------
2026-06-09 13:58:00       1              -9.295      0.3544        +6.442  ★ best
2026-06-09 13:58:00       2              -6.989      0.3213        +6.969
2026-06-09 13:58:00       3              -7.898      0.2979        +6.975
2026-06-09 13:58:00       4              -8.574      0.2637        +6.284
2026-06-09 13:58:00       5              -7.374      0.2571        +6.827
2026-06-09 13:58:00       6              -7.784      0.2478        +6.768
2026-06-09 13:58:00       7              -8.005      0.2196        +6.741
2026-06-09 13:58:00       8              -7.669      0.1791        +6.666
2026-06-09 13:58:00       9              -7.616      0.1708        +6.576
2026-06-09 13:58:00  
────────────────────────────────────────────────────────────
2026-06-09 13:58:00  [164/200] decoys_63_ZINC39674815
2026-06-09 13:58:00  ────────────────────────────────────────────────────────────
[13:59:30] Warning: molecule is tagged as 2D, but at least one Z coordinate is not zero. Marking the mol as 3D.
[13:59:30] Warning: molecule is tagged as 2D, but at least one Z coordinate is not zero. Marking the mol as 3D.
[13:59:30] Warning: molecule is tagged as 2D, but at least one Z coordinate is not zero. Marking the mol as 3D.
[13:59:30] Warning: molecule is tagged as 2D, but at least one Z coordinate is not zero. Marking the mol as 3D.
[13:59:30] Warning: molecule is tagged as 2D, but at least one Z coordinate is not zero. Marking the mol as 3D.
[13:59:30] Warning: molecule is tagged as 2D, but at least one Z coordinate is not zero. Marking the mol as 3D.
[13:59:30] Warning: molecule is tagged as 2D, but at least one Z coordinate is not zero. Marking the mol as 3D.
[13:59:30] Warning: molecule is tagged as 2D, but at least one Z coordinate is not zero. Marking the mol as 3D.
[13:59:30] Warning: molecule is tagged as 2D, but at least one Z coordinate is not zero. Marking the mol as 3D.
2026-06-09 13:59:30    Pose   minimizedAffinity    CNNscore   CNNaffinity          
2026-06-09 13:59:30    --------------------------------------------------------------
2026-06-09 13:59:30       1              -6.718      0.3393        +5.854  ★ best
2026-06-09 13:59:30       2              -5.910      0.2820        +5.489
2026-06-09 13:59:30       3              -6.142      0.2676        +5.740
2026-06-09 13:59:30       4              -8.399      0.2286        +6.092
2026-06-09 13:59:30       5              -5.850      0.2232        +5.469
2026-06-09 13:59:30       6              -8.611      0.2193        +5.914
2026-06-09 13:59:30       7              -6.937      0.2052        +5.823
2026-06-09 13:59:30       8              -8.750      0.2031        +5.985
2026-06-09 13:59:30       9              -7.087      0.1986        +5.791
2026-06-09 13:59:30  
────────────────────────────────────────────────────────────
2026-06-09 13:59:30  [165/200] decoys_64_ZINC39361930
2026-06-09 13:59:30  ────────────────────────────────────────────────────────────
[14:00:31] Warning: molecule is tagged as 2D, but at least one Z coordinate is not zero. Marking the mol as 3D.
[14:00:31] Warning: molecule is tagged as 2D, but at least one Z coordinate is not zero. Marking the mol as 3D.
[14:00:31] Warning: molecule is tagged as 2D, but at least one Z coordinate is not zero. Marking the mol as 3D.
[14:00:31] Warning: molecule is tagged as 2D, but at least one Z coordinate is not zero. Marking the mol as 3D.
[14:00:31] Warning: molecule is tagged as 2D, but at least one Z coordinate is not zero. Marking the mol as 3D.
[14:00:31] Warning: molecule is tagged as 2D, but at least one Z coordinate is not zero. Marking the mol as 3D.
[14:00:31] Warning: molecule is tagged as 2D, but at least one Z coordinate is not zero. Marking the mol as 3D.
[14:00:31] Warning: molecule is tagged as 2D, but at least one Z coordinate is not zero. Marking the mol as 3D.
[14:00:31] Warning: molecule is tagged as 2D, but at least one Z coordinate is not zero. Marking the mol as 3D.
2026-06-09 14:00:31    Pose   minimizedAffinity    CNNscore   CNNaffinity          
2026-06-09 14:00:31    --------------------------------------------------------------
2026-06-09 14:00:31       1              -7.387      0.2442        +7.166  ★ best
2026-06-09 14:00:31       2              -8.693      0.1505        +5.903
2026-06-09 14:00:31       3              -8.024      0.1162        +5.860
2026-06-09 14:00:31       4              -8.320      0.1004        +5.835
2026-06-09 14:00:31       5             -10.059      0.0817        +5.985
2026-06-09 14:00:31       6              -8.903      0.0675        +5.691
2026-06-09 14:00:31       7              -9.850      0.0565        +6.085
2026-06-09 14:00:31       8              -6.379      0.0555        +5.070
2026-06-09 14:00:31       9              -6.945      0.0535        +5.409
2026-06-09 14:00:31  
────────────────────────────────────────────────────────────
2026-06-09 14:00:31  [166/200] decoys_65_ZINC04236800
2026-06-09 14:00:31  ────────────────────────────────────────────────────────────
[14:02:09] Warning: molecule is tagged as 2D, but at least one Z coordinate is not zero. Marking the mol as 3D.
[14:02:09] Warning: molecule is tagged as 2D, but at least one Z coordinate is not zero. Marking the mol as 3D.
[14:02:09] Warning: molecule is tagged as 2D, but at least one Z coordinate is not zero. Marking the mol as 3D.
[14:02:09] Warning: molecule is tagged as 2D, but at least one Z coordinate is not zero. Marking the mol as 3D.
[14:02:09] Warning: molecule is tagged as 2D, but at least one Z coordinate is not zero. Marking the mol as 3D.
[14:02:09] Warning: molecule is tagged as 2D, but at least one Z coordinate is not zero. Marking the mol as 3D.
[14:02:09] Warning: molecule is tagged as 2D, but at least one Z coordinate is not zero. Marking the mol as 3D.
[14:02:09] Warning: molecule is tagged as 2D, but at least one Z coordinate is not zero. Marking the mol as 3D.
[14:02:09] Warning: molecule is tagged as 2D, but at least one Z coordinate is not zero. Marking the mol as 3D.
2026-06-09 14:02:09    Pose   minimizedAffinity    CNNscore   CNNaffinity          
2026-06-09 14:02:09    --------------------------------------------------------------
2026-06-09 14:02:09       1              -9.019      0.8195        +6.729  ★ best
2026-06-09 14:02:09       2              -8.692      0.7966        +6.840
2026-06-09 14:02:09       3              -8.004      0.5922        +6.342
2026-06-09 14:02:09       4              -8.041      0.5112        +6.361
2026-06-09 14:02:09       5              -8.434      0.4621        +6.244
2026-06-09 14:02:09       6              -8.681      0.4336        +6.383
2026-06-09 14:02:09       7              -8.859      0.4248        +6.350
2026-06-09 14:02:09       8              -7.879      0.3670        +6.046
2026-06-09 14:02:09       9              -7.437      0.3456        +6.836
2026-06-09 14:02:09  
────────────────────────────────────────────────────────────
2026-06-09 14:02:09  [167/200] decoys_66_ZINC38003279
2026-06-09 14:02:09  ────────────────────────────────────────────────────────────
[14:02:28] Warning: molecule is tagged as 2D, but at least one Z coordinate is not zero. Marking the mol as 3D.
[14:02:28] Warning: molecule is tagged as 2D, but at least one Z coordinate is not zero. Marking the mol as 3D.
[14:02:28] Warning: molecule is tagged as 2D, but at least one Z coordinate is not zero. Marking the mol as 3D.
[14:02:28] Warning: molecule is tagged as 2D, but at least one Z coordinate is not zero. Marking the mol as 3D.
[14:02:28] Warning: molecule is tagged as 2D, but at least one Z coordinate is not zero. Marking the mol as 3D.
[14:02:28] Warning: molecule is tagged as 2D, but at least one Z coordinate is not zero. Marking the mol as 3D.
[14:02:28] Warning: molecule is tagged as 2D, but at least one Z coordinate is not zero. Marking the mol as 3D.
[14:02:28] Warning: molecule is tagged as 2D, but at least one Z coordinate is not zero. Marking the mol as 3D.
[14:02:28] Warning: molecule is tagged as 2D, but at least one Z coordinate is not zero. Marking the mol as 3D.
2026-06-09 14:02:28    Pose   minimizedAffinity    CNNscore   CNNaffinity          
2026-06-09 14:02:28    --------------------------------------------------------------
2026-06-09 14:02:28       1              -8.837      0.7739        +6.966  ★ best
2026-06-09 14:02:28       2              -8.276      0.7375        +6.823
2026-06-09 14:02:28       3              -8.636      0.7204        +6.542
2026-06-09 14:02:28       4              -8.556      0.7169        +6.818
2026-06-09 14:02:28       5              -8.411      0.7062        +6.730
2026-06-09 14:02:28       6              -7.702      0.6902        +6.490
2026-06-09 14:02:28       7              -7.004      0.5766        +6.366
2026-06-09 14:02:28       8              -7.832      0.5762        +5.999
2026-06-09 14:02:28       9              -7.960      0.5346        +5.915
2026-06-09 14:02:28  
────────────────────────────────────────────────────────────
2026-06-09 14:02:28  [168/200] decoys_67_ZINC43575813
2026-06-09 14:02:28  ────────────────────────────────────────────────────────────
[14:02:52] Warning: molecule is tagged as 2D, but at least one Z coordinate is not zero. Marking the mol as 3D.
[14:02:52] Warning: molecule is tagged as 2D, but at least one Z coordinate is not zero. Marking the mol as 3D.
[14:02:52] Warning: molecule is tagged as 2D, but at least one Z coordinate is not zero. Marking the mol as 3D.
[14:02:52] Warning: molecule is tagged as 2D, but at least one Z coordinate is not zero. Marking the mol as 3D.
[14:02:52] Warning: molecule is tagged as 2D, but at least one Z coordinate is not zero. Marking the mol as 3D.
[14:02:52] Warning: molecule is tagged as 2D, but at least one Z coordinate is not zero. Marking the mol as 3D.
[14:02:52] Warning: molecule is tagged as 2D, but at least one Z coordinate is not zero. Marking the mol as 3D.
[14:02:52] Warning: molecule is tagged as 2D, but at least one Z coordinate is not zero. Marking the mol as 3D.
[14:02:52] Warning: molecule is tagged as 2D, but at least one Z coordinate is not zero. Marking the mol as 3D.
2026-06-09 14:02:52    Pose   minimizedAffinity    CNNscore   CNNaffinity          
2026-06-09 14:02:52    --------------------------------------------------------------
2026-06-09 14:02:52       1              -8.885      0.6789        +7.094  ★ best
2026-06-09 14:02:52       2              -8.356      0.5291        +6.879
2026-06-09 14:02:52       3              -9.099      0.5285        +7.006
2026-06-09 14:02:52       4              -7.430      0.3092        +6.390
2026-06-09 14:02:52       5              -8.270      0.2677        +6.687
2026-06-09 14:02:52       6              -5.976      0.1863        +4.449
2026-06-09 14:02:52       7              -5.568      0.1805        +4.390
2026-06-09 14:02:52       8              -7.886      0.1737        +5.692
2026-06-09 14:02:52       9              -5.320      0.1599        +4.295
2026-06-09 14:02:52  
────────────────────────────────────────────────────────────
2026-06-09 14:02:52  [169/200] decoys_68_ZINC31932423
2026-06-09 14:02:52  ────────────────────────────────────────────────────────────
[14:03:36] Warning: molecule is tagged as 2D, but at least one Z coordinate is not zero. Marking the mol as 3D.
[14:03:36] Warning: molecule is tagged as 2D, but at least one Z coordinate is not zero. Marking the mol as 3D.
[14:03:36] Warning: molecule is tagged as 2D, but at least one Z coordinate is not zero. Marking the mol as 3D.
[14:03:36] Warning: molecule is tagged as 2D, but at least one Z coordinate is not zero. Marking the mol as 3D.
[14:03:36] Warning: molecule is tagged as 2D, but at least one Z coordinate is not zero. Marking the mol as 3D.
[14:03:36] Warning: molecule is tagged as 2D, but at least one Z coordinate is not zero. Marking the mol as 3D.
[14:03:36] Warning: molecule is tagged as 2D, but at least one Z coordinate is not zero. Marking the mol as 3D.
[14:03:36] Warning: molecule is tagged as 2D, but at least one Z coordinate is not zero. Marking the mol as 3D.
[14:03:36] Warning: molecule is tagged as 2D, but at least one Z coordinate is not zero. Marking the mol as 3D.
2026-06-09 14:03:36    Pose   minimizedAffinity    CNNscore   CNNaffinity          
2026-06-09 14:03:36    --------------------------------------------------------------
2026-06-09 14:03:36       1              -1.719      0.5696        +5.077  ★ best
2026-06-09 14:03:36       2              -6.508      0.4785        +6.996
2026-06-09 14:03:36       3              -9.128      0.4751        +7.175
2026-06-09 14:03:36       4              +5.326      0.4544        +6.912
2026-06-09 14:03:36       5              +6.440      0.4517        +6.620
2026-06-09 14:03:36       6              -8.202      0.4457        +7.270
2026-06-09 14:03:36       7              +0.140      0.4449        +6.913
2026-06-09 14:03:36       8             -10.174      0.4375        +7.051
2026-06-09 14:03:36       9              -8.008      0.4079        +7.244
2026-06-09 14:03:36  
────────────────────────────────────────────────────────────
2026-06-09 14:03:36  [170/200] decoys_69_ZINC22735808
2026-06-09 14:03:36  ────────────────────────────────────────────────────────────
[14:04:39] Warning: molecule is tagged as 2D, but at least one Z coordinate is not zero. Marking the mol as 3D.
[14:04:39] Warning: molecule is tagged as 2D, but at least one Z coordinate is not zero. Marking the mol as 3D.
[14:04:39] Warning: molecule is tagged as 2D, but at least one Z coordinate is not zero. Marking the mol as 3D.
[14:04:39] Warning: molecule is tagged as 2D, but at least one Z coordinate is not zero. Marking the mol as 3D.
[14:04:39] Warning: molecule is tagged as 2D, but at least one Z coordinate is not zero. Marking the mol as 3D.
[14:04:39] Warning: molecule is tagged as 2D, but at least one Z coordinate is not zero. Marking the mol as 3D.
[14:04:39] Warning: molecule is tagged as 2D, but at least one Z coordinate is not zero. Marking the mol as 3D.
[14:04:39] Warning: molecule is tagged as 2D, but at least one Z coordinate is not zero. Marking the mol as 3D.
[14:04:39] Warning: molecule is tagged as 2D, but at least one Z coordinate is not zero. Marking the mol as 3D.
2026-06-09 14:04:39    Pose   minimizedAffinity    CNNscore   CNNaffinity          
2026-06-09 14:04:39    --------------------------------------------------------------
2026-06-09 14:04:39       1              -9.789      0.3476        +6.443  ★ best
2026-06-09 14:04:39       2              -9.894      0.3401        +6.043
2026-06-09 14:04:39       3              -9.878      0.3397        +6.319
2026-06-09 14:04:39       4              -9.584      0.3291        +6.366
2026-06-09 14:04:39       5              -9.687      0.2552        +5.515
2026-06-09 14:04:39       6              -9.194      0.2117        +5.693
2026-06-09 14:04:39       7              -8.938      0.2114        +5.600
2026-06-09 14:04:39       8             -10.008      0.2083        +6.118
2026-06-09 14:04:39       9              -7.453      0.2060        +5.525
2026-06-09 14:04:39  
────────────────────────────────────────────────────────────
2026-06-09 14:04:39  [171/200] decoys_70_ZINC38670514
2026-06-09 14:04:39  ────────────────────────────────────────────────────────────
[14:05:44] Warning: molecule is tagged as 2D, but at least one Z coordinate is not zero. Marking the mol as 3D.
[14:05:44] Warning: molecule is tagged as 2D, but at least one Z coordinate is not zero. Marking the mol as 3D.
[14:05:44] Warning: molecule is tagged as 2D, but at least one Z coordinate is not zero. Marking the mol as 3D.
[14:05:44] Warning: molecule is tagged as 2D, but at least one Z coordinate is not zero. Marking the mol as 3D.
[14:05:44] Warning: molecule is tagged as 2D, but at least one Z coordinate is not zero. Marking the mol as 3D.
[14:05:44] Warning: molecule is tagged as 2D, but at least one Z coordinate is not zero. Marking the mol as 3D.
[14:05:44] Warning: molecule is tagged as 2D, but at least one Z coordinate is not zero. Marking the mol as 3D.
[14:05:44] Warning: molecule is tagged as 2D, but at least one Z coordinate is not zero. Marking the mol as 3D.
[14:05:44] Warning: molecule is tagged as 2D, but at least one Z coordinate is not zero. Marking the mol as 3D.
2026-06-09 14:05:44    Pose   minimizedAffinity    CNNscore   CNNaffinity          
2026-06-09 14:05:44    --------------------------------------------------------------
2026-06-09 14:05:44       1             -10.127      0.3486        +6.591  ★ best
2026-06-09 14:05:44       2              -9.677      0.3162        +6.268
2026-06-09 14:05:44       3             -10.083      0.3060        +6.399
2026-06-09 14:05:44       4              -9.829      0.3038        +6.463
2026-06-09 14:05:44       5              -9.746      0.2842        +6.404
2026-06-09 14:05:44       6              -8.463      0.2823        +5.666
2026-06-09 14:05:44       7             -10.392      0.2609        +7.392
2026-06-09 14:05:44       8              -9.458      0.2534        +6.146
2026-06-09 14:05:44       9              -8.938      0.2470        +6.316
2026-06-09 14:05:44  
────────────────────────────────────────────────────────────
2026-06-09 14:05:44  [172/200] decoys_71_ZINC09396283
2026-06-09 14:05:44  ────────────────────────────────────────────────────────────
[14:06:39] Warning: molecule is tagged as 2D, but at least one Z coordinate is not zero. Marking the mol as 3D.
[14:06:39] Warning: molecule is tagged as 2D, but at least one Z coordinate is not zero. Marking the mol as 3D.
[14:06:39] Warning: molecule is tagged as 2D, but at least one Z coordinate is not zero. Marking the mol as 3D.
[14:06:39] Warning: molecule is tagged as 2D, but at least one Z coordinate is not zero. Marking the mol as 3D.
[14:06:39] Warning: molecule is tagged as 2D, but at least one Z coordinate is not zero. Marking the mol as 3D.
[14:06:39] Warning: molecule is tagged as 2D, but at least one Z coordinate is not zero. Marking the mol as 3D.
[14:06:39] Warning: molecule is tagged as 2D, but at least one Z coordinate is not zero. Marking the mol as 3D.
[14:06:39] Warning: molecule is tagged as 2D, but at least one Z coordinate is not zero. Marking the mol as 3D.
[14:06:39] Warning: molecule is tagged as 2D, but at least one Z coordinate is not zero. Marking the mol as 3D.
2026-06-09 14:06:39    Pose   minimizedAffinity    CNNscore   CNNaffinity          
2026-06-09 14:06:39    --------------------------------------------------------------
2026-06-09 14:06:39       1              -8.769      0.3382        +6.249  ★ best
2026-06-09 14:06:39       2              -7.058      0.1830        +7.199
2026-06-09 14:06:39       3              -6.395      0.1590        +6.913
2026-06-09 14:06:39       4              -5.649      0.1528        +7.043
2026-06-09 14:06:39       5              -6.460      0.1130        +6.758
2026-06-09 14:06:39       6              -6.659      0.1112        +6.890
2026-06-09 14:06:39       7              -6.299      0.0944        +6.762
2026-06-09 14:06:39       8              -6.229      0.0920        +6.878
2026-06-09 14:06:39       9              -8.168      0.0839        +5.732
2026-06-09 14:06:39  
────────────────────────────────────────────────────────────
2026-06-09 14:06:39  [173/200] decoys_72_ZINC12347019
2026-06-09 14:06:39  ────────────────────────────────────────────────────────────
[14:07:30] Warning: molecule is tagged as 2D, but at least one Z coordinate is not zero. Marking the mol as 3D.
[14:07:30] Warning: molecule is tagged as 2D, but at least one Z coordinate is not zero. Marking the mol as 3D.
[14:07:30] Warning: molecule is tagged as 2D, but at least one Z coordinate is not zero. Marking the mol as 3D.
[14:07:30] Warning: molecule is tagged as 2D, but at least one Z coordinate is not zero. Marking the mol as 3D.
[14:07:30] Warning: molecule is tagged as 2D, but at least one Z coordinate is not zero. Marking the mol as 3D.
[14:07:30] Warning: molecule is tagged as 2D, but at least one Z coordinate is not zero. Marking the mol as 3D.
[14:07:30] Warning: molecule is tagged as 2D, but at least one Z coordinate is not zero. Marking the mol as 3D.
[14:07:30] Warning: molecule is tagged as 2D, but at least one Z coordinate is not zero. Marking the mol as 3D.
[14:07:30] Warning: molecule is tagged as 2D, but at least one Z coordinate is not zero. Marking the mol as 3D.
2026-06-09 14:07:30    Pose   minimizedAffinity    CNNscore   CNNaffinity          
2026-06-09 14:07:30    --------------------------------------------------------------
2026-06-09 14:07:30       1              -4.279      0.4189        +5.815  ★ best
2026-06-09 14:07:30       2              -4.973      0.3057        +5.763
2026-06-09 14:07:30       3              -5.342      0.2905        +5.459
2026-06-09 14:07:30       4              -3.759      0.2892        +5.830
2026-06-09 14:07:30       5              -5.266      0.2805        +5.542
2026-06-09 14:07:30       6              -5.314      0.2615        +5.432
2026-06-09 14:07:30       7              -4.987      0.2526        +5.376
2026-06-09 14:07:30       8              -5.599      0.2232        +5.477
2026-06-09 14:07:30       9              -5.579      0.2154        +5.272
2026-06-09 14:07:30  
────────────────────────────────────────────────────────────
2026-06-09 14:07:30  [174/200] decoys_73_ZINC16943671
2026-06-09 14:07:30  ────────────────────────────────────────────────────────────
[14:08:44] Warning: molecule is tagged as 2D, but at least one Z coordinate is not zero. Marking the mol as 3D.
[14:08:44] Warning: molecule is tagged as 2D, but at least one Z coordinate is not zero. Marking the mol as 3D.
[14:08:44] Warning: molecule is tagged as 2D, but at least one Z coordinate is not zero. Marking the mol as 3D.
[14:08:44] Warning: molecule is tagged as 2D, but at least one Z coordinate is not zero. Marking the mol as 3D.
[14:08:44] Warning: molecule is tagged as 2D, but at least one Z coordinate is not zero. Marking the mol as 3D.
[14:08:44] Warning: molecule is tagged as 2D, but at least one Z coordinate is not zero. Marking the mol as 3D.
[14:08:44] Warning: molecule is tagged as 2D, but at least one Z coordinate is not zero. Marking the mol as 3D.
[14:08:44] Warning: molecule is tagged as 2D, but at least one Z coordinate is not zero. Marking the mol as 3D.
[14:08:44] Warning: molecule is tagged as 2D, but at least one Z coordinate is not zero. Marking the mol as 3D.
2026-06-09 14:08:44    Pose   minimizedAffinity    CNNscore   CNNaffinity          
2026-06-09 14:08:44    --------------------------------------------------------------
2026-06-09 14:08:44       1              -9.097      0.1711        +6.672  ★ best
2026-06-09 14:08:44       2              -9.999      0.1521        +6.489
2026-06-09 14:08:44       3              -9.914      0.1097        +6.356
2026-06-09 14:08:44       4              -6.090      0.0972        +5.516
2026-06-09 14:08:44       5              -9.216      0.0800        +6.550
2026-06-09 14:08:44       6              -9.234      0.0576        +6.276
2026-06-09 14:08:44       7              -6.302      0.0514        +6.111
2026-06-09 14:08:44       8              -6.216      0.0448        +6.154
2026-06-09 14:08:44       9              -6.063      0.0385        +5.134
2026-06-09 14:08:44  
────────────────────────────────────────────────────────────
2026-06-09 14:08:44  [175/200] decoys_74_ZINC13976718
2026-06-09 14:08:44  ────────────────────────────────────────────────────────────
[14:09:36] Warning: molecule is tagged as 2D, but at least one Z coordinate is not zero. Marking the mol as 3D.
[14:09:36] Warning: molecule is tagged as 2D, but at least one Z coordinate is not zero. Marking the mol as 3D.
[14:09:36] Warning: molecule is tagged as 2D, but at least one Z coordinate is not zero. Marking the mol as 3D.
[14:09:36] Warning: molecule is tagged as 2D, but at least one Z coordinate is not zero. Marking the mol as 3D.
[14:09:36] Warning: molecule is tagged as 2D, but at least one Z coordinate is not zero. Marking the mol as 3D.
[14:09:36] Warning: molecule is tagged as 2D, but at least one Z coordinate is not zero. Marking the mol as 3D.
[14:09:36] Warning: molecule is tagged as 2D, but at least one Z coordinate is not zero. Marking the mol as 3D.
[14:09:36] Warning: molecule is tagged as 2D, but at least one Z coordinate is not zero. Marking the mol as 3D.
[14:09:36] Warning: molecule is tagged as 2D, but at least one Z coordinate is not zero. Marking the mol as 3D.
2026-06-09 14:09:36    Pose   minimizedAffinity    CNNscore   CNNaffinity          
2026-06-09 14:09:36    --------------------------------------------------------------
2026-06-09 14:09:36       1              -9.329      0.7103        +7.183  ★ best
2026-06-09 14:09:36       2              -9.268      0.6950        +6.871
2026-06-09 14:09:36       3              -8.666      0.6650        +7.114
2026-06-09 14:09:36       4              -9.731      0.4696        +7.147
2026-06-09 14:09:36       5              -9.098      0.4144        +6.920
2026-06-09 14:09:36       6              -9.420      0.4125        +7.137
2026-06-09 14:09:36       7              -9.629      0.3557        +7.127
2026-06-09 14:09:36       8              -8.236      0.2976        +6.014
2026-06-09 14:09:36       9              -8.178      0.2566        +6.371
2026-06-09 14:09:36  
────────────────────────────────────────────────────────────
2026-06-09 14:09:36  [176/200] decoys_75_ZINC64392103
2026-06-09 14:09:36  ────────────────────────────────────────────────────────────
[14:10:17] Warning: molecule is tagged as 2D, but at least one Z coordinate is not zero. Marking the mol as 3D.
[14:10:17] Warning: molecule is tagged as 2D, but at least one Z coordinate is not zero. Marking the mol as 3D.
[14:10:17] Warning: molecule is tagged as 2D, but at least one Z coordinate is not zero. Marking the mol as 3D.
[14:10:17] Warning: molecule is tagged as 2D, but at least one Z coordinate is not zero. Marking the mol as 3D.
[14:10:17] Warning: molecule is tagged as 2D, but at least one Z coordinate is not zero. Marking the mol as 3D.
[14:10:17] Warning: molecule is tagged as 2D, but at least one Z coordinate is not zero. Marking the mol as 3D.
[14:10:17] Warning: molecule is tagged as 2D, but at least one Z coordinate is not zero. Marking the mol as 3D.
[14:10:17] Warning: molecule is tagged as 2D, but at least one Z coordinate is not zero. Marking the mol as 3D.
[14:10:17] Warning: molecule is tagged as 2D, but at least one Z coordinate is not zero. Marking the mol as 3D.
2026-06-09 14:10:17    Pose   minimizedAffinity    CNNscore   CNNaffinity          
2026-06-09 14:10:17    --------------------------------------------------------------
2026-06-09 14:10:17       1              -9.740      0.7208        +7.221  ★ best
2026-06-09 14:10:17       2             -10.337      0.6241        +7.038
2026-06-09 14:10:17       3             -10.921      0.6221        +7.225
2026-06-09 14:10:17       4             -11.663      0.5968        +7.155
2026-06-09 14:10:17       5              -8.924      0.5726        +6.712
2026-06-09 14:10:17       6             -10.227      0.5411        +6.713
2026-06-09 14:10:17       7             -11.968      0.5021        +7.055
2026-06-09 14:10:17       8             -10.587      0.4890        +7.082
2026-06-09 14:10:17       9             -11.153      0.4737        +7.157
2026-06-09 14:10:17  
────────────────────────────────────────────────────────────
2026-06-09 14:10:17  [177/200] decoys_76_ZINC65265885
2026-06-09 14:10:17  ────────────────────────────────────────────────────────────
[14:11:02] Warning: molecule is tagged as 2D, but at least one Z coordinate is not zero. Marking the mol as 3D.
[14:11:02] Warning: molecule is tagged as 2D, but at least one Z coordinate is not zero. Marking the mol as 3D.
[14:11:02] Warning: molecule is tagged as 2D, but at least one Z coordinate is not zero. Marking the mol as 3D.
[14:11:02] Warning: molecule is tagged as 2D, but at least one Z coordinate is not zero. Marking the mol as 3D.
[14:11:02] Warning: molecule is tagged as 2D, but at least one Z coordinate is not zero. Marking the mol as 3D.
[14:11:02] Warning: molecule is tagged as 2D, but at least one Z coordinate is not zero. Marking the mol as 3D.
[14:11:02] Warning: molecule is tagged as 2D, but at least one Z coordinate is not zero. Marking the mol as 3D.
[14:11:02] Warning: molecule is tagged as 2D, but at least one Z coordinate is not zero. Marking the mol as 3D.
[14:11:02] Warning: molecule is tagged as 2D, but at least one Z coordinate is not zero. Marking the mol as 3D.
2026-06-09 14:11:02    Pose   minimizedAffinity    CNNscore   CNNaffinity          
2026-06-09 14:11:02    --------------------------------------------------------------
2026-06-09 14:11:02       1              -5.589      0.3763        +4.873  ★ best
2026-06-09 14:11:02       2              -5.212      0.3390        +4.630
2026-06-09 14:11:02       3              -7.637      0.2822        +5.928
2026-06-09 14:11:02       4              -6.565      0.2704        +4.826
2026-06-09 14:11:02       5              -5.627      0.2427        +5.146
2026-06-09 14:11:02       6              -8.445      0.2377        +6.010
2026-06-09 14:11:02       7              -6.064      0.2316        +4.961
2026-06-09 14:11:02       8              -5.299      0.2279        +4.787
2026-06-09 14:11:02       9              -6.142      0.2017        +5.168
2026-06-09 14:11:02  
────────────────────────────────────────────────────────────
2026-06-09 14:11:02  [178/200] decoys_77_ZINC12330018
2026-06-09 14:11:02  ────────────────────────────────────────────────────────────
[14:11:51] Warning: molecule is tagged as 2D, but at least one Z coordinate is not zero. Marking the mol as 3D.
[14:11:51] Warning: molecule is tagged as 2D, but at least one Z coordinate is not zero. Marking the mol as 3D.
[14:11:51] Warning: molecule is tagged as 2D, but at least one Z coordinate is not zero. Marking the mol as 3D.
[14:11:51] Warning: molecule is tagged as 2D, but at least one Z coordinate is not zero. Marking the mol as 3D.
[14:11:51] Warning: molecule is tagged as 2D, but at least one Z coordinate is not zero. Marking the mol as 3D.
[14:11:51] Warning: molecule is tagged as 2D, but at least one Z coordinate is not zero. Marking the mol as 3D.
[14:11:51] Warning: molecule is tagged as 2D, but at least one Z coordinate is not zero. Marking the mol as 3D.
[14:11:51] Warning: molecule is tagged as 2D, but at least one Z coordinate is not zero. Marking the mol as 3D.
[14:11:51] Warning: molecule is tagged as 2D, but at least one Z coordinate is not zero. Marking the mol as 3D.
2026-06-09 14:11:51    Pose   minimizedAffinity    CNNscore   CNNaffinity          
2026-06-09 14:11:51    --------------------------------------------------------------
2026-06-09 14:11:51       1             -11.207      0.5253        +7.523  ★ best
2026-06-09 14:11:51       2             -12.602      0.4891        +7.204
2026-06-09 14:11:51       3             -11.301      0.4630        +7.005
2026-06-09 14:11:51       4              -5.825      0.4395        +5.424
2026-06-09 14:11:51       5             -11.994      0.4320        +7.094
2026-06-09 14:11:51       6              -5.934      0.4308        +5.516
2026-06-09 14:11:51       7              -5.511      0.4070        +5.336
2026-06-09 14:11:51       8             -11.861      0.4051        +6.973
2026-06-09 14:11:51       9              -5.874      0.3774        +5.334
2026-06-09 14:11:51  
────────────────────────────────────────────────────────────
2026-06-09 14:11:51  [179/200] decoys_78_ZINC66952682
2026-06-09 14:11:51  ────────────────────────────────────────────────────────────
[14:12:31] Warning: molecule is tagged as 2D, but at least one Z coordinate is not zero. Marking the mol as 3D.
[14:12:31] Warning: molecule is tagged as 2D, but at least one Z coordinate is not zero. Marking the mol as 3D.
[14:12:31] Warning: molecule is tagged as 2D, but at least one Z coordinate is not zero. Marking the mol as 3D.
[14:12:31] Warning: molecule is tagged as 2D, but at least one Z coordinate is not zero. Marking the mol as 3D.
[14:12:31] Warning: molecule is tagged as 2D, but at least one Z coordinate is not zero. Marking the mol as 3D.
[14:12:31] Warning: molecule is tagged as 2D, but at least one Z coordinate is not zero. Marking the mol as 3D.
[14:12:31] Warning: molecule is tagged as 2D, but at least one Z coordinate is not zero. Marking the mol as 3D.
[14:12:31] Warning: molecule is tagged as 2D, but at least one Z coordinate is not zero. Marking the mol as 3D.
[14:12:31] Warning: molecule is tagged as 2D, but at least one Z coordinate is not zero. Marking the mol as 3D.
2026-06-09 14:12:31    Pose   minimizedAffinity    CNNscore   CNNaffinity          
2026-06-09 14:12:31    --------------------------------------------------------------
2026-06-09 14:12:31       1              -7.778      0.6122        +5.642  ★ best
2026-06-09 14:12:31       2             -11.335      0.5347        +6.610
2026-06-09 14:12:31       3              -8.626      0.4831        +5.424
2026-06-09 14:12:31       4             -10.062      0.4244        +6.411
2026-06-09 14:12:31       5              -7.107      0.3860        +6.182
2026-06-09 14:12:31       6              -9.837      0.3581        +6.424
2026-06-09 14:12:31       7              -8.928      0.2626        +5.641
2026-06-09 14:12:31       8              -6.906      0.2597        +4.551
2026-06-09 14:12:31       9              -6.737      0.2582        +5.092
2026-06-09 14:12:31  
────────────────────────────────────────────────────────────
2026-06-09 14:12:31  [180/200] decoys_79_ZINC35220032
2026-06-09 14:12:31  ────────────────────────────────────────────────────────────
[14:13:11] Warning: molecule is tagged as 2D, but at least one Z coordinate is not zero. Marking the mol as 3D.
[14:13:11] Warning: molecule is tagged as 2D, but at least one Z coordinate is not zero. Marking the mol as 3D.
[14:13:11] Warning: molecule is tagged as 2D, but at least one Z coordinate is not zero. Marking the mol as 3D.
[14:13:11] Warning: molecule is tagged as 2D, but at least one Z coordinate is not zero. Marking the mol as 3D.
[14:13:11] Warning: molecule is tagged as 2D, but at least one Z coordinate is not zero. Marking the mol as 3D.
[14:13:11] Warning: molecule is tagged as 2D, but at least one Z coordinate is not zero. Marking the mol as 3D.
[14:13:11] Warning: molecule is tagged as 2D, but at least one Z coordinate is not zero. Marking the mol as 3D.
[14:13:11] Warning: molecule is tagged as 2D, but at least one Z coordinate is not zero. Marking the mol as 3D.
[14:13:11] Warning: molecule is tagged as 2D, but at least one Z coordinate is not zero. Marking the mol as 3D.
2026-06-09 14:13:11    Pose   minimizedAffinity    CNNscore   CNNaffinity          
2026-06-09 14:13:11    --------------------------------------------------------------
2026-06-09 14:13:11       1              -8.936      0.4631        +6.301  ★ best
2026-06-09 14:13:11       2              -8.374      0.4312        +6.201
2026-06-09 14:13:11       3             -12.036      0.3861        +7.007
2026-06-09 14:13:11       4              -7.262      0.3374        +5.990
2026-06-09 14:13:11       5             -10.484      0.3191        +7.023
2026-06-09 14:13:11       6              -8.072      0.3000        +6.175
2026-06-09 14:13:11       7              -9.535      0.2789        +7.313
2026-06-09 14:13:11       8              -9.126      0.2469        +6.746
2026-06-09 14:13:11       9             -10.097      0.2455        +7.000
2026-06-09 14:13:11  
────────────────────────────────────────────────────────────
2026-06-09 14:13:11  [181/200] decoys_80_ZINC19939086
2026-06-09 14:13:11  ────────────────────────────────────────────────────────────
[14:13:57] Warning: molecule is tagged as 2D, but at least one Z coordinate is not zero. Marking the mol as 3D.
[14:13:57] Warning: molecule is tagged as 2D, but at least one Z coordinate is not zero. Marking the mol as 3D.
[14:13:57] Warning: molecule is tagged as 2D, but at least one Z coordinate is not zero. Marking the mol as 3D.
[14:13:57] Warning: molecule is tagged as 2D, but at least one Z coordinate is not zero. Marking the mol as 3D.
[14:13:57] Warning: molecule is tagged as 2D, but at least one Z coordinate is not zero. Marking the mol as 3D.
[14:13:57] Warning: molecule is tagged as 2D, but at least one Z coordinate is not zero. Marking the mol as 3D.
[14:13:57] Warning: molecule is tagged as 2D, but at least one Z coordinate is not zero. Marking the mol as 3D.
[14:13:57] Warning: molecule is tagged as 2D, but at least one Z coordinate is not zero. Marking the mol as 3D.
[14:13:57] Warning: molecule is tagged as 2D, but at least one Z coordinate is not zero. Marking the mol as 3D.
2026-06-09 14:13:57    Pose   minimizedAffinity    CNNscore   CNNaffinity          
2026-06-09 14:13:57    --------------------------------------------------------------
2026-06-09 14:13:57       1             -10.337      0.7703        +7.708  ★ best
2026-06-09 14:13:57       2              -8.857      0.6155        +6.819
2026-06-09 14:13:57       3              -9.033      0.4885        +7.511
2026-06-09 14:13:57       4             -10.127      0.3406        +6.913
2026-06-09 14:13:57       5             -10.241      0.2899        +6.511
2026-06-09 14:13:57       6              -9.678      0.2868        +6.367
2026-06-09 14:13:57       7              -9.580      0.2854        +6.532
2026-06-09 14:13:57       8              -9.508      0.2792        +6.491
2026-06-09 14:13:57       9             -10.192      0.2707        +6.827
2026-06-09 14:13:57  
────────────────────────────────────────────────────────────
2026-06-09 14:13:57  [182/200] decoys_81_ZINC38970815
2026-06-09 14:13:57  ────────────────────────────────────────────────────────────
[14:14:36] Warning: molecule is tagged as 2D, but at least one Z coordinate is not zero. Marking the mol as 3D.
[14:14:36] Warning: molecule is tagged as 2D, but at least one Z coordinate is not zero. Marking the mol as 3D.
[14:14:36] Warning: molecule is tagged as 2D, but at least one Z coordinate is not zero. Marking the mol as 3D.
[14:14:36] Warning: molecule is tagged as 2D, but at least one Z coordinate is not zero. Marking the mol as 3D.
[14:14:36] Warning: molecule is tagged as 2D, but at least one Z coordinate is not zero. Marking the mol as 3D.
[14:14:36] Warning: molecule is tagged as 2D, but at least one Z coordinate is not zero. Marking the mol as 3D.
[14:14:36] Warning: molecule is tagged as 2D, but at least one Z coordinate is not zero. Marking the mol as 3D.
[14:14:36] Warning: molecule is tagged as 2D, but at least one Z coordinate is not zero. Marking the mol as 3D.
[14:14:36] Warning: molecule is tagged as 2D, but at least one Z coordinate is not zero. Marking the mol as 3D.
2026-06-09 14:14:36    Pose   minimizedAffinity    CNNscore   CNNaffinity          
2026-06-09 14:14:36    --------------------------------------------------------------
2026-06-09 14:14:36       1              -8.151      0.2596        +7.036  ★ best
2026-06-09 14:14:36       2              -5.951      0.2106        +4.740
2026-06-09 14:14:36       3              -7.324      0.1921        +5.045
2026-06-09 14:14:36       4              -7.986      0.1553        +5.556
2026-06-09 14:14:36       5              -7.795      0.1513        +6.513
2026-06-09 14:14:36       6              -8.808      0.1489        +6.238
2026-06-09 14:14:36       7              -6.256      0.1404        +4.638
2026-06-09 14:14:36       8              -6.521      0.1320        +4.807
2026-06-09 14:14:36       9              -6.927      0.1312        +5.413
2026-06-09 14:14:36  
────────────────────────────────────────────────────────────
2026-06-09 14:14:36  [183/200] decoys_82_ZINC66130465
2026-06-09 14:14:36  ────────────────────────────────────────────────────────────
[14:15:03] Warning: molecule is tagged as 2D, but at least one Z coordinate is not zero. Marking the mol as 3D.
[14:15:03] Warning: molecule is tagged as 2D, but at least one Z coordinate is not zero. Marking the mol as 3D.
[14:15:03] Warning: molecule is tagged as 2D, but at least one Z coordinate is not zero. Marking the mol as 3D.
[14:15:03] Warning: molecule is tagged as 2D, but at least one Z coordinate is not zero. Marking the mol as 3D.
[14:15:03] Warning: molecule is tagged as 2D, but at least one Z coordinate is not zero. Marking the mol as 3D.
[14:15:03] Warning: molecule is tagged as 2D, but at least one Z coordinate is not zero. Marking the mol as 3D.
[14:15:03] Warning: molecule is tagged as 2D, but at least one Z coordinate is not zero. Marking the mol as 3D.
[14:15:03] Warning: molecule is tagged as 2D, but at least one Z coordinate is not zero. Marking the mol as 3D.
[14:15:03] Warning: molecule is tagged as 2D, but at least one Z coordinate is not zero. Marking the mol as 3D.
2026-06-09 14:15:03    Pose   minimizedAffinity    CNNscore   CNNaffinity          
2026-06-09 14:15:03    --------------------------------------------------------------
2026-06-09 14:15:03       1              -4.889      0.2924        +4.274  ★ best
2026-06-09 14:15:03       2              -5.120      0.2248        +4.038
2026-06-09 14:15:03       3              -5.739      0.1469        +5.855
2026-06-09 14:15:03       4              -5.338      0.1462        +4.226
2026-06-09 14:15:03       5              -6.049      0.1233        +4.234
2026-06-09 14:15:03       6              -5.218      0.1229        +4.422
2026-06-09 14:15:03       7              -5.257      0.1096        +4.060
2026-06-09 14:15:03       8              -5.668      0.1042        +4.147
2026-06-09 14:15:03       9              -5.164      0.1040        +4.163
2026-06-09 14:15:03  
────────────────────────────────────────────────────────────
2026-06-09 14:15:03  [184/200] decoys_83_ZINC50807523
2026-06-09 14:15:03  ────────────────────────────────────────────────────────────
[14:15:27] Warning: molecule is tagged as 2D, but at least one Z coordinate is not zero. Marking the mol as 3D.
[14:15:27] Warning: molecule is tagged as 2D, but at least one Z coordinate is not zero. Marking the mol as 3D.
[14:15:27] Warning: molecule is tagged as 2D, but at least one Z coordinate is not zero. Marking the mol as 3D.
[14:15:27] Warning: molecule is tagged as 2D, but at least one Z coordinate is not zero. Marking the mol as 3D.
[14:15:27] Warning: molecule is tagged as 2D, but at least one Z coordinate is not zero. Marking the mol as 3D.
[14:15:27] Warning: molecule is tagged as 2D, but at least one Z coordinate is not zero. Marking the mol as 3D.
[14:15:27] Warning: molecule is tagged as 2D, but at least one Z coordinate is not zero. Marking the mol as 3D.
[14:15:27] Warning: molecule is tagged as 2D, but at least one Z coordinate is not zero. Marking the mol as 3D.
[14:15:27] Warning: molecule is tagged as 2D, but at least one Z coordinate is not zero. Marking the mol as 3D.
2026-06-09 14:15:27    Pose   minimizedAffinity    CNNscore   CNNaffinity          
2026-06-09 14:15:27    --------------------------------------------------------------
2026-06-09 14:15:27       1             -10.548      0.8122        +6.907  ★ best
2026-06-09 14:15:27       2             -10.113      0.8115        +6.968
2026-06-09 14:15:27       3             -10.709      0.7682        +6.932
2026-06-09 14:15:27       4             -10.005      0.7157        +7.552
2026-06-09 14:15:27       5             -10.133      0.6570        +7.022
2026-06-09 14:15:27       6              -9.616      0.6543        +7.472
2026-06-09 14:15:27       7             -10.079      0.4974        +6.777
2026-06-09 14:15:27       8              -9.970      0.4561        +6.736
2026-06-09 14:15:27       9             -10.431      0.4461        +6.941
2026-06-09 14:15:27  
────────────────────────────────────────────────────────────
2026-06-09 14:15:27  [185/200] decoys_84_ZINC49101481
2026-06-09 14:15:27  ────────────────────────────────────────────────────────────
[14:15:50] Warning: molecule is tagged as 2D, but at least one Z coordinate is not zero. Marking the mol as 3D.
[14:15:50] Warning: molecule is tagged as 2D, but at least one Z coordinate is not zero. Marking the mol as 3D.
[14:15:50] Warning: molecule is tagged as 2D, but at least one Z coordinate is not zero. Marking the mol as 3D.
[14:15:50] Warning: molecule is tagged as 2D, but at least one Z coordinate is not zero. Marking the mol as 3D.
[14:15:50] Warning: molecule is tagged as 2D, but at least one Z coordinate is not zero. Marking the mol as 3D.
[14:15:50] Warning: molecule is tagged as 2D, but at least one Z coordinate is not zero. Marking the mol as 3D.
[14:15:50] Warning: molecule is tagged as 2D, but at least one Z coordinate is not zero. Marking the mol as 3D.
[14:15:50] Warning: molecule is tagged as 2D, but at least one Z coordinate is not zero. Marking the mol as 3D.
[14:15:50] Warning: molecule is tagged as 2D, but at least one Z coordinate is not zero. Marking the mol as 3D.
2026-06-09 14:15:50    Pose   minimizedAffinity    CNNscore   CNNaffinity          
2026-06-09 14:15:50    --------------------------------------------------------------
2026-06-09 14:15:50       1              -4.385      0.5007        +3.768  ★ best
2026-06-09 14:15:50       2              -4.395      0.4330        +3.716
2026-06-09 14:15:50       3              -6.878      0.4206        +5.848
2026-06-09 14:15:50       4              -5.866      0.4037        +3.683
2026-06-09 14:15:50       5              -4.256      0.3883        +3.566
2026-06-09 14:15:50       6              -5.926      0.3882        +3.772
2026-06-09 14:15:50       7              -6.190      0.3784        +6.165
2026-06-09 14:15:50       8              -4.417      0.3745        +3.456
2026-06-09 14:15:50       9              -4.330      0.3724        +3.637
2026-06-09 14:15:50  
────────────────────────────────────────────────────────────
2026-06-09 14:15:50  [186/200] decoys_85_ZINC20569598
2026-06-09 14:15:50  ────────────────────────────────────────────────────────────
[14:16:50] Warning: molecule is tagged as 2D, but at least one Z coordinate is not zero. Marking the mol as 3D.
[14:16:50] Warning: molecule is tagged as 2D, but at least one Z coordinate is not zero. Marking the mol as 3D.
[14:16:50] Warning: molecule is tagged as 2D, but at least one Z coordinate is not zero. Marking the mol as 3D.
[14:16:50] Warning: molecule is tagged as 2D, but at least one Z coordinate is not zero. Marking the mol as 3D.
[14:16:50] Warning: molecule is tagged as 2D, but at least one Z coordinate is not zero. Marking the mol as 3D.
[14:16:50] Warning: molecule is tagged as 2D, but at least one Z coordinate is not zero. Marking the mol as 3D.
[14:16:50] Warning: molecule is tagged as 2D, but at least one Z coordinate is not zero. Marking the mol as 3D.
[14:16:50] Warning: molecule is tagged as 2D, but at least one Z coordinate is not zero. Marking the mol as 3D.
[14:16:50] Warning: molecule is tagged as 2D, but at least one Z coordinate is not zero. Marking the mol as 3D.
2026-06-09 14:16:50    Pose   minimizedAffinity    CNNscore   CNNaffinity          
2026-06-09 14:16:50    --------------------------------------------------------------
2026-06-09 14:16:50       1              -6.251      0.3016        +4.955  ★ best
2026-06-09 14:16:50       2              -9.367      0.2887        +6.453
2026-06-09 14:16:50       3              -5.788      0.2774        +5.106
2026-06-09 14:16:50       4              -5.259      0.2733        +5.470
2026-06-09 14:16:50       5              -5.496      0.2307        +5.033
2026-06-09 14:16:50       6              -5.718      0.2257        +5.476
2026-06-09 14:16:50       7              -7.306      0.2238        +5.208
2026-06-09 14:16:50       8              -8.622      0.2156        +5.690
2026-06-09 14:16:50       9              -5.494      0.1924        +5.544
2026-06-09 14:16:50  
────────────────────────────────────────────────────────────
2026-06-09 14:16:50  [187/200] decoys_86_ZINC33719563
2026-06-09 14:16:50  ────────────────────────────────────────────────────────────
[14:17:40] Warning: molecule is tagged as 2D, but at least one Z coordinate is not zero. Marking the mol as 3D.
[14:17:40] Warning: molecule is tagged as 2D, but at least one Z coordinate is not zero. Marking the mol as 3D.
[14:17:40] Warning: molecule is tagged as 2D, but at least one Z coordinate is not zero. Marking the mol as 3D.
[14:17:40] Warning: molecule is tagged as 2D, but at least one Z coordinate is not zero. Marking the mol as 3D.
[14:17:40] Warning: molecule is tagged as 2D, but at least one Z coordinate is not zero. Marking the mol as 3D.
[14:17:40] Warning: molecule is tagged as 2D, but at least one Z coordinate is not zero. Marking the mol as 3D.
[14:17:40] Warning: molecule is tagged as 2D, but at least one Z coordinate is not zero. Marking the mol as 3D.
[14:17:40] Warning: molecule is tagged as 2D, but at least one Z coordinate is not zero. Marking the mol as 3D.
[14:17:40] Warning: molecule is tagged as 2D, but at least one Z coordinate is not zero. Marking the mol as 3D.
2026-06-09 14:17:40    Pose   minimizedAffinity    CNNscore   CNNaffinity          
2026-06-09 14:17:40    --------------------------------------------------------------
2026-06-09 14:17:40       1              -3.597      0.4910        +5.488  ★ best
2026-06-09 14:17:40       2              -3.649      0.4891        +5.440
2026-06-09 14:17:40       3              +1.816      0.4265        +6.878
2026-06-09 14:17:40       4              -3.889      0.4052        +6.811
2026-06-09 14:17:40       5              -2.565      0.3900        +7.009
2026-06-09 14:17:40       6              +1.775      0.3846        +6.688
2026-06-09 14:17:40       7              -2.579      0.3810        +6.996
2026-06-09 14:17:40       8              -3.780      0.3316        +5.254
2026-06-09 14:17:40       9              -3.818      0.3279        +5.253
2026-06-09 14:17:40  
────────────────────────────────────────────────────────────
2026-06-09 14:17:40  [188/200] decoys_87_ZINC39011787
2026-06-09 14:17:40  ────────────────────────────────────────────────────────────
[14:18:11] Warning: molecule is tagged as 2D, but at least one Z coordinate is not zero. Marking the mol as 3D.
[14:18:11] Warning: molecule is tagged as 2D, but at least one Z coordinate is not zero. Marking the mol as 3D.
[14:18:11] Warning: molecule is tagged as 2D, but at least one Z coordinate is not zero. Marking the mol as 3D.
[14:18:11] Warning: molecule is tagged as 2D, but at least one Z coordinate is not zero. Marking the mol as 3D.
[14:18:11] Warning: molecule is tagged as 2D, but at least one Z coordinate is not zero. Marking the mol as 3D.
[14:18:11] Warning: molecule is tagged as 2D, but at least one Z coordinate is not zero. Marking the mol as 3D.
[14:18:11] Warning: molecule is tagged as 2D, but at least one Z coordinate is not zero. Marking the mol as 3D.
[14:18:11] Warning: molecule is tagged as 2D, but at least one Z coordinate is not zero. Marking the mol as 3D.
[14:18:11] Warning: molecule is tagged as 2D, but at least one Z coordinate is not zero. Marking the mol as 3D.
2026-06-09 14:18:11    Pose   minimizedAffinity    CNNscore   CNNaffinity          
2026-06-09 14:18:11    --------------------------------------------------------------
2026-06-09 14:18:11       1              -8.909      0.8398        +7.046  ★ best
2026-06-09 14:18:11       2              -8.658      0.4907        +6.688
2026-06-09 14:18:11       3              -7.886      0.4844        +6.520
2026-06-09 14:18:11       4              -7.943      0.4835        +6.612
2026-06-09 14:18:11       5              -7.544      0.4314        +6.343
2026-06-09 14:18:11       6              -5.121      0.3630        +6.203
2026-06-09 14:18:11       7              -8.200      0.3264        +6.396
2026-06-09 14:18:11       8              -7.926      0.3197        +6.132
2026-06-09 14:18:11       9              -4.713      0.3028        +4.527
2026-06-09 14:18:11  
────────────────────────────────────────────────────────────
2026-06-09 14:18:11  [189/200] decoys_88_ZINC13499200
2026-06-09 14:18:11  ────────────────────────────────────────────────────────────
[14:19:53] Warning: molecule is tagged as 2D, but at least one Z coordinate is not zero. Marking the mol as 3D.
[14:19:53] Warning: molecule is tagged as 2D, but at least one Z coordinate is not zero. Marking the mol as 3D.
[14:19:53] Warning: molecule is tagged as 2D, but at least one Z coordinate is not zero. Marking the mol as 3D.
[14:19:53] Warning: molecule is tagged as 2D, but at least one Z coordinate is not zero. Marking the mol as 3D.
[14:19:53] Warning: molecule is tagged as 2D, but at least one Z coordinate is not zero. Marking the mol as 3D.
[14:19:53] Warning: molecule is tagged as 2D, but at least one Z coordinate is not zero. Marking the mol as 3D.
[14:19:53] Warning: molecule is tagged as 2D, but at least one Z coordinate is not zero. Marking the mol as 3D.
[14:19:53] Warning: molecule is tagged as 2D, but at least one Z coordinate is not zero. Marking the mol as 3D.
[14:19:53] Warning: molecule is tagged as 2D, but at least one Z coordinate is not zero. Marking the mol as 3D.
2026-06-09 14:19:53    Pose   minimizedAffinity    CNNscore   CNNaffinity          
2026-06-09 14:19:53    --------------------------------------------------------------
2026-06-09 14:19:53       1              -5.509      0.4127        +7.818  ★ best
2026-06-09 14:19:53       2              -9.643      0.2788        +7.470
2026-06-09 14:19:53       3              -8.124      0.2536        +7.724
2026-06-09 14:19:53       4              -6.901      0.2398        +7.205
2026-06-09 14:19:53       5              -7.086      0.2172        +7.651
2026-06-09 14:19:53       6              -7.316      0.1717        +5.745
2026-06-09 14:19:53       7              -7.660      0.1557        +6.968
2026-06-09 14:19:53       8              -6.930      0.1533        +5.980
2026-06-09 14:19:53       9              -7.341      0.1447        +6.887
2026-06-09 14:19:53  
────────────────────────────────────────────────────────────
2026-06-09 14:19:53  [190/200] decoys_89_ZINC12870120
2026-06-09 14:19:53  ────────────────────────────────────────────────────────────
[14:20:36] Warning: molecule is tagged as 2D, but at least one Z coordinate is not zero. Marking the mol as 3D.
[14:20:36] Warning: molecule is tagged as 2D, but at least one Z coordinate is not zero. Marking the mol as 3D.
[14:20:36] Warning: molecule is tagged as 2D, but at least one Z coordinate is not zero. Marking the mol as 3D.
[14:20:36] Warning: molecule is tagged as 2D, but at least one Z coordinate is not zero. Marking the mol as 3D.
[14:20:36] Warning: molecule is tagged as 2D, but at least one Z coordinate is not zero. Marking the mol as 3D.
[14:20:36] Warning: molecule is tagged as 2D, but at least one Z coordinate is not zero. Marking the mol as 3D.
[14:20:36] Warning: molecule is tagged as 2D, but at least one Z coordinate is not zero. Marking the mol as 3D.
[14:20:36] Warning: molecule is tagged as 2D, but at least one Z coordinate is not zero. Marking the mol as 3D.
[14:20:36] Warning: molecule is tagged as 2D, but at least one Z coordinate is not zero. Marking the mol as 3D.
2026-06-09 14:20:36    Pose   minimizedAffinity    CNNscore   CNNaffinity          
2026-06-09 14:20:36    --------------------------------------------------------------
2026-06-09 14:20:36       1             -11.354      0.8612        +7.641  ★ best
2026-06-09 14:20:36       2             -10.509      0.5933        +7.348
2026-06-09 14:20:36       3              -9.790      0.5468        +6.715
2026-06-09 14:20:36       4             -10.748      0.3270        +6.527
2026-06-09 14:20:36       5             -10.505      0.3067        +6.416
2026-06-09 14:20:36       6             -10.599      0.2845        +6.824
2026-06-09 14:20:36       7             -11.221      0.2837        +6.723
2026-06-09 14:20:36       8             -11.329      0.2835        +6.376
2026-06-09 14:20:36       9             -10.589      0.2829        +6.486
2026-06-09 14:20:36  
────────────────────────────────────────────────────────────
2026-06-09 14:20:36  [191/200] decoys_90_ZINC20445902
2026-06-09 14:20:36  ────────────────────────────────────────────────────────────
[14:21:46] Warning: molecule is tagged as 2D, but at least one Z coordinate is not zero. Marking the mol as 3D.
[14:21:46] Warning: molecule is tagged as 2D, but at least one Z coordinate is not zero. Marking the mol as 3D.
[14:21:46] Warning: molecule is tagged as 2D, but at least one Z coordinate is not zero. Marking the mol as 3D.
[14:21:46] Warning: molecule is tagged as 2D, but at least one Z coordinate is not zero. Marking the mol as 3D.
[14:21:46] Warning: molecule is tagged as 2D, but at least one Z coordinate is not zero. Marking the mol as 3D.
[14:21:46] Warning: molecule is tagged as 2D, but at least one Z coordinate is not zero. Marking the mol as 3D.
[14:21:46] Warning: molecule is tagged as 2D, but at least one Z coordinate is not zero. Marking the mol as 3D.
[14:21:46] Warning: molecule is tagged as 2D, but at least one Z coordinate is not zero. Marking the mol as 3D.
[14:21:46] Warning: molecule is tagged as 2D, but at least one Z coordinate is not zero. Marking the mol as 3D.
2026-06-09 14:21:46    Pose   minimizedAffinity    CNNscore   CNNaffinity          
2026-06-09 14:21:46    --------------------------------------------------------------
2026-06-09 14:21:46       1              +0.565      0.5089        +7.412  ★ best
2026-06-09 14:21:46       2              +0.838      0.4906        +7.574
2026-06-09 14:21:46       3              +7.183      0.4423        +6.865
2026-06-09 14:21:46       4              +2.396      0.4379        +7.403
2026-06-09 14:21:46       5              +7.113      0.4083        +6.813
2026-06-09 14:21:46       6              +3.657      0.3871        +7.119
2026-06-09 14:21:46       7              +1.392      0.3513        +7.193
2026-06-09 14:21:46       8              -4.065      0.3310        +5.463
2026-06-09 14:21:46       9              -4.667      0.2852        +5.388
2026-06-09 14:21:46  
────────────────────────────────────────────────────────────
2026-06-09 14:21:46  [192/200] decoys_91_ZINC63572145
2026-06-09 14:21:46  ────────────────────────────────────────────────────────────
[14:22:26] Warning: molecule is tagged as 2D, but at least one Z coordinate is not zero. Marking the mol as 3D.
[14:22:26] Warning: molecule is tagged as 2D, but at least one Z coordinate is not zero. Marking the mol as 3D.
[14:22:26] Warning: molecule is tagged as 2D, but at least one Z coordinate is not zero. Marking the mol as 3D.
[14:22:26] Warning: molecule is tagged as 2D, but at least one Z coordinate is not zero. Marking the mol as 3D.
[14:22:26] Warning: molecule is tagged as 2D, but at least one Z coordinate is not zero. Marking the mol as 3D.
[14:22:26] Warning: molecule is tagged as 2D, but at least one Z coordinate is not zero. Marking the mol as 3D.
[14:22:26] Warning: molecule is tagged as 2D, but at least one Z coordinate is not zero. Marking the mol as 3D.
[14:22:26] Warning: molecule is tagged as 2D, but at least one Z coordinate is not zero. Marking the mol as 3D.
[14:22:26] Warning: molecule is tagged as 2D, but at least one Z coordinate is not zero. Marking the mol as 3D.
2026-06-09 14:22:26    Pose   minimizedAffinity    CNNscore   CNNaffinity          
2026-06-09 14:22:26    --------------------------------------------------------------
2026-06-09 14:22:26       1              -5.377      0.2445        +5.378  ★ best
2026-06-09 14:22:26       2              -6.115      0.2001        +5.021
2026-06-09 14:22:26       3              -5.810      0.1970        +5.300
2026-06-09 14:22:26       4              -6.158      0.1938        +5.158
2026-06-09 14:22:26       5              -5.249      0.1839        +4.971
2026-06-09 14:22:26       6              -5.319      0.1685        +5.038
2026-06-09 14:22:26       7              -5.957      0.1669        +5.001
2026-06-09 14:22:26       8              -5.474      0.1567        +5.362
2026-06-09 14:22:26       9              -6.705      0.1548        +5.255
2026-06-09 14:22:26  
────────────────────────────────────────────────────────────
2026-06-09 14:22:26  [193/200] decoys_92_ZINC35470015
2026-06-09 14:22:26  ────────────────────────────────────────────────────────────
[14:23:28] Warning: molecule is tagged as 2D, but at least one Z coordinate is not zero. Marking the mol as 3D.
[14:23:28] Warning: molecule is tagged as 2D, but at least one Z coordinate is not zero. Marking the mol as 3D.
[14:23:28] Warning: molecule is tagged as 2D, but at least one Z coordinate is not zero. Marking the mol as 3D.
[14:23:28] Warning: molecule is tagged as 2D, but at least one Z coordinate is not zero. Marking the mol as 3D.
[14:23:28] Warning: molecule is tagged as 2D, but at least one Z coordinate is not zero. Marking the mol as 3D.
[14:23:28] Warning: molecule is tagged as 2D, but at least one Z coordinate is not zero. Marking the mol as 3D.
[14:23:28] Warning: molecule is tagged as 2D, but at least one Z coordinate is not zero. Marking the mol as 3D.
[14:23:28] Warning: molecule is tagged as 2D, but at least one Z coordinate is not zero. Marking the mol as 3D.
[14:23:28] Warning: molecule is tagged as 2D, but at least one Z coordinate is not zero. Marking the mol as 3D.
2026-06-09 14:23:28    Pose   minimizedAffinity    CNNscore   CNNaffinity          
2026-06-09 14:23:28    --------------------------------------------------------------
2026-06-09 14:23:28       1              +0.776      0.4841        +7.168  ★ best
2026-06-09 14:23:28       2              +2.248      0.4584        +7.186
2026-06-09 14:23:28       3              +1.944      0.4293        +7.261
2026-06-09 14:23:28       4              -2.271      0.3835        +7.195
2026-06-09 14:23:28       5              -6.997      0.3523        +7.499
2026-06-09 14:23:28       6              -7.232      0.2777        +7.277
2026-06-09 14:23:28       7              -8.712      0.2664        +7.561
2026-06-09 14:23:28       8              -7.780      0.2342        +7.227
2026-06-09 14:23:28       9              -7.792      0.2306        +6.766
2026-06-09 14:23:28  
────────────────────────────────────────────────────────────
2026-06-09 14:23:28  [194/200] decoys_93_ZINC16688632
2026-06-09 14:23:28  ────────────────────────────────────────────────────────────
[14:24:47] Warning: molecule is tagged as 2D, but at least one Z coordinate is not zero. Marking the mol as 3D.
[14:24:47] Warning: molecule is tagged as 2D, but at least one Z coordinate is not zero. Marking the mol as 3D.
[14:24:47] Warning: molecule is tagged as 2D, but at least one Z coordinate is not zero. Marking the mol as 3D.
[14:24:47] Warning: molecule is tagged as 2D, but at least one Z coordinate is not zero. Marking the mol as 3D.
[14:24:47] Warning: molecule is tagged as 2D, but at least one Z coordinate is not zero. Marking the mol as 3D.
[14:24:47] Warning: molecule is tagged as 2D, but at least one Z coordinate is not zero. Marking the mol as 3D.
[14:24:47] Warning: molecule is tagged as 2D, but at least one Z coordinate is not zero. Marking the mol as 3D.
[14:24:47] Warning: molecule is tagged as 2D, but at least one Z coordinate is not zero. Marking the mol as 3D.
[14:24:47] Warning: molecule is tagged as 2D, but at least one Z coordinate is not zero. Marking the mol as 3D.
2026-06-09 14:24:47    Pose   minimizedAffinity    CNNscore   CNNaffinity          
2026-06-09 14:24:47    --------------------------------------------------------------
2026-06-09 14:24:47       1              +0.460      0.4001        +6.735  ★ best
2026-06-09 14:24:47       2              -7.840      0.3925        +6.812
2026-06-09 14:24:47       3              -9.446      0.3856        +7.092
2026-06-09 14:24:47       4              -8.235      0.3628        +6.880
2026-06-09 14:24:47       5              -8.460      0.3290        +6.239
2026-06-09 14:24:47       6              -8.641      0.3244        +6.637
2026-06-09 14:24:47       7              -7.394      0.3164        +6.235
2026-06-09 14:24:47       8              -8.158      0.2984        +6.230
2026-06-09 14:24:47       9              -8.403      0.2665        +6.259
2026-06-09 14:24:47  
────────────────────────────────────────────────────────────
2026-06-09 14:24:47  [195/200] decoys_94_ZINC23983477
2026-06-09 14:24:47  ────────────────────────────────────────────────────────────
[14:25:32] Warning: molecule is tagged as 2D, but at least one Z coordinate is not zero. Marking the mol as 3D.
[14:25:32] Warning: molecule is tagged as 2D, but at least one Z coordinate is not zero. Marking the mol as 3D.
[14:25:32] Warning: molecule is tagged as 2D, but at least one Z coordinate is not zero. Marking the mol as 3D.
[14:25:32] Warning: molecule is tagged as 2D, but at least one Z coordinate is not zero. Marking the mol as 3D.
[14:25:32] Warning: molecule is tagged as 2D, but at least one Z coordinate is not zero. Marking the mol as 3D.
[14:25:32] Warning: molecule is tagged as 2D, but at least one Z coordinate is not zero. Marking the mol as 3D.
[14:25:32] Warning: molecule is tagged as 2D, but at least one Z coordinate is not zero. Marking the mol as 3D.
[14:25:32] Warning: molecule is tagged as 2D, but at least one Z coordinate is not zero. Marking the mol as 3D.
[14:25:32] Warning: molecule is tagged as 2D, but at least one Z coordinate is not zero. Marking the mol as 3D.
2026-06-09 14:25:32    Pose   minimizedAffinity    CNNscore   CNNaffinity          
2026-06-09 14:25:32    --------------------------------------------------------------
2026-06-09 14:25:32       1              -6.315      0.2315        +7.372  ★ best
2026-06-09 14:25:32       2              -7.326      0.2219        +5.347
2026-06-09 14:25:32       3              -7.731      0.2191        +6.798
2026-06-09 14:25:32       4              -5.843      0.1831        +5.372
2026-06-09 14:25:32       5              -7.959      0.1622        +5.939
2026-06-09 14:25:32       6              -5.738      0.1501        +5.178
2026-06-09 14:25:32       7              -5.250      0.1448        +5.318
2026-06-09 14:25:32       8              -7.604      0.1236        +5.265
2026-06-09 14:25:32       9              -7.905      0.1202        +5.484
2026-06-09 14:25:32  
────────────────────────────────────────────────────────────
2026-06-09 14:25:32  [196/200] decoys_95_ZINC09646945
2026-06-09 14:25:32  ────────────────────────────────────────────────────────────
[14:26:10] Warning: molecule is tagged as 2D, but at least one Z coordinate is not zero. Marking the mol as 3D.
[14:26:10] Warning: molecule is tagged as 2D, but at least one Z coordinate is not zero. Marking the mol as 3D.
[14:26:10] Warning: molecule is tagged as 2D, but at least one Z coordinate is not zero. Marking the mol as 3D.
[14:26:10] Warning: molecule is tagged as 2D, but at least one Z coordinate is not zero. Marking the mol as 3D.
[14:26:10] Warning: molecule is tagged as 2D, but at least one Z coordinate is not zero. Marking the mol as 3D.
[14:26:10] Warning: molecule is tagged as 2D, but at least one Z coordinate is not zero. Marking the mol as 3D.
[14:26:10] Warning: molecule is tagged as 2D, but at least one Z coordinate is not zero. Marking the mol as 3D.
[14:26:10] Warning: molecule is tagged as 2D, but at least one Z coordinate is not zero. Marking the mol as 3D.
[14:26:10] Warning: molecule is tagged as 2D, but at least one Z coordinate is not zero. Marking the mol as 3D.
2026-06-09 14:26:10    Pose   minimizedAffinity    CNNscore   CNNaffinity          
2026-06-09 14:26:10    --------------------------------------------------------------
2026-06-09 14:26:10       1              -7.673      0.6666        +7.198  ★ best
2026-06-09 14:26:10       2              -7.103      0.5795        +6.880
2026-06-09 14:26:10       3              -7.903      0.3295        +6.518
2026-06-09 14:26:10       4              -8.538      0.3209        +6.499
2026-06-09 14:26:10       5              -8.777      0.2503        +6.521
2026-06-09 14:26:10       6              -8.663      0.2366        +6.371
2026-06-09 14:26:10       7              -9.236      0.1995        +6.294
2026-06-09 14:26:10       8              -8.768      0.1788        +6.453
2026-06-09 14:26:10       9              -9.334      0.1749        +6.571
2026-06-09 14:26:10  
────────────────────────────────────────────────────────────
2026-06-09 14:26:10  [197/200] decoys_96_ZINC63350897
2026-06-09 14:26:10  ────────────────────────────────────────────────────────────
[14:27:21] Warning: molecule is tagged as 2D, but at least one Z coordinate is not zero. Marking the mol as 3D.
[14:27:21] Warning: molecule is tagged as 2D, but at least one Z coordinate is not zero. Marking the mol as 3D.
[14:27:21] Warning: molecule is tagged as 2D, but at least one Z coordinate is not zero. Marking the mol as 3D.
[14:27:21] Warning: molecule is tagged as 2D, but at least one Z coordinate is not zero. Marking the mol as 3D.
[14:27:21] Warning: molecule is tagged as 2D, but at least one Z coordinate is not zero. Marking the mol as 3D.
[14:27:21] Warning: molecule is tagged as 2D, but at least one Z coordinate is not zero. Marking the mol as 3D.
[14:27:21] Warning: molecule is tagged as 2D, but at least one Z coordinate is not zero. Marking the mol as 3D.
[14:27:21] Warning: molecule is tagged as 2D, but at least one Z coordinate is not zero. Marking the mol as 3D.
[14:27:21] Warning: molecule is tagged as 2D, but at least one Z coordinate is not zero. Marking the mol as 3D.
2026-06-09 14:27:21    Pose   minimizedAffinity    CNNscore   CNNaffinity          
2026-06-09 14:27:21    --------------------------------------------------------------
2026-06-09 14:27:21       1              -8.401      0.2029        +6.505  ★ best
2026-06-09 14:27:21       2              -6.533      0.1858        +5.475
2026-06-09 14:27:21       3              -9.062      0.1838        +6.322
2026-06-09 14:27:21       4             -10.365      0.1763        +6.488
2026-06-09 14:27:21       5              -8.708      0.1709        +6.373
2026-06-09 14:27:21       6             -10.264      0.1536        +6.293
2026-06-09 14:27:21       7             -10.041      0.1518        +6.364
2026-06-09 14:27:21       8             -10.063      0.1402        +6.361
2026-06-09 14:27:21       9              -9.121      0.1294        +6.340
2026-06-09 14:27:21  
────────────────────────────────────────────────────────────
2026-06-09 14:27:21  [198/200] decoys_97_ZINC65453405
2026-06-09 14:27:21  ────────────────────────────────────────────────────────────
[14:28:08] Warning: molecule is tagged as 2D, but at least one Z coordinate is not zero. Marking the mol as 3D.
[14:28:08] Warning: molecule is tagged as 2D, but at least one Z coordinate is not zero. Marking the mol as 3D.
[14:28:08] Warning: molecule is tagged as 2D, but at least one Z coordinate is not zero. Marking the mol as 3D.
[14:28:08] Warning: molecule is tagged as 2D, but at least one Z coordinate is not zero. Marking the mol as 3D.
[14:28:08] Warning: molecule is tagged as 2D, but at least one Z coordinate is not zero. Marking the mol as 3D.
[14:28:08] Warning: molecule is tagged as 2D, but at least one Z coordinate is not zero. Marking the mol as 3D.
[14:28:08] Warning: molecule is tagged as 2D, but at least one Z coordinate is not zero. Marking the mol as 3D.
[14:28:08] Warning: molecule is tagged as 2D, but at least one Z coordinate is not zero. Marking the mol as 3D.
[14:28:08] Warning: molecule is tagged as 2D, but at least one Z coordinate is not zero. Marking the mol as 3D.
2026-06-09 14:28:08    Pose   minimizedAffinity    CNNscore   CNNaffinity          
2026-06-09 14:28:08    --------------------------------------------------------------
2026-06-09 14:28:08       1              -6.437      0.5712        +7.675  ★ best
2026-06-09 14:28:08       2              -5.944      0.4893        +7.767
2026-06-09 14:28:08       3              -4.895      0.1668        +4.698
2026-06-09 14:28:08       4              -7.904      0.1543        +7.111
2026-06-09 14:28:08       5              -6.328      0.1515        +7.139
2026-06-09 14:28:08       6              -5.879      0.1492        +6.964
2026-06-09 14:28:08       7              -6.895      0.1449        +7.170
2026-06-09 14:28:08       8              -4.840      0.1280        +4.735
2026-06-09 14:28:08       9              -5.169      0.1270        +4.532
2026-06-09 14:28:08  
────────────────────────────────────────────────────────────
2026-06-09 14:28:08  [199/200] decoys_98_ZINC33749053
2026-06-09 14:28:08  ────────────────────────────────────────────────────────────
[14:29:41] Warning: molecule is tagged as 2D, but at least one Z coordinate is not zero. Marking the mol as 3D.
[14:29:41] Warning: molecule is tagged as 2D, but at least one Z coordinate is not zero. Marking the mol as 3D.
[14:29:41] Warning: molecule is tagged as 2D, but at least one Z coordinate is not zero. Marking the mol as 3D.
[14:29:41] Warning: molecule is tagged as 2D, but at least one Z coordinate is not zero. Marking the mol as 3D.
[14:29:41] Warning: molecule is tagged as 2D, but at least one Z coordinate is not zero. Marking the mol as 3D.
[14:29:41] Warning: molecule is tagged as 2D, but at least one Z coordinate is not zero. Marking the mol as 3D.
[14:29:41] Warning: molecule is tagged as 2D, but at least one Z coordinate is not zero. Marking the mol as 3D.
[14:29:41] Warning: molecule is tagged as 2D, but at least one Z coordinate is not zero. Marking the mol as 3D.
[14:29:41] Warning: molecule is tagged as 2D, but at least one Z coordinate is not zero. Marking the mol as 3D.
2026-06-09 14:29:41    Pose   minimizedAffinity    CNNscore   CNNaffinity          
2026-06-09 14:29:41    --------------------------------------------------------------
2026-06-09 14:29:41       1              -6.544      0.1611        +5.869  ★ best
2026-06-09 14:29:41       2              -8.629      0.1593        +6.101
2026-06-09 14:29:41       3              -7.717      0.1535        +5.905
2026-06-09 14:29:41       4              -6.229      0.1118        +5.692
2026-06-09 14:29:41       5              -6.571      0.1016        +5.128
2026-06-09 14:29:41       6              -6.291      0.0927        +5.655
2026-06-09 14:29:41       7              -6.724      0.0895        +5.689
2026-06-09 14:29:41       8              -7.098      0.0871        +5.647
2026-06-09 14:29:41       9              -9.245      0.0847        +5.773
2026-06-09 14:29:41  
────────────────────────────────────────────────────────────
2026-06-09 14:29:41  [200/200] decoys_99_ZINC42433936
2026-06-09 14:29:41  ────────────────────────────────────────────────────────────
[14:29:59] Warning: molecule is tagged as 2D, but at least one Z coordinate is not zero. Marking the mol as 3D.
[14:29:59] Warning: molecule is tagged as 2D, but at least one Z coordinate is not zero. Marking the mol as 3D.
[14:29:59] Warning: molecule is tagged as 2D, but at least one Z coordinate is not zero. Marking the mol as 3D.
[14:29:59] Warning: molecule is tagged as 2D, but at least one Z coordinate is not zero. Marking the mol as 3D.
[14:29:59] Warning: molecule is tagged as 2D, but at least one Z coordinate is not zero. Marking the mol as 3D.
[14:29:59] Warning: molecule is tagged as 2D, but at least one Z coordinate is not zero. Marking the mol as 3D.
[14:29:59] Warning: molecule is tagged as 2D, but at least one Z coordinate is not zero. Marking the mol as 3D.
[14:29:59] Warning: molecule is tagged as 2D, but at least one Z coordinate is not zero. Marking the mol as 3D.
[14:29:59] Warning: molecule is tagged as 2D, but at least one Z coordinate is not zero. Marking the mol as 3D.
2026-06-09 14:29:59    Pose   minimizedAffinity    CNNscore   CNNaffinity          
2026-06-09 14:29:59    --------------------------------------------------------------
2026-06-09 14:29:59       1              -8.232      0.6504        +6.616  ★ best
2026-06-09 14:29:59       2              -8.506      0.4079        +6.250
2026-06-09 14:29:59       3              -7.368      0.3733        +5.830
2026-06-09 14:29:59       4              -7.542      0.3627        +6.113
2026-06-09 14:29:59       5              -7.277      0.3028        +4.978
2026-06-09 14:29:59       6              -4.628      0.2516        +3.493
2026-06-09 14:29:59       7              -7.378      0.2351        +5.879
2026-06-09 14:29:59       8              -8.116      0.2192        +5.795
2026-06-09 14:29:59       9              -7.923      0.2162        +5.806
2026-06-09 14:29:59  
2026-06-09 14:29:59  ============================================================
2026-06-09 14:29:59  DOCKING SUMMARY — ranked by CNNscore
2026-06-09 14:29:59  ============================================================
2026-06-09 14:29:59    Rank  Ligand                                 CNNscore    CNNaff    minAff   Redo
2026-06-09 14:29:59    --------------------------------------------------------------------------------
2026-06-09 14:29:59       1  actives_01_CHEMBL400402                  0.9950    +8.412   -12.390     no
2026-06-09 14:29:59       2  actives_22_CHEMBL585666                  0.9920    +8.247   -14.195     no
2026-06-09 14:29:59       3  actives_16_CHEMBL250423                  0.9907    +8.449   -12.539     no
2026-06-09 14:29:59       4  actives_65_CHEMBL249820                  0.9899    +8.339   -13.103     no
2026-06-09 14:29:59       5  actives_49_CHEMBL256101                  0.9879    +8.486   -13.190     no
2026-06-09 14:29:59       6  actives_48_CHEMBL386051                  0.9865    +8.340   -12.771     no
2026-06-09 14:29:59       7  actives_67_CHEMBL120077                  0.9726    +7.338   -10.473     no
2026-06-09 14:29:59       8  actives_99_CHEMBL355019                  0.9617    +7.816   -10.616     no
2026-06-09 14:29:59       9  actives_09_CHEMBL1421                    0.9609    +8.027   -10.915     no
2026-06-09 14:29:59      10  actives_94_CHEMBL1421                    0.9599    +7.993   -10.995     no
2026-06-09 14:29:59      11  actives_98_CHEMBL248393                  0.9551    +8.092   -10.806     no
2026-06-09 14:29:59      12  actives_25_CHEMBL29197                   0.9525    +7.382    -9.595     no
2026-06-09 14:29:59      13  actives_87_CHEMBL364623                  0.9457    +7.797   -10.829     no
2026-06-09 14:29:59      14  actives_82_CHEMBL1088240                 0.9445    +8.473    -9.992     no
2026-06-09 14:29:59      15  actives_45_CHEMBL477342                  0.9421    +6.642    -9.010     no
2026-06-09 14:29:59      16  actives_76_CHEMBL376945                  0.9407    +8.291   -10.431     no
2026-06-09 14:29:59      17  actives_95_CHEMBL522892                  0.9395    +7.471   -11.569     no
2026-06-09 14:29:59      18  actives_69_CHEMBL122068                  0.9386    +6.836    -9.590     no
2026-06-09 14:29:59      19  actives_62_CHEMBL219557                  0.9277    +8.455   -10.695     no
2026-06-09 14:29:59      20  actives_17_CHEMBL209704                  0.9262    +7.706   -11.976     no
2026-06-09 14:29:59      21  actives_00_CHEMBL40557                   0.9239    +8.395    -9.842     no
2026-06-09 14:29:59      22  actives_70_CHEMBL122068                  0.9228    +6.739    -9.565     no
2026-06-09 14:29:59      23  actives_18_CHEMBL209704                  0.9157    +7.615   -11.449     no
2026-06-09 14:29:59      24  actives_46_CHEMBL495727                  0.9080    +7.399    -9.538     no
2026-06-09 14:29:59      25  actives_44_CHEMBL206046                  0.9026    +7.007   -10.199     no
2026-06-09 14:29:59      26  actives_63_CHEMBL219557                  0.8920    +8.350   -10.373     no
2026-06-09 14:29:59      27  actives_96_CHEMBL564829                  0.8775    +8.040   -11.935     no
2026-06-09 14:29:59      28  actives_07_CHEMBL271984                  0.8725    +7.619   -11.518     no
2026-06-09 14:29:59      29  actives_36_CHEMBL57443                   0.8644    +6.715    -8.889     no
2026-06-09 14:29:59      30  decoys_89_ZINC12870120                   0.8612    +7.641   -11.354     no
2026-06-09 14:29:59      31  actives_39_CHEMBL255738                  0.8584    +6.860   -10.275     no
2026-06-09 14:29:59      32  actives_32_CHEMBL1163016                 0.8504    +7.668   -11.225     no
2026-06-09 14:29:59      33  actives_89_CHEMBL455404                  0.8432    +6.792    -8.171     no
2026-06-09 14:29:59      34  decoys_87_ZINC39011787                   0.8398    +7.046    -8.909     no
2026-06-09 14:29:59      35  actives_12_CHEMBL270492                  0.8289    +7.646   -10.462     no
2026-06-09 14:29:59      36  actives_23_CHEMBL211154                  0.8280    +7.888   -10.511     no
2026-06-09 14:29:59      37  decoys_65_ZINC04236800                   0.8195    +6.729    -9.019     no
2026-06-09 14:29:59      38  actives_88_CHEMBL1214142                 0.8181    +7.462   -10.822     no
2026-06-09 14:29:59      39  actives_06_CHEMBL169467                  0.8157    +7.615   -10.079     no
2026-06-09 14:29:59      40  decoys_83_ZINC50807523                   0.8122    +6.907   -10.548     no
2026-06-09 14:29:59      41  actives_60_CHEMBL211154                  0.8107    +7.960   -10.352     no
2026-06-09 14:29:59      42  decoys_53_ZINC09303549                   0.8021    +7.553   -10.667     no
2026-06-09 14:29:59      43  actives_43_CHEMBL402548                  0.7941    +7.193   -10.356     no
2026-06-09 14:29:59      44  actives_19_CHEMBL55592                   0.7768    +7.127   -10.185     no
2026-06-09 14:29:59      45  actives_27_CHEMBL238304                  0.7744    +7.549    -9.486     no
2026-06-09 14:29:59      46  decoys_66_ZINC38003279                   0.7739    +6.966    -8.837     no
2026-06-09 14:29:59      47  decoys_80_ZINC19939086                   0.7703    +7.708   -10.337     no
2026-06-09 14:29:59      48  actives_34_CHEMBL1214141                 0.7689    +7.923   -10.721     no
2026-06-09 14:29:59      49  actives_05_CHEMBL169467                  0.7687    +7.591   -10.152     no
2026-06-09 14:29:59      50  actives_30_CHEMBL355019                  0.7672    +7.334    -9.782     no
2026-06-09 14:29:59      51  actives_31_CHEMBL454119                  0.7649    +6.998    -7.595     no
2026-06-09 14:29:59      52  actives_51_CHEMBL495727                  0.7648    +6.977    -8.417     no
2026-06-09 14:29:59      53  decoys_27_ZINC34747068                   0.7497    +7.510    -9.917     no
2026-06-09 14:29:59      54  actives_40_CHEMBL406845                  0.7351    +6.780    -9.182     no
2026-06-09 14:29:59      55  actives_64_CHEMBL1087650                 0.7282    +5.867    -3.599     no
2026-06-09 14:29:59      56  decoys_75_ZINC64392103                   0.7208    +7.221    -9.740     no
2026-06-09 14:29:59      57  actives_52_CHEMBL573577                  0.7185    +6.610    -9.328     no
2026-06-09 14:29:59      58  decoys_74_ZINC13976718                   0.7103    +7.183    -9.329     no
2026-06-09 14:29:59      59  actives_97_CHEMBL517256                  0.7102    +7.934    -9.768     no
2026-06-09 14:29:59      60  actives_47_CHEMBL558752                  0.7072    +7.881   -10.853     no
2026-06-09 14:29:59      61  actives_54_CHEMBL1171247                 0.7052    +7.372    -6.153     no
2026-06-09 14:29:59      62  decoys_10_ZINC14728026                   0.6879    +6.161   -10.992     no
2026-06-09 14:29:59      63  decoys_30_ZINC21180378                   0.6840    +7.280    -8.012     no
2026-06-09 14:29:59      64  decoys_33_ZINC39431123                   0.6839    +7.055   -10.011     no
2026-06-09 14:29:59      65  decoys_58_ZINC38990281                   0.6804    +7.327    -6.391     no
2026-06-09 14:29:59      66  decoys_67_ZINC43575813                   0.6789    +7.094    -8.885     no
2026-06-09 14:29:59      67  actives_59_CHEMBL272888                  0.6748    +7.641    -6.490     no
2026-06-09 14:29:59      68  decoys_95_ZINC09646945                   0.6666    +7.198    -7.673     no
2026-06-09 14:29:59      69  decoys_32_ZINC38814913                   0.6585    +7.566   -10.569     no
2026-06-09 14:29:59      70  actives_74_CHEMBL184742                  0.6513    +7.557   -10.037     no
2026-06-09 14:29:59      71  decoys_99_ZINC42433936                   0.6504    +6.616    -8.232     no
2026-06-09 14:29:59      72  actives_38_CHEMBL1213975                 0.6489    +7.018   -10.313     no
2026-06-09 14:29:59      73  actives_68_CHEMBL518031                  0.6468    +6.494    -7.680     no
2026-06-09 14:29:59      74  actives_03_CHEMBL211508                  0.6312    +7.769    -9.830     no
2026-06-09 14:29:59      75  actives_86_CHEMBL1213976                 0.6283    +6.201    -9.416     no
2026-06-09 14:29:59      76  decoys_78_ZINC66952682                   0.6122    +5.642    -7.778     no
2026-06-09 14:29:59      77  actives_11_CHEMBL459850                  0.6099    +6.825    -7.976     no
2026-06-09 14:29:59      78  decoys_42_ZINC06385755                   0.6088    +6.919    -6.181     no
2026-06-09 14:29:59      79  decoys_49_ZINC10278738                   0.6078    +6.850   -10.799     no
2026-06-09 14:29:59      80  actives_79_CHEMBL191003                  0.6018    +7.166    -8.936     no
2026-06-09 14:29:59      81  decoys_40_ZINC59599416                   0.6007    +7.949    -8.728     no
2026-06-09 14:29:59      82  actives_53_CHEMBL1213976                 0.5938    +6.119    -8.985     no
2026-06-09 14:29:59      83  actives_71_CHEMBL331906                  0.5848    +7.196    -5.706     no
2026-06-09 14:29:59      84  actives_93_CHEMBL574738                  0.5836    +7.394   -10.447     no
2026-06-09 14:29:59      85  actives_41_CHEMBL481968                  0.5811    +5.794    -2.975     no
2026-06-09 14:29:59      86  actives_04_CHEMBL418270                  0.5737    +7.040    -9.691     no
2026-06-09 14:29:59      87  actives_14_CHEMBL518166                  0.5722    +7.779   -10.014     no
2026-06-09 14:29:59      88  actives_75_CHEMBL428029                  0.5721    +7.523    -7.757     no
2026-06-09 14:29:59      89  decoys_97_ZINC65453405                   0.5712    +7.675    -6.437     no
2026-06-09 14:29:59      90  actives_90_CHEMBL404666                  0.5702    +6.798    -5.698     no
2026-06-09 14:29:59      91  actives_58_CHEMBL477139                  0.5702    +6.440    -9.245     no
2026-06-09 14:29:59      92  decoys_68_ZINC31932423                   0.5696    +5.077    -1.719     no
2026-06-09 14:29:59      93  decoys_14_ZINC63948583                   0.5612    +7.126   -11.313     no
2026-06-09 14:29:59      94  actives_77_CHEMBL536073                  0.5475    +7.501    -9.445     no
2026-06-09 14:29:59      95  decoys_06_ZINC09275573                   0.5459    +7.494    -2.647     no
2026-06-09 14:29:59      96  decoys_22_ZINC02587031                   0.5440    +7.309    -4.717     no
2026-06-09 14:29:59      97  actives_81_CHEMBL1213924                 0.5398    +7.375    -7.011     no
2026-06-09 14:29:59      98  actives_78_CHEMBL550281                  0.5392    +6.491   -10.106     no
2026-06-09 14:29:59      99  decoys_20_ZINC12377051                   0.5280    +6.955    -8.993     no
2026-06-09 14:29:59     100  decoys_77_ZINC12330018                   0.5253    +7.523   -11.207     no
2026-06-09 14:29:59     101  decoys_01_ZINC09138239                   0.5201    +6.297    -7.065     no
2026-06-09 14:29:59     102  actives_83_CHEMBL485854                  0.5145    +7.175    -8.581     no
2026-06-09 14:29:59     103  decoys_13_ZINC09669227                   0.5096    +6.954    -3.478     no
2026-06-09 14:29:59     104  decoys_90_ZINC20445902                   0.5089    +7.412    +0.565     no
2026-06-09 14:29:59     105  decoys_84_ZINC49101481                   0.5007    +3.768    -4.385     no
2026-06-09 14:29:59     106  actives_28_CHEMBL205723                  0.4936    +7.453    -9.067     no
2026-06-09 14:29:59     107  decoys_86_ZINC33719563                   0.4910    +5.488    -3.597     no
2026-06-09 14:29:59     108  decoys_92_ZINC35470015                   0.4841    +7.168    +0.776     no
2026-06-09 14:29:59     109  actives_10_CHEMBL119385                  0.4785    +7.256   +20.641     no
2026-06-09 14:29:59     110  decoys_24_ZINC36013887                   0.4709    +7.690    -7.113     no
2026-06-09 14:29:59     111  decoys_16_ZINC40661703                   0.4664    +8.235    -7.995     no
2026-06-09 14:29:59     112  decoys_21_ZINC43036710                   0.4648    +6.826    -8.056     no
2026-06-09 14:29:59     113  decoys_26_ZINC40476136                   0.4632    +7.075   -10.138     no
2026-06-09 14:29:59     114  decoys_79_ZINC35220032                   0.4631    +6.301    -8.936     no
2026-06-09 14:29:59     115  actives_80_CHEMBL536983                  0.4620    +7.307    -8.924     no
2026-06-09 14:29:59     116  decoys_17_ZINC40036880                   0.4589    +7.352   -10.511     no
2026-06-09 14:29:59     117  actives_24_CHEMBL259084                  0.4586    +7.639    -7.166     no
2026-06-09 14:29:59     118  decoys_36_ZINC23256843                   0.4577    +6.173    -8.443     no
2026-06-09 14:29:59     119  decoys_54_ZINC21891695                   0.4521    +7.057   +12.419     no
2026-06-09 14:29:59     120  actives_21_CHEMBL1173200                 0.4440    +7.365   -12.114     no
2026-06-09 14:29:59     121  actives_92_CHEMBL536983                  0.4407    +7.249    -9.166     no
2026-06-09 14:29:59     122  actives_29_CHEMBL230178                  0.4302    +7.345    -9.433     no
2026-06-09 14:29:59     123  decoys_47_ZINC39681095                   0.4297    +7.997    -8.815     no
2026-06-09 14:29:59     124  decoys_29_ZINC57322889                   0.4256    +6.509    -9.197     no
2026-06-09 14:29:59     125  decoys_28_ZINC65329467                   0.4194    +7.036    -6.559     no
2026-06-09 14:29:59     126  decoys_72_ZINC12347019                   0.4189    +5.815    -4.279     no
2026-06-09 14:29:59     127  decoys_44_ZINC39948683                   0.4184    +5.061    -5.243     no
2026-06-09 14:29:59     128  decoys_88_ZINC13499200                   0.4127    +7.818    -5.509     no
2026-06-09 14:29:59     129  decoys_11_ZINC09397824                   0.4070    +7.418    -7.797     no
2026-06-09 14:29:59     130  decoys_03_ZINC35166711                   0.4061    +6.236    -9.401     no
2026-06-09 14:29:59     131  decoys_93_ZINC16688632                   0.4001    +6.735    +0.460     no
2026-06-09 14:29:59     132  actives_55_CHEMBL1171247                 0.3993    +6.662    -9.566     no
2026-06-09 14:29:59     133  decoys_00_ZINC39482920                   0.3964    +7.032    -4.874     no
2026-06-09 14:29:59     134  actives_42_CHEMBL559826                  0.3904    +7.457    -8.818     no
2026-06-09 14:29:59     135  decoys_12_ZINC15138812                   0.3881    +6.461    -8.019     no
2026-06-09 14:29:59     136  decoys_05_ZINC58849584                   0.3866    +7.395    -7.465     no
2026-06-09 14:29:59     137  decoys_46_ZINC12721698                   0.3773    +6.676    -8.696     no
2026-06-09 14:29:59     138  decoys_76_ZINC65265885                   0.3763    +4.873    -5.589     no
2026-06-09 14:29:59     139  actives_57_CHEMBL1171835                 0.3713    +5.661    -5.159     no
2026-06-09 14:29:59     140  actives_66_CHEMBL1171658                 0.3702    +6.649    -9.629     no
2026-06-09 14:29:59     141  decoys_34_ZINC39623922                   0.3664    +5.218    -4.835     no
2026-06-09 14:29:59     142  actives_84_CHEMBL255863                  0.3629    +7.352    -8.430     no
2026-06-09 14:29:59     143  decoys_09_ZINC06442325                   0.3610    +6.717   -10.102     no
2026-06-09 14:29:59     144  actives_15_CHEMBL1077317                 0.3605    +7.141    -4.432     no
2026-06-09 14:29:59     145  decoys_62_ZINC38288348                   0.3544    +6.442    -9.295     no
2026-06-09 14:29:59     146  decoys_35_ZINC47678928                   0.3516    +4.560    -4.788     no
2026-06-09 14:29:59     147  decoys_70_ZINC38670514                   0.3486    +6.591   -10.127     no
2026-06-09 14:29:59     148  decoys_52_ZINC33436928                   0.3481    +5.049    -5.220     no
2026-06-09 14:29:59     149  decoys_69_ZINC22735808                   0.3476    +6.443    -9.789     no
2026-06-09 14:29:59     150  decoys_02_ZINC63221850                   0.3463    +7.361   -10.063     no
2026-06-09 14:29:59     151  decoys_63_ZINC39674815                   0.3393    +5.854    -6.718     no
2026-06-09 14:29:59     152  decoys_71_ZINC09396283                   0.3382    +6.249    -8.769     no
2026-06-09 14:29:59     153  decoys_43_ZINC63613511                   0.3373    +6.485    -9.200     no
2026-06-09 14:29:59     154  actives_85_CHEMBL1171679                 0.3372    +6.920    -8.833     no
2026-06-09 14:29:59     155  actives_56_CHEMBL1171835                 0.3296    +6.983    -6.105     no
2026-06-09 14:29:59     156  actives_72_CHEMBL1172397                 0.3126    +5.817    -5.887     no
2026-06-09 14:29:59     157  actives_13_CHEMBL1213974                 0.3084    +7.706    -7.487     no
2026-06-09 14:29:59     158  decoys_15_ZINC39667166                   0.3070    +5.582    -7.643     no
2026-06-09 14:29:59     159  decoys_85_ZINC20569598                   0.3016    +4.955    -6.251     no
2026-06-09 14:29:59     160  decoys_23_ZINC62999950                   0.3013    +3.850    -5.292     no
2026-06-09 14:29:59     161  decoys_57_ZINC34698040                   0.2991    +6.810    -8.485     no
2026-06-09 14:29:59     162  decoys_41_ZINC64502346                   0.2942    +6.463    -8.430     no
2026-06-09 14:29:59     163  decoys_82_ZINC66130465                   0.2924    +4.274    -4.889     no
2026-06-09 14:29:59     164  actives_26_CHEMBL20252                   0.2913    +5.714    -8.406     no
2026-06-09 14:29:59     165  decoys_37_ZINC41649537                   0.2889    +5.322    -4.844     no
2026-06-09 14:29:59     166  actives_37_CHEMBL482968                  0.2877    +5.194    -5.131     no
2026-06-09 14:29:59     167  decoys_04_ZINC63229085                   0.2857    +5.410    -5.033     no
2026-06-09 14:29:59     168  decoys_50_ZINC20837404                   0.2733    +7.274    -8.818     no
2026-06-09 14:29:59     169  decoys_19_ZINC36660374                   0.2604    +6.051    -6.131     no
2026-06-09 14:29:59     170  decoys_81_ZINC38970815                   0.2596    +7.036    -8.151     no
2026-06-09 14:29:59     171  actives_73_CHEMBL255863                  0.2523    +7.292    -8.637     no
2026-06-09 14:29:59     172  decoys_91_ZINC63572145                   0.2445    +5.378    -5.377     no
2026-06-09 14:29:59     173  decoys_08_ZINC65301203                   0.2444    +6.329    -6.328     no
2026-06-09 14:29:59     174  decoys_64_ZINC39361930                   0.2442    +7.166    -7.387     no
2026-06-09 14:29:59     175  decoys_59_ZINC36674208                   0.2437    +6.624    -9.426     no
2026-06-09 14:29:59     176  decoys_07_ZINC30968546                   0.2351    +5.903    -7.713     no
2026-06-09 14:29:59     177  decoys_94_ZINC23983477                   0.2315    +7.372    -6.315     no
2026-06-09 14:29:59     178  decoys_48_ZINC38740593                   0.2284    +5.711    -7.030     no
2026-06-09 14:29:59     179  actives_35_CHEMBL482968                  0.2251    +5.097    -5.154     no
2026-06-09 14:29:59     180  decoys_38_ZINC63373289                   0.2250    +5.591    -6.475     no
2026-06-09 14:29:59     181  decoys_31_ZINC63303353                   0.2238    +5.584    -6.195     no
2026-06-09 14:29:59     182  decoys_18_ZINC35887712                   0.2134    +6.268    -5.901     no
2026-06-09 14:29:59     183  decoys_96_ZINC63350897                   0.2029    +6.505    -8.401     no
2026-06-09 14:29:59     184  decoys_56_ZINC34714086                   0.2025    +5.165    -6.532     no
2026-06-09 14:29:59     185  decoys_60_ZINC09235727                   0.2014    +5.153    -6.732     no
2026-06-09 14:29:59     186  actives_08_CHEMBL536983                  0.1964    +7.451   -10.394     no
2026-06-09 14:29:59     187  actives_33_CHEMBL1077317                 0.1901    +6.247    -4.720     no
2026-06-09 14:29:59     188  actives_91_CHEMBL538337                  0.1884    +6.936    -9.605     no
2026-06-09 14:29:59     189  actives_50_CHEMBL1092926                 0.1877    +7.115    -9.278     no
2026-06-09 14:29:59     190  decoys_25_ZINC63375662                   0.1815    +5.460    -6.281     no
2026-06-09 14:29:59     191  decoys_45_ZINC27520958                   0.1799    +5.590    -6.258     no
2026-06-09 14:29:59     192  decoys_73_ZINC16943671                   0.1711    +6.672    -9.097     no
2026-06-09 14:29:59     193  decoys_98_ZINC33749053                   0.1611    +5.869    -6.544     no
2026-06-09 14:29:59     194  decoys_51_ZINC35072234                   0.1486    +6.109    -6.495     no
2026-06-09 14:29:59     195  decoys_55_ZINC10129833                   0.1447    +5.064    -7.429     no
2026-06-09 14:29:59     196  actives_61_CHEMBL209753                  0.1355    +6.988   -10.567     no
2026-06-09 14:29:59     197  decoys_39_ZINC39948224                   0.1305    +5.817    -8.126     no
2026-06-09 14:29:59     198  actives_20_CHEMBL377463                  0.1105    +5.540    -6.249     no
2026-06-09 14:29:59     199  decoys_61_ZINC38600661                   0.1069    +5.688    -9.046     no
2026-06-09 14:29:59     200  actives_02_CHEMBL209753                  0.0950    +6.903   -10.750     no
2026-06-09 14:29:59  
  Total: 200  |  Success: 200  |  Redone: 0  |  Failed: 0
2026-06-09 14:29:59  
  Summary CSV: /home/tedeschg/prj/protein-perturbation/data/abl1/docked_dude/docking_summary.csv
2026-06-09 14:29:59    Log file:    /home/tedeschg/prj/protein-perturbation/data/abl1/docked_dude/docking.log
2026-06-09 14:29:59    Temporary files removed.
2026-06-09 14:29:59  
All done!
